"CA1 Personal Income Summary: Personal Income, Population, Per Capita Personal Income"
"Per capita personal income (dollars) 2/" 
"Bureau of Economic Analysis" 
"County"
"GeoFips","GeoName","2015"
"01001","Autauga, AL",37773
"01003","Baldwin, AL",40121
"01005","Barbour, AL",31443
"01007","Bibb, AL",29075
"01009","Blount, AL",31663
"01011","Bullock, AL",25929
"01013","Butler, AL",33518
"01015","Calhoun, AL",33418
"01017","Chambers, AL",31282
"01019","Cherokee, AL",32645
"01021","Chilton, AL",31380
"01023","Choctaw, AL",31046
"01025","Clarke, AL",31877
"01027","Clay, AL",32965
"01029","Cleburne, AL",31209
"01031","Coffee, AL",38929
"01033","Colbert, AL",35831
"01035","Conecuh, AL",29643
"01037","Coosa, AL",28651
"01039","Covington, AL",31581
"01041","Crenshaw, AL",34228
"01043","Cullman, AL",35923
"01045","Dale, AL",34107
"01047","Dallas, AL",31595
"01049","DeKalb, AL",29621
"01051","Elmore, AL",37561
"01053","Escambia, AL",30342
"01055","Etowah, AL",34086
"01057","Fayette, AL",30426
"01059","Franklin, AL",31614
"01061","Geneva, AL",32155
"01063","Greene, AL",31029
"01065","Hale, AL",34726
"01067","Henry, AL",35727
"01069","Houston, AL",38284
"01071","Jackson, AL",33930
"01073","Jefferson, AL",47718
"01075","Lamar, AL",30593
"01077","Lauderdale, AL",35189
"01079","Lawrence, AL",32320
"01081","Lee, AL",33622
"01083","Limestone, AL",37260
"01085","Lowndes, AL",37720
"01087","Macon, AL",31191
"01089","Madison, AL",45836
"01091","Marengo, AL",35761
"01093","Marion, AL",28972
"01095","Marshall, AL",32996
"01097","Mobile, AL",35348
"01099","Monroe, AL",30784
"01101","Montgomery, AL",40474
"01103","Morgan, AL",36345
"01105","Perry, AL",29414
"01107","Pickens, AL",30139
"01109","Pike, AL",35323
"01111","Randolph, AL",32119
"01113","Russell, AL",29001
"01115","St. Clair, AL",34400
"01117","Shelby, AL",49212
"01119","Sumter, AL",30695
"01121","Talladega, AL",31805
"01123","Tallapoosa, AL",35942
"01125","Tuscaloosa, AL",36016
"01127","Walker, AL",37056
"01129","Washington, AL",34007
"01131","Wilcox, AL",28128
"01133","Winston, AL",32545
"02010","Aleutian Islands Census Area, AK*","(NA)"
"02013","Aleutians East Borough, AK*",49611
"02016","Aleutians West Census Area, AK*",52569
"02020","Anchorage Municipality, AK",62728
"02050","Bethel Census Area, AK*",39827
"02060","Bristol Bay Borough, AK",65769
"02068","Denali Borough, AK*",67770
"02070","Dillingham Census Area, AK*",51969
"02090","Fairbanks North Star Borough, AK",54185
"02100","Haines Borough, AK",47929
"02105","Hoonah-Angoon Census Area, AK*",53956
"02110","Juneau City and Borough, AK",62694
"02122","Kenai Peninsula Borough, AK",52639
"02130","Ketchikan Gateway Borough, AK*",63235
"02150","Kodiak Island Borough, AK",58162
"02158","Kusilvak Census Area, AK*",29896
"02164","Lake and Peninsula Borough, AK*",55385
"02170","Matanuska-Susitna Borough, AK",46554
"02180","Nome Census Area, AK*",48805
"02185","North Slope Borough, AK",36883
"02188","Northwest Arctic Borough, AK",46918
"02195","Petersburg Borough, AK*",66323
"02198","Prince of Wales-Hyder Census Area, AK*",40205
"02201","Prince of Wales-Outer Ketchikan Census Area, AK*","(NA)"
"02220","Sitka City and Borough, AK",64122
"02230","Skagway Municipality, AK*",78171
"02231","Skagway-Yakutat-Angoon Census Area, AK*","(NA)"
"02232","Skagway-Hoonah-Angoon Census Area, AK*","(NA)"
"02240","Southeast Fairbanks Census Area, AK*",43256
"02261","Valdez-Cordova Census Area, AK*",63236
"02275","Wrangell City and Borough, AK*",47214
"02280","Wrangell-Petersburg Census Area, AK*","(NA)"
"02282","Yakutat City and Borough, AK*",60333
"02290","Yukon-Koyukuk Census Area, AK*",51496
"02901","Aleutian Islands Division, AK*","(NA)"
"02903","Angoon Division, AK*","(NA)"
"02904","Barrow-North Slope Division, AK*","(NA)"
"02905","Bethel Division, AK*","(NA)"
"02907","Bristol Bay Division, AK*","(NA)"
"02908","Cordova-McCarthy Division, AK*","(NA)"
"02910","Haines Division, AK*","(NA)"
"02912","Kenai-Cook Inlet Division, AK*","(NA)"
"02916","Kuskokwim Division, AK*","(NA)"
"02919","Outer Ketchikan Division, AK*","(NA)"
"02920","Prince of Wales Division, AK*","(NA)"
"02921","Seward Division, AK*","(NA)"
"02922","Sitka Division, AK*","(NA)"
"02923","Skagway-Yakutat Division, AK*","(NA)"
"02924","Southeast Fairbanks Division, AK*","(NA)"
"02925","Upper Yukon Division, AK*","(NA)"
"02926","Valdez-Chitina-Whittier Division, AK*","(NA)"
"02928","Wrangell-Petersburg Division, AK*","(NA)"
"02929","Yukon-Koyukuk Division, AK*","(NA)"
"04001","Apache, AZ",29597
"04003","Cochise, AZ",38133
"04005","Coconino, AZ",41018
"04007","Gila, AZ",36066
"04009","Graham, AZ",29731
"04011","Greenlee, AZ",37240
"04012","La Paz, AZ*",29963
"04013","Maricopa, AZ",42092
"04015","Mohave, AZ",29505
"04017","Navajo, AZ",29132
"04019","Pima, AZ",38536
"04021","Pinal, AZ",27682
"04023","Santa Cruz, AZ",33646
"04025","Yavapai, AZ",35545
"04027","Yuma, AZ*",31574
"05001","Arkansas, AR",39643
"05003","Ashley, AR",32013
"05005","Baxter, AR",34751
"05007","Benton, AR",71787
"05009","Boone, AR",32166
"05011","Bradley, AR",32522
"05013","Calhoun, AR",30770
"05015","Carroll, AR",30526
"05017","Chicot, AR",32289
"05019","Clark, AR",31021
"05021","Clay, AR",32938
"05023","Cleburne, AR",33379
"05025","Cleveland, AR",34987
"05027","Columbia, AR",33601
"05029","Conway, AR",37053
"05031","Craighead, AR",34628
"05033","Crawford, AR",29917
"05035","Crittenden, AR",34148
"05037","Cross, AR",34349
"05039","Dallas, AR",30068
"05041","Desha, AR",37417
"05043","Drew, AR",35039
"05045","Faulkner, AR",34235
"05047","Franklin, AR",29961
"05049","Fulton, AR",26116
"05051","Garland, AR",37090
"05053","Grant, AR",34323
"05055","Greene, AR",31588
"05057","Hempstead, AR",29591
"05059","Hot Spring, AR",29226
"05061","Howard, AR",31230
"05063","Independence, AR",32542
"05065","Izard, AR",28971
"05067","Jackson, AR",34387
"05069","Jefferson, AR",32189
"05071","Johnson, AR",26218
"05073","Lafayette, AR",33437
"05075","Lawrence, AR",30390
"05077","Lee, AR",25940
"05079","Lincoln, AR",25003
"05081","Little River, AR",32686
"05083","Logan, AR",34032
"05085","Lonoke, AR",35413
"05087","Madison, AR",31356
"05089","Marion, AR",28695
"05091","Miller, AR",31350
"05093","Mississippi, AR",31150
"05095","Monroe, AR",34618
"05097","Montgomery, AR",27684
"05099","Nevada, AR",32548
"05101","Newton, AR",26583
"05103","Ouachita, AR",33525
"05105","Perry, AR",31935
"05107","Phillips, AR",31720
"05109","Pike, AR",29898
"05111","Poinsett, AR",29719
"05113","Polk, AR",28776
"05115","Pope, AR",32684
"05117","Prairie, AR",33346
"05119","Pulaski, AR",45862
"05121","Randolph, AR",29256
"05123","St. Francis, AR",26176
"05125","Saline, AR",37360
"05127","Scott, AR",28790
"05129","Searcy, AR",27524
"05131","Sebastian, AR",37983
"05133","Sevier, AR",26058
"05135","Sharp, AR",30957
"05137","Stone, AR",27516
"05139","Union, AR",44151
"05141","Van Buren, AR",30219
"05143","Washington, AR",35205
"05145","White, AR",32398
"05147","Woodruff, AR",33858
"05149","Yell, AR",30441
"06001","Alameda, CA",61879
"06003","Alpine, CA",69705
"06005","Amador, CA",41807
"06007","Butte, CA",39971
"06009","Calaveras, CA",46289
"06011","Colusa, CA",43237
"06013","Contra Costa, CA",66348
"06015","Del Norte, CA",33129
"06017","El Dorado, CA",59145
"06019","Fresno, CA",38323
"06021","Glenn, CA",39375
"06023","Humboldt, CA",41525
"06025","Imperial, CA",33584
"06027","Inyo, CA",52668
"06029","Kern, CA",37355
"06031","Kings, CA",33126
"06033","Lake, CA",37807
"06035","Lassen, CA",34630
"06037","Los Angeles, CA",53521
"06039","Madera, CA",35165
"06041","Marin, CA",109076
"06043","Mariposa, CA",46069
"06045","Mendocino, CA",43845
"06047","Merced, CA",36185
"06049","Modoc, CA",40926
"06051","Mono, CA",46706
"06053","Monterey, CA",49836
"06055","Napa, CA",61483
"06057","Nevada, CA",55325
"06059","Orange, CA",57749
"06061","Placer, CA",57696
"06063","Plumas, CA",47615
"06065","Riverside, CA",35589
"06067","Sacramento, CA",46539
"06069","San Benito, CA",43643
"06071","San Bernardino, CA",35431
"06073","San Diego, CA",53298
"06075","San Francisco, CA",103529
"06077","San Joaquin, CA",38769
"06079","San Luis Obispo, CA",49873
"06081","San Mateo, CA",97553
"06083","Santa Barbara, CA",54428
"06085","Santa Clara, CA",82756
"06087","Santa Cruz, CA",57257
"06089","Shasta, CA",40882
"06091","Sierra, CA",38722
"06093","Siskiyou, CA",39381
"06095","Solano, CA",44504
"06097","Sonoma, CA",53520
"06099","Stanislaus, CA",39445
"06101","Sutter, CA",40514
"06103","Tehama, CA",35850
"06105","Trinity, CA",35627
"06107","Tulare, CA",36551
"06109","Tuolumne, CA",41770
"06111","Ventura, CA",54155
"06113","Yolo, CA",49063
"06115","Yuba, CA",37535
"08001","Adams, CO*",36962
"08003","Alamosa, CO",34088
"08005","Arapahoe, CO",52545
"08007","Archuleta, CO",40307
"08009","Baca, CO",37619
"08011","Bent, CO",29908
"08013","Boulder, CO*",60220
"08014","Broomfield, CO*",73107
"08015","Chaffee, CO",38330
"08017","Cheyenne, CO",53361
"08019","Clear Creek, CO",51710
"08021","Conejos, CO",30716
"08023","Costilla, CO",31030
"08025","Crowley, CO",26039
"08027","Custer, CO",43887
"08029","Delta, CO",31685
"08031","Denver, CO",68299
"08033","Dolores, CO",42715
"08035","Douglas, CO",65999
"08037","Eagle, CO",61522
"08039","Elbert, CO",49450
"08041","El Paso, CO",43385
"08043","Fremont, CO",30921
"08045","Garfield, CO",50556
"08047","Gilpin, CO",40702
"08049","Grand, CO",40963
"08051","Gunnison, CO",42452
"08053","Hinsdale, CO",44647
"08055","Huerfano, CO",36232
"08057","Jackson, CO",43880
"08059","Jefferson, CO*",54773
"08061","Kiowa, CO",47936
"08063","Kit Carson, CO",35894
"08065","Lake, CO",32175
"08067","La Plata, CO",51475
"08069","Larimer, CO",45318
"08071","Las Animas, CO",36692
"08073","Lincoln, CO",33968
"08075","Logan, CO",48755
"08077","Mesa, CO",38863
"08079","Mineral, CO",55167
"08081","Moffat, CO",38875
"08083","Montezuma, CO",38393
"08085","Montrose, CO",34559
"08087","Morgan, CO",40020
"08089","Otero, CO",34590
"08091","Ouray, CO",52906
"08093","Park, CO",38916
"08095","Phillips, CO",40924
"08097","Pitkin, CO",126137
"08099","Prowers, CO",38998
"08101","Pueblo, CO",34831
"08103","Rio Blanco, CO",41723
"08105","Rio Grande, CO",39633
"08107","Routt, CO",65734
"08109","Saguache, CO",33601
"08111","San Juan, CO",43409
"08113","San Miguel, CO",73572
"08115","Sedgwick, CO",42608
"08117","Summit, CO",54615
"08119","Teller, CO",45219
"08121","Washington, CO",38770
"08123","Weld, CO*",42787
"08125","Yuma, CO",51405
"09001","Fairfield, CT",106382
"09003","Hartford, CT",59240
"09005","Litchfield, CT",58665
"09007","Middlesex, CT",62394
"09009","New Haven, CT",51835
"09011","New London, CT",52498
"09013","Tolland, CT",52311
"09015","Windham, CT",43167
"10001","Kent, DE",38178
"10003","New Castle, DE",51690
"10005","Sussex, DE",44767
"11001","District of Columbia, DC",73302
"12001","Alachua, FL",40199
"12003","Baker, FL",28588
"12005","Bay, FL",39717
"12007","Bradford, FL",28119
"12009","Brevard, FL",40511
"12011","Broward, FL",44909
"12013","Calhoun, FL",24333
"12015","Charlotte, FL",37745
"12017","Citrus, FL",35323
"12019","Clay, FL",39090
"12021","Collier, FL",78473
"12023","Columbia, FL",32366
"12027","DeSoto, FL",23522
"12029","Dixie, FL",25400
"12031","Duval, FL",41339
"12033","Escambia, FL",38408
"12035","Flagler, FL",40140
"12037","Franklin, FL",33973
"12039","Gadsden, FL",30334
"12041","Gilchrist, FL",31356
"12043","Glades, FL",22121
"12045","Gulf, FL",30125
"12047","Hamilton, FL",24824
"12049","Hardee, FL",25591
"12051","Hendry, FL",29822
"12053","Hernando, FL",33666
"12055","Highlands, FL",31949
"12057","Hillsborough, FL",43435
"12059","Holmes, FL",27220
"12061","Indian River, FL",67978
"12063","Jackson, FL",30210
"12065","Jefferson, FL",36596
"12067","Lafayette, FL",23012
"12069","Lake, FL",37698
"12071","Lee, FL",44583
"12073","Leon, FL",39670
"12075","Levy, FL",32457
"12077","Liberty, FL",25492
"12079","Madison, FL",29757
"12081","Manatee, FL",43121
"12083","Marion, FL",33800
"12085","Martin, FL",71197
"12086","Miami-Dade, FL",43278
"12087","Monroe, FL",74409
"12089","Nassau, FL",49675
"12091","Okaloosa, FL",45222
"12093","Okeechobee, FL",29695
"12095","Orange, FL",39591
"12097","Osceola, FL",29911
"12099","Palm Beach, FL",68743
"12101","Pasco, FL",36187
"12103","Pinellas, FL",47731
"12105","Polk, FL",33723
"12107","Putnam, FL",28501
"12109","St. Johns, FL",60441
"12111","St. Lucie, FL",35625
"12113","Santa Rosa, FL",40240
"12115","Sarasota, FL",56426
"12117","Seminole, FL",42851
"12119","Sumter, FL",39012
"12121","Suwannee, FL",30449
"12123","Taylor, FL",30354
"12125","Union, FL",18255
"12127","Volusia, FL",37802
"12129","Wakulla, FL",31405
"12131","Walton, FL",49839
"12133","Washington, FL",27096
"13001","Appling, GA",29629
"13003","Atkinson, GA",26140
"13005","Bacon, GA",28971
"13007","Baker, GA",33167
"13009","Baldwin, GA",28910
"13011","Banks, GA",31775
"13013","Barrow, GA",32570
"13015","Bartow, GA",33856
"13017","Ben Hill, GA",27364
"13019","Berrien, GA",28392
"13021","Bibb, GA",38379
"13023","Bleckley, GA",31964
"13025","Brantley, GA",24315
"13027","Brooks, GA",32246
"13029","Bryan, GA",47448
"13031","Bulloch, GA",29258
"13033","Burke, GA",31527
"13035","Butts, GA",29320
"13037","Calhoun, GA",24838
"13039","Camden, GA",32754
"13043","Candler, GA",27213
"13045","Carroll, GA",33662
"13047","Catoosa, GA",32358
"13049","Charlton, GA",24840
"13051","Chatham, GA",42115
"13053","Chattahoochee, GA",35448
"13055","Chattooga, GA",28274
"13057","Cherokee, GA",43878
"13059","Clarke, GA",29343
"13061","Clay, GA",28185
"13063","Clayton, GA",26025
"13065","Clinch, GA",29132
"13067","Cobb, GA",49101
"13069","Coffee, GA",28445
"13071","Colquitt, GA",29603
"13073","Columbia, GA",44250
"13075","Cook, GA",26724
"13077","Coweta, GA",40402
"13079","Crawford, GA",31046
"13081","Crisp, GA",27120
"13083","Dade, GA",30047
"13085","Dawson, GA",37879
"13087","Decatur, GA",33563
"13089","DeKalb, GA",42819
"13091","Dodge, GA",27009
"13093","Dooly, GA",23185
"13095","Dougherty, GA",32682
"13097","Douglas, GA",32089
"13099","Early, GA",35826
"13101","Echols, GA",23721
"13103","Effingham, GA",37507
"13105","Elbert, GA",31519
"13107","Emanuel, GA",27824
"13109","Evans, GA",31036
"13111","Fannin, GA",30816
"13113","Fayette, GA",54361
"13115","Floyd, GA",35054
"13117","Forsyth, GA",54466
"13119","Franklin, GA",33976
"13121","Fulton, GA",69977
"13123","Gilmer, GA",30769
"13125","Glascock, GA",27955
"13127","Glynn, GA",39814
"13129","Gordon, GA",31463
"13131","Grady, GA",30885
"13133","Greene, GA",45219
"13135","Gwinnett, GA",37106
"13137","Habersham, GA",29603
"13139","Hall, GA",36597
"13141","Hancock, GA",25607
"13143","Haralson, GA",31840
"13145","Harris, GA",41900
"13147","Hart, GA",32528
"13149","Heard, GA",28363
"13151","Henry, GA",34671
"13153","Houston, GA",39199
"13155","Irwin, GA",27651
"13157","Jackson, GA",35110
"13159","Jasper, GA",32701
"13161","Jeff Davis, GA",28961
"13163","Jefferson, GA",30327
"13165","Jenkins, GA",26195
"13167","Johnson, GA",23464
"13169","Jones, GA",33643
"13171","Lamar, GA",29742
"13173","Lanier, GA",23847
"13175","Laurens, GA",32477
"13177","Lee, GA",41626
"13179","Liberty, GA",33488
"13181","Lincoln, GA",32682
"13183","Long, GA",22525
"13185","Lowndes, GA",33182
"13187","Lumpkin, GA",31232
"13189","McDuffie, GA",32096
"13191","McIntosh, GA",26097
"13193","Macon, GA",28672
"13195","Madison, GA",31988
"13197","Marion, GA",24273
"13199","Meriwether, GA",31438
"13201","Miller, GA",36029
"13205","Mitchell, GA",32983
"13207","Monroe, GA",40025
"13209","Montgomery, GA",27392
"13211","Morgan, GA",41708
"13213","Murray, GA",26855
"13215","Muscogee, GA",38401
"13217","Newton, GA",30144
"13219","Oconee, GA",55216
"13221","Oglethorpe, GA",33480
"13223","Paulding, GA",33011
"13225","Peach, GA",35027
"13227","Pickens, GA",40420
"13229","Pierce, GA",31369
"13231","Pike, GA",34324
"13233","Polk, GA",29216
"13235","Pulaski, GA",26551
"13237","Putnam, GA",32497
"13239","Quitman, GA",27169
"13241","Rabun, GA",35058
"13243","Randolph, GA",29290
"13245","Richmond, GA",34015
"13247","Rockdale, GA",32259
"13249","Schley, GA",27488
"13251","Screven, GA",27371
"13253","Seminole, GA",34719
"13255","Spalding, GA",31305
"13257","Stephens, GA",33902
"13259","Stewart, GA",21677
"13261","Sumter, GA",30930
"13263","Talbot, GA",31146
"13265","Taliaferro, GA",25207
"13267","Tattnall, GA",29116
"13269","Taylor, GA",26128
"13271","Telfair, GA",19306
"13273","Terrell, GA",38174
"13275","Thomas, GA",38574
"13277","Tift, GA",37363
"13279","Toombs, GA",32973
"13281","Towns, GA",30808
"13283","Treutlen, GA",25810
"13285","Troup, GA",33940
"13287","Turner, GA",32047
"13289","Twiggs, GA",35057
"13291","Union, GA",34214
"13293","Upson, GA",31330
"13295","Walker, GA",29772
"13297","Walton, GA",34223
"13299","Ware, GA",30587
"13301","Warren, GA",30586
"13303","Washington, GA",29553
"13305","Wayne, GA",31651
"13307","Webster, GA",26327
"13309","Wheeler, GA",16007
"13311","White, GA",30871
"13313","Whitfield, GA",33317
"13315","Wilcox, GA",25744
"13317","Wilkes, GA",29350
"13319","Wilkinson, GA",32018
"13321","Worth, GA",29763
"15001","Hawaii, HI",35979
"15003","Honolulu, HI",52122
"15007","Kauai, HI",42070
"15901","Maui + Kalawao, HI",42430
"16001","Ada, ID",46053
"16003","Adams, ID",36800
"16005","Bannock, ID",33344
"16007","Bear Lake, ID",35867
"16009","Benewah, ID",32134
"16011","Bingham, ID",33422
"16013","Blaine, ID",87496
"16015","Boise, ID",36828
"16017","Bonner, ID",34634
"16019","Bonneville, ID",39814
"16021","Boundary, ID",31283
"16023","Butte, ID",33506
"16025","Camas, ID",39431
"16027","Canyon, ID",28258
"16029","Caribou, ID",38795
"16031","Cassia, ID",42823
"16033","Clark, ID",26480
"16035","Clearwater, ID",33885
"16037","Custer, ID",43399
"16039","Elmore, ID",34851
"16041","Franklin, ID",32057
"16043","Fremont (includes Yellowstone Park), ID",34828
"16045","Gem, ID",32963
"16047","Gooding, ID",55281
"16049","Idaho, ID",30711
"16051","Jefferson, ID",30407
"16053","Jerome, ID",37418
"16055","Kootenai, ID",38605
"16057","Latah, ID",36425
"16059","Lemhi, ID",36860
"16061","Lewis, ID",44969
"16063","Lincoln, ID",36100
"16065","Madison, ID",23456
"16067","Minidoka, ID",37614
"16069","Nez Perce, ID",39358
"16071","Oneida, ID",32056
"16073","Owyhee, ID",32867
"16075","Payette, ID",35045
"16077","Power, ID",36019
"16079","Shoshone, ID",35229
"16081","Teton, ID",31023
"16083","Twin Falls, ID",35079
"16085","Valley, ID",45902
"16087","Washington, ID",35649
"17001","Adams, IL",41369
"17003","Alexander, IL",31012
"17005","Bond, IL",33534
"17007","Boone, IL",41376
"17009","Brown, IL",26990
"17011","Bureau, IL",38446
"17013","Calhoun, IL",36000
"17015","Carroll, IL",41212
"17017","Cass, IL",37483
"17019","Champaign, IL",42243
"17021","Christian, IL",36363
"17023","Clark, IL",37098
"17025","Clay, IL",34341
"17027","Clinton, IL",41300
"17029","Coles, IL",36325
"17031","Cook, IL",54714
"17033","Crawford, IL",41872
"17035","Cumberland, IL",36864
"17037","DeKalb, IL",35970
"17039","De Witt, IL",41486
"17041","Douglas, IL",44244
"17043","DuPage, IL",64059
"17045","Edgar, IL",37330
"17047","Edwards, IL",34496
"17049","Effingham, IL",42657
"17051","Fayette, IL",29446
"17053","Ford, IL",48382
"17055","Franklin, IL",33417
"17057","Fulton, IL",33461
"17059","Gallatin, IL",39041
"17061","Greene, IL",33953
"17063","Grundy, IL",47930
"17065","Hamilton, IL",39959
"17067","Hancock, IL",39374
"17069","Hardin, IL",33690
"17071","Henderson, IL",36661
"17073","Henry, IL",42010
"17075","Iroquois, IL",39320
"17077","Jackson, IL",33363
"17079","Jasper, IL",38022
"17081","Jefferson, IL",36493
"17083","Jersey, IL",36696
"17085","Jo Daviess, IL",46080
"17087","Johnson, IL",26081
"17089","Kane, IL",45156
"17091","Kankakee, IL",37049
"17093","Kendall, IL",43910
"17095","Knox, IL",37748
"17097","Lake, IL",69827
"17099","LaSalle, IL",39582
"17101","Lawrence, IL",36249
"17103","Lee, IL",37895
"17105","Livingston, IL",39910
"17107","Logan, IL",33746
"17109","McDonough, IL",33934
"17111","McHenry, IL",49457
"17113","McLean, IL",44670
"17115","Macon, IL",44383
"17117","Macoupin, IL",36145
"17119","Madison, IL",41970
"17121","Marion, IL",38643
"17123","Marshall, IL",40408
"17125","Mason, IL",35580
"17127","Massac, IL",34828
"17129","Menard, IL",40081
"17131","Mercer, IL",40487
"17133","Monroe, IL",51277
"17135","Montgomery, IL",33254
"17137","Morgan, IL",35757
"17139","Moultrie, IL",48373
"17141","Ogle, IL",40698
"17143","Peoria, IL",47076
"17145","Perry, IL",34243
"17147","Piatt, IL",46140
"17149","Pike, IL",35553
"17151","Pope, IL",31926
"17153","Pulaski, IL",33973
"17155","Putnam, IL",52533
"17157","Randolph, IL",33105
"17159","Richland, IL",37767
"17161","Rock Island, IL",40332
"17163","St. Clair, IL",40711
"17165","Saline, IL",36633
"17167","Sangamon, IL",43810
"17169","Schuyler, IL",43570
"17171","Scott, IL",33852
"17173","Shelby, IL",35244
"17175","Stark, IL",35185
"17177","Stephenson, IL",38766
"17179","Tazewell, IL",42719
"17181","Union, IL",35578
"17183","Vermilion, IL",35630
"17185","Wabash, IL",40897
"17187","Warren, IL",34228
"17189","Washington, IL",47808
"17191","Wayne, IL",37484
"17193","White, IL",43014
"17195","Whiteside, IL",39483
"17197","Will, IL",46823
"17199","Williamson, IL",40359
"17201","Winnebago, IL",39357
"17203","Woodford, IL",47111
"18001","Adams, IN",34885
"18003","Allen, IN",41528
"18005","Bartholomew, IN",45575
"18007","Benton, IN",35402
"18009","Blackford, IN",35447
"18011","Boone, IN",62603
"18013","Brown, IN",41406
"18015","Carroll, IN",38695
"18017","Cass, IN",34916
"18019","Clark, IN",40732
"18021","Clay, IN",34300
"18023","Clinton, IN",34675
"18025","Crawford, IN",32287
"18027","Daviess, IN",38167
"18029","Dearborn, IN",41953
"18031","Decatur, IN",38095
"18033","DeKalb, IN",37945
"18035","Delaware, IN",32896
"18037","Dubois, IN",50943
"18039","Elkhart, IN",39882
"18041","Fayette, IN",35453
"18043","Floyd, IN",48815
"18045","Fountain, IN",34857
"18047","Franklin, IN",41749
"18049","Fulton, IN",37464
"18051","Gibson, IN",40172
"18053","Grant, IN",36715
"18055","Greene, IN",35806
"18057","Hamilton, IN",64654
"18059","Hancock, IN",43941
"18061","Harrison, IN",38166
"18063","Hendricks, IN",43345
"18065","Henry, IN",33589
"18067","Howard, IN",37356
"18069","Huntington, IN",37225
"18071","Jackson, IN",39645
"18073","Jasper, IN",41677
"18075","Jay, IN",39662
"18077","Jefferson, IN",38536
"18079","Jennings, IN",34730
"18081","Johnson, IN",43161
"18083","Knox, IN",41234
"18085","Kosciusko, IN",44864
"18087","Lagrange, IN",34150
"18089","Lake, IN",39896
"18091","LaPorte, IN",37827
"18093","Lawrence, IN",36058
"18095","Madison, IN",35328
"18097","Marion, IN",47508
"18099","Marshall, IN",36958
"18101","Martin, IN",38788
"18103","Miami, IN",31097
"18105","Monroe, IN",35335
"18107","Montgomery, IN",38092
"18109","Morgan, IN",39299
"18111","Newton, IN",37437
"18113","Noble, IN",35578
"18115","Ohio, IN",36368
"18117","Orange, IN",33308
"18119","Owen, IN",34287
"18121","Parke, IN",31434
"18123","Perry, IN",35344
"18125","Pike, IN",35617
"18127","Porter, IN",46501
"18129","Posey, IN",44674
"18131","Pulaski, IN",38707
"18133","Putnam, IN",33264
"18135","Randolph, IN",35614
"18137","Ripley, IN",39492
"18139","Rush, IN",39475
"18141","St. Joseph, IN",43040
"18143","Scott, IN",34442
"18145","Shelby, IN",38511
"18147","Spencer, IN",41437
"18149","Starke, IN",30693
"18151","Steuben, IN",37638
"18153","Sullivan, IN",31546
"18155","Switzerland, IN",28951
"18157","Tippecanoe, IN",34725
"18159","Tipton, IN",40280
"18161","Union, IN",33714
"18163","Vanderburgh, IN",40875
"18165","Vermillion, IN",34742
"18167","Vigo, IN",34922
"18169","Wabash, IN",39447
"18171","Warren, IN",40483
"18173","Warrick, IN",48593
"18175","Washington, IN",35615
"18177","Wayne, IN",36494
"18179","Wells, IN",37823
"18181","White, IN",38545
"18183","Whitley, IN",39145
"19001","Adair, IA",46184
"19003","Adams, IA",59850
"19005","Allamakee, IA",41538
"19007","Appanoose, IA",35778
"19009","Audubon, IA",52381
"19011","Benton, IA",48422
"19013","Black Hawk, IA",40273
"19015","Boone, IA",46124
"19017","Bremer, IA",44610
"19019","Buchanan, IA",42757
"19021","Buena Vista, IA",47617
"19023","Butler, IA",43467
"19025","Calhoun, IA",47888
"19027","Carroll, IA",49914
"19029","Cass, IA",44488
"19031","Cedar, IA",46629
"19033","Cerro Gordo, IA",56676
"19035","Cherokee, IA",61661
"19037","Chickasaw, IA",50531
"19039","Clarke, IA",36327
"19041","Clay, IA",49426
"19043","Clayton, IA",46227
"19045","Clinton, IA",40161
"19047","Crawford, IA",40186
"19049","Dallas, IA",59405
"19051","Davis, IA",36029
"19053","Decatur, IA",33059
"19055","Delaware, IA",44894
"19057","Des Moines, IA",48760
"19059","Dickinson, IA",54156
"19061","Dubuque, IA",43997
"19063","Emmet, IA",44457
"19065","Fayette, IA",40294
"19067","Floyd, IA",42748
"19069","Franklin, IA",51495
"19071","Fremont, IA",45925
"19073","Greene, IA",49533
"19075","Grundy, IA",48180
"19077","Guthrie, IA",53340
"19079","Hamilton, IA",55316
"19081","Hancock, IA",54069
"19083","Hardin, IA",48245
"19085","Harrison, IA",41425
"19087","Henry, IA",37705
"19089","Howard, IA",45956
"19091","Humboldt, IA",47547
"19093","Ida, IA",48232
"19095","Iowa, IA",50955
"19097","Jackson, IA",41123
"19099","Jasper, IA",39044
"19101","Jefferson, IA",40079
"19103","Johnson, IA",46933
"19105","Jones, IA",40524
"19107","Keokuk, IA",44374
"19109","Kossuth, IA",53198
"19111","Lee, IA",39570
"19113","Linn, IA",48003
"19115","Louisa, IA",37021
"19117","Lucas, IA",39618
"19119","Lyon, IA",57116
"19121","Madison, IA",44301
"19123","Mahaska, IA",38653
"19125","Marion, IA",41716
"19127","Marshall, IA",39478
"19129","Mills, IA",49265
"19131","Mitchell, IA",47161
"19133","Monona, IA",43315
"19135","Monroe, IA",38444
"19137","Montgomery, IA",41304
"19139","Muscatine, IA",43264
"19141","O'Brien, IA",55180
"19143","Osceola, IA",64641
"19145","Page, IA",39682
"19147","Palo Alto, IA",59715
"19149","Plymouth, IA",54663
"19151","Pocahontas, IA",52972
"19153","Polk, IA",48306
"19155","Pottawattamie, IA",41819
"19157","Poweshiek, IA",44915
"19159","Ringgold, IA",43718
"19161","Sac, IA",51092
"19163","Scott, IA",48943
"19165","Shelby, IA",51332
"19167","Sioux, IA",49200
"19169","Story, IA",39204
"19171","Tama, IA",43114
"19173","Taylor, IA",43265
"19175","Union, IA",37606
"19177","Van Buren, IA",38509
"19179","Wapello, IA",36211
"19181","Warren, IA",44410
"19183","Washington, IA",49859
"19185","Wayne, IA",39783
"19187","Webster, IA",43327
"19189","Winnebago, IA",41329
"19191","Winneshiek, IA",44103
"19193","Woodbury, IA",40591
"19195","Worth, IA",50642
"19197","Wright, IA",55745
"20001","Allen, KS",38100
"20003","Anderson, KS",41831
"20005","Atchison, KS",33694
"20007","Barber, KS",40437
"20009","Barton, KS",48193
"20011","Bourbon, KS",37777
"20013","Brown, KS",40502
"20015","Butler, KS",42301
"20017","Chase, KS",40161
"20019","Chautauqua, KS",44173
"20021","Cherokee, KS",34132
"20023","Cheyenne, KS",44191
"20025","Clark, KS",54399
"20027","Clay, KS",46249
"20029","Cloud, KS",34221
"20031","Coffey, KS",50865
"20033","Comanche, KS",42487
"20035","Cowley, KS",37381
"20037","Crawford, KS",34260
"20039","Decatur, KS",49467
"20041","Dickinson, KS",43220
"20043","Doniphan, KS",33621
"20045","Douglas, KS",38686
"20047","Edwards, KS",53066
"20049","Elk, KS",44598
"20051","Ellis, KS",45843
"20053","Ellsworth, KS",38241
"20055","Finney, KS",40227
"20057","Ford, KS",33663
"20059","Franklin, KS",37872
"20061","Geary, KS",42875
"20063","Gove, KS",69469
"20065","Graham, KS",46910
"20067","Grant, KS",47396
"20069","Gray, KS",72611
"20071","Greeley, KS",43147
"20073","Greenwood, KS",41643
"20075","Hamilton, KS",60381
"20077","Harper, KS",44051
"20079","Harvey, KS",38369
"20081","Haskell, KS",62294
"20083","Hodgeman, KS",45643
"20085","Jackson, KS",37478
"20087","Jefferson, KS",39884
"20089","Jewell, KS",43213
"20091","Johnson, KS",65050
"20093","Kearny, KS",55054
"20095","Kingman, KS",40881
"20097","Kiowa, KS",34937
"20099","Labette, KS",40251
"20101","Lane, KS",86725
"20103","Leavenworth, KS",39477
"20105","Lincoln, KS",36267
"20107","Linn, KS",33533
"20109","Logan, KS",46890
"20111","Lyon, KS",33543
"20113","McPherson, KS",49015
"20115","Marion, KS",37990
"20117","Marshall, KS",44372
"20119","Meade, KS",61794
"20121","Miami, KS",43387
"20123","Mitchell, KS",51775
"20125","Montgomery, KS",37751
"20127","Morris, KS",43169
"20129","Morton, KS",45757
"20131","Nemaha, KS",48019
"20133","Neosho, KS",32225
"20135","Ness, KS",53009
"20137","Norton, KS",39297
"20139","Osage, KS",37926
"20141","Osborne, KS",41731
"20143","Ottawa, KS",37312
"20145","Pawnee, KS",38428
"20147","Phillips, KS",51856
"20149","Pottawatomie, KS",46772
"20151","Pratt, KS",45328
"20153","Rawlins, KS",48611
"20155","Reno, KS",37469
"20157","Republic, KS",46263
"20159","Rice, KS",43415
"20161","Riley, KS",38499
"20163","Rooks, KS",41867
"20165","Rush, KS",42480
"20167","Russell, KS",47117
"20169","Saline, KS",42824
"20171","Scott, KS",64644
"20173","Sedgwick, KS",50448
"20175","Seward, KS",35123
"20177","Shawnee, KS",43216
"20179","Sheridan, KS",52337
"20181","Sherman, KS",41887
"20183","Smith, KS",41796
"20185","Stafford, KS",48657
"20187","Stanton, KS",59139
"20189","Stevens, KS",40468
"20191","Sumner, KS",36407
"20193","Thomas, KS",39613
"20195","Trego, KS",44166
"20197","Wabaunsee, KS",46762
"20199","Wallace, KS",44412
"20201","Washington, KS",40582
"20203","Wichita, KS",76001
"20205","Wilson, KS",40218
"20207","Woodson, KS",35515
"20209","Wyandotte, KS",35589
"21001","Adair, KY",26876
"21003","Allen, KY",29847
"21005","Anderson, KY",36834
"21007","Ballard, KY",35717
"21009","Barren, KY",35361
"21011","Bath, KY",29076
"21013","Bell, KY",29042
"21015","Boone, KY",42645
"21017","Bourbon, KY",38638
"21019","Boyd, KY",35941
"21021","Boyle, KY",34660
"21023","Bracken, KY",33058
"21025","Breathitt, KY",29968
"21027","Breckinridge, KY",33108
"21029","Bullitt, KY",36362
"21031","Butler, KY",32054
"21033","Caldwell, KY",33734
"21035","Calloway, KY",33387
"21037","Campbell, KY",43164
"21039","Carlisle, KY",40684
"21041","Carroll, KY",44329
"21043","Carter, KY",29976
"21045","Casey, KY",28153
"21047","Christian, KY",37011
"21049","Clark, KY",37244
"21051","Clay, KY",26608
"21053","Clinton, KY",28825
"21055","Crittenden, KY",34585
"21057","Cumberland, KY",30967
"21059","Daviess, KY",40032
"21061","Edmonson, KY",29588
"21063","Elliott, KY",21745
"21065","Estill, KY",30484
"21067","Fayette, KY",45238
"21069","Fleming, KY",29663
"21071","Floyd, KY",32592
"21073","Franklin, KY",39290
"21075","Fulton, KY",31244
"21077","Gallatin, KY",29322
"21079","Garrard, KY",30309
"21081","Grant, KY",32114
"21083","Graves, KY",35204
"21085","Grayson, KY",31693
"21087","Green, KY",33484
"21089","Greenup, KY",37195
"21091","Hancock, KY",38284
"21093","Hardin, KY",38972
"21095","Harlan, KY",27920
"21097","Harrison, KY",33604
"21099","Hart, KY",32465
"21101","Henderson, KY",36766
"21103","Henry, KY",35170
"21105","Hickman, KY",37788
"21107","Hopkins, KY",36518
"21109","Jackson, KY",25214
"21111","Jefferson, KY",46457
"21113","Jessamine, KY",38243
"21115","Johnson, KY",32127
"21117","Kenton, KY",49475
"21119","Knott, KY",28652
"21121","Knox, KY",26907
"21123","Larue, KY",33232
"21125","Laurel, KY",32254
"21127","Lawrence, KY",29138
"21129","Lee, KY",29455
"21131","Leslie, KY",30047
"21133","Letcher, KY",30562
"21135","Lewis, KY",28324
"21137","Lincoln, KY",29204
"21139","Livingston, KY",35284
"21141","Logan, KY",34555
"21143","Lyon, KY",29914
"21145","McCracken, KY",44428
"21147","McCreary, KY",23016
"21149","McLean, KY",37007
"21151","Madison, KY",33800
"21153","Magoffin, KY",25070
"21155","Marion, KY",34122
"21157","Marshall, KY",37972
"21159","Martin, KY",27056
"21161","Mason, KY",36840
"21163","Meade, KY",34894
"21165","Menifee, KY",29196
"21167","Mercer, KY",34165
"21169","Metcalfe, KY",29794
"21171","Monroe, KY",33435
"21173","Montgomery, KY",33507
"21175","Morgan, KY",24281
"21177","Muhlenberg, KY",31472
"21179","Nelson, KY",37908
"21181","Nicholas, KY",32780
"21183","Ohio, KY",31613
"21185","Oldham, KY",53671
"21187","Owen, KY",34589
"21189","Owsley, KY",28741
"21191","Pendleton, KY",33951
"21193","Perry, KY",35148
"21195","Pike, KY",33354
"21197","Powell, KY",30572
"21199","Pulaski, KY",35823
"21201","Robertson, KY",30034
"21203","Rockcastle, KY",29138
"21205","Rowan, KY",28951
"21207","Russell, KY",31907
"21209","Scott, KY",39415
"21211","Shelby, KY",39613
"21213","Simpson, KY",34139
"21215","Spencer, KY",40375
"21217","Taylor, KY",33309
"21219","Todd, KY",35344
"21221","Trigg, KY",34991
"21223","Trimble, KY",33644
"21225","Union, KY",34286
"21227","Warren, KY",35966
"21229","Washington, KY",36694
"21231","Wayne, KY",27508
"21233","Webster, KY",36870
"21235","Whitley, KY",32100
"21237","Wolfe, KY",26264
"21239","Woodford, KY",45213
"22001","Acadia, LA",35335
"22003","Allen, LA",29735
"22005","Ascension, LA",45469
"22007","Assumption, LA",38791
"22009","Avoyelles, LA",33859
"22011","Beauregard, LA",40088
"22013","Bienville, LA",32500
"22015","Bossier, LA",42574
"22017","Caddo, LA",49080
"22019","Calcasieu, LA",42639
"22021","Caldwell, LA",36373
"22023","Cameron, LA",45776
"22025","Catahoula, LA",28728
"22027","Claiborne, LA",36034
"22029","Concordia, LA",31309
"22031","De Soto, LA",37595
"22033","East Baton Rouge, LA",45887
"22035","East Carroll, LA",30938
"22037","East Feliciana, LA",37578
"22039","Evangeline, LA",34937
"22041","Franklin, LA",30266
"22043","Grant, LA",29548
"22045","Iberia, LA",38194
"22047","Iberville, LA",36764
"22049","Jackson, LA",34050
"22051","Jefferson, LA",46922
"22053","Jefferson Davis, LA",38743
"22055","Lafayette, LA",49496
"22057","Lafourche, LA",45899
"22059","LaSalle, LA",35603
"22061","Lincoln, LA",35628
"22063","Livingston, LA",38095
"22065","Madison, LA",27712
"22067","Morehouse, LA",33714
"22069","Natchitoches, LA",34937
"22071","Orleans, LA",46684
"22073","Ouachita, LA",36396
"22075","Plaquemines, LA",46136
"22077","Pointe Coupee, LA",41203
"22079","Rapides, LA",42716
"22081","Red River, LA",34413
"22083","Richland, LA",34292
"22085","Sabine, LA",32890
"22087","St. Bernard, LA",29279
"22089","St. Charles, LA",45347
"22091","St. Helena, LA",38748
"22093","St. James, LA",42678
"22095","St. John the Baptist, LA",39031
"22097","St. Landry, LA",38012
"22099","St. Martin, LA",37820
"22101","St. Mary, LA",38257
"22103","St. Tammany, LA",57229
"22105","Tangipahoa, LA",36043
"22107","Tensas, LA",31383
"22109","Terrebonne, LA",44952
"22111","Union, LA",34941
"22113","Vermilion, LA",38226
"22115","Vernon, LA",38683
"22117","Washington, LA",32062
"22119","Webster, LA",35944
"22121","West Baton Rouge, LA",44043
"22123","West Carroll, LA",27725
"22125","West Feliciana, LA",33680
"22127","Winn, LA",35344
"23001","Androscoggin, ME",37106
"23003","Aroostook, ME",36717
"23005","Cumberland, ME",52298
"23007","Franklin, ME",34849
"23009","Hancock, ME",45190
"23011","Kennebec, ME",41554
"23013","Knox, ME",43738
"23015","Lincoln, ME",45358
"23017","Oxford, ME",34891
"23019","Penobscot, ME",37032
"23021","Piscataquis, ME",34634
"23023","Sagadahoc, ME",45702
"23025","Somerset, ME",35951
"23027","Waldo, ME",36833
"23029","Washington, ME",37185
"23031","York, ME",45466
"24001","Allegany, MD",37214
"24003","Anne Arundel, MD",60628
"24005","Baltimore, MD",54395
"24009","Calvert, MD",56018
"24011","Caroline, MD",42110
"24013","Carroll, MD",56006
"24015","Cecil, MD",43374
"24017","Charles, MD",52212
"24019","Dorchester, MD",41553
"24021","Frederick, MD",54893
"24023","Garrett, MD",41262
"24025","Harford, MD",52612
"24027","Howard, MD",69991
"24029","Kent, MD",52430
"24031","Montgomery, MD",76863
"24033","Prince George's, MD",44866
"24035","Queen Anne's, MD",56189
"24037","St. Mary's, MD",51990
"24039","Somerset, MD",29684
"24041","Talbot, MD",64804
"24043","Washington, MD",42248
"24045","Wicomico, MD",38816
"24047","Worcester, MD",52847
"24510","Baltimore (Independent City), MD",44979
"25001","Barnstable, MA",64730
"25003","Berkshire, MA",50712
"25005","Bristol, MA",48294
"25007","Dukes, MA",78745
"25009","Essex, MA",60320
"25011","Franklin, MA",48428
"25013","Hampden, MA",46216
"25015","Hampshire, MA",46756
"25017","Middlesex, MA",73265
"25019","Nantucket, MA",107341
"25021","Norfolk, MA",80711
"25023","Plymouth, MA",59273
"25025","Suffolk, MA",66074
"25027","Worcester, MA",51370
"26001","Alcona, MI",35207
"26003","Alger, MI",29150
"26005","Allegan, MI",39598
"26007","Alpena, MI",36467
"26009","Antrim, MI",39731
"26011","Arenac, MI",34226
"26013","Baraga, MI",29928
"26015","Barry, MI",40063
"26017","Bay, MI",37884
"26019","Benzie, MI",37557
"26021","Berrien, MI",41939
"26023","Branch, MI",32293
"26025","Calhoun, MI",36958
"26027","Cass, MI",38838
"26029","Charlevoix, MI",46000
"26031","Cheboygan, MI",34608
"26033","Chippewa, MI",31358
"26035","Clare, MI",31137
"26037","Clinton, MI",40446
"26039","Crawford, MI",29960
"26041","Delta, MI",36319
"26043","Dickinson, MI",42709
"26045","Eaton, MI",37921
"26047","Emmet, MI",48882
"26049","Genesee, MI",36612
"26051","Gladwin, MI",32450
"26053","Gogebic, MI",35495
"26055","Grand Traverse, MI",43876
"26057","Gratiot, MI",33571
"26059","Hillsdale, MI",32778
"26061","Houghton, MI",32968
"26063","Huron, MI",43271
"26065","Ingham, MI",37142
"26067","Ionia, MI",31562
"26069","Iosco, MI",33604
"26071","Iron, MI",38557
"26073","Isabella, MI",31900
"26075","Jackson, MI",36413
"26077","Kalamazoo, MI",43062
"26079","Kalkaska, MI",32581
"26081","Kent, MI",48496
"26083","Keweenaw, MI",38827
"26085","Lake, MI",29607
"26087","Lapeer, MI",38417
"26089","Leelanau, MI",59396
"26091","Lenawee, MI",35652
"26093","Livingston, MI",49608
"26095","Luce, MI",28089
"26097","Mackinac, MI",38607
"26099","Macomb, MI",41847
"26101","Manistee, MI",35472
"26103","Marquette, MI",36788
"26105","Mason, MI",37046
"26107","Mecosta, MI",29673
"26109","Menominee, MI",38377
"26111","Midland, MI",44954
"26113","Missaukee, MI",31109
"26115","Monroe, MI",41707
"26117","Montcalm, MI",31015
"26119","Montmorency, MI",33848
"26121","Muskegon, MI",34604
"26123","Newaygo, MI",33201
"26125","Oakland, MI",63454
"26127","Oceana, MI",34066
"26129","Ogemaw, MI",30925
"26131","Ontonagon, MI",34124
"26133","Osceola, MI",30805
"26135","Oscoda, MI",32631
"26137","Otsego, MI",35102
"26139","Ottawa, MI",42619
"26141","Presque Isle, MI",34262
"26143","Roscommon, MI",33199
"26145","Saginaw, MI",35429
"26147","St. Clair, MI",39268
"26149","St. Joseph, MI",34215
"26151","Sanilac, MI",35005
"26153","Schoolcraft, MI",35475
"26155","Shiawassee, MI",35078
"26157","Tuscola, MI",34771
"26159","Van Buren, MI",37247
"26161","Washtenaw, MI",51400
"26163","Wayne, MI",38512
"26165","Wexford, MI",32993
"27001","Aitkin, MN",35546
"27003","Anoka, MN",45556
"27005","Becker, MN",42079
"27007","Beltrami, MN",36329
"27009","Benton, MN",38845
"27011","Big Stone, MN",50308
"27013","Blue Earth, MN",43168
"27015","Brown, MN",47688
"27017","Carlton, MN",37872
"27019","Carver, MN",63291
"27021","Cass, MN",41263
"27023","Chippewa, MN",44722
"27025","Chisago, MN",42475
"27027","Clay, MN",40177
"27029","Clearwater, MN",37432
"27031","Cook, MN",45900
"27033","Cottonwood, MN",44872
"27035","Crow Wing, MN",40710
"27037","Dakota, MN",53710
"27039","Dodge, MN",43069
"27041","Douglas, MN",46902
"27043","Faribault, MN",42967
"27045","Fillmore, MN",45036
"27047","Freeborn, MN",41371
"27049","Goodhue, MN",48427
"27051","Grant, MN",48039
"27053","Hennepin, MN",65231
"27055","Houston, MN",46557
"27057","Hubbard, MN",36847
"27059","Isanti, MN",38905
"27061","Itasca, MN",37733
"27063","Jackson, MN",52392
"27065","Kanabec, MN",37606
"27067","Kandiyohi, MN",49060
"27069","Kittson, MN",54231
"27071","Koochiching, MN",36482
"27073","Lac qui Parle, MN",50380
"27075","Lake, MN",43408
"27077","Lake of the Woods, MN",44007
"27079","Le Sueur, MN",44197
"27081","Lincoln, MN",46333
"27083","Lyon, MN",45806
"27085","McLeod, MN",43484
"27087","Mahnomen, MN",32950
"27089","Marshall, MN",47256
"27091","Martin, MN",47232
"27093","Meeker, MN",40861
"27095","Mille Lacs, MN",37095
"27097","Morrison, MN",38561
"27099","Mower, MN",42364
"27101","Murray, MN",54719
"27103","Nicollet, MN",44646
"27105","Nobles, MN",44383
"27107","Norman, MN",44162
"27109","Olmsted, MN",50858
"27111","Otter Tail, MN",42411
"27113","Pennington, MN",49041
"27115","Pine, MN",33026
"27117","Pipestone, MN",50952
"27119","Polk, MN",42975
"27121","Pope, MN",46556
"27123","Ramsey, MN",48457
"27125","Red Lake, MN",44797
"27127","Redwood, MN",56714
"27129","Renville, MN",51844
"27131","Rice, MN",39532
"27133","Rock, MN",49961
"27135","Roseau, MN",42554
"27137","St. Louis, MN",42805
"27139","Scott, MN",52660
"27141","Sherburne, MN",41482
"27143","Sibley, MN",43865
"27145","Stearns, MN",42092
"27147","Steele, MN",42712
"27149","Stevens, MN",52226
"27151","Swift, MN",53874
"27153","Todd, MN",36759
"27155","Traverse, MN",55225
"27157","Wabasha, MN",44126
"27159","Wadena, MN",35497
"27161","Waseca, MN",46847
"27163","Washington, MN",58163
"27165","Watonwan, MN",38124
"27167","Wilkin, MN",51214
"27169","Winona, MN",43034
"27171","Wright, MN",44103
"27173","Yellow Medicine, MN",59238
"28001","Adams, MS",34860
"28003","Alcorn, MS",30633
"28005","Amite, MS",30950
"28007","Attala, MS",29754
"28009","Benton, MS",27483
"28011","Bolivar, MS",34322
"28013","Calhoun, MS",28948
"28015","Carroll, MS",32788
"28017","Chickasaw, MS",32248
"28019","Choctaw, MS",28982
"28021","Claiborne, MS",30516
"28023","Clarke, MS",35778
"28025","Clay, MS",34522
"28027","Coahoma, MS",30030
"28029","Copiah, MS",31186
"28031","Covington, MS",31802
"28033","DeSoto, MS",36375
"28035","Forrest, MS",35269
"28037","Franklin, MS",31604
"28039","George, MS",30653
"28041","Greene, MS",24222
"28043","Grenada, MS",34819
"28045","Hancock, MS",33108
"28047","Harrison, MS",34327
"28049","Hinds, MS",38337
"28051","Holmes, MS",26706
"28053","Humphreys, MS",29437
"28055","Issaquena, MS",18598
"28057","Itawamba, MS",31954
"28059","Jackson, MS",34394
"28061","Jasper, MS",34409
"28063","Jefferson, MS",30438
"28065","Jefferson Davis, MS",29262
"28067","Jones, MS",37299
"28069","Kemper, MS",27575
"28071","Lafayette, MS",35342
"28073","Lamar, MS",35014
"28075","Lauderdale, MS",34964
"28077","Lawrence, MS",32698
"28079","Leake, MS",27283
"28081","Lee, MS",37426
"28083","Leflore, MS",30562
"28085","Lincoln, MS",35834
"28087","Lowndes, MS",36793
"28089","Madison, MS",57964
"28091","Marion, MS",30723
"28093","Marshall, MS",29738
"28095","Monroe, MS",32455
"28097","Montgomery, MS",32623
"28099","Neshoba, MS",34051
"28101","Newton, MS",31690
"28103","Noxubee, MS",30459
"28105","Oktibbeha, MS",30445
"28107","Panola, MS",30321
"28109","Pearl River, MS",33778
"28111","Perry, MS",28100
"28113","Pike, MS",30433
"28115","Pontotoc, MS",29950
"28117","Prentiss, MS",28483
"28119","Quitman, MS",26311
"28121","Rankin, MS",42652
"28123","Scott, MS",29133
"28125","Sharkey, MS",29737
"28127","Simpson, MS",34068
"28129","Smith, MS",32043
"28131","Stone, MS",29777
"28133","Sunflower, MS",27136
"28135","Tallahatchie, MS",27405
"28137","Tate, MS",31984
"28139","Tippah, MS",30317
"28141","Tishomingo, MS",28920
"28143","Tunica, MS",30052
"28145","Union, MS",30729
"28147","Walthall, MS",28046
"28149","Warren, MS",35951
"28151","Washington, MS",33356
"28153","Wayne, MS",32564
"28155","Webster, MS",31690
"28157","Wilkinson, MS",27487
"28159","Winston, MS",31746
"28161","Yalobusha, MS",30360
"28163","Yazoo, MS",27763
"29001","Adair, MO",30188
"29003","Andrew, MO",39302
"29005","Atchison, MO",40921
"29007","Audrain, MO",36391
"29009","Barry, MO",32752
"29011","Barton, MO",32845
"29013","Bates, MO",33722
"29015","Benton, MO",34320
"29017","Bollinger, MO",29349
"29019","Boone, MO",42302
"29021","Buchanan, MO",36650
"29023","Butler, MO",33212
"29025","Caldwell, MO",32835
"29027","Callaway, MO",34718
"29029","Camden, MO",34740
"29031","Cape Girardeau, MO",40031
"29033","Carroll, MO",44402
"29035","Carter, MO",29929
"29037","Cass, MO",41636
"29039","Cedar, MO",30852
"29041","Chariton, MO",40679
"29043","Christian, MO",35675
"29045","Clark, MO",32425
"29047","Clay, MO",44304
"29049","Clinton, MO",38313
"29051","Cole, MO",42884
"29053","Cooper, MO",33380
"29055","Crawford, MO",32611
"29057","Dade, MO",32080
"29059","Dallas, MO",29822
"29061","Daviess, MO",34087
"29063","DeKalb, MO",24284
"29065","Dent, MO",31040
"29067","Douglas, MO",23759
"29069","Dunklin, MO",31831
"29071","Franklin, MO",38714
"29073","Gasconade, MO",36901
"29075","Gentry, MO",38352
"29077","Greene, MO",38947
"29079","Grundy, MO",32753
"29081","Harrison, MO",34346
"29083","Henry, MO",39266
"29085","Hickory, MO",26392
"29087","Holt, MO",36660
"29089","Howard, MO",35119
"29091","Howell, MO",31677
"29093","Iron, MO",31407
"29095","Jackson, MO",41545
"29097","Jasper, MO",36119
"29099","Jefferson, MO",37740
"29101","Johnson, MO",32718
"29103","Knox, MO",34827
"29105","Laclede, MO",32131
"29107","Lafayette, MO",36573
"29109","Lawrence, MO",31401
"29111","Lewis, MO",31103
"29113","Lincoln, MO",35292
"29115","Linn, MO",36902
"29117","Livingston, MO",33976
"29119","McDonald, MO",26988
"29121","Macon, MO",36229
"29123","Madison, MO",33217
"29125","Maries, MO",33410
"29127","Marion, MO",36477
"29129","Mercer, MO",33003
"29131","Miller, MO",30066
"29133","Mississippi, MO",27708
"29135","Moniteau, MO",33153
"29137","Monroe, MO",38014
"29139","Montgomery, MO",33031
"29141","Morgan, MO",39448
"29143","New Madrid, MO",30946
"29145","Newton, MO",35871
"29147","Nodaway, MO",28586
"29149","Oregon, MO",26343
"29151","Osage, MO",43583
"29153","Ozark, MO",27385
"29155","Pemiscot, MO",31302
"29157","Perry, MO",35465
"29159","Pettis, MO",35292
"29161","Phelps, MO",33403
"29163","Pike, MO",31168
"29165","Platte, MO",51855
"29167","Polk, MO",30365
"29169","Pulaski, MO",39057
"29171","Putnam, MO",34654
"29173","Ralls, MO",35733
"29175","Randolph, MO",36247
"29177","Ray, MO",36947
"29179","Reynolds, MO",28566
"29181","Ripley, MO",28696
"29183","St. Charles, MO",47082
"29185","St. Clair, MO",31512
"29186","Ste. Genevieve, MO",36385
"29187","St. Francois, MO",30471
"29189","St. Louis, MO",62194
"29195","Saline, MO",36705
"29197","Schuyler, MO",26321
"29199","Scotland, MO",32468
"29201","Scott, MO",36669
"29203","Shannon, MO",24297
"29205","Shelby, MO",37937
"29207","Stoddard, MO",34654
"29209","Stone, MO",33669
"29211","Sullivan, MO",36670
"29213","Taney, MO",32363
"29215","Texas, MO",25463
"29217","Vernon, MO",33129
"29219","Warren, MO",35729
"29221","Washington, MO",27603
"29223","Wayne, MO",27410
"29225","Webster, MO",31503
"29227","Worth, MO",37185
"29229","Wright, MO",26671
"29510","St. Louis (Independent City), MO",41632
"30001","Beaverhead, MT",42330
"30003","Big Horn, MT",29276
"30005","Blaine, MT",27000
"30007","Broadwater, MT",36233
"30009","Carbon, MT",43012
"30011","Carter, MT",53182
"30013","Cascade, MT",42053
"30015","Chouteau, MT",32859
"30017","Custer, MT",40927
"30019","Daniels, MT",43357
"30021","Dawson, MT",41234
"30023","Deer Lodge, MT",35857
"30025","Fallon, MT",46333
"30027","Fergus, MT",38287
"30029","Flathead, MT",40407
"30031","Gallatin, MT",46337
"30033","Garfield, MT",42703
"30035","Glacier, MT",32148
"30037","Golden Valley, MT",53667
"30039","Granite, MT",36181
"30041","Hill, MT",39061
"30043","Jefferson, MT",43394
"30045","Judith Basin, MT",52234
"30047","Lake, MT",32464
"30049","Lewis and Clark, MT",44153
"30051","Liberty, MT",33569
"30053","Lincoln, MT",32259
"30055","McCone, MT",54654
"30057","Madison, MT",46825
"30059","Meagher, MT",46327
"30061","Mineral, MT",32668
"30063","Missoula, MT",40803
"30065","Musselshell, MT",39906
"30067","Park, MT",44106
"30069","Petroleum, MT",57122
"30071","Phillips, MT",36095
"30073","Pondera, MT",39187
"30075","Powder River, MT",39139
"30077","Powell, MT",36607
"30079","Prairie, MT",41881
"30081","Ravalli, MT",37413
"30083","Richland, MT",59756
"30085","Roosevelt, MT",35358
"30087","Rosebud, MT",37193
"30089","Sanders, MT",32258
"30091","Sheridan, MT",51250
"30093","Silver Bow, MT",44355
"30095","Stillwater, MT",44068
"30097","Sweet Grass, MT",44619
"30099","Teton, MT",46200
"30101","Toole, MT",36859
"30103","Treasure, MT",57013
"30105","Valley, MT",42622
"30107","Wheatland, MT",38570
"30109","Wibaux, MT",42081
"30111","Yellowstone, MT",46213
"31001","Adams, NE",44381
"31003","Antelope, NE",49974
"31005","Arthur, NE",49018
"31007","Banner, NE",68652
"31009","Blaine, NE",64585
"31011","Boone, NE",58283
"31013","Box Butte, NE",41045
"31015","Boyd, NE",50673
"31017","Brown, NE",55904
"31019","Buffalo, NE",46051
"31021","Burt, NE",49086
"31023","Butler, NE",46298
"31025","Cass, NE",45775
"31027","Cedar, NE",50053
"31029","Chase, NE",46817
"31031","Cherry, NE",52841
"31033","Cheyenne, NE",52537
"31035","Clay, NE",44694
"31037","Colfax, NE",41562
"31039","Cuming, NE",74971
"31041","Custer, NE",52048
"31043","Dakota, NE",35931
"31045","Dawes, NE",33366
"31047","Dawson, NE",38590
"31049","Deuel, NE",41360
"31051","Dixon, NE",46080
"31053","Dodge, NE",41875
"31055","Douglas, NE",56212
"31057","Dundy, NE",63828
"31059","Fillmore, NE",56450
"31061","Franklin, NE",45289
"31063","Frontier, NE",52431
"31065","Furnas, NE",49294
"31067","Gage, NE",45448
"31069","Garden, NE",46254
"31071","Garfield, NE",45711
"31073","Gosper, NE",48840
"31075","Grant, NE",51003
"31077","Greeley, NE",43946
"31079","Hall, NE",38072
"31081","Hamilton, NE",49351
"31083","Harlan, NE",47994
"31085","Hayes, NE",68543
"31087","Hitchcock, NE",39677
"31089","Holt, NE",52141
"31091","Hooker, NE",49324
"31093","Howard, NE",42984
"31095","Jefferson, NE",46303
"31097","Johnson, NE",36361
"31099","Kearney, NE",108975
"31101","Keith, NE",43093
"31103","Keya Paha, NE",69831
"31105","Kimball, NE",42922
"31107","Knox, NE",46483
"31109","Lancaster, NE",44057
"31111","Lincoln, NE",47816
"31113","Logan, NE",48979
"31115","Loup, NE",61809
"31117","McPherson, NE",59379
"31119","Madison, NE",44915
"31121","Merrick, NE",49110
"31123","Morrill, NE",49947
"31125","Nance, NE",42957
"31127","Nemaha, NE",42872
"31129","Nuckolls, NE",40370
"31131","Otoe, NE",42541
"31133","Pawnee, NE",46405
"31135","Perkins, NE",50369
"31137","Phelps, NE",57981
"31139","Pierce, NE",64100
"31141","Platte, NE",45193
"31143","Polk, NE",49909
"31145","Red Willow, NE",46670
"31147","Richardson, NE",42054
"31149","Rock, NE",66970
"31151","Saline, NE",38058
"31153","Sarpy, NE",44819
"31155","Saunders, NE",46035
"31157","Scotts Bluff, NE",40984
"31159","Seward, NE",45504
"31161","Sheridan, NE",46339
"31163","Sherman, NE",40273
"31165","Sioux, NE",62599
"31167","Stanton, NE",45243
"31169","Thayer, NE",51782
"31171","Thomas, NE",64887
"31173","Thurston, NE",46990
"31175","Valley, NE",43661
"31177","Washington, NE",49835
"31179","Wayne, NE",43048
"31181","Webster, NE",47027
"31183","Wheeler, NE",125171
"31185","York, NE",48511
"32001","Churchill, NV",36876
"32003","Clark, NV",40652
"32005","Douglas, NV",59953
"32007","Elko, NV",43791
"32009","Esmeralda, NV",45315
"32011","Eureka, NV",37396
"32013","Humboldt, NV",44198
"32015","Lander, NV",52986
"32017","Lincoln, NV",28563
"32019","Lyon, NV",32822
"32021","Mineral, NV",35345
"32023","Nye, NV",34871
"32027","Pershing, NV",30938
"32029","Storey, NV",41027
"32031","Washoe, NV",47584
"32033","White Pine, NV",41645
"32510","Carson City (Independent City), NV",43443
"33001","Belknap, NH",55160
"33003","Carroll, NH",53682
"33005","Cheshire, NH",48942
"33007","Coos, NH",41203
"33009","Grafton, NH",56182
"33011","Hillsborough, NH",57180
"33013","Merrimack, NH",53213
"33015","Rockingham, NH",64417
"33017","Strafford, NH",45868
"33019","Sullivan, NH",48868
"34001","Atlantic, NJ",43695
"34003","Bergen, NJ",75849
"34005","Burlington, NJ",55227
"34007","Camden, NJ",48084
"34009","Cape May, NJ",53309
"34011","Cumberland, NJ",36253
"34013","Essex, NJ",60030
"34015","Gloucester, NJ",48799
"34017","Hudson, NJ",53945
"34019","Hunterdon, NJ",80759
"34021","Mercer, NJ",63247
"34023","Middlesex, NJ",53467
"34025","Monmouth, NJ",69410
"34027","Morris, NJ",86582
"34029","Ocean, NJ",46109
"34031","Passaic, NJ",47189
"34033","Salem, NJ",44304
"34035","Somerset, NJ",86468
"34037","Sussex, NJ",55497
"34039","Union, NJ",60089
"34041","Warren, NJ",50902
"35001","Bernalillo, NM",39804
"35003","Catron, NM",32542
"35005","Chaves, NM",36466
"35006","Cibola, NM*",26459
"35007","Colfax, NM",37323
"35009","Curry, NM",41684
"35011","De Baca, NM",42078
"35013","Doa Ana, NM",32233
"35015","Eddy, NM",53609
"35017","Grant, NM",35824
"35019","Guadalupe, NM",30873
"35021","Harding, NM",43749
"35023","Hidalgo, NM",35759
"35025","Lea, NM",34998
"35027","Lincoln, NM",39585
"35028","Los Alamos, NM",65317
"35029","Luna, NM",29854
"35031","McKinley, NM",24640
"35033","Mora, NM",48834
"35035","Otero, NM",34058
"35037","Quay, NM",35162
"35039","Rio Arriba, NM",32254
"35041","Roosevelt, NM",36417
"35043","Sandoval, NM",37885
"35045","San Juan, NM",37777
"35047","San Miguel, NM",32461
"35049","Santa Fe, NM",50684
"35051","Sierra, NM",35786
"35053","Socorro, NM",32680
"35055","Taos, NM",34535
"35057","Torrance, NM",28753
"35059","Union, NM",32937
"35061","Valencia, NM*",30733
"36001","Albany, NY",56692
"36003","Allegany, NY",34004
"36005","Bronx, NY",32442
"36007","Broome, NY",39634
"36009","Cattaraugus, NY",37080
"36011","Cayuga, NY",38257
"36013","Chautauqua, NY",36454
"36015","Chemung, NY",40149
"36017","Chenango, NY",37980
"36019","Clinton, NY",40253
"36021","Columbia, NY",50741
"36023","Cortland, NY",37265
"36025","Delaware, NY",36177
"36027","Dutchess, NY",48921
"36029","Erie, NY",46786
"36031","Essex, NY",40810
"36033","Franklin, NY",36113
"36035","Fulton, NY",38760
"36037","Genesee, NY",40532
"36039","Greene, NY",42203
"36041","Hamilton, NY",51895
"36043","Herkimer, NY",37163
"36045","Jefferson, NY",43170
"36047","Kings, NY",42743
"36049","Lewis, NY",39857
"36051","Livingston, NY",37955
"36053","Madison, NY",39352
"36055","Monroe, NY",47986
"36057","Montgomery, NY",38872
"36059","Nassau, NY",77762
"36061","New York, NY",156708
"36063","Niagara, NY",41355
"36065","Oneida, NY",39684
"36067","Onondaga, NY",47034
"36069","Ontario, NY",47900
"36071","Orange, NY",46513
"36073","Orleans, NY",35324
"36075","Oswego, NY",36593
"36077","Otsego, NY",38293
"36079","Putnam, NY",59160
"36081","Queens, NY",42288
"36083","Rensselaer, NY",44823
"36085","Richmond, NY",50161
"36087","Rockland, NY",54838
"36089","St. Lawrence, NY",33882
"36091","Saratoga, NY",58979
"36093","Schenectady, NY",48206
"36095","Schoharie, NY",35998
"36097","Schuyler, NY",39124
"36099","Seneca, NY",35472
"36101","Steuben, NY",40243
"36103","Suffolk, NY",59484
"36105","Sullivan, NY",42053
"36107","Tioga, NY",40033
"36109","Tompkins, NY",41095
"36111","Ulster, NY",44422
"36113","Warren, NY",47429
"36115","Washington, NY",36563
"36117","Wayne, NY",41524
"36119","Westchester, NY",93229
"36121","Wyoming, NY",37941
"36123","Yates, NY",36371
"37001","Alamance, NC",35839
"37003","Alexander, NC",33645
"37005","Alleghany, NC",32712
"37007","Anson, NC",32392
"37009","Ashe, NC",31519
"37011","Avery, NC",30958
"37013","Beaufort, NC",37773
"37015","Bertie, NC",31749
"37017","Bladen, NC",32681
"37019","Brunswick, NC",36307
"37021","Buncombe, NC",40994
"37023","Burke, NC",31458
"37025","Cabarrus, NC",39640
"37027","Caldwell, NC",31263
"37029","Camden, NC",41351
"37031","Carteret, NC",44199
"37033","Caswell, NC",31184
"37035","Catawba, NC",40265
"37037","Chatham, NC",51839
"37039","Cherokee, NC",29358
"37041","Chowan, NC",34956
"37043","Clay, NC",30242
"37045","Cleveland, NC",33712
"37047","Columbus, NC",30262
"37049","Craven, NC",40555
"37051","Cumberland, NC",37611
"37053","Currituck, NC",41035
"37055","Dare, NC",48602
"37057","Davidson, NC",35073
"37059","Davie, NC",42136
"37061","Duplin, NC",32317
"37063","Durham, NC",44507
"37065","Edgecombe, NC",32084
"37067","Forsyth, NC",43859
"37069","Franklin, NC",31852
"37071","Gaston, NC",36950
"37073","Gates, NC",33458
"37075","Graham, NC",29833
"37077","Granville, NC",33919
"37079","Greene, NC",30004
"37081","Guilford, NC",41691
"37083","Halifax, NC",32947
"37085","Harnett, NC",31129
"37087","Haywood, NC",35207
"37089","Henderson, NC",37558
"37091","Hertford, NC",29808
"37093","Hoke, NC",29382
"37095","Hyde, NC",33724
"37097","Iredell, NC",44442
"37099","Jackson, NC",32202
"37101","Johnston, NC",35533
"37103","Jones, NC",36906
"37105","Lee, NC",35655
"37107","Lenoir, NC",37442
"37109","Lincoln, NC",38774
"37111","McDowell, NC",30683
"37113","Macon, NC",34896
"37115","Madison, NC",29965
"37117","Martin, NC",33532
"37119","Mecklenburg, NC",52129
"37121","Mitchell, NC",30970
"37123","Montgomery, NC",33198
"37125","Moore, NC",43725
"37127","Nash, NC",38982
"37129","New Hanover, NC",40487
"37131","Northampton, NC",30971
"37133","Onslow, NC",43952
"37135","Orange, NC",55338
"37137","Pamlico, NC",37682
"37139","Pasquotank, NC",35550
"37141","Pender, NC",32937
"37143","Perquimans, NC",37279
"37145","Person, NC",34557
"37147","Pitt, NC",37042
"37149","Polk, NC",41477
"37151","Randolph, NC",33899
"37153","Richmond, NC",31361
"37155","Robeson, NC",27487
"37157","Rockingham, NC",33916
"37159","Rowan, NC",34348
"37161","Rutherford, NC",29142
"37163","Sampson, NC",35357
"37165","Scotland, NC",30625
"37167","Stanly, NC",34063
"37169","Stokes, NC",32811
"37171","Surry, NC",34628
"37173","Swain, NC",31971
"37175","Transylvania, NC",35487
"37177","Tyrrell, NC",30514
"37179","Union, NC",43669
"37181","Vance, NC",31792
"37183","Wake, NC",51776
"37185","Warren, NC",28220
"37187","Washington, NC",32755
"37189","Watauga, NC",33103
"37191","Wayne, NC",35801
"37193","Wilkes, NC",32449
"37195","Wilson, NC",37617
"37197","Yadkin, NC",33995
"37199","Yancey, NC",31481
"38001","Adams, ND",46205
"38003","Barnes, ND",48131
"38005","Benson, ND",31402
"38007","Billings, ND",92463
"38009","Bottineau, ND",54176
"38011","Bowman, ND",62919
"38013","Burke, ND",80133
"38015","Burleigh, ND",57171
"38017","Cass, ND",53552
"38019","Cavalier, ND",58604
"38021","Dickey, ND",55408
"38023","Divide, ND",67517
"38025","Dunn, ND",79799
"38027","Eddy, ND",40369
"38029","Emmons, ND",45828
"38031","Foster, ND",54886
"38033","Golden Valley, ND",50452
"38035","Grand Forks, ND",46129
"38037","Grant, ND",42273
"38039","Griggs, ND",47657
"38041","Hettinger, ND",46969
"38043","Kidder, ND",52029
"38045","LaMoure, ND",48454
"38047","Logan, ND",46920
"38049","McHenry, ND",50497
"38051","McIntosh, ND",45535
"38053","McKenzie, ND",71519
"38055","McLean, ND",55591
"38057","Mercer, ND",55020
"38059","Morton, ND",49539
"38061","Mountrail, ND",68781
"38063","Nelson, ND",49045
"38065","Oliver, ND",43553
"38067","Pembina, ND",50665
"38069","Pierce, ND",42238
"38071","Ramsey, ND",45547
"38073","Ransom, ND",46948
"38075","Renville, ND",51125
"38077","Richland, ND",45487
"38079","Rolette, ND",33727
"38081","Sargent, ND",53579
"38083","Sheridan, ND",28651
"38085","Sioux, ND",25546
"38087","Slope, ND",60199
"38089","Stark, ND",85677
"38091","Steele, ND",56009
"38093","Stutsman, ND",47076
"38095","Towner, ND",40421
"38097","Traill, ND",51420
"38099","Walsh, ND",46728
"38101","Ward, ND",55852
"38103","Wells, ND",48167
"38105","Williams, ND",101645
"39001","Adams, OH",29507
"39003","Allen, OH",37469
"39005","Ashland, OH",34615
"39007","Ashtabula, OH",34918
"39009","Athens, OH",31613
"39011","Auglaize, OH",42736
"39013","Belmont, OH",37393
"39015","Brown, OH",32436
"39017","Butler, OH",41534
"39019","Carroll, OH",35927
"39021","Champaign, OH",37256
"39023","Clark, OH",37183
"39025","Clermont, OH",46267
"39027","Clinton, OH",38947
"39029","Columbiana, OH",35314
"39031","Coshocton, OH",35107
"39033","Crawford, OH",34675
"39035","Cuyahoga, OH",48506
"39037","Darke, OH",38360
"39039","Defiance, OH",36128
"39041","Delaware, OH",64634
"39043","Erie, OH",49283
"39045","Fairfield, OH",41145
"39047","Fayette, OH",34591
"39049","Franklin, OH",46949
"39051","Fulton, OH",40414
"39053","Gallia, OH",35129
"39055","Geauga, OH",61323
"39057","Greene, OH",44862
"39059","Guernsey, OH",37121
"39061","Hamilton, OH",52081
"39063","Hancock, OH",48896
"39065","Hardin, OH",32009
"39067","Harrison, OH",36008
"39069","Henry, OH",38865
"39071","Highland, OH",31541
"39073","Hocking, OH",33675
"39075","Holmes, OH",37232
"39077","Huron, OH",36453
"39079","Jackson, OH",33227
"39081","Jefferson, OH",35496
"39083","Knox, OH",39345
"39085","Lake, OH",45793
"39087","Lawrence, OH",34353
"39089","Licking, OH",41581
"39091","Logan, OH",38540
"39093","Lorain, OH",41371
"39095","Lucas, OH",42075
"39097","Madison, OH",36730
"39099","Mahoning, OH",40192
"39101","Marion, OH",32935
"39103","Medina, OH",49097
"39105","Meigs, OH",30029
"39107","Mercer, OH",45167
"39109","Miami, OH",41781
"39111","Monroe, OH",30590
"39113","Montgomery, OH",42223
"39115","Morgan, OH",30128
"39117","Morrow, OH",34181
"39119","Muskingum, OH",37855
"39121","Noble, OH",29300
"39123","Ottawa, OH",44978
"39125","Paulding, OH",36010
"39127","Perry, OH",33469
"39129","Pickaway, OH",36775
"39131","Pike, OH",33176
"39133","Portage, OH",39982
"39135","Preble, OH",36288
"39137","Putnam, OH",43512
"39139","Richland, OH",35588
"39141","Ross, OH",34061
"39143","Sandusky, OH",37765
"39145","Scioto, OH",32826
"39147","Seneca, OH",37592
"39149","Shelby, OH",41942
"39151","Stark, OH",41072
"39153","Summit, OH",46071
"39155","Trumbull, OH",36831
"39157","Tuscarawas, OH",39893
"39159","Union, OH",46143
"39161","Van Wert, OH",36556
"39163","Vinton, OH",30478
"39165","Warren, OH",51553
"39167","Washington, OH",38548
"39169","Wayne, OH",38489
"39171","Williams, OH",38167
"39173","Wood, OH",42679
"39175","Wyandot, OH",38988
"40001","Adair, OK",27161
"40003","Alfalfa, OK",48046
"40005","Atoka, OK",30372
"40007","Beaver, OK",52751
"40009","Beckham, OK",39940
"40011","Blaine, OK",42540
"40013","Bryan, OK",31039
"40015","Caddo, OK",30931
"40017","Canadian, OK",43573
"40019","Carter, OK",43630
"40021","Cherokee, OK",29127
"40023","Choctaw, OK",31298
"40025","Cimarron, OK",65254
"40027","Cleveland, OK",42716
"40029","Coal, OK",36331
"40031","Comanche, OK",38195
"40033","Cotton, OK",39298
"40035","Craig, OK",34900
"40037","Creek, OK",38096
"40039","Custer, OK",39014
"40041","Delaware, OK",31899
"40043","Dewey, OK",43630
"40045","Ellis, OK",63065
"40047","Garfield, OK",44985
"40049","Garvin, OK",40337
"40051","Grady, OK",38678
"40053","Grant, OK",50348
"40055","Greer, OK",24508
"40057","Harmon, OK",37510
"40059","Harper, OK",50607
"40061","Haskell, OK",34501
"40063","Hughes, OK",32856
"40065","Jackson, OK",37858
"40067","Jefferson, OK",36208
"40069","Johnston, OK",32082
"40071","Kay, OK",38443
"40073","Kingfisher, OK",46574
"40075","Kiowa, OK",31899
"40077","Latimer, OK",33297
"40079","Le Flore, OK",31837
"40081","Lincoln, OK",34985
"40083","Logan, OK",39036
"40085","Love, OK",36197
"40087","McClain, OK",42507
"40089","McCurtain, OK",30880
"40091","McIntosh, OK",32448
"40093","Major, OK",42611
"40095","Marshall, OK",34055
"40097","Mayes, OK",36035
"40099","Murray, OK",41565
"40101","Muskogee, OK",33990
"40103","Noble, OK",39694
"40105","Nowata, OK",35141
"40107","Okfuskee, OK",28624
"40109","Oklahoma, OK",49304
"40111","Okmulgee, OK",31985
"40113","Osage, OK",33397
"40115","Ottawa, OK",34331
"40117","Pawnee, OK",33897
"40119","Payne, OK",36757
"40121","Pittsburg, OK",35556
"40123","Pontotoc, OK",40180
"40125","Pottawatomie, OK",35999
"40127","Pushmataha, OK",30016
"40129","Roger Mills, OK",51686
"40131","Rogers, OK",41178
"40133","Seminole, OK",33474
"40135","Sequoyah, OK",30807
"40137","Stephens, OK",46750
"40139","Texas, OK",45962
"40141","Tillman, OK",35271
"40143","Tulsa, OK",68833
"40145","Wagoner, OK",36313
"40147","Washington, OK",58148
"40149","Washita, OK",33932
"40151","Woods, OK",47537
"40153","Woodward, OK",47068
"41001","Baker, OR",35153
"41003","Benton, OR",41676
"41005","Clackamas, OR",49565
"41007","Clatsop, OR",40278
"41009","Columbia, OR",38845
"41011","Coos, OR",38475
"41013","Crook, OR",36153
"41015","Curry, OR",38707
"41017","Deschutes, OR",44435
"41019","Douglas, OR",35977
"41021","Gilliam, OR",43694
"41023","Grant, OR",38647
"41025","Harney, OR",38253
"41027","Hood River, OR",45856
"41029","Jackson, OR",40698
"41031","Jefferson, OR",32178
"41033","Josephine, OR",36013
"41035","Klamath, OR",35216
"41037","Lake, OR",36944
"41039","Lane, OR",39871
"41041","Lincoln, OR",38968
"41043","Linn, OR",37355
"41045","Malheur, OR",30255
"41047","Marion, OR",37199
"41049","Morrow, OR",44281
"41051","Multnomah, OR",49230
"41053","Polk, OR",36797
"41055","Sherman, OR",57526
"41057","Tillamook, OR",38276
"41059","Umatilla, OR",36434
"41061","Union, OR",36268
"41063","Wallowa, OR",41949
"41065","Wasco, OR",40989
"41067","Washington, OR",51909
"41069","Wheeler, OR",36294
"41071","Yamhill, OR",38920
"42001","Adams, PA",45023
"42003","Allegheny, PA",54090
"42005","Armstrong, PA",41456
"42007","Beaver, PA",43355
"42009","Bedford, PA",37022
"42011","Berks, PA",44813
"42013","Blair, PA",40919
"42015","Bradford, PA",39329
"42017","Bucks, PA",64306
"42019","Butler, PA",51790
"42021","Cambria, PA",38512
"42023","Cameron, PA",44865
"42025","Carbon, PA",43829
"42027","Centre, PA",41344
"42029","Chester, PA",73803
"42031","Clarion, PA",36426
"42033","Clearfield, PA",39578
"42035","Clinton, PA",36586
"42037","Columbia, PA",37307
"42039","Crawford, PA",36967
"42041","Cumberland, PA",50757
"42043","Dauphin, PA",46851
"42045","Delaware, PA",57756
"42047","Elk, PA",43625
"42049","Erie, PA",40425
"42051","Fayette, PA",38609
"42053","Forest, PA",25039
"42055","Franklin, PA",41768
"42057","Fulton, PA",36837
"42059","Greene, PA",45760
"42061","Huntingdon, PA",36195
"42063","Indiana, PA",36013
"42065","Jefferson, PA",38242
"42067","Juniata, PA",38152
"42069","Lackawanna, PA",42662
"42071","Lancaster, PA",44995
"42073","Lawrence, PA",39893
"42075","Lebanon, PA",43090
"42077","Lehigh, PA",47537
"42079","Luzerne, PA",40746
"42081","Lycoming, PA",41171
"42083","McKean, PA",40291
"42085","Mercer, PA",37820
"42087","Mifflin, PA",35139
"42089","Monroe, PA",38043
"42091","Montgomery, PA",71306
"42093","Montour, PA",50859
"42095","Northampton, PA",47776
"42097","Northumberland, PA",37689
"42099","Perry, PA",39884
"42101","Philadelphia, PA",49701
"42103","Pike, PA",40738
"42105","Potter, PA",35208
"42107","Schuylkill, PA",39539
"42109","Snyder, PA",38519
"42111","Somerset, PA",36671
"42113","Sullivan, PA",39995
"42115","Susquehanna, PA",40317
"42117","Tioga, PA",35877
"42119","Union, PA",36391
"42121","Venango, PA",38205
"42123","Warren, PA",41745
"42125","Washington, PA",53783
"42127","Wayne, PA",37447
"42129","Westmoreland, PA",46764
"42131","Wyoming, PA",41369
"42133","York, PA",44651
"44001","Bristol, RI",69066
"44003","Kent, RI",53776
"44005","Newport, RI",61666
"44007","Providence, RI",44399
"44009","Washington, RI",58274
"45001","Abbeville, SC",30468
"45003","Aiken, SC",37389
"45005","Allendale, SC",28199
"45007","Anderson, SC",35297
"45009","Bamberg, SC",29845
"45011","Barnwell, SC",27704
"45013","Beaufort, SC",48134
"45015","Berkeley, SC",34684
"45017","Calhoun, SC",33874
"45019","Charleston, SC",50838
"45021","Cherokee, SC",29394
"45023","Chester, SC",30441
"45025","Chesterfield, SC",29962
"45027","Clarendon, SC",27692
"45029","Colleton, SC",33120
"45031","Darlington, SC",33680
"45033","Dillon, SC",25461
"45035","Dorchester, SC",35966
"45037","Edgefield, SC",31173
"45039","Fairfield, SC",33633
"45041","Florence, SC",37322
"45043","Georgetown, SC",39888
"45045","Greenville, SC",43132
"45047","Greenwood, SC",33723
"45049","Hampton, SC",27398
"45051","Horry, SC",32830
"45053","Jasper, SC",25951
"45055","Kershaw, SC",37163
"45057","Lancaster, SC",38043
"45059","Laurens, SC",31406
"45061","Lee, SC",26425
"45063","Lexington, SC",41764
"45065","McCormick, SC",33608
"45067","Marion, SC",28674
"45069","Marlboro, SC",25161
"45071","Newberry, SC",34660
"45073","Oconee, SC",37761
"45075","Orangeburg, SC",30578
"45077","Pickens, SC",33911
"45079","Richland, SC",41025
"45081","Saluda, SC",32113
"45083","Spartanburg, SC",38686
"45085","Sumter, SC",36834
"45087","Union, SC",30115
"45089","Williamsburg, SC",27637
"45091","York, SC",39778
"46003","Aurora, SD",46921
"46005","Beadle, SD",50086
"46007","Bennett, SD",29463
"46009","Bon Homme, SD",35431
"46011","Brookings, SD",43815
"46013","Brown, SD",50001
"46015","Brule, SD",44245
"46017","Buffalo, SD",25341
"46019","Butte, SD",33875
"46021","Campbell, SD",41709
"46023","Charles Mix, SD",41119
"46025","Clark, SD",44662
"46027","Clay, SD",36022
"46029","Codington, SD",42820
"46031","Corson, SD",27107
"46033","Custer, SD",42405
"46035","Davison, SD",50132
"46037","Day, SD",41809
"46039","Deuel, SD",50958
"46041","Dewey, SD",35125
"46043","Douglas, SD",55554
"46045","Edmunds, SD",48026
"46047","Fall River, SD",43766
"46049","Faulk, SD",43730
"46051","Grant, SD",63456
"46053","Gregory, SD",41240
"46055","Haakon, SD",52801
"46057","Hamlin, SD",37084
"46059","Hand, SD",52543
"46061","Hanson, SD",64310
"46063","Harding, SD",54916
"46065","Hughes, SD",49087
"46067","Hutchinson, SD",49951
"46069","Hyde, SD",46040
"46071","Jackson, SD",25478
"46073","Jerauld, SD",53084
"46075","Jones, SD",59561
"46077","Kingsbury, SD",48486
"46079","Lake, SD",58299
"46081","Lawrence, SD",43984
"46083","Lincoln, SD",63242
"46085","Lyman, SD",43701
"46087","McCook, SD",46234
"46089","McPherson, SD",40910
"46091","Marshall, SD",45420
"46093","Meade, SD",38645
"46095","Mellette, SD",27659
"46097","Miner, SD",47356
"46099","Minnehaha, SD",50760
"46101","Moody, SD",48666
"46102","Oglala Lakota, SD*",23406
"46103","Pennington, SD",46480
"46105","Perkins, SD",39255
"46107","Potter, SD",82608
"46109","Roberts, SD",33377
"46111","Sanborn, SD",51165
"46115","Spink, SD",51167
"46117","Stanley, SD",64515
"46119","Sully, SD",60007
"46121","Todd, SD",24500
"46123","Tripp, SD",46057
"46125","Turner, SD",65784
"46127","Union, SD",88707
"46129","Walworth, SD",41952
"46135","Yankton, SD",44953
"46137","Ziebach, SD",20944
"47001","Anderson, TN",38637
"47003","Bedford, TN",34618
"47005","Benton, TN",33443
"47007","Bledsoe, TN",20719
"47009","Blount, TN",37900
"47011","Bradley, TN",37216
"47013","Campbell, TN",30981
"47015","Cannon, TN",33416
"47017","Carroll, TN",34865
"47019","Carter, TN",31407
"47021","Cheatham, TN",38177
"47023","Chester, TN",29701
"47025","Claiborne, TN",31161
"47027","Clay, TN",31431
"47029","Cocke, TN",29206
"47031","Coffee, TN",36679
"47033","Crockett, TN",35968
"47035","Cumberland, TN",33973
"47037","Davidson, TN",55411
"47039","Decatur, TN",34149
"47041","DeKalb, TN",33746
"47043","Dickson, TN",35952
"47045","Dyer, TN",38153
"47047","Fayette, TN",47649
"47049","Fentress, TN",29490
"47051","Franklin, TN",35757
"47053","Gibson, TN",36002
"47055","Giles, TN",36189
"47057","Grainger, TN",29623
"47059","Greene, TN",37622
"47061","Grundy, TN",28975
"47063","Hamblen, TN",34696
"47065","Hamilton, TN",46460
"47067","Hancock, TN",23733
"47069","Hardeman, TN",27400
"47071","Hardin, TN",34499
"47073","Hawkins, TN",31391
"47075","Haywood, TN",28546
"47077","Henderson, TN",32503
"47079","Henry, TN",37891
"47081","Hickman, TN",29238
"47083","Houston, TN",31624
"47085","Humphreys, TN",36082
"47087","Jackson, TN",28256
"47089","Jefferson, TN",31994
"47091","Johnson, TN",30543
"47093","Knox, TN",44849
"47095","Lake, TN",24256
"47097","Lauderdale, TN",26617
"47099","Lawrence, TN",31919
"47101","Lewis, TN",29359
"47103","Lincoln, TN",37279
"47105","Loudon, TN",42971
"47107","McMinn, TN",33020
"47109","McNairy, TN",29105
"47111","Macon, TN",30845
"47113","Madison, TN",38288
"47115","Marion, TN",34388
"47117","Marshall, TN",33513
"47119","Maury, TN",37947
"47121","Meigs, TN",30386
"47123","Monroe, TN",30470
"47125","Montgomery, TN",39400
"47127","Moore, TN",38179
"47129","Morgan, TN",27329
"47131","Obion, TN",35699
"47133","Overton, TN",29962
"47135","Perry, TN",28759
"47137","Pickett, TN",34472
"47139","Polk, TN",30937
"47141","Putnam, TN",36215
"47143","Rhea, TN",32573
"47145","Roane, TN",37441
"47147","Robertson, TN",37661
"47149","Rutherford, TN",37654
"47151","Scott, TN",27231
"47153","Sequatchie, TN",33653
"47155","Sevier, TN",34693
"47157","Shelby, TN",45153
"47159","Smith, TN",35182
"47161","Stewart, TN",38085
"47163","Sullivan, TN",38799
"47165","Sumner, TN",43079
"47167","Tipton, TN",34721
"47169","Trousdale, TN",34954
"47171","Unicoi, TN",34826
"47173","Union, TN",28611
"47175","Van Buren, TN",26693
"47177","Warren, TN",32135
"47179","Washington, TN",39034
"47181","Wayne, TN",28134
"47183","Weakley, TN",32575
"47185","White, TN",30967
"47187","Williamson, TN",87419
"47189","Wilson, TN",43458
"48001","Anderson, TX",31686
"48003","Andrews, TX",52319
"48005","Angelina, TX",39328
"48007","Aransas, TX",44321
"48009","Archer, TX",49597
"48011","Armstrong, TX",44078
"48013","Atascosa, TX",38437
"48015","Austin, TX",51260
"48017","Bailey, TX",42925
"48019","Bandera, TX",41827
"48021","Bastrop, TX",32723
"48023","Baylor, TX",42081
"48025","Bee, TX",28423
"48027","Bell, TX",41574
"48029","Bexar, TX",42702
"48031","Blanco, TX",48239
"48033","Borden, TX",57151
"48035","Bosque, TX",40711
"48037","Bowie, TX",37066
"48039","Brazoria, TX",44867
"48041","Brazos, TX",34964
"48043","Brewster, TX",42337
"48045","Briscoe, TX",42123
"48047","Brooks, TX",36756
"48049","Brown, TX",33917
"48051","Burleson, TX",41880
"48053","Burnet, TX",44219
"48055","Caldwell, TX",30925
"48057","Calhoun, TX",38618
"48059","Callahan, TX",37919
"48061","Cameron, TX",26826
"48063","Camp, TX",39031
"48065","Carson, TX",45244
"48067","Cass, TX",34149
"48069","Castro, TX",63583
"48071","Chambers, TX",49647
"48073","Cherokee, TX",32274
"48075","Childress, TX",27471
"48077","Clay, TX",42079
"48079","Cochran, TX",41223
"48081","Coke, TX",34766
"48083","Coleman, TX",37783
"48085","Collin, TX",59532
"48087","Collingsworth, TX",36558
"48089","Colorado, TX",47370
"48091","Comal, TX",53710
"48093","Comanche, TX",36797
"48095","Concho, TX",22008
"48097","Cooke, TX",53355
"48099","Coryell, TX",32334
"48101","Cottle, TX",50074
"48103","Crane, TX",39581
"48105","Crockett, TX",44453
"48107","Crosby, TX",32805
"48109","Culberson, TX",41138
"48111","Dallam, TX",69427
"48113","Dallas, TX",53186
"48115","Dawson, TX",34562
"48117","Deaf Smith, TX",48426
"48119","Delta, TX",37050
"48121","Denton, TX",50112
"48123","DeWitt, TX",54074
"48125","Dickens, TX",31260
"48127","Dimmit, TX",48203
"48129","Donley, TX",41903
"48131","Duval, TX",38675
"48133","Eastland, TX",50345
"48135","Ector, TX",45806
"48137","Edwards, TX",39920
"48139","Ellis, TX",39747
"48141","El Paso, TX",32614
"48143","Erath, TX",33144
"48145","Falls, TX",31999
"48147","Fannin, TX",35449
"48149","Fayette, TX",51176
"48151","Fisher, TX",49777
"48153","Floyd, TX",45346
"48155","Foard, TX",40220
"48157","Fort Bend, TX",56086
"48159","Franklin, TX",37137
"48161","Freestone, TX",33956
"48163","Frio, TX",36612
"48165","Gaines, TX",40365
"48167","Galveston, TX",47991
"48169","Garza, TX",36549
"48171","Gillespie, TX",54441
"48173","Glasscock, TX",78529
"48175","Goliad, TX",45825
"48177","Gonzales, TX",48960
"48179","Gray, TX",47024
"48181","Grayson, TX",39181
"48183","Gregg, TX",46664
"48185","Grimes, TX",36985
"48187","Guadalupe, TX",41103
"48189","Hale, TX",31367
"48191","Hall, TX",34959
"48193","Hamilton, TX",54640
"48195","Hansford, TX",86619
"48197","Hardeman, TX",37689
"48199","Hardin, TX",42096
"48201","Harris, TX",55088
"48203","Harrison, TX",40540
"48205","Hartley, TX",71581
"48207","Haskell, TX",35145
"48209","Hays, TX",37990
"48211","Hemphill, TX",88255
"48213","Henderson, TX",36711
"48215","Hidalgo, TX",24579
"48217","Hill, TX",37533
"48219","Hockley, TX",41096
"48221","Hood, TX",47088
"48223","Hopkins, TX",37009
"48225","Houston, TX",36913
"48227","Howard, TX",34624
"48229","Hudspeth, TX",28621
"48231","Hunt, TX",34511
"48233","Hutchinson, TX",41275
"48235","Irion, TX",69555
"48237","Jack, TX",42319
"48239","Jackson, TX",41364
"48241","Jasper, TX",37547
"48243","Jeff Davis, TX",37546
"48245","Jefferson, TX",42505
"48247","Jim Hogg, TX",27961
"48249","Jim Wells, TX",42359
"48251","Johnson, TX",38533
"48253","Jones, TX",29819
"48255","Karnes, TX",48742
"48257","Kaufman, TX",38106
"48259","Kendall, TX",75638
"48261","Kenedy, TX",67830
"48263","Kent, TX",46857
"48265","Kerr, TX",45770
"48267","Kimble, TX",41792
"48269","King, TX",78216
"48271","Kinney, TX",31117
"48273","Kleberg, TX",36689
"48275","Knox, TX",36733
"48277","Lamar, TX",37578
"48279","Lamb, TX",39396
"48281","Lampasas, TX",47478
"48283","La Salle, TX",49861
"48285","Lavaca, TX",49897
"48287","Lee, TX",45849
"48289","Leon, TX",41575
"48291","Liberty, TX",35081
"48293","Limestone, TX",33287
"48295","Lipscomb, TX",51316
"48297","Live Oak, TX",44968
"48299","Llano, TX",45404
"48301","Loving, TX",32321
"48303","Lubbock, TX",38557
"48305","Lynn, TX",35607
"48307","McCulloch, TX",37733
"48309","McLennan, TX",37260
"48311","McMullen, TX",107627
"48313","Madison, TX",33263
"48315","Marion, TX",33292
"48317","Martin, TX",51211
"48319","Mason, TX",42897
"48321","Matagorda, TX",39493
"48323","Maverick, TX",26982
"48325","Medina, TX",36697
"48327","Menard, TX",34867
"48329","Midland, TX",106588
"48331","Milam, TX",36817
"48333","Mills, TX",37726
"48335","Mitchell, TX",31319
"48337","Montague, TX",47071
"48339","Montgomery, TX",60490
"48341","Moore, TX",38581
"48343","Morris, TX",41251
"48345","Motley, TX",36071
"48347","Nacogdoches, TX",34258
"48349","Navarro, TX",35792
"48351","Newton, TX",30625
"48353","Nolan, TX",37222
"48355","Nueces, TX",42859
"48357","Ochiltree, TX",72785
"48359","Oldham, TX",54690
"48361","Orange, TX",41679
"48363","Palo Pinto, TX",38171
"48365","Panola, TX",40543
"48367","Parker, TX",50257
"48369","Parmer, TX",58088
"48371","Pecos, TX",33042
"48373","Polk, TX",36341
"48375","Potter, TX",41690
"48377","Presidio, TX",34618
"48379","Rains, TX",32293
"48381","Randall, TX",45223
"48383","Reagan, TX",55073
"48385","Real, TX",32344
"48387","Red River, TX",36628
"48389","Reeves, TX",30692
"48391","Refugio, TX",45644
"48393","Roberts, TX",49713
"48395","Robertson, TX",40181
"48397","Rockwall, TX",53285
"48399","Runnels, TX",37155
"48401","Rusk, TX",36484
"48403","Sabine, TX",35859
"48405","San Augustine, TX",35172
"48407","San Jacinto, TX",32115
"48409","San Patricio, TX",41386
"48411","San Saba, TX",35057
"48413","Schleicher, TX",41659
"48415","Scurry, TX",50489
"48417","Shackelford, TX",132989
"48419","Shelby, TX",40721
"48421","Sherman, TX",81876
"48423","Smith, TX",50224
"48425","Somervell, TX",43880
"48427","Starr, TX",24540
"48429","Stephens, TX",49928
"48431","Sterling, TX",59442
"48433","Stonewall, TX",55528
"48435","Sutton, TX",54573
"48437","Swisher, TX",47284
"48439","Tarrant, TX",48727
"48441","Taylor, TX",43861
"48443","Terrell, TX",70192
"48445","Terry, TX",35729
"48447","Throckmorton, TX",51480
"48449","Titus, TX",32760
"48451","Tom Green, TX",43737
"48453","Travis, TX",58362
"48455","Trinity, TX",33789
"48457","Tyler, TX",31120
"48459","Upshur, TX",35588
"48461","Upton, TX",56860
"48463","Uvalde, TX",39013
"48465","Val Verde, TX",34100
"48467","Van Zandt, TX",35086
"48469","Victoria, TX",47101
"48471","Walker, TX",26061
"48473","Waller, TX",38380
"48475","Ward, TX",44886
"48477","Washington, TX",51080
"48479","Webb, TX",29778
"48481","Wharton, TX",41460
"48483","Wheeler, TX",50711
"48485","Wichita, TX",41947
"48487","Wilbarger, TX",37869
"48489","Willacy, TX",28078
"48491","Williamson, TX",43498
"48493","Wilson, TX",42537
"48495","Winkler, TX",39174
"48497","Wise, TX",42837
"48499","Wood, TX",35745
"48501","Yoakum, TX",42964
"48503","Young, TX",49954
"48505","Zapata, TX",27625
"48507","Zavala, TX",26855
"49001","Beaver, UT",34983
"49003","Box Elder, UT",33161
"49005","Cache, UT",32128
"49007","Carbon, UT",34392
"49009","Daggett, UT",37017
"49011","Davis, UT",40000
"49013","Duchesne, UT",35488
"49015","Emery, UT",30738
"49017","Garfield, UT",34084
"49019","Grand, UT",39990
"49021","Iron, UT",27037
"49023","Juab, UT",31206
"49025","Kane, UT",36244
"49027","Millard, UT",33522
"49029","Morgan, UT",44916
"49031","Piute, UT",27399
"49033","Rich, UT",38888
"49035","Salt Lake, UT",44692
"49037","San Juan, UT",23399
"49039","Sanpete, UT",26808
"49041","Sevier, UT",30175
"49043","Summit, UT",98128
"49045","Tooele, UT",32890
"49047","Uintah, UT",31549
"49049","Utah, UT",34283
"49051","Wasatch, UT",40670
"49053","Washington, UT",31368
"49055","Wayne, UT",31337
"49057","Weber, UT",36522
"50001","Addison, VT",44311
"50003","Bennington, VT",47700
"50005","Caledonia, VT",37802
"50007","Chittenden, VT",54756
"50009","Essex, VT",34497
"50011","Franklin, VT",40728
"50013","Grand Isle, VT",53604
"50015","Lamoille, VT",48196
"50017","Orange, VT",42836
"50019","Orleans, VT",40603
"50021","Rutland, VT",47694
"50023","Washington, VT",52541
"50025","Windham, VT",47526
"50027","Windsor, VT",52588
"51001","Accomack, VA",38683
"51007","Amelia, VA",40511
"51009","Amherst, VA",33981
"51011","Appomattox, VA",34915
"51013","Arlington, VA",86161
"51017","Bath, VA",50326
"51019","Bedford, VA*",41514
"51021","Bland, VA",32752
"51023","Botetourt, VA",46811
"51025","Brunswick, VA",31332
"51027","Buchanan, VA",32032
"51029","Buckingham, VA",27449
"51033","Caroline, VA",38035
"51036","Charles City, VA",42002
"51037","Charlotte, VA",32048
"51041","Chesterfield, VA",48513
"51043","Clarke, VA",56372
"51045","Craig, VA",34690
"51047","Culpeper, VA",41724
"51049","Cumberland, VA",34599
"51051","Dickenson, VA",28443
"51057","Essex, VA",38644
"51061","Fauquier, VA",61780
"51063","Floyd, VA",34703
"51065","Fluvanna, VA",39659
"51067","Franklin, VA",36668
"51071","Giles, VA",37295
"51073","Gloucester, VA",44728
"51075","Goochland, VA",84253
"51077","Grayson, VA",29627
"51079","Greene, VA",39681
"51083","Halifax, VA",33960
"51085","Hanover, VA",53971
"51087","Henrico, VA",58452
"51091","Highland, VA",44498
"51093","Isle of Wight, VA",50643
"51097","King and Queen, VA",35980
"51099","King George, VA",50109
"51101","King William, VA",42633
"51103","Lancaster, VA",50763
"51105","Lee, VA",27219
"51107","Loudoun, VA",69895
"51109","Louisa, VA",42445
"51111","Lunenburg, VA",30733
"51113","Madison, VA",43775
"51115","Mathews, VA",50774
"51117","Mecklenburg, VA",34137
"51119","Middlesex, VA",45488
"51125","Nelson, VA",45055
"51127","New Kent, VA",54876
"51131","Northampton, VA",37804
"51133","Northumberland, VA",42790
"51135","Nottoway, VA",35630
"51137","Orange, VA",42166
"51139","Page, VA",35766
"51141","Patrick, VA",30794
"51145","Powhatan, VA",49105
"51147","Prince Edward, VA",29186
"51155","Pulaski, VA",36770
"51157","Rappahannock, VA",57071
"51159","Richmond, VA",32128
"51167","Russell, VA",32047
"51169","Scott, VA",30767
"51171","Shenandoah, VA",39291
"51173","Smyth, VA",34090
"51179","Stafford, VA",50067
"51181","Surry, VA",39631
"51183","Sussex, VA",28943
"51185","Tazewell, VA",34121
"51187","Warren, VA",41815
"51193","Westmoreland, VA",38991
"51197","Wythe, VA",35120
"51510","Alexandria (Independent City), VA",82683
"51550","Chesapeake (Independent City), VA",46769
"51650","Hampton (Independent City), VA",40759
"51700","Newport News (Independent City), VA",40453
"51710","Norfolk (Independent City), VA",38676
"51740","Portsmouth (Independent City), VA",39301
"51760","Richmond (Independent City), VA",48652
"51770","Roanoke (Independent City), VA",40947
"51800","Suffolk (Independent City), VA",47533
"51810","Virginia Beach (Independent City), VA",52235
"51901","Albemarle + Charlottesville, VA*",60294
"51903","Alleghany + Covington, VA*",36989
"51907","Augusta, Staunton + Waynesboro, VA*",40000
"51911","Campbell + Lynchburg, VA*",35559
"51913","Carroll + Galax, VA*",32642
"51918","Dinwiddie, Colonial Heights + Petersburg, VA*",38010
"51919","Fairfax, Fairfax City + Falls Church, VA*",74923
"51921","Frederick + Winchester, VA*",44871
"51923","Greensville + Emporia, VA*",30101
"51929","Henry + Martinsville, VA*",34968
"51931","James City + Williamsburg, VA*",58504
"51933","Montgomery + Radford, VA*",33184
"51939","Pittsylvania + Danville, VA*",34119
"51941","Prince George + Hopewell, VA*",37178
"51942","Prince William, Manassas + Manassas Park, VA*",50315
"51944","Roanoke + Salem, VA*",48047
"51945","Rockbridge, Buena Vista + Lexington, VA*",37210
"51947","Rockingham + Harrisonburg, VA*",35700
"51949","Southampton + Franklin, VA*",34987
"51951","Spotsylvania + Fredericksburg, VA*",46401
"51953","Washington + Bristol, VA*",40787
"51955","Wise + Norton, VA*",29829
"51958","York + Poquoson, VA*",55111
"53001","Adams, WA",41962
"53003","Asotin, WA",41162
"53005","Benton, WA",43507
"53007","Chelan, WA",44797
"53009","Clallam, WA",39738
"53011","Clark, WA",45070
"53013","Columbia, WA",48769
"53015","Cowlitz, WA",40371
"53017","Douglas, WA",36310
"53019","Ferry, WA",31681
"53021","Franklin, WA",33955
"53023","Garfield, WA",45898
"53025","Grant, WA",38081
"53027","Grays Harbor, WA",35625
"53029","Island, WA",48060
"53031","Jefferson, WA",47222
"53033","King, WA",72530
"53035","Kitsap, WA",47953
"53037","Kittitas, WA",39157
"53039","Klickitat, WA",43290
"53041","Lewis, WA",37486
"53043","Lincoln, WA",44958
"53045","Mason, WA",36623
"53047","Okanogan, WA",37934
"53049","Pacific, WA",41560
"53051","Pend Oreille, WA",35151
"53053","Pierce, WA",44600
"53055","San Juan, WA",66255
"53057","Skagit, WA",44470
"53059","Skamania, WA",38725
"53061","Snohomish, WA",47421
"53063","Spokane, WA",40322
"53065","Stevens, WA",34694
"53067","Thurston, WA",44155
"53069","Wahkiakum, WA",36153
"53071","Walla Walla, WA",41912
"53073","Whatcom, WA",42511
"53075","Whitman, WA",35834
"53077","Yakima, WA",38527
"54001","Barbour, WV",29889
"54003","Berkeley, WV",36950
"54005","Boone, WV",31352
"54007","Braxton, WV",29277
"54009","Brooke, WV",37261
"54011","Cabell, WV",38287
"54013","Calhoun, WV",27324
"54015","Clay, WV",29045
"54017","Doddridge, WV",26971
"54019","Fayette, WV",30462
"54021","Gilmer, WV",25376
"54023","Grant, WV",32372
"54025","Greenbrier, WV",36008
"54027","Hampshire, WV",30920
"54029","Hancock, WV",38290
"54031","Hardy, WV",27814
"54033","Harrison, WV",43898
"54035","Jackson, WV",34203
"54037","Jefferson, WV",44834
"54039","Kanawha, WV",43980
"54041","Lewis, WV",36621
"54043","Lincoln, WV",27661
"54045","Logan, WV",33546
"54047","McDowell, WV",27107
"54049","Marion, WV",39007
"54051","Marshall, WV",36617
"54053","Mason, WV",29716
"54055","Mercer, WV",34029
"54057","Mineral, WV",35838
"54059","Mingo, WV",29416
"54061","Monongalia, WV",41429
"54063","Monroe, WV",28845
"54065","Morgan, WV",32875
"54067","Nicholas, WV",32184
"54069","Ohio, WV",48687
"54071","Pendleton, WV",34764
"54073","Pleasants, WV",38674
"54075","Pocahontas, WV",34094
"54077","Preston, WV",33100
"54079","Putnam, WV",41923
"54081","Raleigh, WV",35324
"54083","Randolph, WV",33244
"54085","Ritchie, WV",31985
"54087","Roane, WV",31411
"54089","Summers, WV",27914
"54091","Taylor, WV",34761
"54093","Tucker, WV",32635
"54095","Tyler, WV",33402
"54097","Upshur, WV",31565
"54099","Wayne, WV",29498
"54101","Webster, WV",27673
"54103","Wetzel, WV",34292
"54105","Wirt, WV",29315
"54107","Wood, WV",39276
"54109","Wyoming, WV",29369
"55001","Adams, WI",35222
"55003","Ashland, WI",36003
"55005","Barron, WI",44261
"55007","Bayfield, WI",41869
"55009","Brown, WI",46584
"55011","Buffalo, WI",42066
"55013","Burnett, WI",38063
"55015","Calumet, WI",44892
"55017","Chippewa, WI",42518
"55019","Clark, WI",36538
"55021","Columbia, WI",47346
"55023","Crawford, WI",37161
"55025","Dane, WI",53705
"55027","Dodge, WI",41055
"55029","Door, WI",53773
"55031","Douglas, WI",38603
"55033","Dunn, WI",36316
"55035","Eau Claire, WI",43747
"55037","Florence, WI",46793
"55039","Fond du Lac, WI",43764
"55041","Forest, WI",34520
"55043","Grant, WI",38413
"55045","Green, WI",46367
"55047","Green Lake, WI",45805
"55049","Iowa, WI",43877
"55051","Iron, WI",42744
"55053","Jackson, WI",40316
"55055","Jefferson, WI",40761
"55057","Juneau, WI",37356
"55059","Kenosha, WI",41373
"55061","Kewaunee, WI",42855
"55063","La Crosse, WI",44557
"55065","Lafayette, WI",42640
"55067","Langlade, WI",39900
"55069","Lincoln, WI",39916
"55071","Manitowoc, WI",44803
"55073","Marathon, WI",43921
"55075","Marinette, WI",39681
"55077","Marquette, WI",35995
"55078","Menominee, WI*",27013
"55079","Milwaukee, WI",43020
"55081","Monroe, WI",37678
"55083","Oconto, WI",40842
"55085","Oneida, WI",46451
"55087","Outagamie, WI",45429
"55089","Ozaukee, WI",73462
"55091","Pepin, WI",44487
"55093","Pierce, WI",42855
"55095","Polk, WI",41777
"55097","Portage, WI",41434
"55099","Price, WI",43128
"55101","Racine, WI",43486
"55103","Richland, WI",37838
"55105","Rock, WI",40026
"55107","Rusk, WI",35984
"55109","St. Croix, WI",48392
"55111","Sauk, WI",43763
"55113","Sawyer, WI",40778
"55115","Shawano, WI*",37167
"55117","Sheboygan, WI",45896
"55119","Taylor, WI",35931
"55121","Trempealeau, WI",42272
"55123","Vernon, WI",37057
"55125","Vilas, WI",49212
"55127","Walworth, WI",42446
"55129","Washburn, WI",43727
"55131","Washington, WI",51110
"55133","Waukesha, WI",63995
"55135","Waupaca, WI",42216
"55137","Waushara, WI",38620
"55139","Winnebago, WI",42399
"55141","Wood, WI",41883
"55901","Shawano (includes Menominee), WI","(NA)"
"56001","Albany, WY",39052
"56003","Big Horn, WY",36964
"56005","Campbell, WY",54653
"56007","Carbon, WY",49787
"56009","Converse, WY",55012
"56011","Crook, WY",44121
"56013","Fremont, WY",41019
"56015","Goshen, WY",42346
"56017","Hot Springs, WY",51418
"56019","Johnson, WY",44439
"56021","Laramie, WY",49796
"56023","Lincoln, WY",39683
"56025","Natrona, WY",68692
"56027","Niobrara, WY",46341
"56029","Park, WY",48692
"56031","Platte, WY",45275
"56033","Sheridan, WY",55089
"56035","Sublette, WY",48881
"56037","Sweetwater, WY",48681
"56039","Teton, WY",194861
"56041","Uinta, WY",41005
"56043","Washakie, WY",43460
"56045","Weston, WY",44997
"Legend / Footnotes:"
"2/ Per capita personal income was computed using Census Bureau midyear population estimates. Estimates for 2010-2015 reflect county population estimates available as of March 2016."
"* Cibola, NM was separated from Valencia in June 1981, but in these estimates, Valencia includes Cibola through the end of 1981."
"* La Paz County, AZ was separated from Yuma County on January 1, 1983. The Yuma, AZ MSA contains the area that became La Paz County, AZ through 1982 and excludes it beginning with 1983."
"* Shawano, WI and Menominee, WI are combined as Shawano (incl. Menominee), WI for the years prior to 1989."
"* Broomfield County, CO, was created from parts of Adams, Boulder, Jefferson, and Weld counties effective November 15, 2001. Estimates for Broomfield county begin with 2002."
"* Estimates for 1979 forward reflect Alaska Census Areas as defined by the Census Bureau; those for prior years reflect Alaska Census Divisions as defined in the 1970 Decennial Census. Estimates from 1988 forward separate Aleutian Islands Census Area into Aleutians East Borough and Aleutians West Census Area. Estimates for 1991 forward separate Denali Borough from Yukon-Koyukuk Census Area and Lake and Peninsula Borough from Dillingham Census Area. Estimates from 1993 forward separate Skagway-Yakutat-Angoon Census Area into Skagway-Hoonah-Angoon Census Area and Yakutat Borough. Estimates from 2008 forward separate Skagway-Hoonah-Angoon Census Area into Skagway Municipality and Hoonah-Angoon Census Area. Estimates from 2009 forward separate Wrangell-Petersburg Census Area into Petersburg Census Area and Wrangell City and Borough. In addition, a part of the Prince of Wales-Outer Ketchikan Census Area was annexed by Ketchikan Gateway Borough and part (Meyers Chuck Area) was included in the new Wrangell City and Borough. The remainder of the Prince of Wales-Outer Ketchikan Census Area was renamed Prince of Wales-Hyder Census Area. Petersburg Borough was created from part of former Petersburg Census Area and part of Hoonah-Angoon Census Area for 2013 forward. Prince of Wales-Hyder Census Area added part of the former Petersburg Census Area beginning in 2013. For years 2009-2012, Petersburg Borough reflects the geographic boundaries of the former Petersburg Census Area. Wade Hampton Census Area was renamed Kusilvak Census Area on July 1, 2015."
"* Virginia combination areas consist of one or two independent cities with 1980 populations of less than 100,000 combined with an adjacent county. The county name appears first, followed by the city name(s). Separate estimates for the jurisdictions making up the combination area are not available. Bedford County, VA includes the independent city of Bedford for all years."
"* Shannon County, SD was renamed to Oglala Lakota County, SD on May 1, 2015."
"Note-- All dollar estimates are in current dollars (not adjusted for inflation)."
"(NA) Data not available for this year."
"Last updated: November 17, 2016-- new estimates for 2015; revised estimates for 1998-2014."
