"CA1 Personal Income Summary: Personal Income, Population, Per Capita Personal Income"
"Per capita personal income (dollars) 2/" 
"Bureau of Economic Analysis" 
"County"
"GeoFips","GeoName","2006"
"01001","Autauga, AL",29705
"01003","Baldwin, AL",35766
"01005","Barbour, AL",24955
"01007","Bibb, AL",21386
"01009","Blount, AL",24616
"01011","Bullock, AL",21314
"01013","Butler, AL",24890
"01015","Calhoun, AL",28302
"01017","Chambers, AL",25577
"01019","Cherokee, AL",23574
"01021","Chilton, AL",26009
"01023","Choctaw, AL",23403
"01025","Clarke, AL",24618
"01027","Clay, AL",27929
"01029","Cleburne, AL",23965
"01031","Coffee, AL",31706
"01033","Colbert, AL",28496
"01035","Conecuh, AL",23348
"01037","Coosa, AL",25400
"01039","Covington, AL",25473
"01041","Crenshaw, AL",26688
"01043","Cullman, AL",28273
"01045","Dale, AL",29702
"01047","Dallas, AL",25971
"01049","DeKalb, AL",23615
"01051","Elmore, AL",29998
"01053","Escambia, AL",23407
"01055","Etowah, AL",26783
"01057","Fayette, AL",22674
"01059","Franklin, AL",24909
"01061","Geneva, AL",25142
"01063","Greene, AL",24785
"01065","Hale, AL",25387
"01067","Henry, AL",29070
"01069","Houston, AL",33054
"01071","Jackson, AL",27316
"01073","Jefferson, AL",40093
"01075","Lamar, AL",22907
"01077","Lauderdale, AL",27974
"01079","Lawrence, AL",22848
"01081","Lee, AL",27706
"01083","Limestone, AL",32856
"01085","Lowndes, AL",23973
"01087","Macon, AL",21876
"01089","Madison, AL",37208
"01091","Marengo, AL",28070
"01093","Marion, AL",24152
"01095","Marshall, AL",27419
"01097","Mobile, AL",29521
"01099","Monroe, AL",24708
"01101","Montgomery, AL",34832
"01103","Morgan, AL",29593
"01105","Perry, AL",22870
"01107","Pickens, AL",25148
"01109","Pike, AL",27812
"01111","Randolph, AL",24464
"01113","Russell, AL",24360
"01115","St. Clair, AL",28258
"01117","Shelby, AL",43303
"01119","Sumter, AL",21820
"01121","Talladega, AL",25896
"01123","Tallapoosa, AL",28397
"01125","Tuscaloosa, AL",30683
"01127","Walker, AL",29559
"01129","Washington, AL",23971
"01131","Wilcox, AL",21698
"01133","Winston, AL",25719
"02010","Aleutian Islands Census Area, AK*","(NA)"
"02013","Aleutians East Borough, AK*",35083
"02016","Aleutians West Census Area, AK*",33994
"02020","Anchorage Municipality, AK",46706
"02050","Bethel Census Area, AK*",27897
"02060","Bristol Bay Borough, AK",48139
"02068","Denali Borough, AK*",45747
"02070","Dillingham Census Area, AK*",33251
"02090","Fairbanks North Star Borough, AK",40003
"02100","Haines Borough, AK",36137
"02105","Hoonah-Angoon Census Area, AK*","(NA)"
"02110","Juneau City and Borough, AK",45553
"02122","Kenai Peninsula Borough, AK",35696
"02130","Ketchikan Gateway Borough, AK*",44531
"02150","Kodiak Island Borough, AK",39375
"02158","Kusilvak Census Area, AK*",19248
"02164","Lake and Peninsula Borough, AK*",30982
"02170","Matanuska-Susitna Borough, AK",35096
"02180","Nome Census Area, AK*",30617
"02185","North Slope Borough, AK",24736
"02188","Northwest Arctic Borough, AK",29443
"02195","Petersburg Borough, AK*","(NA)"
"02198","Prince of Wales-Hyder Census Area, AK*","(NA)"
"02201","Prince of Wales-Outer Ketchikan Census Area, AK*",26032
"02220","Sitka City and Borough, AK",39656
"02230","Skagway Municipality, AK*","(NA)"
"02231","Skagway-Yakutat-Angoon Census Area, AK*","(NA)"
"02232","Skagway-Hoonah-Angoon Census Area, AK*",38066
"02240","Southeast Fairbanks Census Area, AK*",32968
"02261","Valdez-Cordova Census Area, AK*",39868
"02275","Wrangell City and Borough, AK*","(NA)"
"02280","Wrangell-Petersburg Census Area, AK*",40726
"02282","Yakutat City and Borough, AK*",40905
"02290","Yukon-Koyukuk Census Area, AK*",29765
"02901","Aleutian Islands Division, AK*","(NA)"
"02903","Angoon Division, AK*","(NA)"
"02904","Barrow-North Slope Division, AK*","(NA)"
"02905","Bethel Division, AK*","(NA)"
"02907","Bristol Bay Division, AK*","(NA)"
"02908","Cordova-McCarthy Division, AK*","(NA)"
"02910","Haines Division, AK*","(NA)"
"02912","Kenai-Cook Inlet Division, AK*","(NA)"
"02916","Kuskokwim Division, AK*","(NA)"
"02919","Outer Ketchikan Division, AK*","(NA)"
"02920","Prince of Wales Division, AK*","(NA)"
"02921","Seward Division, AK*","(NA)"
"02922","Sitka Division, AK*","(NA)"
"02923","Skagway-Yakutat Division, AK*","(NA)"
"02924","Southeast Fairbanks Division, AK*","(NA)"
"02925","Upper Yukon Division, AK*","(NA)"
"02926","Valdez-Chitina-Whittier Division, AK*","(NA)"
"02928","Wrangell-Petersburg Division, AK*","(NA)"
"02929","Yukon-Koyukuk Division, AK*","(NA)"
"04001","Apache, AZ",21015
"04003","Cochise, AZ",29645
"04005","Coconino, AZ",31844
"04007","Gila, AZ",26404
"04009","Graham, AZ",21417
"04011","Greenlee, AZ",24422
"04012","La Paz, AZ*",22718
"04013","Maricopa, AZ",38584
"04015","Mohave, AZ",24551
"04017","Navajo, AZ",21576
"04019","Pima, AZ",33292
"04021","Pinal, AZ",24356
"04023","Santa Cruz, AZ",25101
"04025","Yavapai, AZ",28995
"04027","Yuma, AZ*",24643
"05001","Arkansas, AR",28974
"05003","Ashley, AR",26263
"05005","Baxter, AR",27800
"05007","Benton, AR",46158
"05009","Boone, AR",25827
"05011","Bradley, AR",24647
"05013","Calhoun, AR",21625
"05015","Carroll, AR",23105
"05017","Chicot, AR",22950
"05019","Clark, AR",24246
"05021","Clay, AR",24202
"05023","Cleburne, AR",25649
"05025","Cleveland, AR",26507
"05027","Columbia, AR",27154
"05029","Conway, AR",25401
"05031","Craighead, AR",26645
"05033","Crawford, AR",23764
"05035","Crittenden, AR",26227
"05037","Cross, AR",24321
"05039","Dallas, AR",24131
"05041","Desha, AR",25057
"05043","Drew, AR",25601
"05045","Faulkner, AR",27711
"05047","Franklin, AR",23283
"05049","Fulton, AR",19299
"05051","Garland, AR",30216
"05053","Grant, AR",26254
"05055","Greene, AR",24301
"05057","Hempstead, AR",22192
"05059","Hot Spring, AR",23946
"05061","Howard, AR",24042
"05063","Independence, AR",27231
"05065","Izard, AR",21758
"05067","Jackson, AR",23113
"05069","Jefferson, AR",25519
"05071","Johnson, AR",20830
"05073","Lafayette, AR",23800
"05075","Lawrence, AR",21791
"05077","Lee, AR",20735
"05079","Lincoln, AR",18926
"05081","Little River, AR",22556
"05083","Logan, AR",23817
"05085","Lonoke, AR",28962
"05087","Madison, AR",23291
"05089","Marion, AR",21895
"05091","Miller, AR",26220
"05093","Mississippi, AR",24592
"05095","Monroe, AR",23930
"05097","Montgomery, AR",20858
"05099","Nevada, AR",24921
"05101","Newton, AR",20338
"05103","Ouachita, AR",25650
"05105","Perry, AR",23951
"05107","Phillips, AR",22877
"05109","Pike, AR",24040
"05111","Poinsett, AR",25577
"05113","Polk, AR",20791
"05115","Pope, AR",26005
"05117","Prairie, AR",23632
"05119","Pulaski, AR",40080
"05121","Randolph, AR",22738
"05123","St. Francis, AR",20335
"05125","Saline, AR",29538
"05127","Scott, AR",19988
"05129","Searcy, AR",21440
"05131","Sebastian, AR",31721
"05133","Sevier, AR",22491
"05135","Sharp, AR",22758
"05137","Stone, AR",20899
"05139","Union, AR",36787
"05141","Van Buren, AR",22074
"05143","Washington, AR",28253
"05145","White, AR",24055
"05147","Woodruff, AR",22239
"05149","Yell, AR",22878
"06001","Alameda, CA",47829
"06003","Alpine, CA",33447
"06005","Amador, CA",32062
"06007","Butte, CA",30261
"06009","Calaveras, CA",34133
"06011","Colusa, CA",27995
"06013","Contra Costa, CA",58497
"06015","Del Norte, CA",23778
"06017","El Dorado, CA",46081
"06019","Fresno, CA",29629
"06021","Glenn, CA",25172
"06023","Humboldt, CA",31950
"06025","Imperial, CA",25336
"06027","Inyo, CA",39252
"06029","Kern, CA",27713
"06031","Kings, CA",23199
"06033","Lake, CA",28712
"06035","Lassen, CA",23977
"06037","Los Angeles, CA",40800
"06039","Madera, CA",25577
"06041","Marin, CA",91144
"06043","Mariposa, CA",31940
"06045","Mendocino, CA",32484
"06047","Merced, CA",25858
"06049","Modoc, CA",28633
"06051","Mono, CA",38106
"06053","Monterey, CA",40024
"06055","Napa, CA",47023
"06057","Nevada, CA",42674
"06059","Orange, CA",51229
"06061","Placer, CA",48626
"06063","Plumas, CA",35643
"06065","Riverside, CA",31574
"06067","Sacramento, CA",37213
"06069","San Benito, CA",36422
"06071","San Bernardino, CA",28841
"06073","San Diego, CA",44150
"06075","San Francisco, CA",72967
"06077","San Joaquin, CA",31073
"06079","San Luis Obispo, CA",38576
"06081","San Mateo, CA",73295
"06083","Santa Barbara, CA",45615
"06085","Santa Clara, CA",57766
"06087","Santa Cruz, CA",45147
"06089","Shasta, CA",31889
"06091","Sierra, CA",27607
"06093","Siskiyou, CA",29591
"06095","Solano, CA",35792
"06097","Sonoma, CA",43606
"06099","Stanislaus, CA",29781
"06101","Sutter, CA",31153
"06103","Tehama, CA",25934
"06105","Trinity, CA",24094
"06107","Tulare, CA",26357
"06109","Tuolumne, CA",31346
"06111","Ventura, CA",45174
"06113","Yolo, CA",36807
"06115","Yuba, CA",27207
"08001","Adams, CO*",29544
"08003","Alamosa, CO",25763
"08005","Arapahoe, CO",45766
"08007","Archuleta, CO",29078
"08009","Baca, CO",24551
"08011","Bent, CO",20421
"08013","Boulder, CO*",46817
"08014","Broomfield, CO*",68004
"08015","Chaffee, CO",28177
"08017","Cheyenne, CO",32058
"08019","Clear Creek, CO",43417
"08021","Conejos, CO",21027
"08023","Costilla, CO",22864
"08025","Crowley, CO",16166
"08027","Custer, CO",29106
"08029","Delta, CO",26432
"08031","Denver, CO",51309
"08033","Dolores, CO",21941
"08035","Douglas, CO",52677
"08037","Eagle, CO",56561
"08039","Elbert, CO",40178
"08041","El Paso, CO",35398
"08043","Fremont, CO",22354
"08045","Garfield, CO",39550
"08047","Gilpin, CO",48238
"08049","Grand, CO",32759
"08051","Gunnison, CO",33367
"08053","Hinsdale, CO",28204
"08055","Huerfano, CO",25257
"08057","Jackson, CO",33088
"08059","Jefferson, CO*",43010
"08061","Kiowa, CO",26806
"08063","Kit Carson, CO",24908
"08065","Lake, CO",25971
"08067","La Plata, CO",38238
"08069","Larimer, CO",35926
"08071","Las Animas, CO",27542
"08073","Lincoln, CO",21499
"08075","Logan, CO",29426
"08077","Mesa, CO",32644
"08079","Mineral, CO",31479
"08081","Moffat, CO",32101
"08083","Montezuma, CO",27913
"08085","Montrose, CO",29391
"08087","Morgan, CO",26550
"08089","Otero, CO",26393
"08091","Ouray, CO",44131
"08093","Park, CO",31626
"08095","Phillips, CO",24343
"08097","Pitkin, CO",113214
"08099","Prowers, CO",25913
"08101","Pueblo, CO",27502
"08103","Rio Blanco, CO",35026
"08105","Rio Grande, CO",26925
"08107","Routt, CO",49796
"08109","Saguache, CO",21788
"08111","San Juan, CO",36918
"08113","San Miguel, CO",58720
"08115","Sedgwick, CO",28097
"08117","Summit, CO",45336
"08119","Teller, CO",34417
"08121","Washington, CO",23853
"08123","Weld, CO*",29830
"08125","Yuma, CO",37174
"09001","Fairfield, CT",83469
"09003","Hartford, CT",46724
"09005","Litchfield, CT",47592
"09007","Middlesex, CT",49472
"09009","New Haven, CT",42454
"09011","New London, CT",42767
"09013","Tolland, CT",39418
"09015","Windham, CT",33962
"10001","Kent, DE",32587
"10003","New Castle, DE",45598
"10005","Sussex, DE",36231
"11001","District of Columbia, DC",57025
"12001","Alachua, FL",33456
"12003","Baker, FL",24342
"12005","Bay, FL",34693
"12007","Bradford, FL",21762
"12009","Brevard, FL",35506
"12011","Broward, FL",40802
"12013","Calhoun, FL",19842
"12015","Charlotte, FL",32553
"12017","Citrus, FL",28739
"12019","Clay, FL",34570
"12021","Collier, FL",67858
"12023","Columbia, FL",24996
"12027","DeSoto, FL",19996
"12029","Dixie, FL",19370
"12031","Duval, FL",37238
"12033","Escambia, FL",31330
"12035","Flagler, FL",34107
"12037","Franklin, FL",28748
"12039","Gadsden, FL",26845
"12041","Gilchrist, FL",23949
"12043","Glades, FL",18902
"12045","Gulf, FL",24374
"12047","Hamilton, FL",18367
"12049","Hardee, FL",21143
"12051","Hendry, FL",23167
"12053","Hernando, FL",29015
"12055","Highlands, FL",26260
"12057","Hillsborough, FL",36934
"12059","Holmes, FL",21717
"12061","Indian River, FL",60423
"12063","Jackson, FL",24586
"12065","Jefferson, FL",29573
"12067","Lafayette, FL",15962
"12069","Lake, FL",32623
"12071","Lee, FL",41923
"12073","Leon, FL",34387
"12075","Levy, FL",25512
"12077","Liberty, FL",24073
"12079","Madison, FL",21697
"12081","Manatee, FL",41463
"12083","Marion, FL",30077
"12085","Martin, FL",62317
"12086","Miami-Dade, FL",37318
"12087","Monroe, FL",65092
"12089","Nassau, FL",42574
"12091","Okaloosa, FL",39518
"12093","Okeechobee, FL",23193
"12095","Orange, FL",33674
"12097","Osceola, FL",25241
"12099","Palm Beach, FL",60471
"12101","Pasco, FL",30123
"12103","Pinellas, FL",40614
"12105","Polk, FL",29532
"12107","Putnam, FL",23653
"12109","St. Johns, FL",53064
"12111","St. Lucie, FL",29982
"12113","Santa Rosa, FL",36222
"12115","Sarasota, FL",50904
"12117","Seminole, FL",39577
"12119","Sumter, FL",26010
"12121","Suwannee, FL",24645
"12123","Taylor, FL",24810
"12125","Union, FL",16288
"12127","Volusia, FL",32179
"12129","Wakulla, FL",26521
"12131","Walton, FL",37497
"12133","Washington, FL",23053
"13001","Appling, GA",21851
"13003","Atkinson, GA",21075
"13005","Bacon, GA",20978
"13007","Baker, GA",23784
"13009","Baldwin, GA",24260
"13011","Banks, GA",24636
"13013","Barrow, GA",28449
"13015","Bartow, GA",27618
"13017","Ben Hill, GA",25134
"13019","Berrien, GA",25068
"13021","Bibb, GA",31744
"13023","Bleckley, GA",28652
"13025","Brantley, GA",21255
"13027","Brooks, GA",24207
"13029","Bryan, GA",39271
"13031","Bulloch, GA",23753
"13033","Burke, GA",23183
"13035","Butts, GA",25778
"13037","Calhoun, GA",19102
"13039","Camden, GA",27607
"13043","Candler, GA",23709
"13045","Carroll, GA",28143
"13047","Catoosa, GA",26660
"13049","Charlton, GA",19369
"13051","Chatham, GA",35897
"13053","Chattahoochee, GA",26406
"13055","Chattooga, GA",21907
"13057","Cherokee, GA",38969
"13059","Clarke, GA",24343
"13061","Clay, GA",23723
"13063","Clayton, GA",22717
"13065","Clinch, GA",20215
"13067","Cobb, GA",42695
"13069","Coffee, GA",23092
"13071","Colquitt, GA",24324
"13073","Columbia, GA",37939
"13075","Cook, GA",22758
"13077","Coweta, GA",33128
"13079","Crawford, GA",22863
"13081","Crisp, GA",23094
"13083","Dade, GA",24649
"13085","Dawson, GA",31982
"13087","Decatur, GA",26036
"13089","DeKalb, GA",35534
"13091","Dodge, GA",22773
"13093","Dooly, GA",19041
"13095","Dougherty, GA",25672
"13097","Douglas, GA",29214
"13099","Early, GA",27608
"13101","Echols, GA",18910
"13103","Effingham, GA",30264
"13105","Elbert, GA",24380
"13107","Emanuel, GA",23823
"13109","Evans, GA",25049
"13111","Fannin, GA",25037
"13113","Fayette, GA",44886
"13115","Floyd, GA",28637
"13117","Forsyth, GA",46585
"13119","Franklin, GA",25020
"13121","Fulton, GA",68242
"13123","Gilmer, GA",24491
"13125","Glascock, GA",20310
"13127","Glynn, GA",38675
"13129","Gordon, GA",28351
"13131","Grady, GA",24108
"13133","Greene, GA",30575
"13135","Gwinnett, GA",35204
"13137","Habersham, GA",24684
"13139","Hall, GA",30608
"13141","Hancock, GA",18503
"13143","Haralson, GA",25028
"13145","Harris, GA",34587
"13147","Hart, GA",24463
"13149","Heard, GA",17023
"13151","Henry, GA",30904
"13153","Houston, GA",33487
"13155","Irwin, GA",22421
"13157","Jackson, GA",30136
"13159","Jasper, GA",28918
"13161","Jeff Davis, GA",23210
"13163","Jefferson, GA",23464
"13165","Jenkins, GA",26069
"13167","Johnson, GA",18793
"13169","Jones, GA",27268
"13171","Lamar, GA",24854
"13173","Lanier, GA",20493
"13175","Laurens, GA",27655
"13177","Lee, GA",33225
"13179","Liberty, GA",24795
"13181","Lincoln, GA",23683
"13183","Long, GA",20328
"13185","Lowndes, GA",27619
"13187","Lumpkin, GA",26014
"13189","McDuffie, GA",28572
"13191","McIntosh, GA",21969
"13193","Macon, GA",19163
"13195","Madison, GA",26322
"13197","Marion, GA",19468
"13199","Meriwether, GA",23301
"13201","Miller, GA",28685
"13205","Mitchell, GA",23284
"13207","Monroe, GA",30020
"13209","Montgomery, GA",22649
"13211","Morgan, GA",34010
"13213","Murray, GA",21461
"13215","Muscogee, GA",33572
"13217","Newton, GA",26233
"13219","Oconee, GA",46127
"13221","Oglethorpe, GA",23989
"13223","Paulding, GA",28938
"13225","Peach, GA",25487
"13227","Pickens, GA",33110
"13229","Pierce, GA",24609
"13231","Pike, GA",26918
"13233","Polk, GA",24018
"13235","Pulaski, GA",22763
"13237","Putnam, GA",31136
"13239","Quitman, GA",24142
"13241","Rabun, GA",29460
"13243","Randolph, GA",22989
"13245","Richmond, GA",28181
"13247","Rockdale, GA",29546
"13249","Schley, GA",24336
"13251","Screven, GA",21682
"13253","Seminole, GA",24739
"13255","Spalding, GA",26058
"13257","Stephens, GA",25063
"13259","Stewart, GA",16328
"13261","Sumter, GA",25933
"13263","Talbot, GA",21980
"13265","Taliaferro, GA",18374
"13267","Tattnall, GA",22130
"13269","Taylor, GA",20617
"13271","Telfair, GA",17628
"13273","Terrell, GA",25673
"13275","Thomas, GA",31937
"13277","Tift, GA",26904
"13279","Toombs, GA",25523
"13281","Towns, GA",28973
"13283","Treutlen, GA",20900
"13285","Troup, GA",28374
"13287","Turner, GA",23635
"13289","Twiggs, GA",22934
"13291","Union, GA",27967
"13293","Upson, GA",24195
"13295","Walker, GA",24564
"13297","Walton, GA",30751
"13299","Ware, GA",24257
"13301","Warren, GA",21998
"13303","Washington, GA",25316
"13305","Wayne, GA",25497
"13307","Webster, GA",22258
"13309","Wheeler, GA",15708
"13311","White, GA",24842
"13313","Whitfield, GA",28245
"13315","Wilcox, GA",19149
"13317","Wilkes, GA",23598
"13319","Wilkinson, GA",22585
"13321","Worth, GA",24959
"15001","Hawaii, HI",30037
"15003","Honolulu, HI",41205
"15007","Kauai, HI",33995
"15901","Maui + Kalawao, HI",34663
"16001","Ada, ID",40567
"16003","Adams, ID",28277
"16005","Bannock, ID",27724
"16007","Bear Lake, ID",23077
"16009","Benewah, ID",25661
"16011","Bingham, ID",24600
"16013","Blaine, ID",69458
"16015","Boise, ID",28280
"16017","Bonner, ID",29547
"16019","Bonneville, ID",35122
"16021","Boundary, ID",22818
"16023","Butte, ID",22534
"16025","Camas, ID",31338
"16027","Canyon, ID",24267
"16029","Caribou, ID",29066
"16031","Cassia, ID",27343
"16033","Clark, ID",18916
"16035","Clearwater, ID",26669
"16037","Custer, ID",28886
"16039","Elmore, ID",27774
"16041","Franklin, ID",22850
"16043","Fremont (includes Yellowstone Park), ID",21684
"16045","Gem, ID",24459
"16047","Gooding, ID",28948
"16049","Idaho, ID",23441
"16051","Jefferson, ID",25703
"16053","Jerome, ID",26269
"16055","Kootenai, ID",31551
"16057","Latah, ID",28601
"16059","Lemhi, ID",25481
"16061","Lewis, ID",28320
"16063","Lincoln, ID",25070
"16065","Madison, ID",16261
"16067","Minidoka, ID",24696
"16069","Nez Perce, ID",30460
"16071","Oneida, ID",24669
"16073","Owyhee, ID",23997
"16075","Payette, ID",27970
"16077","Power, ID",25113
"16079","Shoshone, ID",25014
"16081","Teton, ID",30998
"16083","Twin Falls, ID",28081
"16085","Valley, ID",37505
"16087","Washington, ID",26131
"17001","Adams, IL",31226
"17003","Alexander, IL",20277
"17005","Bond, IL",26792
"17007","Boone, IL",36427
"17009","Brown, IL",20283
"17011","Bureau, IL",29893
"17013","Calhoun, IL",28316
"17015","Carroll, IL",29983
"17017","Cass, IL",27109
"17019","Champaign, IL",31738
"17021","Christian, IL",27800
"17023","Clark, IL",28846
"17025","Clay, IL",27537
"17027","Clinton, IL",32560
"17029","Coles, IL",27311
"17031","Cook, IL",43642
"17033","Crawford, IL",29618
"17035","Cumberland, IL",26181
"17037","DeKalb, IL",29318
"17039","De Witt, IL",29098
"17041","Douglas, IL",31783
"17043","DuPage, IL",54102
"17045","Edgar, IL",27937
"17047","Edwards, IL",27894
"17049","Effingham, IL",30930
"17051","Fayette, IL",23147
"17053","Ford, IL",33100
"17055","Franklin, IL",25356
"17057","Fulton, IL",26720
"17059","Gallatin, IL",26504
"17061","Greene, IL",26298
"17063","Grundy, IL",34827
"17065","Hamilton, IL",25613
"17067","Hancock, IL",27955
"17069","Hardin, IL",22356
"17071","Henderson, IL",25610
"17073","Henry, IL",31803
"17075","Iroquois, IL",30621
"17077","Jackson, IL",26052
"17079","Jasper, IL",27393
"17081","Jefferson, IL",28959
"17083","Jersey, IL",29888
"17085","Jo Daviess, IL",33395
"17087","Johnson, IL",19812
"17089","Kane, IL",37391
"17091","Kankakee, IL",29580
"17093","Kendall, IL",37476
"17095","Knox, IL",27754
"17097","Lake, IL",56557
"17099","LaSalle, IL",31077
"17101","Lawrence, IL",30151
"17103","Lee, IL",29016
"17105","Livingston, IL",29796
"17107","Logan, IL",25000
"17109","McDonough, IL",25402
"17111","McHenry, IL",41180
"17113","McLean, IL",36621
"17115","Macon, IL",33987
"17117","Macoupin, IL",29468
"17119","Madison, IL",32775
"17121","Marion, IL",28792
"17123","Marshall, IL",30753
"17125","Mason, IL",26543
"17127","Massac, IL",26016
"17129","Menard, IL",31383
"17131","Mercer, IL",30188
"17133","Monroe, IL",39541
"17135","Montgomery, IL",25501
"17137","Morgan, IL",27242
"17139","Moultrie, IL",35487
"17141","Ogle, IL",33188
"17143","Peoria, IL",37074
"17145","Perry, IL",23458
"17147","Piatt, IL",34307
"17149","Pike, IL",25179
"17151","Pope, IL",23590
"17153","Pulaski, IL",24816
"17155","Putnam, IL",39088
"17157","Randolph, IL",25031
"17159","Richland, IL",27921
"17161","Rock Island, IL",34308
"17163","St. Clair, IL",33151
"17165","Saline, IL",26724
"17167","Sangamon, IL",34231
"17169","Schuyler, IL",30893
"17171","Scott, IL",24899
"17173","Shelby, IL",26710
"17175","Stark, IL",28275
"17177","Stephenson, IL",30139
"17179","Tazewell, IL",35858
"17181","Union, IL",26712
"17183","Vermilion, IL",27535
"17185","Wabash, IL",29688
"17187","Warren, IL",26644
"17189","Washington, IL",31389
"17191","Wayne, IL",28045
"17193","White, IL",31183
"17195","Whiteside, IL",29597
"17197","Will, IL",36137
"17199","Williamson, IL",30604
"17201","Winnebago, IL",31524
"17203","Woodford, IL",35173
"18001","Adams, IN",27898
"18003","Allen, IN",33964
"18005","Bartholomew, IN",34288
"18007","Benton, IN",29479
"18009","Blackford, IN",27681
"18011","Boone, IN",50606
"18013","Brown, IN",31841
"18015","Carroll, IN",28529
"18017","Cass, IN",27596
"18019","Clark, IN",31606
"18021","Clay, IN",27732
"18023","Clinton, IN",26902
"18025","Crawford, IN",22564
"18027","Daviess, IN",29306
"18029","Dearborn, IN",34812
"18031","Decatur, IN",29741
"18033","DeKalb, IN",30171
"18035","Delaware, IN",26488
"18037","Dubois, IN",37956
"18039","Elkhart, IN",31648
"18041","Fayette, IN",28464
"18043","Floyd, IN",37659
"18045","Fountain, IN",27985
"18047","Franklin, IN",33019
"18049","Fulton, IN",27837
"18051","Gibson, IN",32463
"18053","Grant, IN",26730
"18055","Greene, IN",27433
"18057","Hamilton, IN",52123
"18059","Hancock, IN",37223
"18061","Harrison, IN",31763
"18063","Hendricks, IN",36567
"18065","Henry, IN",27318
"18067","Howard, IN",32067
"18069","Huntington, IN",29622
"18071","Jackson, IN",31150
"18073","Jasper, IN",31032
"18075","Jay, IN",26939
"18077","Jefferson, IN",28847
"18079","Jennings, IN",25639
"18081","Johnson, IN",36065
"18083","Knox, IN",29178
"18085","Kosciusko, IN",31507
"18087","Lagrange, IN",25391
"18089","Lake, IN",31410
"18091","LaPorte, IN",29148
"18093","Lawrence, IN",27685
"18095","Madison, IN",28175
"18097","Marion, IN",36208
"18099","Marshall, IN",28401
"18101","Martin, IN",28538
"18103","Miami, IN",24494
"18105","Monroe, IN",29202
"18107","Montgomery, IN",29933
"18109","Morgan, IN",32629
"18111","Newton, IN",28734
"18113","Noble, IN",25823
"18115","Ohio, IN",38196
"18117","Orange, IN",24440
"18119","Owen, IN",25801
"18121","Parke, IN",23413
"18123","Perry, IN",27391
"18125","Pike, IN",25492
"18127","Porter, IN",36805
"18129","Posey, IN",32539
"18131","Pulaski, IN",28682
"18133","Putnam, IN",25454
"18135","Randolph, IN",25660
"18137","Ripley, IN",31676
"18139","Rush, IN",30258
"18141","St. Joseph, IN",33967
"18143","Scott, IN",24674
"18145","Shelby, IN",31161
"18147","Spencer, IN",30106
"18149","Starke, IN",23826
"18151","Steuben, IN",28545
"18153","Sullivan, IN",23711
"18155","Switzerland, IN",22457
"18157","Tippecanoe, IN",27942
"18159","Tipton, IN",30967
"18161","Union, IN",27281
"18163","Vanderburgh, IN",34505
"18165","Vermillion, IN",26590
"18167","Vigo, IN",28245
"18169","Wabash, IN",29369
"18171","Warren, IN",28965
"18173","Warrick, IN",37863
"18175","Washington, IN",25209
"18177","Wayne, IN",28565
"18179","Wells, IN",29884
"18181","White, IN",28735
"18183","Whitley, IN",31258
"19001","Adair, IA",29986
"19003","Adams, IA",27212
"19005","Allamakee, IA",29107
"19007","Appanoose, IA",26002
"19009","Audubon, IA",34038
"19011","Benton, IA",32016
"19013","Black Hawk, IA",31530
"19015","Boone, IA",35237
"19017","Bremer, IA",32125
"19019","Buchanan, IA",31212
"19021","Buena Vista, IA",29787
"19023","Butler, IA",29972
"19025","Calhoun, IA",33549
"19027","Carroll, IA",34534
"19029","Cass, IA",30445
"19031","Cedar, IA",32315
"19033","Cerro Gordo, IA",36416
"19035","Cherokee, IA",44844
"19037","Chickasaw, IA",29967
"19039","Clarke, IA",26813
"19041","Clay, IA",32667
"19043","Clayton, IA",28505
"19045","Clinton, IA",29787
"19047","Crawford, IA",32892
"19049","Dallas, IA",46826
"19051","Davis, IA",24302
"19053","Decatur, IA",22465
"19055","Delaware, IA",28061
"19057","Des Moines, IA",33092
"19059","Dickinson, IA",39412
"19061","Dubuque, IA",32694
"19063","Emmet, IA",29048
"19065","Fayette, IA",26333
"19067","Floyd, IA",29454
"19069","Franklin, IA",31481
"19071","Fremont, IA",34552
"19073","Greene, IA",31726
"19075","Grundy, IA",35584
"19077","Guthrie, IA",36470
"19079","Hamilton, IA",39234
"19081","Hancock, IA",33547
"19083","Hardin, IA",34669
"19085","Harrison, IA",30664
"19087","Henry, IA",29787
"19089","Howard, IA",30844
"19091","Humboldt, IA",31043
"19093","Ida, IA",34360
"19095","Iowa, IA",35464
"19097","Jackson, IA",28304
"19099","Jasper, IA",34148
"19101","Jefferson, IA",31697
"19103","Johnson, IA",36697
"19105","Jones, IA",28423
"19107","Keokuk, IA",28554
"19109","Kossuth, IA",34764
"19111","Lee, IA",28168
"19113","Linn, IA",36583
"19115","Louisa, IA",27563
"19117","Lucas, IA",27049
"19119","Lyon, IA",31975
"19121","Madison, IA",32975
"19123","Mahaska, IA",30301
"19125","Marion, IA",31157
"19127","Marshall, IA",30897
"19129","Mills, IA",37972
"19131","Mitchell, IA",29544
"19133","Monona, IA",27398
"19135","Monroe, IA",28603
"19137","Montgomery, IA",30868
"19139","Muscatine, IA",34240
"19141","O'Brien, IA",33130
"19143","Osceola, IA",46252
"19145","Page, IA",28601
"19147","Palo Alto, IA",40846
"19149","Plymouth, IA",35614
"19151","Pocahontas, IA",31565
"19153","Polk, IA",40606
"19155","Pottawattamie, IA",33944
"19157","Poweshiek, IA",33191
"19159","Ringgold, IA",25957
"19161","Sac, IA",31230
"19163","Scott, IA",39367
"19165","Shelby, IA",30919
"19167","Sioux, IA",31890
"19169","Story, IA",32261
"19171","Tama, IA",29899
"19173","Taylor, IA",28237
"19175","Union, IA",27582
"19177","Van Buren, IA",25399
"19179","Wapello, IA",27906
"19181","Warren, IA",34032
"19183","Washington, IA",33575
"19185","Wayne, IA",24277
"19187","Webster, IA",31583
"19189","Winnebago, IA",28543
"19191","Winneshiek, IA",31775
"19193","Woodbury, IA",34976
"19195","Worth, IA",40886
"19197","Wright, IA",35185
"20001","Allen, KS",27099
"20003","Anderson, KS",26934
"20005","Atchison, KS",25879
"20007","Barber, KS",32471
"20009","Barton, KS",33332
"20011","Bourbon, KS",32687
"20013","Brown, KS",29505
"20015","Butler, KS",32506
"20017","Chase, KS",29021
"20019","Chautauqua, KS",30934
"20021","Cherokee, KS",22948
"20023","Cheyenne, KS",22621
"20025","Clark, KS",29381
"20027","Clay, KS",32934
"20029","Cloud, KS",26480
"20031","Coffey, KS",32956
"20033","Comanche, KS",31163
"20035","Cowley, KS",28467
"20037","Crawford, KS",27128
"20039","Decatur, KS",27898
"20041","Dickinson, KS",34206
"20043","Doniphan, KS",25267
"20045","Douglas, KS",30954
"20047","Edwards, KS",31524
"20049","Elk, KS",28790
"20051","Ellis, KS",31914
"20053","Ellsworth, KS",27695
"20055","Finney, KS",26532
"20057","Ford, KS",26826
"20059","Franklin, KS",28648
"20061","Geary, KS",36386
"20063","Gove, KS",44849
"20065","Graham, KS",28346
"20067","Grant, KS",28999
"20069","Gray, KS",28798
"20071","Greeley, KS",26994
"20073","Greenwood, KS",30413
"20075","Hamilton, KS",24997
"20077","Harper, KS",36979
"20079","Harvey, KS",30324
"20081","Haskell, KS",33218
"20083","Hodgeman, KS",25527
"20085","Jackson, KS",29243
"20087","Jefferson, KS",28055
"20089","Jewell, KS",29378
"20091","Johnson, KS",51612
"20093","Kearny, KS",27857
"20095","Kingman, KS",32468
"20097","Kiowa, KS",30163
"20099","Labette, KS",29269
"20101","Lane, KS",31144
"20103","Leavenworth, KS",31598
"20105","Lincoln, KS",25198
"20107","Linn, KS",25168
"20109","Logan, KS",29734
"20111","Lyon, KS",25544
"20113","McPherson, KS",36751
"20115","Marion, KS",26829
"20117","Marshall, KS",32582
"20119","Meade, KS",26931
"20121","Miami, KS",32385
"20123","Mitchell, KS",31392
"20125","Montgomery, KS",28564
"20127","Morris, KS",29050
"20129","Morton, KS",30902
"20131","Nemaha, KS",28629
"20133","Neosho, KS",27380
"20135","Ness, KS",31391
"20137","Norton, KS",25996
"20139","Osage, KS",26135
"20141","Osborne, KS",28047
"20143","Ottawa, KS",28568
"20145","Pawnee, KS",27178
"20147","Phillips, KS",31325
"20149","Pottawatomie, KS",33673
"20151","Pratt, KS",32176
"20153","Rawlins, KS",24077
"20155","Reno, KS",29490
"20157","Republic, KS",25878
"20159","Rice, KS",25209
"20161","Riley, KS",29611
"20163","Rooks, KS",28148
"20165","Rush, KS",31929
"20167","Russell, KS",33889
"20169","Saline, KS",34981
"20171","Scott, KS",30828
"20173","Sedgwick, KS",38162
"20175","Seward, KS",25626
"20177","Shawnee, KS",33781
"20179","Sheridan, KS",27873
"20181","Sherman, KS",27149
"20183","Smith, KS",30496
"20185","Stafford, KS",36860
"20187","Stanton, KS",30687
"20189","Stevens, KS",28762
"20191","Sumner, KS",30100
"20193","Thomas, KS",27175
"20195","Trego, KS",25856
"20197","Wabaunsee, KS",28301
"20199","Wallace, KS",24613
"20201","Washington, KS",25528
"20203","Wichita, KS",33686
"20205","Wilson, KS",28829
"20207","Woodson, KS",24195
"20209","Wyandotte, KS",25020
"21001","Adair, KY",20499
"21003","Allen, KY",22813
"21005","Anderson, KY",29152
"21007","Ballard, KY",27318
"21009","Barren, KY",26158
"21011","Bath, KY",20953
"21013","Bell, KY",21751
"21015","Boone, KY",35125
"21017","Bourbon, KY",31649
"21019","Boyd, KY",28891
"21021","Boyle, KY",28554
"21023","Bracken, KY",27221
"21025","Breathitt, KY",21860
"21027","Breckinridge, KY",22841
"21029","Bullitt, KY",26876
"21031","Butler, KY",22844
"21033","Caldwell, KY",26738
"21035","Calloway, KY",27137
"21037","Campbell, KY",34632
"21039","Carlisle, KY",27676
"21041","Carroll, KY",65994
"21043","Carter, KY",21400
"21045","Casey, KY",20321
"21047","Christian, KY",31245
"21049","Clark, KY",30584
"21051","Clay, KY",18397
"21053","Clinton, KY",19757
"21055","Crittenden, KY",24948
"21057","Cumberland, KY",19949
"21059","Daviess, KY",30622
"21061","Edmonson, KY",21625
"21063","Elliott, KY",16969
"21065","Estill, KY",21191
"21067","Fayette, KY",37916
"21069","Fleming, KY",22878
"21071","Floyd, KY",24754
"21073","Franklin, KY",31524
"21075","Fulton, KY",25451
"21077","Gallatin, KY",22983
"21079","Garrard, KY",23221
"21081","Grant, KY",24858
"21083","Graves, KY",25317
"21085","Grayson, KY",22391
"21087","Green, KY",23387
"21089","Greenup, KY",27652
"21091","Hancock, KY",30497
"21093","Hardin, KY",32097
"21095","Harlan, KY",21439
"21097","Harrison, KY",25713
"21099","Hart, KY",21093
"21101","Henderson, KY",29988
"21103","Henry, KY",26676
"21105","Hickman, KY",25908
"21107","Hopkins, KY",27263
"21109","Jackson, KY",18533
"21111","Jefferson, KY",38266
"21113","Jessamine, KY",30891
"21115","Johnson, KY",24937
"21117","Kenton, KY",41336
"21119","Knott, KY",22436
"21121","Knox, KY",21047
"21123","Larue, KY",26326
"21125","Laurel, KY",24438
"21127","Lawrence, KY",20980
"21129","Lee, KY",18470
"21131","Leslie, KY",22386
"21133","Letcher, KY",24646
"21135","Lewis, KY",21206
"21137","Lincoln, KY",21438
"21139","Livingston, KY",27055
"21141","Logan, KY",26923
"21143","Lyon, KY",22651
"21145","McCracken, KY",34187
"21147","McCreary, KY",16561
"21149","McLean, KY",27864
"21151","Madison, KY",25399
"21153","Magoffin, KY",19352
"21155","Marion, KY",25113
"21157","Marshall, KY",28483
"21159","Martin, KY",19716
"21161","Mason, KY",28017
"21163","Meade, KY",24230
"21165","Menifee, KY",19186
"21167","Mercer, KY",27315
"21169","Metcalfe, KY",21398
"21171","Monroe, KY",21955
"21173","Montgomery, KY",25895
"21175","Morgan, KY",17870
"21177","Muhlenberg, KY",23686
"21179","Nelson, KY",28955
"21181","Nicholas, KY",23153
"21183","Ohio, KY",24277
"21185","Oldham, KY",41319
"21187","Owen, KY",23098
"21189","Owsley, KY",19298
"21191","Pendleton, KY",24664
"21193","Perry, KY",26662
"21195","Pike, KY",26406
"21197","Powell, KY",21500
"21199","Pulaski, KY",26593
"21201","Robertson, KY",21154
"21203","Rockcastle, KY",20170
"21205","Rowan, KY",22229
"21207","Russell, KY",22456
"21209","Scott, KY",34393
"21211","Shelby, KY",32653
"21213","Simpson, KY",27255
"21215","Spencer, KY",29433
"21217","Taylor, KY",24978
"21219","Todd, KY",25574
"21221","Trigg, KY",30673
"21223","Trimble, KY",16492
"21225","Union, KY",29059
"21227","Warren, KY",29544
"21229","Washington, KY",27528
"21231","Wayne, KY",20087
"21233","Webster, KY",28225
"21235","Whitley, KY",22878
"21237","Wolfe, KY",18528
"21239","Woodford, KY",42125
"22001","Acadia, LA",26003
"22003","Allen, LA",21989
"22005","Ascension, LA",33172
"22007","Assumption, LA",26381
"22009","Avoyelles, LA",24025
"22011","Beauregard, LA",27354
"22013","Bienville, LA",23492
"22015","Bossier, LA",31858
"22017","Caddo, LA",34982
"22019","Calcasieu, LA",30904
"22021","Caldwell, LA",24246
"22023","Cameron, LA",23794
"22025","Catahoula, LA",23874
"22027","Claiborne, LA",24191
"22029","Concordia, LA",25465
"22031","De Soto, LA",25940
"22033","East Baton Rouge, LA",35323
"22035","East Carroll, LA",21261
"22037","East Feliciana, LA",27546
"22039","Evangeline, LA",23977
"22041","Franklin, LA",23425
"22043","Grant, LA",23007
"22045","Iberia, LA",30910
"22047","Iberville, LA",24320
"22049","Jackson, LA",23972
"22051","Jefferson, LA",38447
"22053","Jefferson Davis, LA",26520
"22055","Lafayette, LA",39524
"22057","Lafourche, LA",34541
"22059","LaSalle, LA",23093
"22061","Lincoln, LA",29860
"22063","Livingston, LA",28426
"22065","Madison, LA",21559
"22067","Morehouse, LA",23615
"22069","Natchitoches, LA",28107
"22071","Orleans, LA",53086
"22073","Ouachita, LA",29309
"22075","Plaquemines, LA",33638
"22077","Pointe Coupee, LA",28432
"22079","Rapides, LA",32807
"22081","Red River, LA",20369
"22083","Richland, LA",26685
"22085","Sabine, LA",23040
"22087","St. Bernard, LA",53354
"22089","St. Charles, LA",33092
"22091","St. Helena, LA",26216
"22093","St. James, LA",29011
"22095","St. John the Baptist, LA",26846
"22097","St. Landry, LA",28325
"22099","St. Martin, LA",25108
"22101","St. Mary, LA",31114
"22103","St. Tammany, LA",41002
"22105","Tangipahoa, LA",27962
"22107","Tensas, LA",26603
"22109","Terrebonne, LA",32692
"22111","Union, LA",26095
"22113","Vermilion, LA",27269
"22115","Vernon, LA",30409
"22117","Washington, LA",23898
"22119","Webster, LA",26698
"22121","West Baton Rouge, LA",29023
"22123","West Carroll, LA",26164
"22125","West Feliciana, LA",22515
"22127","Winn, LA",22740
"23001","Androscoggin, ME",30528
"23003","Aroostook, ME",28959
"23005","Cumberland, ME",42936
"23007","Franklin, ME",27376
"23009","Hancock, ME",35954
"23011","Kennebec, ME",33247
"23013","Knox, ME",37286
"23015","Lincoln, ME",35881
"23017","Oxford, ME",27349
"23019","Penobscot, ME",29933
"23021","Piscataquis, ME",26270
"23023","Sagadahoc, ME",34187
"23025","Somerset, ME",27401
"23027","Waldo, ME",28599
"23029","Washington, ME",27710
"23031","York, ME",36763
"24001","Allegany, MD",27699
"24003","Anne Arundel, MD",50513
"24005","Baltimore, MD",46429
"24009","Calvert, MD",44108
"24011","Caroline, MD",30181
"24013","Carroll, MD",42658
"24015","Cecil, MD",35355
"24017","Charles, MD",42320
"24019","Dorchester, MD",30894
"24021","Frederick, MD",43983
"24023","Garrett, MD",31220
"24025","Harford, MD",42184
"24027","Howard, MD",59441
"24029","Kent, MD",46837
"24031","Montgomery, MD",67541
"24033","Prince George's, MD",36633
"24035","Queen Anne's, MD",45557
"24037","St. Mary's, MD",40516
"24039","Somerset, MD",22453
"24041","Talbot, MD",56250
"24043","Washington, MD",33082
"24045","Wicomico, MD",31500
"24047","Worcester, MD",40278
"24510","Baltimore (Independent City), MD",32332
"25001","Barnstable, MA",48255
"25003","Berkshire, MA",37953
"25005","Bristol, MA",36883
"25007","Dukes, MA",59326
"25009","Essex, MA",47553
"25011","Franklin, MA",36006
"25013","Hampden, MA",34825
"25015","Hampshire, MA",35289
"25017","Middlesex, MA",56511
"25019","Nantucket, MA",77629
"25021","Norfolk, MA",64133
"25023","Plymouth, MA",44678
"25025","Suffolk, MA",52868
"25027","Worcester, MA",39605
"26001","Alcona, MI",23450
"26003","Alger, MI",22368
"26005","Allegan, MI",29735
"26007","Alpena, MI",28112
"26009","Antrim, MI",27945
"26011","Arenac, MI",22874
"26013","Baraga, MI",23248
"26015","Barry, MI",30185
"26017","Bay, MI",29474
"26019","Benzie, MI",27449
"26021","Berrien, MI",32782
"26023","Branch, MI",23605
"26025","Calhoun, MI",28723
"26027","Cass, MI",29138
"26029","Charlevoix, MI",35844
"26031","Cheboygan, MI",25396
"26033","Chippewa, MI",23236
"26035","Clare, MI",22268
"26037","Clinton, MI",32598
"26039","Crawford, MI",21338
"26041","Delta, MI",27554
"26043","Dickinson, MI",31147
"26045","Eaton, MI",29753
"26047","Emmet, MI",36167
"26049","Genesee, MI",28825
"26051","Gladwin, MI",24048
"26053","Gogebic, MI",24743
"26055","Grand Traverse, MI",34160
"26057","Gratiot, MI",24443
"26059","Hillsdale, MI",25958
"26061","Houghton, MI",25356
"26063","Huron, MI",30250
"26065","Ingham, MI",30179
"26067","Ionia, MI",23162
"26069","Iosco, MI",24616
"26071","Iron, MI",26939
"26073","Isabella, MI",24721
"26075","Jackson, MI",27606
"26077","Kalamazoo, MI",34276
"26079","Kalkaska, MI",21394
"26081","Kent, MI",37852
"26083","Keweenaw, MI",27066
"26085","Lake, MI",19626
"26087","Lapeer, MI",28780
"26089","Leelanau, MI",37235
"26091","Lenawee, MI",28730
"26093","Livingston, MI",39777
"26095","Luce, MI",20821
"26097","Mackinac, MI",27925
"26099","Macomb, MI",35375
"26101","Manistee, MI",26066
"26103","Marquette, MI",28192
"26105","Mason, MI",27066
"26107","Mecosta, MI",21899
"26109","Menominee, MI",27048
"26111","Midland, MI",38420
"26113","Missaukee, MI",22887
"26115","Monroe, MI",33490
"26117","Montcalm, MI",23330
"26119","Montmorency, MI",23150
"26121","Muskegon, MI",26202
"26123","Newaygo, MI",24746
"26125","Oakland, MI",51762
"26127","Oceana, MI",24006
"26129","Ogemaw, MI",22291
"26131","Ontonagon, MI",26015
"26133","Osceola, MI",25029
"26135","Oscoda, MI",23609
"26137","Otsego, MI",27105
"26139","Ottawa, MI",33530
"26141","Presque Isle, MI",23891
"26143","Roscommon, MI",24249
"26145","Saginaw, MI",27811
"26147","St. Clair, MI",30343
"26149","St. Joseph, MI",26352
"26151","Sanilac, MI",25750
"26153","Schoolcraft, MI",24610
"26155","Shiawassee, MI",26685
"26157","Tuscola, MI",24562
"26159","Van Buren, MI",28357
"26161","Washtenaw, MI",42444
"26163","Wayne, MI",30213
"26165","Wexford, MI",26140
"27001","Aitkin, MN",25194
"27003","Anoka, MN",36866
"27005","Becker, MN",29693
"27007","Beltrami, MN",25904
"27009","Benton, MN",31973
"27011","Big Stone, MN",30742
"27013","Blue Earth, MN",34464
"27015","Brown, MN",33631
"27017","Carlton, MN",28166
"27019","Carver, MN",47849
"27021","Cass, MN",29477
"27023","Chippewa, MN",32466
"27025","Chisago, MN",33200
"27027","Clay, MN",28955
"27029","Clearwater, MN",23370
"27031","Cook, MN",33372
"27033","Cottonwood, MN",30880
"27035","Crow Wing, MN",30626
"27037","Dakota, MN",43681
"27039","Dodge, MN",32927
"27041","Douglas, MN",32252
"27043","Faribault, MN",34637
"27045","Fillmore, MN",30626
"27047","Freeborn, MN",29836
"27049","Goodhue, MN",34767
"27051","Grant, MN",28402
"27053","Hennepin, MN",52946
"27055","Houston, MN",33156
"27057","Hubbard, MN",32540
"27059","Isanti, MN",29993
"27061","Itasca, MN",27473
"27063","Jackson, MN",32348
"27065","Kanabec, MN",25084
"27067","Kandiyohi, MN",33546
"27069","Kittson, MN",30977
"27071","Koochiching, MN",28847
"27073","Lac qui Parle, MN",32346
"27075","Lake, MN",31376
"27077","Lake of the Woods, MN",28174
"27079","Le Sueur, MN",30502
"27081","Lincoln, MN",29700
"27083","Lyon, MN",33793
"27085","McLeod, MN",32175
"27087","Mahnomen, MN",24158
"27089","Marshall, MN",29466
"27091","Martin, MN",34078
"27093","Meeker, MN",29961
"27095","Mille Lacs, MN",27178
"27097","Morrison, MN",27171
"27099","Mower, MN",31574
"27101","Murray, MN",33944
"27103","Nicollet, MN",33978
"27105","Nobles, MN",30664
"27107","Norman, MN",32479
"27109","Olmsted, MN",39560
"27111","Otter Tail, MN",28513
"27113","Pennington, MN",30729
"27115","Pine, MN",23759
"27117","Pipestone, MN",31120
"27119","Polk, MN",30210
"27121","Pope, MN",29216
"27123","Ramsey, MN",40360
"27125","Red Lake, MN",28007
"27127","Redwood, MN",33178
"27129","Renville, MN",31878
"27131","Rice, MN",30163
"27133","Rock, MN",34816
"27135","Roseau, MN",33262
"27137","St. Louis, MN",31615
"27139","Scott, MN",40976
"27141","Sherburne, MN",32818
"27143","Sibley, MN",31520
"27145","Stearns, MN",30971
"27147","Steele, MN",32488
"27149","Stevens, MN",34404
"27151","Swift, MN",32206
"27153","Todd, MN",25375
"27155","Traverse, MN",30956
"27157","Wabasha, MN",31659
"27159","Wadena, MN",24152
"27161","Waseca, MN",29859
"27163","Washington, MN",46339
"27165","Watonwan, MN",29770
"27167","Wilkin, MN",34752
"27169","Winona, MN",31272
"27171","Wright, MN",34374
"27173","Yellow Medicine, MN",32546
"28001","Adams, MS",26464
"28003","Alcorn, MS",23592
"28005","Amite, MS",21721
"28007","Attala, MS",23474
"28009","Benton, MS",20671
"28011","Bolivar, MS",25076
"28013","Calhoun, MS",21726
"28015","Carroll, MS",23513
"28017","Chickasaw, MS",24716
"28019","Choctaw, MS",20494
"28021","Claiborne, MS",21302
"28023","Clarke, MS",23514
"28025","Clay, MS",27818
"28027","Coahoma, MS",25270
"28029","Copiah, MS",22679
"28031","Covington, MS",24505
"28033","DeSoto, MS",31408
"28035","Forrest, MS",27764
"28037","Franklin, MS",23187
"28039","George, MS",23015
"28041","Greene, MS",19179
"28043","Grenada, MS",27575
"28045","Hancock, MS",29704
"28047","Harrison, MS",31137
"28049","Hinds, MS",31441
"28051","Holmes, MS",20386
"28053","Humphreys, MS",21356
"28055","Issaquena, MS",20543
"28057","Itawamba, MS",24146
"28059","Jackson, MS",28473
"28061","Jasper, MS",23272
"28063","Jefferson, MS",20577
"28065","Jefferson Davis, MS",19302
"28067","Jones, MS",28620
"28069","Kemper, MS",19127
"28071","Lafayette, MS",29498
"28073","Lamar, MS",28732
"28075","Lauderdale, MS",29087
"28077","Lawrence, MS",25022
"28079","Leake, MS",19839
"28081","Lee, MS",29864
"28083","Leflore, MS",25415
"28085","Lincoln, MS",27761
"28087","Lowndes, MS",28203
"28089","Madison, MS",49547
"28091","Marion, MS",22934
"28093","Marshall, MS",21854
"28095","Monroe, MS",24973
"28097","Montgomery, MS",22765
"28099","Neshoba, MS",28171
"28101","Newton, MS",24195
"28103","Noxubee, MS",22027
"28105","Oktibbeha, MS",25065
"28107","Panola, MS",23093
"28109","Pearl River, MS",26441
"28111","Perry, MS",23334
"28113","Pike, MS",24205
"28115","Pontotoc, MS",26234
"28117","Prentiss, MS",21618
"28119","Quitman, MS",21385
"28121","Rankin, MS",34072
"28123","Scott, MS",21446
"28125","Sharkey, MS",22479
"28127","Simpson, MS",24989
"28129","Smith, MS",23710
"28131","Stone, MS",26535
"28133","Sunflower, MS",20658
"28135","Tallahatchie, MS",20496
"28137","Tate, MS",26107
"28139","Tippah, MS",23716
"28141","Tishomingo, MS",22402
"28143","Tunica, MS",24131
"28145","Union, MS",22805
"28147","Walthall, MS",21115
"28149","Warren, MS",30438
"28151","Washington, MS",24829
"28153","Wayne, MS",23576
"28155","Webster, MS",24637
"28157","Wilkinson, MS",19419
"28159","Winston, MS",24765
"28161","Yalobusha, MS",23002
"28163","Yazoo, MS",21367
"29001","Adair, MO",24346
"29003","Andrew, MO",30620
"29005","Atchison, MO",29882
"29007","Audrain, MO",27405
"29009","Barry, MO",25883
"29011","Barton, MO",26448
"29013","Bates, MO",25861
"29015","Benton, MO",24086
"29017","Bollinger, MO",22063
"29019","Boone, MO",34172
"29021","Buchanan, MO",29783
"29023","Butler, MO",27238
"29025","Caldwell, MO",24142
"29027","Callaway, MO",27080
"29029","Camden, MO",29551
"29031","Cape Girardeau, MO",32848
"29033","Carroll, MO",31340
"29035","Carter, MO",24349
"29037","Cass, MO",33844
"29039","Cedar, MO",22569
"29041","Chariton, MO",29880
"29043","Christian, MO",28703
"29045","Clark, MO",24165
"29047","Clay, MO",34879
"29049","Clinton, MO",30057
"29051","Cole, MO",35637
"29053","Cooper, MO",25817
"29055","Crawford, MO",24497
"29057","Dade, MO",24991
"29059","Dallas, MO",23452
"29061","Daviess, MO",25623
"29063","DeKalb, MO",19177
"29065","Dent, MO",24934
"29067","Douglas, MO",20040
"29069","Dunklin, MO",27052
"29071","Franklin, MO",32394
"29073","Gasconade, MO",28427
"29075","Gentry, MO",28622
"29077","Greene, MO",33524
"29079","Grundy, MO",25498
"29081","Harrison, MO",28201
"29083","Henry, MO",28650
"29085","Hickory, MO",19352
"29087","Holt, MO",34338
"29089","Howard, MO",27729
"29091","Howell, MO",25687
"29093","Iron, MO",22432
"29095","Jackson, MO",33864
"29097","Jasper, MO",28420
"29099","Jefferson, MO",30206
"29101","Johnson, MO",26544
"29103","Knox, MO",26216
"29105","Laclede, MO",24868
"29107","Lafayette, MO",29289
"29109","Lawrence, MO",23354
"29111","Lewis, MO",22895
"29113","Lincoln, MO",29102
"29115","Linn, MO",27364
"29117","Livingston, MO",26420
"29119","McDonald, MO",20495
"29121","Macon, MO",27901
"29123","Madison, MO",25145
"29125","Maries, MO",23415
"29127","Marion, MO",28050
"29129","Mercer, MO",24134
"29131","Miller, MO",23692
"29133","Mississippi, MO",23206
"29135","Moniteau, MO",24954
"29137","Monroe, MO",26471
"29139","Montgomery, MO",26860
"29141","Morgan, MO",26830
"29143","New Madrid, MO",25873
"29145","Newton, MO",27269
"29147","Nodaway, MO",23707
"29149","Oregon, MO",20864
"29151","Osage, MO",30375
"29153","Ozark, MO",20756
"29155","Pemiscot, MO",26301
"29157","Perry, MO",27285
"29159","Pettis, MO",26335
"29161","Phelps, MO",27128
"29163","Pike, MO",23115
"29165","Platte, MO",40333
"29167","Polk, MO",23225
"29169","Pulaski, MO",33357
"29171","Putnam, MO",22877
"29173","Ralls, MO",32789
"29175","Randolph, MO",28185
"29177","Ray, MO",27415
"29179","Reynolds, MO",21747
"29181","Ripley, MO",22891
"29183","St. Charles, MO",40645
"29185","St. Clair, MO",22849
"29186","Ste. Genevieve, MO",26825
"29187","St. Francois, MO",24395
"29189","St. Louis, MO",51221
"29195","Saline, MO",28842
"29197","Schuyler, MO",20735
"29199","Scotland, MO",26077
"29201","Scott, MO",30763
"29203","Shannon, MO",20164
"29205","Shelby, MO",27364
"29207","Stoddard, MO",28275
"29209","Stone, MO",25485
"29211","Sullivan, MO",26035
"29213","Taney, MO",26615
"29215","Texas, MO",19848
"29217","Vernon, MO",24195
"29219","Warren, MO",30101
"29221","Washington, MO",20726
"29223","Wayne, MO",21399
"29225","Webster, MO",24780
"29227","Worth, MO",25279
"29229","Wright, MO",20766
"29510","St. Louis (Independent City), MO",30352
"30001","Beaverhead, MT",26810
"30003","Big Horn, MT",21232
"30005","Blaine, MT",20416
"30007","Broadwater, MT",25220
"30009","Carbon, MT",33021
"30011","Carter, MT",23135
"30013","Cascade, MT",33409
"30015","Chouteau, MT",24180
"30017","Custer, MT",29517
"30019","Daniels, MT",26182
"30021","Dawson, MT",27081
"30023","Deer Lodge, MT",25705
"30025","Fallon, MT",33880
"30027","Fergus, MT",28080
"30029","Flathead, MT",33829
"30031","Gallatin, MT",36928
"30033","Garfield, MT",23409
"30035","Glacier, MT",25833
"30037","Golden Valley, MT",27488
"30039","Granite, MT",24752
"30041","Hill, MT",31469
"30043","Jefferson, MT",30908
"30045","Judith Basin, MT",21301
"30047","Lake, MT",25212
"30049","Lewis and Clark, MT",36901
"30051","Liberty, MT",23876
"30053","Lincoln, MT",23829
"30055","McCone, MT",22024
"30057","Madison, MT",32863
"30059","Meagher, MT",26770
"30061","Mineral, MT",24213
"30063","Missoula, MT",31957
"30065","Musselshell, MT",24891
"30067","Park, MT",31068
"30069","Petroleum, MT",20362
"30071","Phillips, MT",25547
"30073","Pondera, MT",29543
"30075","Powder River, MT",19645
"30077","Powell, MT",21866
"30079","Prairie, MT",27381
"30081","Ravalli, MT",28317
"30083","Richland, MT",33383
"30085","Roosevelt, MT",20813
"30087","Rosebud, MT",29302
"30089","Sanders, MT",23251
"30091","Sheridan, MT",27585
"30093","Silver Bow, MT",39252
"30095","Stillwater, MT",29560
"30097","Sweet Grass, MT",30732
"30099","Teton, MT",30941
"30101","Toole, MT",30045
"30103","Treasure, MT",24694
"30105","Valley, MT",28757
"30107","Wheatland, MT",22045
"30109","Wibaux, MT",23416
"30111","Yellowstone, MT",34746
"31001","Adams, NE",31963
"31003","Antelope, NE",28680
"31005","Arthur, NE",27731
"31007","Banner, NE",32701
"31009","Blaine, NE",29562
"31011","Boone, NE",27240
"31013","Box Butte, NE",31094
"31015","Boyd, NE",26325
"31017","Brown, NE",27867
"31019","Buffalo, NE",31769
"31021","Burt, NE",28534
"31023","Butler, NE",27462
"31025","Cass, NE",33695
"31027","Cedar, NE",27184
"31029","Chase, NE",30337
"31031","Cherry, NE",28591
"31033","Cheyenne, NE",34359
"31035","Clay, NE",28775
"31037","Colfax, NE",29614
"31039","Cuming, NE",35983
"31041","Custer, NE",27202
"31043","Dakota, NE",25147
"31045","Dawes, NE",24684
"31047","Dawson, NE",26412
"31049","Deuel, NE",27760
"31051","Dixon, NE",24497
"31053","Dodge, NE",31744
"31055","Douglas, NE",43870
"31057","Dundy, NE",35721
"31059","Fillmore, NE",33612
"31061","Franklin, NE",28457
"31063","Frontier, NE",25444
"31065","Furnas, NE",26302
"31067","Gage, NE",33324
"31069","Garden, NE",31858
"31071","Garfield, NE",25888
"31073","Gosper, NE",29275
"31075","Grant, NE",25161
"31077","Greeley, NE",22373
"31079","Hall, NE",31010
"31081","Hamilton, NE",30326
"31083","Harlan, NE",25656
"31085","Hayes, NE",29984
"31087","Hitchcock, NE",24501
"31089","Holt, NE",29086
"31091","Hooker, NE",27426
"31093","Howard, NE",27613
"31095","Jefferson, NE",30007
"31097","Johnson, NE",24780
"31099","Kearney, NE",45814
"31101","Keith, NE",27291
"31103","Keya Paha, NE",23710
"31105","Kimball, NE",32841
"31107","Knox, NE",26254
"31109","Lancaster, NE",35802
"31111","Lincoln, NE",31572
"31113","Logan, NE",26054
"31115","Loup, NE",24416
"31117","McPherson, NE",23301
"31119","Madison, NE",30880
"31121","Merrick, NE",29487
"31123","Morrill, NE",34664
"31125","Nance, NE",27358
"31127","Nemaha, NE",31399
"31129","Nuckolls, NE",26559
"31131","Otoe, NE",30521
"31133","Pawnee, NE",28058
"31135","Perkins, NE",25071
"31137","Phelps, NE",32986
"31139","Pierce, NE",35043
"31141","Platte, NE",30738
"31143","Polk, NE",33146
"31145","Red Willow, NE",29089
"31147","Richardson, NE",29919
"31149","Rock, NE",27528
"31151","Saline, NE",27616
"31153","Sarpy, NE",37431
"31155","Saunders, NE",30943
"31157","Scotts Bluff, NE",29592
"31159","Seward, NE",32097
"31161","Sheridan, NE",28921
"31163","Sherman, NE",26197
"31165","Sioux, NE",25085
"31167","Stanton, NE",26535
"31169","Thayer, NE",30346
"31171","Thomas, NE",29231
"31173","Thurston, NE",26753
"31175","Valley, NE",29089
"31177","Washington, NE",37032
"31179","Wayne, NE",26216
"31181","Webster, NE",27784
"31183","Wheeler, NE",35757
"31185","York, NE",31023
"32001","Churchill, NV",30975
"32003","Clark, NV",39669
"32005","Douglas, NV",55432
"32007","Elko, NV",33080
"32009","Esmeralda, NV",29540
"32011","Eureka, NV",30735
"32013","Humboldt, NV",33150
"32015","Lander, NV",34057
"32017","Lincoln, NV",22476
"32019","Lyon, NV",27598
"32021","Mineral, NV",25984
"32023","Nye, NV",30864
"32027","Pershing, NV",19757
"32029","Storey, NV",36489
"32031","Washoe, NV",45849
"32033","White Pine, NV",32657
"32510","Carson City (Independent City), NV",29831
"33001","Belknap, NH",40036
"33003","Carroll, NH",39888
"33005","Cheshire, NH",37699
"33007","Coos, NH",30635
"33009","Grafton, NH",42394
"33011","Hillsborough, NH",44916
"33013","Merrimack, NH",47704
"33015","Rockingham, NH",50388
"33017","Strafford, NH",33615
"33019","Sullivan, NH",36434
"34001","Atlantic, NJ",36095
"34003","Bergen, NJ",63585
"34005","Burlington, NJ",44175
"34007","Camden, NJ",38253
"34009","Cape May, NJ",42261
"34011","Cumberland, NJ",29446
"34013","Essex, NJ",48794
"34015","Gloucester, NJ",38243
"34017","Hudson, NJ",39698
"34019","Hunterdon, NJ",67060
"34021","Mercer, NJ",51436
"34023","Middlesex, NJ",43516
"34025","Monmouth, NJ",56470
"34027","Morris, NJ",67778
"34029","Ocean, NJ",38256
"34031","Passaic, NJ",37737
"34033","Salem, NJ",35022
"34035","Somerset, NJ",65734
"34037","Sussex, NJ",45961
"34039","Union, NJ",51034
"34041","Warren, NJ",40777
"35001","Bernalillo, NM",34047
"35003","Catron, NM",24313
"35005","Chaves, NM",26679
"35006","Cibola, NM*",20790
"35007","Colfax, NM",27202
"35009","Curry, NM",29057
"35011","De Baca, NM",34707
"35013","Doa Ana, NM",25902
"35015","Eddy, NM",32768
"35017","Grant, NM",26385
"35019","Guadalupe, NM",20008
"35021","Harding, NM",33917
"35023","Hidalgo, NM",24202
"35025","Lea, NM",29451
"35027","Lincoln, NM",26911
"35028","Los Alamos, NM",61452
"35029","Luna, NM",22250
"35031","McKinley, NM",20567
"35033","Mora, NM",21990
"35035","Otero, NM",25204
"35037","Quay, NM",26942
"35039","Rio Arriba, NM",25488
"35041","Roosevelt, NM",24604
"35043","Sandoval, NM",32826
"35045","San Juan, NM",27187
"35047","San Miguel, NM",24003
"35049","Santa Fe, NM",41063
"35051","Sierra, NM",23701
"35053","Socorro, NM",23551
"35055","Taos, NM",26711
"35057","Torrance, NM",22717
"35059","Union, NM",28845
"35061","Valencia, NM*",25461
"36001","Albany, NY",39751
"36003","Allegany, NY",23647
"36005","Bronx, NY",26064
"36007","Broome, NY",30234
"36009","Cattaraugus, NY",27286
"36011","Cayuga, NY",27452
"36013","Chautauqua, NY",26673
"36015","Chemung, NY",29996
"36017","Chenango, NY",26570
"36019","Clinton, NY",29655
"36021","Columbia, NY",36035
"36023","Cortland, NY",26160
"36025","Delaware, NY",26554
"36027","Dutchess, NY",39440
"36029","Erie, NY",34420
"36031","Essex, NY",28818
"36033","Franklin, NY",26033
"36035","Fulton, NY",28535
"36037","Genesee, NY",29879
"36039","Greene, NY",30112
"36041","Hamilton, NY",32717
"36043","Herkimer, NY",27392
"36045","Jefferson, NY",34050
"36047","Kings, NY",31530
"36049","Lewis, NY",28178
"36051","Livingston, NY",27455
"36053","Madison, NY",29114
"36055","Monroe, NY",36627
"36057","Montgomery, NY",30538
"36059","Nassau, NY",60935
"36061","New York, NY",110071
"36063","Niagara, NY",31135
"36065","Oneida, NY",30638
"36067","Onondaga, NY",35965
"36069","Ontario, NY",34889
"36071","Orange, NY",36524
"36073","Orleans, NY",25770
"36075","Oswego, NY",26728
"36077","Otsego, NY",28465
"36079","Putnam, NY",48305
"36081","Queens, NY",34056
"36083","Rensselaer, NY",33695
"36085","Richmond, NY",40049
"36087","Rockland, NY",45754
"36089","St. Lawrence, NY",25043
"36091","Saratoga, NY",43834
"36093","Schenectady, NY",40501
"36095","Schoharie, NY",27637
"36097","Schuyler, NY",26429
"36099","Seneca, NY",26968
"36101","Steuben, NY",31678
"36103","Suffolk, NY",46659
"36105","Sullivan, NY",30237
"36107","Tioga, NY",31185
"36109","Tompkins, NY",30495
"36111","Ulster, NY",33971
"36113","Warren, NY",34358
"36115","Washington, NY",26334
"36117","Wayne, NY",29938
"36119","Westchester, NY",75123
"36121","Wyoming, NY",27125
"36123","Yates, NY",26555
"37001","Alamance, NC",30737
"37003","Alexander, NC",26703
"37005","Alleghany, NC",26192
"37007","Anson, NC",24865
"37009","Ashe, NC",25918
"37011","Avery, NC",23943
"37013","Beaufort, NC",29373
"37015","Bertie, NC",24903
"37017","Bladen, NC",24318
"37019","Brunswick, NC",32027
"37021","Buncombe, NC",33678
"37023","Burke, NC",25851
"37025","Cabarrus, NC",33534
"37027","Caldwell, NC",26379
"37029","Camden, NC",35025
"37031","Carteret, NC",35099
"37033","Caswell, NC",22326
"37035","Catawba, NC",33227
"37037","Chatham, NC",42516
"37039","Cherokee, NC",23142
"37041","Chowan, NC",29529
"37043","Clay, NC",25835
"37045","Cleveland, NC",27111
"37047","Columbus, NC",25536
"37049","Craven, NC",33208
"37051","Cumberland, NC",30613
"37053","Currituck, NC",32068
"37055","Dare, NC",38599
"37057","Davidson, NC",29177
"37059","Davie, NC",35342
"37061","Duplin, NC",23456
"37063","Durham, NC",36536
"37065","Edgecombe, NC",26017
"37067","Forsyth, NC",38423
"37069","Franklin, NC",27205
"37071","Gaston, NC",30471
"37073","Gates, NC",27433
"37075","Graham, NC",22872
"37077","Granville, NC",26608
"37079","Greene, NC",20234
"37081","Guilford, NC",36456
"37083","Halifax, NC",26059
"37085","Harnett, NC",27150
"37087","Haywood, NC",28222
"37089","Henderson, NC",33315
"37091","Hertford, NC",23778
"37093","Hoke, NC",23689
"37095","Hyde, NC",23302
"37097","Iredell, NC",35478
"37099","Jackson, NC",26754
"37101","Johnston, NC",31046
"37103","Jones, NC",29289
"37105","Lee, NC",31329
"37107","Lenoir, NC",27891
"37109","Lincoln, NC",29938
"37111","McDowell, NC",23832
"37113","Macon, NC",29722
"37115","Madison, NC",24012
"37117","Martin, NC",26699
"37119","Mecklenburg, NC",49774
"37121","Mitchell, NC",24825
"37123","Montgomery, NC",26576
"37125","Moore, NC",37843
"37127","Nash, NC",30894
"37129","New Hanover, NC",35837
"37131","Northampton, NC",26512
"37133","Onslow, NC",33416
"37135","Orange, NC",46803
"37137","Pamlico, NC",30045
"37139","Pasquotank, NC",29592
"37141","Pender, NC",28139
"37143","Perquimans, NC",31554
"37145","Person, NC",28940
"37147","Pitt, NC",30345
"37149","Polk, NC",34941
"37151","Randolph, NC",27928
"37153","Richmond, NC",24206
"37155","Robeson, NC",22531
"37157","Rockingham, NC",27836
"37159","Rowan, NC",29239
"37161","Rutherford, NC",24628
"37163","Sampson, NC",27541
"37165","Scotland, NC",25749
"37167","Stanly, NC",27449
"37169","Stokes, NC",26205
"37171","Surry, NC",27890
"37173","Swain, NC",24283
"37175","Transylvania, NC",29595
"37177","Tyrrell, NC",22148
"37179","Union, NC",35206
"37181","Vance, NC",26378
"37183","Wake, NC",44583
"37185","Warren, NC",20800
"37187","Washington, NC",26272
"37189","Watauga, NC",28643
"37191","Wayne, NC",28605
"37193","Wilkes, NC",28607
"37195","Wilson, NC",31095
"37197","Yadkin, NC",27318
"37199","Yancey, NC",25092
"38001","Adams, ND",32896
"38003","Barnes, ND",29012
"38005","Benson, ND",22065
"38007","Billings, ND",37812
"38009","Bottineau, ND",29239
"38011","Bowman, ND",38428
"38013","Burke, ND",30816
"38015","Burleigh, ND",35795
"38017","Cass, ND",37419
"38019","Cavalier, ND",28808
"38021","Dickey, ND",33370
"38023","Divide, ND",32856
"38025","Dunn, ND",26845
"38027","Eddy, ND",26361
"38029","Emmons, ND",23201
"38031","Foster, ND",29276
"38033","Golden Valley, ND",33210
"38035","Grand Forks, ND",31767
"38037","Grant, ND",27664
"38039","Griggs, ND",27022
"38041","Hettinger, ND",31537
"38043","Kidder, ND",28127
"38045","LaMoure, ND",31964
"38047","Logan, ND",26360
"38049","McHenry, ND",25462
"38051","McIntosh, ND",25959
"38053","McKenzie, ND",31529
"38055","McLean, ND",31059
"38057","Mercer, ND",34993
"38059","Morton, ND",30971
"38061","Mountrail, ND",24397
"38063","Nelson, ND",28962
"38065","Oliver, ND",30217
"38067","Pembina, ND",37400
"38069","Pierce, ND",24665
"38071","Ramsey, ND",30451
"38073","Ransom, ND",31696
"38075","Renville, ND",27813
"38077","Richland, ND",30268
"38079","Rolette, ND",22835
"38081","Sargent, ND",38232
"38083","Sheridan, ND",20507
"38085","Sioux, ND",16641
"38087","Slope, ND",27845
"38089","Stark, ND",32456
"38091","Steele, ND",24507
"38093","Stutsman, ND",30160
"38095","Towner, ND",29676
"38097","Traill, ND",30760
"38099","Walsh, ND",30201
"38101","Ward, ND",33673
"38103","Wells, ND",27579
"38105","Williams, ND",36033
"39001","Adams, OH",23304
"39003","Allen, OH",29898
"39005","Ashland, OH",26526
"39007","Ashtabula, OH",26490
"39009","Athens, OH",22712
"39011","Auglaize, OH",31295
"39013","Belmont, OH",27118
"39015","Brown, OH",25020
"39017","Butler, OH",34101
"39019","Carroll, OH",26263
"39021","Champaign, OH",28322
"39023","Clark, OH",29399
"39025","Clermont, OH",36096
"39027","Clinton, OH",33134
"39029","Columbiana, OH",26496
"39031","Coshocton, OH",25504
"39033","Crawford, OH",27024
"39035","Cuyahoga, OH",38609
"39037","Darke, OH",28127
"39039","Defiance, OH",29540
"39041","Delaware, OH",53737
"39043","Erie, OH",39975
"39045","Fairfield, OH",32555
"39047","Fayette, OH",26284
"39049","Franklin, OH",36950
"39051","Fulton, OH",32348
"39053","Gallia, OH",29256
"39055","Geauga, OH",49388
"39057","Greene, OH",36963
"39059","Guernsey, OH",25386
"39061","Hamilton, OH",42509
"39063","Hancock, OH",34074
"39065","Hardin, OH",24366
"39067","Harrison, OH",24999
"39069","Henry, OH",30759
"39071","Highland, OH",25352
"39073","Hocking, OH",24436
"39075","Holmes, OH",23586
"39077","Huron, OH",27983
"39079","Jackson, OH",25419
"39081","Jefferson, OH",26149
"39083","Knox, OH",29348
"39085","Lake, OH",36204
"39087","Lawrence, OH",25058
"39089","Licking, OH",31568
"39091","Logan, OH",28368
"39093","Lorain, OH",32147
"39095","Lucas, OH",33327
"39097","Madison, OH",29822
"39099","Mahoning, OH",33042
"39101","Marion, OH",25971
"39103","Medina, OH",39008
"39105","Meigs, OH",22269
"39107","Mercer, OH",30100
"39109","Miami, OH",32843
"39111","Monroe, OH",19375
"39113","Montgomery, OH",34205
"39115","Morgan, OH",21148
"39117","Morrow, OH",25436
"39119","Muskingum, OH",27793
"39121","Noble, OH",20211
"39123","Ottawa, OH",35372
"39125","Paulding, OH",27614
"39127","Perry, OH",24467
"39129","Pickaway, OH",27131
"39131","Pike, OH",22091
"39133","Portage, OH",32203
"39135","Preble, OH",27720
"39137","Putnam, OH",35463
"39139","Richland, OH",28724
"39141","Ross, OH",26058
"39143","Sandusky, OH",28970
"39145","Scioto, OH",24360
"39147","Seneca, OH",27693
"39149","Shelby, OH",30891
"39151","Stark, OH",31597
"39153","Summit, OH",35846
"39155","Trumbull, OH",30453
"39157","Tuscarawas, OH",29366
"39159","Union, OH",32495
"39161","Van Wert, OH",28811
"39163","Vinton, OH",21241
"39165","Warren, OH",40282
"39167","Washington, OH",27429
"39169","Wayne, OH",29616
"39171","Williams, OH",28212
"39173","Wood, OH",33329
"39175","Wyandot, OH",29783
"40001","Adair, OK",19603
"40003","Alfalfa, OK",23226
"40005","Atoka, OK",20451
"40007","Beaver, OK",28560
"40009","Beckham, OK",27652
"40011","Blaine, OK",23147
"40013","Bryan, OK",24251
"40015","Caddo, OK",21663
"40017","Canadian, OK",32344
"40019","Carter, OK",29786
"40021","Cherokee, OK",21211
"40023","Choctaw, OK",22250
"40025","Cimarron, OK",27976
"40027","Cleveland, OK",32813
"40029","Coal, OK",20959
"40031","Comanche, OK",30771
"40033","Cotton, OK",28836
"40035","Craig, OK",24866
"40037","Creek, OK",27763
"40039","Custer, OK",27778
"40041","Delaware, OK",22778
"40043","Dewey, OK",28262
"40045","Ellis, OK",29765
"40047","Garfield, OK",34532
"40049","Garvin, OK",28467
"40051","Grady, OK",26975
"40053","Grant, OK",31426
"40055","Greer, OK",20567
"40057","Harmon, OK",23168
"40059","Harper, OK",34566
"40061","Haskell, OK",23234
"40063","Hughes, OK",22310
"40065","Jackson, OK",29912
"40067","Jefferson, OK",24830
"40069","Johnston, OK",23816
"40071","Kay, OK",28877
"40073","Kingfisher, OK",31109
"40075","Kiowa, OK",24182
"40077","Latimer, OK",26102
"40079","Le Flore, OK",22977
"40081","Lincoln, OK",23682
"40083","Logan, OK",29757
"40085","Love, OK",24525
"40087","McClain, OK",30753
"40089","McCurtain, OK",23312
"40091","McIntosh, OK",22793
"40093","Major, OK",28926
"40095","Marshall, OK",24738
"40097","Mayes, OK",24078
"40099","Murray, OK",27004
"40101","Muskogee, OK",26912
"40103","Noble, OK",27129
"40105","Nowata, OK",23230
"40107","Okfuskee, OK",20449
"40109","Oklahoma, OK",39976
"40111","Okmulgee, OK",23834
"40113","Osage, OK",26104
"40115","Ottawa, OK",25231
"40117","Pawnee, OK",24495
"40119","Payne, OK",26560
"40121","Pittsburg, OK",27175
"40123","Pontotoc, OK",29664
"40125","Pottawatomie, OK",29980
"40127","Pushmataha, OK",22416
"40129","Roger Mills, OK",32864
"40131","Rogers, OK",30194
"40133","Seminole, OK",23998
"40135","Sequoyah, OK",22880
"40137","Stephens, OK",33170
"40139","Texas, OK",31750
"40141","Tillman, OK",21874
"40143","Tulsa, OK",47645
"40145","Wagoner, OK",28248
"40147","Washington, OK",78687
"40149","Washita, OK",25609
"40151","Woods, OK",26611
"40153","Woodward, OK",32066
"41001","Baker, OR",24705
"41003","Benton, OR",34065
"41005","Clackamas, OR",41763
"41007","Clatsop, OR",30950
"41009","Columbia, OR",29888
"41011","Coos, OR",28890
"41013","Crook, OR",26743
"41015","Curry, OR",30638
"41017","Deschutes, OR",36330
"41019","Douglas, OR",28469
"41021","Gilliam, OR",23197
"41023","Grant, OR",26415
"41025","Harney, OR",25047
"41027","Hood River, OR",32652
"41029","Jackson, OR",33079
"41031","Jefferson, OR",24683
"41033","Josephine, OR",28665
"41035","Klamath, OR",28103
"41037","Lake, OR",23849
"41039","Lane, OR",33118
"41041","Lincoln, OR",30840
"41043","Linn, OR",28825
"41045","Malheur, OR",21234
"41047","Marion, OR",29410
"41049","Morrow, OR",25403
"41051","Multnomah, OR",39679
"41053","Polk, OR",30628
"41055","Sherman, OR",23982
"41057","Tillamook, OR",29121
"41059","Umatilla, OR",25363
"41061","Union, OR",28241
"41063","Wallowa, OR",29248
"41065","Wasco, OR",29386
"41067","Washington, OR",40041
"41069","Wheeler, OR",26758
"41071","Yamhill, OR",32285
"42001","Adams, PA",33526
"42003","Allegheny, PA",42093
"42005","Armstrong, PA",30869
"42007","Beaver, PA",32537
"42009","Bedford, PA",25878
"42011","Berks, PA",35007
"42013","Blair, PA",30677
"42015","Bradford, PA",27161
"42017","Bucks, PA",49254
"42019","Butler, PA",37187
"42021","Cambria, PA",29307
"42023","Cameron, PA",31273
"42025","Carbon, PA",30316
"42027","Centre, PA",31394
"42029","Chester, PA",61224
"42031","Clarion, PA",30206
"42033","Clearfield, PA",29274
"42035","Clinton, PA",25055
"42037","Columbia, PA",28045
"42039","Crawford, PA",27258
"42041","Cumberland, PA",39504
"42043","Dauphin, PA",36901
"42045","Delaware, PA",45670
"42047","Elk, PA",32960
"42049","Erie, PA",30913
"42051","Fayette, PA",27582
"42053","Forest, PA",18811
"42055","Franklin, PA",32772
"42057","Fulton, PA",30123
"42059","Greene, PA",25588
"42061","Huntingdon, PA",25996
"42063","Indiana, PA",29252
"42065","Jefferson, PA",29875
"42067","Juniata, PA",29255
"42069","Lackawanna, PA",33365
"42071","Lancaster, PA",35504
"42073","Lawrence, PA",28585
"42075","Lebanon, PA",33729
"42077","Lehigh, PA",39781
"42079","Luzerne, PA",32263
"42081","Lycoming, PA",29257
"42083","McKean, PA",29365
"42085","Mercer, PA",29669
"42087","Mifflin, PA",26147
"42089","Monroe, PA",30534
"42091","Montgomery, PA",61447
"42093","Montour, PA",35298
"42095","Northampton, PA",38049
"42097","Northumberland, PA",28739
"42099","Perry, PA",30225
"42101","Philadelphia, PA",32077
"42103","Pike, PA",33080
"42105","Potter, PA",35031
"42107","Schuylkill, PA",29349
"42109","Snyder, PA",30127
"42111","Somerset, PA",27081
"42113","Sullivan, PA",26599
"42115","Susquehanna, PA",28206
"42117","Tioga, PA",25204
"42119","Union, PA",28569
"42121","Venango, PA",29944
"42123","Warren, PA",32442
"42125","Washington, PA",36852
"42127","Wayne, PA",29059
"42129","Westmoreland, PA",35782
"42131","Wyoming, PA",29348
"42133","York, PA",36019
"44001","Bristol, RI",54425
"44003","Kent, RI",42055
"44005","Newport, RI",47412
"44007","Providence, RI",34718
"44009","Washington, RI",45313
"45001","Abbeville, SC",23141
"45003","Aiken, SC",29472
"45005","Allendale, SC",23205
"45007","Anderson, SC",27485
"45009","Bamberg, SC",22843
"45011","Barnwell, SC",23032
"45013","Beaufort, SC",43738
"45015","Berkeley, SC",27637
"45017","Calhoun, SC",27584
"45019","Charleston, SC",38643
"45021","Cherokee, SC",23584
"45023","Chester, SC",24617
"45025","Chesterfield, SC",22628
"45027","Clarendon, SC",21450
"45029","Colleton, SC",24591
"45031","Darlington, SC",27435
"45033","Dillon, SC",21565
"45035","Dorchester, SC",29400
"45037","Edgefield, SC",23796
"45039","Fairfield, SC",24941
"45041","Florence, SC",30197
"45043","Georgetown, SC",32535
"45045","Greenville, SC",34352
"45047","Greenwood, SC",26880
"45049","Hampton, SC",21960
"45051","Horry, SC",29065
"45053","Jasper, SC",24110
"45055","Kershaw, SC",30527
"45057","Lancaster, SC",26606
"45059","Laurens, SC",24738
"45061","Lee, SC",20012
"45063","Lexington, SC",33773
"45065","McCormick, SC",23639
"45067","Marion, SC",21906
"45069","Marlboro, SC",20388
"45071","Newberry, SC",26878
"45073","Oconee, SC",29134
"45075","Orangeburg, SC",24653
"45077","Pickens, SC",26494
"45079","Richland, SC",34135
"45081","Saluda, SC",27452
"45083","Spartanburg, SC",30804
"45085","Sumter, SC",27605
"45087","Union, SC",23803
"45089","Williamsburg, SC",20056
"45091","York, SC",33305
"46003","Aurora, SD",24736
"46005","Beadle, SD",34976
"46007","Bennett, SD",23138
"46009","Bon Homme, SD",27309
"46011","Brookings, SD",30049
"46013","Brown, SD",39408
"46015","Brule, SD",25306
"46017","Buffalo, SD",14415
"46019","Butte, SD",28384
"46021","Campbell, SD",18579
"46023","Charles Mix, SD",26295
"46025","Clark, SD",24064
"46027","Clay, SD",27293
"46029","Codington, SD",32125
"46031","Corson, SD",18056
"46033","Custer, SD",31907
"46035","Davison, SD",34369
"46037","Day, SD",24813
"46039","Deuel, SD",29982
"46041","Dewey, SD",22694
"46043","Douglas, SD",30849
"46045","Edmunds, SD",28070
"46047","Fall River, SD",32941
"46049","Faulk, SD",20828
"46051","Grant, SD",60726
"46053","Gregory, SD",28740
"46055","Haakon, SD",34455
"46057","Hamlin, SD",28697
"46059","Hand, SD",25656
"46061","Hanson, SD",35466
"46063","Harding, SD",27966
"46065","Hughes, SD",37745
"46067","Hutchinson, SD",33362
"46069","Hyde, SD",25264
"46071","Jackson, SD",19246
"46073","Jerauld, SD",28133
"46075","Jones, SD",31337
"46077","Kingsbury, SD",32491
"46079","Lake, SD",54931
"46081","Lawrence, SD",32987
"46083","Lincoln, SD",47683
"46085","Lyman, SD",22667
"46087","McCook, SD",31765
"46089","McPherson, SD",27686
"46091","Marshall, SD",27597
"46093","Meade, SD",30379
"46095","Mellette, SD",24056
"46097","Miner, SD",30283
"46099","Minnehaha, SD",39521
"46101","Moody, SD",32283
"46102","Oglala Lakota, SD*",16446
"46103","Pennington, SD",37407
"46105","Perkins, SD",26657
"46107","Potter, SD",39160
"46109","Roberts, SD",25484
"46111","Sanborn, SD",35603
"46115","Spink, SD",32589
"46117","Stanley, SD",34564
"46119","Sully, SD",32342
"46121","Todd, SD",17541
"46123","Tripp, SD",25420
"46125","Turner, SD",51509
"46127","Union, SD",63366
"46129","Walworth, SD",27101
"46135","Yankton, SD",33220
"46137","Ziebach, SD",11749
"47001","Anderson, TN",32023
"47003","Bedford, TN",27106
"47005","Benton, TN",23708
"47007","Bledsoe, TN",17334
"47009","Blount, TN",29579
"47011","Bradley, TN",29260
"47013","Campbell, TN",23127
"47015","Cannon, TN",26249
"47017","Carroll, TN",27834
"47019","Carter, TN",23790
"47021","Cheatham, TN",30830
"47023","Chester, TN",23562
"47025","Claiborne, TN",25448
"47027","Clay, TN",22925
"47029","Cocke, TN",21862
"47031","Coffee, TN",27717
"47033","Crockett, TN",27028
"47035","Cumberland, TN",26131
"47037","Davidson, TN",42682
"47039","Decatur, TN",26984
"47041","DeKalb, TN",26082
"47043","Dickson, TN",28136
"47045","Dyer, TN",29358
"47047","Fayette, TN",37195
"47049","Fentress, TN",22886
"47051","Franklin, TN",26587
"47053","Gibson, TN",27306
"47055","Giles, TN",24974
"47057","Grainger, TN",22964
"47059","Greene, TN",29375
"47061","Grundy, TN",21541
"47063","Hamblen, TN",26949
"47065","Hamilton, TN",36920
"47067","Hancock, TN",17455
"47069","Hardeman, TN",20168
"47071","Hardin, TN",25704
"47073","Hawkins, TN",24080
"47075","Haywood, TN",24162
"47077","Henderson, TN",25938
"47079","Henry, TN",27475
"47081","Hickman, TN",21887
"47083","Houston, TN",23652
"47085","Humphreys, TN",25751
"47087","Jackson, TN",21382
"47089","Jefferson, TN",24141
"47091","Johnson, TN",20782
"47093","Knox, TN",35399
"47095","Lake, TN",18064
"47097","Lauderdale, TN",21083
"47099","Lawrence, TN",23665
"47101","Lewis, TN",20984
"47103","Lincoln, TN",27879
"47105","Loudon, TN",33280
"47107","McMinn, TN",26519
"47109","McNairy, TN",24978
"47111","Macon, TN",24039
"47113","Madison, TN",29560
"47115","Marion, TN",27691
"47117","Marshall, TN",25803
"47119","Maury, TN",30201
"47121","Meigs, TN",21488
"47123","Monroe, TN",25628
"47125","Montgomery, TN",34335
"47127","Moore, TN",25951
"47129","Morgan, TN",21289
"47131","Obion, TN",28743
"47133","Overton, TN",21729
"47135","Perry, TN",24401
"47137","Pickett, TN",21555
"47139","Polk, TN",23918
"47141","Putnam, TN",28307
"47143","Rhea, TN",25540
"47145","Roane, TN",28722
"47147","Robertson, TN",30950
"47149","Rutherford, TN",31309
"47151","Scott, TN",21063
"47153","Sequatchie, TN",27698
"47155","Sevier, TN",28970
"47157","Shelby, TN",38710
"47159","Smith, TN",24332
"47161","Stewart, TN",29890
"47163","Sullivan, TN",30587
"47165","Sumner, TN",33981
"47167","Tipton, TN",28468
"47169","Trousdale, TN",25126
"47171","Unicoi, TN",27173
"47173","Union, TN",22806
"47175","Van Buren, TN",20890
"47177","Warren, TN",25862
"47179","Washington, TN",30564
"47181","Wayne, TN",20525
"47183","Weakley, TN",26198
"47185","White, TN",24878
"47187","Williamson, TN",57692
"47189","Wilson, TN",35193
"48001","Anderson, TX",21897
"48003","Andrews, TX",32923
"48005","Angelina, TX",28159
"48007","Aransas, TX",32530
"48009","Archer, TX",34552
"48011","Armstrong, TX",34066
"48013","Atascosa, TX",23227
"48015","Austin, TX",35689
"48017","Bailey, TX",27102
"48019","Bandera, TX",30274
"48021","Bastrop, TX",24857
"48023","Baylor, TX",28605
"48025","Bee, TX",19895
"48027","Bell, TX",34254
"48029","Bexar, TX",33338
"48031","Blanco, TX",37145
"48033","Borden, TX",32117
"48035","Bosque, TX",26910
"48037","Bowie, TX",29612
"48039","Brazoria, TX",32919
"48041","Brazos, TX",25525
"48043","Brewster, TX",32474
"48045","Briscoe, TX",22861
"48047","Brooks, TX",22031
"48049","Brown, TX",24458
"48051","Burleson, TX",27558
"48053","Burnet, TX",32522
"48055","Caldwell, TX",22418
"48057","Calhoun, TX",24940
"48059","Callahan, TX",24667
"48061","Cameron, TX",19635
"48063","Camp, TX",28089
"48065","Carson, TX",27165
"48067","Cass, TX",24483
"48069","Castro, TX",33845
"48071","Chambers, TX",35845
"48073","Cherokee, TX",23880
"48075","Childress, TX",19316
"48077","Clay, TX",26750
"48079","Cochran, TX",28391
"48081","Coke, TX",22289
"48083","Coleman, TX",24357
"48085","Collin, TX",49972
"48087","Collingsworth, TX",28190
"48089","Colorado, TX",30920
"48091","Comal, TX",38857
"48093","Comanche, TX",25296
"48095","Concho, TX",16816
"48097","Cooke, TX",30443
"48099","Coryell, TX",25705
"48101","Cottle, TX",37484
"48103","Crane, TX",30313
"48105","Crockett, TX",26578
"48107","Crosby, TX",25208
"48109","Culberson, TX",21400
"48111","Dallam, TX",35144
"48113","Dallas, TX",40362
"48115","Dawson, TX",22339
"48117","Deaf Smith, TX",23525
"48119","Delta, TX",21842
"48121","Denton, TX",39596
"48123","DeWitt, TX",24983
"48125","Dickens, TX",22044
"48127","Dimmit, TX",18163
"48129","Donley, TX",27396
"48131","Duval, TX",22462
"48133","Eastland, TX",31748
"48135","Ector, TX",29461
"48137","Edwards, TX",24477
"48139","Ellis, TX",30655
"48141","El Paso, TX",23535
"48143","Erath, TX",24452
"48145","Falls, TX",21916
"48147","Fannin, TX",23757
"48149","Fayette, TX",32125
"48151","Fisher, TX",26302
"48153","Floyd, TX",27736
"48155","Foard, TX",23339
"48157","Fort Bend, TX",42889
"48159","Franklin, TX",27102
"48161","Freestone, TX",26018
"48163","Frio, TX",17568
"48165","Gaines, TX",25808
"48167","Galveston, TX",36090
"48169","Garza, TX",25605
"48171","Gillespie, TX",35790
"48173","Glasscock, TX",28339
"48175","Goliad, TX",29081
"48177","Gonzales, TX",24436
"48179","Gray, TX",33783
"48181","Grayson, TX",28995
"48183","Gregg, TX",36956
"48185","Grimes, TX",22479
"48187","Guadalupe, TX",31270
"48189","Hale, TX",23582
"48191","Hall, TX",22107
"48193","Hamilton, TX",33982
"48195","Hansford, TX",39563
"48197","Hardeman, TX",24825
"48199","Hardin, TX",30856
"48201","Harris, TX",42655
"48203","Harrison, TX",30338
"48205","Hartley, TX",28241
"48207","Haskell, TX",25655
"48209","Hays, TX",31182
"48211","Hemphill, TX",48028
"48213","Henderson, TX",25572
"48215","Hidalgo, TX",18670
"48217","Hill, TX",24197
"48219","Hockley, TX",26238
"48221","Hood, TX",32591
"48223","Hopkins, TX",25516
"48225","Houston, TX",22426
"48227","Howard, TX",25210
"48229","Hudspeth, TX",16534
"48231","Hunt, TX",27412
"48233","Hutchinson, TX",28812
"48235","Irion, TX",35993
"48237","Jack, TX",25688
"48239","Jackson, TX",28204
"48241","Jasper, TX",26816
"48243","Jeff Davis, TX",26299
"48245","Jefferson, TX",30580
"48247","Jim Hogg, TX",25115
"48249","Jim Wells, TX",26569
"48251","Johnson, TX",28893
"48253","Jones, TX",20545
"48255","Karnes, TX",20329
"48257","Kaufman, TX",31957
"48259","Kendall, TX",51596
"48261","Kenedy, TX",29211
"48263","Kent, TX",29586
"48265","Kerr, TX",35024
"48267","Kimble, TX",28640
"48269","King, TX",49944
"48271","Kinney, TX",21934
"48273","Kleberg, TX",25169
"48275","Knox, TX",28333
"48277","Lamar, TX",27113
"48279","Lamb, TX",25005
"48281","Lampasas, TX",35818
"48283","La Salle, TX",19066
"48285","Lavaca, TX",30846
"48287","Lee, TX",29369
"48289","Leon, TX",26146
"48291","Liberty, TX",26428
"48293","Limestone, TX",23734
"48295","Lipscomb, TX",32515
"48297","Live Oak, TX",25139
"48299","Llano, TX",27659
"48301","Loving, TX",53947
"48303","Lubbock, TX",29324
"48305","Lynn, TX",22704
"48307","McCulloch, TX",24859
"48309","McLennan, TX",28450
"48311","McMullen, TX",34759
"48313","Madison, TX",21540
"48315","Marion, TX",21901
"48317","Martin, TX",27578
"48319","Mason, TX",28131
"48321","Matagorda, TX",26101
"48323","Maverick, TX",17427
"48325","Medina, TX",24874
"48327","Menard, TX",25890
"48329","Midland, TX",64558
"48331","Milam, TX",26687
"48333","Mills, TX",26841
"48335","Mitchell, TX",20214
"48337","Montague, TX",28656
"48339","Montgomery, TX",44555
"48341","Moore, TX",25809
"48343","Morris, TX",30297
"48345","Motley, TX",27892
"48347","Nacogdoches, TX",25310
"48349","Navarro, TX",25240
"48351","Newton, TX",19308
"48353","Nolan, TX",25622
"48355","Nueces, TX",32238
"48357","Ochiltree, TX",36148
"48359","Oldham, TX",31359
"48361","Orange, TX",28300
"48363","Palo Pinto, TX",27264
"48365","Panola, TX",27851
"48367","Parker, TX",35416
"48369","Parmer, TX",26079
"48371","Pecos, TX",19061
"48373","Polk, TX",27993
"48375","Potter, TX",26805
"48377","Presidio, TX",18220
"48379","Rains, TX",24411
"48381","Randall, TX",36329
"48383","Reagan, TX",36047
"48385","Real, TX",20743
"48387","Red River, TX",24384
"48389","Reeves, TX",19057
"48391","Refugio, TX",29081
"48393","Roberts, TX",34740
"48395","Robertson, TX",26219
"48397","Rockwall, TX",43064
"48399","Runnels, TX",24808
"48401","Rusk, TX",25740
"48403","Sabine, TX",26697
"48405","San Augustine, TX",21572
"48407","San Jacinto, TX",22518
"48409","San Patricio, TX",26431
"48411","San Saba, TX",22795
"48413","Schleicher, TX",29159
"48415","Scurry, TX",29813
"48417","Shackelford, TX",55704
"48419","Shelby, TX",25352
"48421","Sherman, TX",32710
"48423","Smith, TX",36130
"48425","Somervell, TX",26181
"48427","Starr, TX",16469
"48429","Stephens, TX",41452
"48431","Sterling, TX",31022
"48433","Stonewall, TX",31580
"48435","Sutton, TX",38674
"48437","Swisher, TX",27407
"48439","Tarrant, TX",38704
"48441","Taylor, TX",31850
"48443","Terrell, TX",33697
"48445","Terry, TX",26090
"48447","Throckmorton, TX",37351
"48449","Titus, TX",25780
"48451","Tom Green, TX",31852
"48453","Travis, TX",42293
"48455","Trinity, TX",23220
"48457","Tyler, TX",22939
"48459","Upshur, TX",24566
"48461","Upton, TX",31040
"48463","Uvalde, TX",24147
"48465","Val Verde, TX",24794
"48467","Van Zandt, TX",26433
"48469","Victoria, TX",35026
"48471","Walker, TX",19141
"48473","Waller, TX",29073
"48475","Ward, TX",27325
"48477","Washington, TX",37242
"48479","Webb, TX",22540
"48481","Wharton, TX",29244
"48483","Wheeler, TX",32520
"48485","Wichita, TX",33962
"48487","Wilbarger, TX",29773
"48489","Willacy, TX",16089
"48491","Williamson, TX",33866
"48493","Wilson, TX",28327
"48495","Winkler, TX",29084
"48497","Wise, TX",29790
"48499","Wood, TX",25168
"48501","Yoakum, TX",32419
"48503","Young, TX",36085
"48505","Zapata, TX",20887
"48507","Zavala, TX",16026
"49001","Beaver, UT",22181
"49003","Box Elder, UT",25401
"49005","Cache, UT",24470
"49007","Carbon, UT",27683
"49009","Daggett, UT",26265
"49011","Davis, UT",33020
"49013","Duchesne, UT",27328
"49015","Emery, UT",26167
"49017","Garfield, UT",23490
"49019","Grand, UT",29888
"49021","Iron, UT",21597
"49023","Juab, UT",23746
"49025","Kane, UT",27931
"49027","Millard, UT",22911
"49029","Morgan, UT",31467
"49031","Piute, UT",19190
"49033","Rich, UT",26574
"49035","Salt Lake, UT",35619
"49037","San Juan, UT",18083
"49039","Sanpete, UT",18661
"49041","Sevier, UT",22412
"49043","Summit, UT",66417
"49045","Tooele, UT",27144
"49047","Uintah, UT",29972
"49049","Utah, UT",26024
"49051","Wasatch, UT",28723
"49053","Washington, UT",25278
"49055","Wayne, UT",22232
"49057","Weber, UT",30323
"50001","Addison, VT",34350
"50003","Bennington, VT",37962
"50005","Caledonia, VT",28124
"50007","Chittenden, VT",42234
"50009","Essex, VT",26305
"50011","Franklin, VT",30257
"50013","Grand Isle, VT",40702
"50015","Lamoille, VT",39254
"50017","Orange, VT",32240
"50019","Orleans, VT",28934
"50021","Rutland, VT",36124
"50023","Washington, VT",38242
"50025","Windham, VT",35806
"50027","Windsor, VT",40576
"51001","Accomack, VA",27868
"51007","Amelia, VA",32840
"51009","Amherst, VA",27194
"51011","Appomattox, VA",27949
"51013","Arlington, VA",74413
"51017","Bath, VA",34993
"51019","Bedford, VA*",33565
"51021","Bland, VA",23240
"51023","Botetourt, VA",37663
"51025","Brunswick, VA",22956
"51027","Buchanan, VA",25344
"51029","Buckingham, VA",20915
"51033","Caroline, VA",30402
"51036","Charles City, VA",34613
"51037","Charlotte, VA",23215
"51041","Chesterfield, VA",41572
"51043","Clarke, VA",45205
"51045","Craig, VA",25522
"51047","Culpeper, VA",33881
"51049","Cumberland, VA",25496
"51051","Dickenson, VA",22278
"51057","Essex, VA",30656
"51061","Fauquier, VA",54165
"51063","Floyd, VA",26803
"51065","Fluvanna, VA",32197
"51067","Franklin, VA",30554
"51071","Giles, VA",27798
"51073","Gloucester, VA",37086
"51075","Goochland, VA",66635
"51077","Grayson, VA",24782
"51079","Greene, VA",27361
"51083","Halifax, VA",25464
"51085","Hanover, VA",41659
"51087","Henrico, VA",45880
"51091","Highland, VA",27925
"51093","Isle of Wight, VA",41619
"51097","King and Queen, VA",29343
"51099","King George, VA",40791
"51101","King William, VA",36653
"51103","Lancaster, VA",43601
"51105","Lee, VA",22526
"51107","Loudoun, VA",55544
"51109","Louisa, VA",33428
"51111","Lunenburg, VA",23209
"51113","Madison, VA",29478
"51115","Mathews, VA",42136
"51117","Mecklenburg, VA",25015
"51119","Middlesex, VA",34971
"51125","Nelson, VA",33916
"51127","New Kent, VA",38873
"51131","Northampton, VA",32890
"51133","Northumberland, VA",33614
"51135","Nottoway, VA",26912
"51137","Orange, VA",35984
"51139","Page, VA",26845
"51141","Patrick, VA",22470
"51145","Powhatan, VA",36686
"51147","Prince Edward, VA",22164
"51155","Pulaski, VA",30063
"51157","Rappahannock, VA",45028
"51159","Richmond, VA",23889
"51167","Russell, VA",25088
"51169","Scott, VA",24726
"51171","Shenandoah, VA",31187
"51173","Smyth, VA",26259
"51179","Stafford, VA",39915
"51181","Surry, VA",28935
"51183","Sussex, VA",24257
"51185","Tazewell, VA",28223
"51187","Warren, VA",33492
"51193","Westmoreland, VA",30552
"51197","Wythe, VA",26472
"51510","Alexandria (Independent City), VA",73848
"51550","Chesapeake (Independent City), VA",38200
"51650","Hampton (Independent City), VA",32585
"51700","Newport News (Independent City), VA",30254
"51710","Norfolk (Independent City), VA",35690
"51740","Portsmouth (Independent City), VA",30095
"51760","Richmond (Independent City), VA",44473
"51770","Roanoke (Independent City), VA",31336
"51800","Suffolk (Independent City), VA",36664
"51810","Virginia Beach (Independent City), VA",42731
"51901","Albemarle + Charlottesville, VA*",48153
"51903","Alleghany + Covington, VA*",28379
"51907","Augusta, Staunton + Waynesboro, VA*",30785
"51911","Campbell + Lynchburg, VA*",29279
"51913","Carroll + Galax, VA*",25343
"51918","Dinwiddie, Colonial Heights + Petersburg, VA*",30975
"51919","Fairfax, Fairfax City + Falls Church, VA*",66365
"51921","Frederick + Winchester, VA*",37028
"51923","Greensville + Emporia, VA*",23105
"51929","Henry + Martinsville, VA*",28337
"51931","James City + Williamsburg, VA*",47526
"51933","Montgomery + Radford, VA*",26062
"51939","Pittsylvania + Danville, VA*",25665
"51941","Prince George + Hopewell, VA*",29082
"51942","Prince William, Manassas + Manassas Park, VA*",44439
"51944","Roanoke + Salem, VA*",39344
"51945","Rockbridge, Buena Vista + Lexington, VA*",29691
"51947","Rockingham + Harrisonburg, VA*",28317
"51949","Southampton + Franklin, VA*",28957
"51951","Spotsylvania + Fredericksburg, VA*",38906
"51953","Washington + Bristol, VA*",33092
"51955","Wise + Norton, VA*",25600
"51958","York + Poquoson, VA*",43561
"53001","Adams, WA",26265
"53003","Asotin, WA",31045
"53005","Benton, WA",32759
"53007","Chelan, WA",31515
"53009","Clallam, WA",31141
"53011","Clark, WA",35550
"53013","Columbia, WA",31278
"53015","Cowlitz, WA",28407
"53017","Douglas, WA",26239
"53019","Ferry, WA",20142
"53021","Franklin, WA",24901
"53023","Garfield, WA",27661
"53025","Grant, WA",24447
"53027","Grays Harbor, WA",27529
"53029","Island, WA",37870
"53031","Jefferson, WA",37192
"53033","King, WA",57454
"53035","Kitsap, WA",39894
"53037","Kittitas, WA",29079
"53039","Klickitat, WA",28294
"53041","Lewis, WA",28722
"53043","Lincoln, WA",26851
"53045","Mason, WA",29431
"53047","Okanogan, WA",26594
"53049","Pacific, WA",27849
"53051","Pend Oreille, WA",24150
"53053","Pierce, WA",35500
"53055","San Juan, WA",53117
"53057","Skagit, WA",35037
"53059","Skamania, WA",29784
"53061","Snohomish, WA",37165
"53063","Spokane, WA",31723
"53065","Stevens, WA",25065
"53067","Thurston, WA",37452
"53069","Wahkiakum, WA",26972
"53071","Walla Walla, WA",29039
"53073","Whatcom, WA",32811
"53075","Whitman, WA",24384
"53077","Yakima, WA",26639
"54001","Barbour, WV",22309
"54003","Berkeley, WV",30050
"54005","Boone, WV",24492
"54007","Braxton, WV",21435
"54009","Brooke, WV",26842
"54011","Cabell, WV",29740
"54013","Calhoun, WV",19852
"54015","Clay, WV",20612
"54017","Doddridge, WV",15635
"54019","Fayette, WV",23218
"54021","Gilmer, WV",18822
"54023","Grant, WV",21998
"54025","Greenbrier, WV",27456
"54027","Hampshire, WV",23533
"54029","Hancock, WV",27135
"54031","Hardy, WV",23248
"54033","Harrison, WV",34077
"54035","Jackson, WV",24691
"54037","Jefferson, WV",37090
"54039","Kanawha, WV",35738
"54041","Lewis, WV",24218
"54043","Lincoln, WV",21506
"54045","Logan, WV",26690
"54047","McDowell, WV",19120
"54049","Marion, WV",29294
"54051","Marshall, WV",25200
"54053","Mason, WV",24511
"54055","Mercer, WV",27747
"54057","Mineral, WV",26414
"54059","Mingo, WV",25455
"54061","Monongalia, WV",30567
"54063","Monroe, WV",21951
"54065","Morgan, WV",26431
"54067","Nicholas, WV",24797
"54069","Ohio, WV",42657
"54071","Pendleton, WV",26033
"54073","Pleasants, WV",26720
"54075","Pocahontas, WV",25237
"54077","Preston, WV",25882
"54079","Putnam, WV",31463
"54081","Raleigh, WV",28871
"54083","Randolph, WV",26645
"54085","Ritchie, WV",24067
"54087","Roane, WV",22006
"54089","Summers, WV",20490
"54091","Taylor, WV",23890
"54093","Tucker, WV",24587
"54095","Tyler, WV",21721
"54097","Upshur, WV",24436
"54099","Wayne, WV",22122
"54101","Webster, WV",21140
"54103","Wetzel, WV",23685
"54105","Wirt, WV",19552
"54107","Wood, WV",29998
"54109","Wyoming, WV",22725
"55001","Adams, WI",25913
"55003","Ashland, WI",26909
"55005","Barron, WI",29913
"55007","Bayfield, WI",30994
"55009","Brown, WI",37234
"55011","Buffalo, WI",33157
"55013","Burnett, WI",27039
"55015","Calumet, WI",36202
"55017","Chippewa, WI",30137
"55019","Clark, WI",25259
"55021","Columbia, WI",35924
"55023","Crawford, WI",26164
"55025","Dane, WI",43356
"55027","Dodge, WI",29738
"55029","Door, WI",38690
"55031","Douglas, WI",28302
"55033","Dunn, WI",27216
"55035","Eau Claire, WI",32944
"55037","Florence, WI",31686
"55039","Fond du Lac, WI",33225
"55041","Forest, WI",24281
"55043","Grant, WI",28246
"55045","Green, WI",36507
"55047","Green Lake, WI",33111
"55049","Iowa, WI",31043
"55051","Iron, WI",28853
"55053","Jackson, WI",30027
"55055","Jefferson, WI",32563
"55057","Juneau, WI",26100
"55059","Kenosha, WI",33692
"55061","Kewaunee, WI",31139
"55063","La Crosse, WI",33557
"55065","Lafayette, WI",26724
"55067","Langlade, WI",28362
"55069","Lincoln, WI",30944
"55071","Manitowoc, WI",32727
"55073","Marathon, WI",35651
"55075","Marinette, WI",29257
"55077","Marquette, WI",27140
"55078","Menominee, WI*",19504
"55079","Milwaukee, WI",35292
"55081","Monroe, WI",27624
"55083","Oconto, WI",29009
"55085","Oneida, WI",33301
"55087","Outagamie, WI",36022
"55089","Ozaukee, WI",60862
"55091","Pepin, WI",31012
"55093","Pierce, WI",31609
"55095","Polk, WI",29631
"55097","Portage, WI",30668
"55099","Price, WI",30442
"55101","Racine, WI",35558
"55103","Richland, WI",26011
"55105","Rock, WI",31724
"55107","Rusk, WI",24658
"55109","St. Croix, WI",37143
"55111","Sauk, WI",33988
"55113","Sawyer, WI",30768
"55115","Shawano, WI*",27717
"55117","Sheboygan, WI",35659
"55119","Taylor, WI",27990
"55121","Trempealeau, WI",34793
"55123","Vernon, WI",27629
"55125","Vilas, WI",34650
"55127","Walworth, WI",32656
"55129","Washburn, WI",28538
"55131","Washington, WI",40871
"55133","Waukesha, WI",53652
"55135","Waupaca, WI",32856
"55137","Waushara, WI",28023
"55139","Winnebago, WI",34939
"55141","Wood, WI",34802
"55901","Shawano (includes Menominee), WI","(NA)"
"56001","Albany, WY",29664
"56003","Big Horn, WY",30188
"56005","Campbell, WY",42871
"56007","Carbon, WY",36836
"56009","Converse, WY",35133
"56011","Crook, WY",37872
"56013","Fremont, WY",31677
"56015","Goshen, WY",28555
"56017","Hot Springs, WY",33078
"56019","Johnson, WY",36007
"56021","Laramie, WY",39372
"56023","Lincoln, WY",32816
"56025","Natrona, WY",45529
"56027","Niobrara, WY",34892
"56029","Park, WY",37712
"56031","Platte, WY",30605
"56033","Sheridan, WY",57461
"56035","Sublette, WY",43216
"56037","Sweetwater, WY",41838
"56039","Teton, WY",148679
"56041","Uinta, WY",35148
"56043","Washakie, WY",37227
"56045","Weston, WY",35080
"Legend / Footnotes:"
"2/ Per capita personal income was computed using Census Bureau midyear population estimates. Estimates for 2010-2015 reflect county population estimates available as of March 2016."
"* Cibola, NM was separated from Valencia in June 1981, but in these estimates, Valencia includes Cibola through the end of 1981."
"* La Paz County, AZ was separated from Yuma County on January 1, 1983. The Yuma, AZ MSA contains the area that became La Paz County, AZ through 1982 and excludes it beginning with 1983."
"* Shawano, WI and Menominee, WI are combined as Shawano (incl. Menominee), WI for the years prior to 1989."
"* Broomfield County, CO, was created from parts of Adams, Boulder, Jefferson, and Weld counties effective November 15, 2001. Estimates for Broomfield county begin with 2002."
"* Estimates for 1979 forward reflect Alaska Census Areas as defined by the Census Bureau; those for prior years reflect Alaska Census Divisions as defined in the 1970 Decennial Census. Estimates from 1988 forward separate Aleutian Islands Census Area into Aleutians East Borough and Aleutians West Census Area. Estimates for 1991 forward separate Denali Borough from Yukon-Koyukuk Census Area and Lake and Peninsula Borough from Dillingham Census Area. Estimates from 1993 forward separate Skagway-Yakutat-Angoon Census Area into Skagway-Hoonah-Angoon Census Area and Yakutat Borough. Estimates from 2008 forward separate Skagway-Hoonah-Angoon Census Area into Skagway Municipality and Hoonah-Angoon Census Area. Estimates from 2009 forward separate Wrangell-Petersburg Census Area into Petersburg Census Area and Wrangell City and Borough. In addition, a part of the Prince of Wales-Outer Ketchikan Census Area was annexed by Ketchikan Gateway Borough and part (Meyers Chuck Area) was included in the new Wrangell City and Borough. The remainder of the Prince of Wales-Outer Ketchikan Census Area was renamed Prince of Wales-Hyder Census Area. Petersburg Borough was created from part of former Petersburg Census Area and part of Hoonah-Angoon Census Area for 2013 forward. Prince of Wales-Hyder Census Area added part of the former Petersburg Census Area beginning in 2013. For years 2009-2012, Petersburg Borough reflects the geographic boundaries of the former Petersburg Census Area. Wade Hampton Census Area was renamed Kusilvak Census Area on July 1, 2015."
"* Virginia combination areas consist of one or two independent cities with 1980 populations of less than 100,000 combined with an adjacent county. The county name appears first, followed by the city name(s). Separate estimates for the jurisdictions making up the combination area are not available. Bedford County, VA includes the independent city of Bedford for all years."
"* Shannon County, SD was renamed to Oglala Lakota County, SD on May 1, 2015."
"Note-- All dollar estimates are in current dollars (not adjusted for inflation)."
"(NA) Data not available for this year."
"Last updated: November 17, 2016-- new estimates for 2015; revised estimates for 1998-2014."
