"CA1 Personal Income Summary: Personal Income, Population, Per Capita Personal Income"
"Per capita personal income (dollars) 2/" 
"Bureau of Economic Analysis" 
"County"
"GeoFips","GeoName","2008"
"01001","Autauga, AL",33251
"01003","Baldwin, AL",36313
"01005","Barbour, AL",26147
"01007","Bibb, AL",24311
"01009","Blount, AL",27875
"01011","Bullock, AL",23026
"01013","Butler, AL",27879
"01015","Calhoun, AL",30706
"01017","Chambers, AL",25884
"01019","Cherokee, AL",27491
"01021","Chilton, AL",27472
"01023","Choctaw, AL",24580
"01025","Clarke, AL",26981
"01027","Clay, AL",28243
"01029","Cleburne, AL",26824
"01031","Coffee, AL",33545
"01033","Colbert, AL",30597
"01035","Conecuh, AL",25081
"01037","Coosa, AL",26272
"01039","Covington, AL",27963
"01041","Crenshaw, AL",28207
"01043","Cullman, AL",30271
"01045","Dale, AL",31194
"01047","Dallas, AL",27246
"01049","DeKalb, AL",26261
"01051","Elmore, AL",33337
"01053","Escambia, AL",25421
"01055","Etowah, AL",29241
"01057","Fayette, AL",25035
"01059","Franklin, AL",27542
"01061","Geneva, AL",27476
"01063","Greene, AL",26332
"01065","Hale, AL",28562
"01067","Henry, AL",30080
"01069","Houston, AL",34675
"01071","Jackson, AL",29332
"01073","Jefferson, AL",42313
"01075","Lamar, AL",25360
"01077","Lauderdale, AL",30024
"01079","Lawrence, AL",26520
"01081","Lee, AL",29850
"01083","Limestone, AL",33189
"01085","Lowndes, AL",28175
"01087","Macon, AL",23898
"01089","Madison, AL",41095
"01091","Marengo, AL",29622
"01093","Marion, AL",25452
"01095","Marshall, AL",29035
"01097","Mobile, AL",31383
"01099","Monroe, AL",27267
"01101","Montgomery, AL",36024
"01103","Morgan, AL",31832
"01105","Perry, AL",25187
"01107","Pickens, AL",27812
"01109","Pike, AL",29570
"01111","Randolph, AL",27619
"01113","Russell, AL",26375
"01115","St. Clair, AL",30627
"01117","Shelby, AL",44396
"01119","Sumter, AL",24093
"01121","Talladega, AL",26556
"01123","Tallapoosa, AL",31548
"01125","Tuscaloosa, AL",32436
"01127","Walker, AL",32734
"01129","Washington, AL",28431
"01131","Wilcox, AL",23152
"01133","Winston, AL",27477
"02010","Aleutian Islands Census Area, AK*","(NA)"
"02013","Aleutians East Borough, AK*",36273
"02016","Aleutians West Census Area, AK*",41105
"02020","Anchorage Municipality, AK",55137
"02050","Bethel Census Area, AK*",30434
"02060","Bristol Bay Borough, AK",53480
"02068","Denali Borough, AK*",53370
"02070","Dillingham Census Area, AK*",38167
"02090","Fairbanks North Star Borough, AK",45460
"02100","Haines Borough, AK",38408
"02105","Hoonah-Angoon Census Area, AK*",37676
"02110","Juneau City and Borough, AK",52307
"02122","Kenai Peninsula Borough, AK",42406
"02130","Ketchikan Gateway Borough, AK*",52100
"02150","Kodiak Island Borough, AK",46244
"02158","Kusilvak Census Area, AK*",23034
"02164","Lake and Peninsula Borough, AK*",40422
"02170","Matanuska-Susitna Borough, AK",41062
"02180","Nome Census Area, AK*",37104
"02185","North Slope Borough, AK",29753
"02188","Northwest Arctic Borough, AK",35044
"02195","Petersburg Borough, AK*","(NA)"
"02198","Prince of Wales-Hyder Census Area, AK*","(NA)"
"02201","Prince of Wales-Outer Ketchikan Census Area, AK*",32334
"02220","Sitka City and Borough, AK",47921
"02230","Skagway Municipality, AK*",70792
"02231","Skagway-Yakutat-Angoon Census Area, AK*","(NA)"
"02232","Skagway-Hoonah-Angoon Census Area, AK*","(NA)"
"02240","Southeast Fairbanks Census Area, AK*",36971
"02261","Valdez-Cordova Census Area, AK*",49978
"02275","Wrangell City and Borough, AK*","(NA)"
"02280","Wrangell-Petersburg Census Area, AK*",45850
"02282","Yakutat City and Borough, AK*",48533
"02290","Yukon-Koyukuk Census Area, AK*",37173
"02901","Aleutian Islands Division, AK*","(NA)"
"02903","Angoon Division, AK*","(NA)"
"02904","Barrow-North Slope Division, AK*","(NA)"
"02905","Bethel Division, AK*","(NA)"
"02907","Bristol Bay Division, AK*","(NA)"
"02908","Cordova-McCarthy Division, AK*","(NA)"
"02910","Haines Division, AK*","(NA)"
"02912","Kenai-Cook Inlet Division, AK*","(NA)"
"02916","Kuskokwim Division, AK*","(NA)"
"02919","Outer Ketchikan Division, AK*","(NA)"
"02920","Prince of Wales Division, AK*","(NA)"
"02921","Seward Division, AK*","(NA)"
"02922","Sitka Division, AK*","(NA)"
"02923","Skagway-Yakutat Division, AK*","(NA)"
"02924","Southeast Fairbanks Division, AK*","(NA)"
"02925","Upper Yukon Division, AK*","(NA)"
"02926","Valdez-Chitina-Whittier Division, AK*","(NA)"
"02928","Wrangell-Petersburg Division, AK*","(NA)"
"02929","Yukon-Koyukuk Division, AK*","(NA)"
"04001","Apache, AZ",24533
"04003","Cochise, AZ",33016
"04005","Coconino, AZ",35871
"04007","Gila, AZ",30250
"04009","Graham, AZ",25743
"04011","Greenlee, AZ",31261
"04012","La Paz, AZ*",26780
"04013","Maricopa, AZ",38627
"04015","Mohave, AZ",26046
"04017","Navajo, AZ",24002
"04019","Pima, AZ",36247
"04021","Pinal, AZ",26167
"04023","Santa Cruz, AZ",28797
"04025","Yavapai, AZ",30781
"04027","Yuma, AZ*",26647
"05001","Arkansas, AR",33557
"05003","Ashley, AR",27396
"05005","Baxter, AR",29831
"05007","Benton, AR",53527
"05009","Boone, AR",27579
"05011","Bradley, AR",25724
"05013","Calhoun, AR",24476
"05015","Carroll, AR",26039
"05017","Chicot, AR",26725
"05019","Clark, AR",26343
"05021","Clay, AR",28408
"05023","Cleburne, AR",29092
"05025","Cleveland, AR",29148
"05027","Columbia, AR",30237
"05029","Conway, AR",29015
"05031","Craighead, AR",28862
"05033","Crawford, AR",26282
"05035","Crittenden, AR",28604
"05037","Cross, AR",27608
"05039","Dallas, AR",26489
"05041","Desha, AR",29695
"05043","Drew, AR",28676
"05045","Faulkner, AR",30113
"05047","Franklin, AR",25756
"05049","Fulton, AR",21324
"05051","Garland, AR",31646
"05053","Grant, AR",28563
"05055","Greene, AR",26282
"05057","Hempstead, AR",24615
"05059","Hot Spring, AR",24750
"05061","Howard, AR",26598
"05063","Independence, AR",28920
"05065","Izard, AR",24165
"05067","Jackson, AR",25949
"05069","Jefferson, AR",27249
"05071","Johnson, AR",23309
"05073","Lafayette, AR",26834
"05075","Lawrence, AR",24897
"05077","Lee, AR",24326
"05079","Lincoln, AR",20515
"05081","Little River, AR",28413
"05083","Logan, AR",27720
"05085","Lonoke, AR",31520
"05087","Madison, AR",24811
"05089","Marion, AR",23234
"05091","Miller, AR",27680
"05093","Mississippi, AR",27231
"05095","Monroe, AR",26257
"05097","Montgomery, AR",23219
"05099","Nevada, AR",26379
"05101","Newton, AR",21979
"05103","Ouachita, AR",28317
"05105","Perry, AR",27016
"05107","Phillips, AR",26326
"05109","Pike, AR",26353
"05111","Poinsett, AR",27825
"05113","Polk, AR",24194
"05115","Pope, AR",28487
"05117","Prairie, AR",28630
"05119","Pulaski, AR",42491
"05121","Randolph, AR",24551
"05123","St. Francis, AR",22078
"05125","Saline, AR",32731
"05127","Scott, AR",22338
"05129","Searcy, AR",23771
"05131","Sebastian, AR",33797
"05133","Sevier, AR",24159
"05135","Sharp, AR",25784
"05137","Stone, AR",23667
"05139","Union, AR",42159
"05141","Van Buren, AR",23663
"05143","Washington, AR",28650
"05145","White, AR",28622
"05147","Woodruff, AR",28532
"05149","Yell, AR",24862
"06001","Alameda, CA",48952
"06003","Alpine, CA",39772
"06005","Amador, CA",34343
"06007","Butte, CA",32328
"06009","Calaveras, CA",36581
"06011","Colusa, CA",39157
"06013","Contra Costa, CA",60068
"06015","Del Norte, CA",26238
"06017","El Dorado, CA",48909
"06019","Fresno, CA",31249
"06021","Glenn, CA",30824
"06023","Humboldt, CA",31516
"06025","Imperial, CA",28139
"06027","Inyo, CA",43266
"06029","Kern, CA",29745
"06031","Kings, CA",25930
"06033","Lake, CA",29755
"06035","Lassen, CA",26698
"06037","Los Angeles, CA",43715
"06039","Madera, CA",27340
"06041","Marin, CA",91188
"06043","Mariposa, CA",34602
"06045","Mendocino, CA",35618
"06047","Merced, CA",27569
"06049","Modoc, CA",33236
"06051","Mono, CA",39729
"06053","Monterey, CA",41467
"06055","Napa, CA",48586
"06057","Nevada, CA",45122
"06059","Orange, CA",50207
"06061","Placer, CA",49016
"06063","Plumas, CA",37985
"06065","Riverside, CA",31932
"06067","Sacramento, CA",39280
"06069","San Benito, CA",37349
"06071","San Bernardino, CA",30089
"06073","San Diego, CA",45383
"06075","San Francisco, CA",76365
"06077","San Joaquin, CA",32434
"06079","San Luis Obispo, CA",40080
"06081","San Mateo, CA",77329
"06083","Santa Barbara, CA",46237
"06085","Santa Clara, CA",61637
"06087","Santa Cruz, CA",47585
"06089","Shasta, CA",33269
"06091","Sierra, CA",29767
"06093","Siskiyou, CA",32074
"06095","Solano, CA",38341
"06097","Sonoma, CA",43978
"06099","Stanislaus, CA",31344
"06101","Sutter, CA",34438
"06103","Tehama, CA",27416
"06105","Trinity, CA",26760
"06107","Tulare, CA",28823
"06109","Tuolumne, CA",32898
"06111","Ventura, CA",46569
"06113","Yolo, CA",40304
"06115","Yuba, CA",30307
"08001","Adams, CO*",31887
"08003","Alamosa, CO",28905
"08005","Arapahoe, CO",44223
"08007","Archuleta, CO",31891
"08009","Baca, CO",32929
"08011","Bent, CO",23224
"08013","Boulder, CO*",49731
"08014","Broomfield, CO*",73392
"08015","Chaffee, CO",30445
"08017","Cheyenne, CO",42264
"08019","Clear Creek, CO",45023
"08021","Conejos, CO",22860
"08023","Costilla, CO",23977
"08025","Crowley, CO",17777
"08027","Custer, CO",32738
"08029","Delta, CO",29225
"08031","Denver, CO",55575
"08033","Dolores, CO",23787
"08035","Douglas, CO",56785
"08037","Eagle, CO",56950
"08039","Elbert, CO",43732
"08041","El Paso, CO",37484
"08043","Fremont, CO",25103
"08045","Garfield, CO",44490
"08047","Gilpin, CO",39894
"08049","Grand, CO",32942
"08051","Gunnison, CO",35736
"08053","Hinsdale, CO",31555
"08055","Huerfano, CO",28363
"08057","Jackson, CO",33649
"08059","Jefferson, CO*",44874
"08061","Kiowa, CO",37240
"08063","Kit Carson, CO",31690
"08065","Lake, CO",29011
"08067","La Plata, CO",44007
"08069","Larimer, CO",38020
"08071","Las Animas, CO",29333
"08073","Lincoln, CO",24980
"08075","Logan, CO",37980
"08077","Mesa, CO",38324
"08079","Mineral, CO",37779
"08081","Moffat, CO",34637
"08083","Montezuma, CO",31205
"08085","Montrose, CO",31499
"08087","Morgan, CO",28763
"08089","Otero, CO",27853
"08091","Ouray, CO",44453
"08093","Park, CO",32332
"08095","Phillips, CO",33872
"08097","Pitkin, CO",122125
"08099","Prowers, CO",29405
"08101","Pueblo, CO",28540
"08103","Rio Blanco, CO",40927
"08105","Rio Grande, CO",31850
"08107","Routt, CO",52467
"08109","Saguache, CO",26267
"08111","San Juan, CO",44382
"08113","San Miguel, CO",53668
"08115","Sedgwick, CO",40716
"08117","Summit, CO",47202
"08119","Teller, CO",38038
"08121","Washington, CO",29315
"08123","Weld, CO*",33860
"08125","Yuma, CO",40455
"09001","Fairfield, CT",99442
"09003","Hartford, CT",51047
"09005","Litchfield, CT",51224
"09007","Middlesex, CT",54100
"09009","New Haven, CT",45903
"09011","New London, CT",46656
"09013","Tolland, CT",45027
"09015","Windham, CT",37041
"10001","Kent, DE",34004
"10003","New Castle, DE",45396
"10005","Sussex, DE",38358
"11001","District of Columbia, DC",62103
"12001","Alachua, FL",35791
"12003","Baker, FL",25412
"12005","Bay, FL",36992
"12007","Bradford, FL",22664
"12009","Brevard, FL",37307
"12011","Broward, FL",41109
"12013","Calhoun, FL",21819
"12015","Charlotte, FL",33569
"12017","Citrus, FL",30436
"12019","Clay, FL",35141
"12021","Collier, FL",69784
"12023","Columbia, FL",26987
"12027","DeSoto, FL",20614
"12029","Dixie, FL",20530
"12031","Duval, FL",37688
"12033","Escambia, FL",33721
"12035","Flagler, FL",34604
"12037","Franklin, FL",29190
"12039","Gadsden, FL",27869
"12041","Gilchrist, FL",24321
"12043","Glades, FL",19220
"12045","Gulf, FL",25469
"12047","Hamilton, FL",20420
"12049","Hardee, FL",22104
"12051","Hendry, FL",23484
"12053","Hernando, FL",30334
"12055","Highlands, FL",27841
"12057","Hillsborough, FL",38574
"12059","Holmes, FL",22946
"12061","Indian River, FL",62533
"12063","Jackson, FL",26330
"12065","Jefferson, FL",31632
"12067","Lafayette, FL",19407
"12069","Lake, FL",33802
"12071","Lee, FL",41576
"12073","Leon, FL",35592
"12075","Levy, FL",26588
"12077","Liberty, FL",25457
"12079","Madison, FL",23394
"12081","Manatee, FL",38646
"12083","Marion, FL",30369
"12085","Martin, FL",62124
"12086","Miami-Dade, FL",38680
"12087","Monroe, FL",68109
"12089","Nassau, FL",44796
"12091","Okaloosa, FL",41134
"12093","Okeechobee, FL",24669
"12095","Orange, FL",34757
"12097","Osceola, FL",25166
"12099","Palm Beach, FL",61489
"12101","Pasco, FL",31941
"12103","Pinellas, FL",41388
"12105","Polk, FL",30352
"12107","Putnam, FL",25651
"12109","St. Johns, FL",55485
"12111","St. Lucie, FL",31566
"12113","Santa Rosa, FL",36590
"12115","Sarasota, FL",50219
"12117","Seminole, FL",39131
"12119","Sumter, FL",28478
"12121","Suwannee, FL",27431
"12123","Taylor, FL",25454
"12125","Union, FL",15478
"12127","Volusia, FL",33964
"12129","Wakulla, FL",29941
"12131","Walton, FL",37914
"12133","Washington, FL",24280
"13001","Appling, GA",23881
"13003","Atkinson, GA",23031
"13005","Bacon, GA",23626
"13007","Baker, GA",28640
"13009","Baldwin, GA",25167
"13011","Banks, GA",27574
"13013","Barrow, GA",27944
"13015","Bartow, GA",28591
"13017","Ben Hill, GA",24212
"13019","Berrien, GA",25848
"13021","Bibb, GA",33360
"13023","Bleckley, GA",28762
"13025","Brantley, GA",22215
"13027","Brooks, GA",28249
"13029","Bryan, GA",42032
"13031","Bulloch, GA",26010
"13033","Burke, GA",25794
"13035","Butts, GA",25169
"13037","Calhoun, GA",22499
"13039","Camden, GA",29444
"13043","Candler, GA",25035
"13045","Carroll, GA",29639
"13047","Catoosa, GA",27975
"13049","Charlton, GA",21092
"13051","Chatham, GA",37802
"13053","Chattahoochee, GA",27473
"13055","Chattooga, GA",23135
"13057","Cherokee, GA",37646
"13059","Clarke, GA",25368
"13061","Clay, GA",26089
"13063","Clayton, GA",23859
"13065","Clinch, GA",22224
"13067","Cobb, GA",43644
"13069","Coffee, GA",24864
"13071","Colquitt, GA",26642
"13073","Columbia, GA",40028
"13075","Cook, GA",24906
"13077","Coweta, GA",36611
"13079","Crawford, GA",25305
"13081","Crisp, GA",23434
"13083","Dade, GA",25410
"13085","Dawson, GA",32001
"13087","Decatur, GA",28538
"13089","DeKalb, GA",37702
"13091","Dodge, GA",24652
"13093","Dooly, GA",21318
"13095","Dougherty, GA",28053
"13097","Douglas, GA",29857
"13099","Early, GA",29384
"13101","Echols, GA",21157
"13103","Effingham, GA",32698
"13105","Elbert, GA",27044
"13107","Emanuel, GA",24821
"13109","Evans, GA",26530
"13111","Fannin, GA",26195
"13113","Fayette, GA",46589
"13115","Floyd, GA",30002
"13117","Forsyth, GA",47442
"13119","Franklin, GA",27761
"13121","Fulton, GA",63626
"13123","Gilmer, GA",26722
"13125","Glascock, GA",23924
"13127","Glynn, GA",37340
"13129","Gordon, GA",27020
"13131","Grady, GA",26251
"13133","Greene, GA",34910
"13135","Gwinnett, GA",33696
"13137","Habersham, GA",26970
"13139","Hall, GA",30926
"13141","Hancock, GA",20452
"13143","Haralson, GA",27144
"13145","Harris, GA",37288
"13147","Hart, GA",27941
"13149","Heard, GA",23315
"13151","Henry, GA",32121
"13153","Houston, GA",35961
"13155","Irwin, GA",25541
"13157","Jackson, GA",29572
"13159","Jasper, GA",28796
"13161","Jeff Davis, GA",23946
"13163","Jefferson, GA",25586
"13165","Jenkins, GA",25020
"13167","Johnson, GA",19244
"13169","Jones, GA",28710
"13171","Lamar, GA",25666
"13173","Lanier, GA",20632
"13175","Laurens, GA",29522
"13177","Lee, GA",35005
"13179","Liberty, GA",28398
"13181","Lincoln, GA",26118
"13183","Long, GA",22272
"13185","Lowndes, GA",29457
"13187","Lumpkin, GA",27277
"13189","McDuffie, GA",27289
"13191","McIntosh, GA",22753
"13193","Macon, GA",21985
"13195","Madison, GA",27508
"13197","Marion, GA",22015
"13199","Meriwether, GA",25973
"13201","Miller, GA",30295
"13205","Mitchell, GA",26094
"13207","Monroe, GA",33133
"13209","Montgomery, GA",24055
"13211","Morgan, GA",35796
"13213","Murray, GA",22613
"13215","Muscogee, GA",35179
"13217","Newton, GA",27110
"13219","Oconee, GA",47318
"13221","Oglethorpe, GA",28539
"13223","Paulding, GA",29666
"13225","Peach, GA",28668
"13227","Pickens, GA",34725
"13229","Pierce, GA",27326
"13231","Pike, GA",29129
"13233","Polk, GA",25759
"13235","Pulaski, GA",23322
"13237","Putnam, GA",31541
"13239","Quitman, GA",21839
"13241","Rabun, GA",29758
"13243","Randolph, GA",25943
"13245","Richmond, GA",28920
"13247","Rockdale, GA",29854
"13249","Schley, GA",26078
"13251","Screven, GA",23388
"13253","Seminole, GA",28089
"13255","Spalding, GA",26678
"13257","Stephens, GA",27280
"13259","Stewart, GA",18852
"13261","Sumter, GA",27009
"13263","Talbot, GA",24424
"13265","Taliaferro, GA",20607
"13267","Tattnall, GA",25990
"13269","Taylor, GA",22515
"13271","Telfair, GA",16935
"13273","Terrell, GA",29894
"13275","Thomas, GA",32380
"13277","Tift, GA",28117
"13279","Toombs, GA",27754
"13281","Towns, GA",28402
"13283","Treutlen, GA",23478
"13285","Troup, GA",29614
"13287","Turner, GA",25615
"13289","Twiggs, GA",25096
"13291","Union, GA",29663
"13293","Upson, GA",26473
"13295","Walker, GA",25562
"13297","Walton, GA",30227
"13299","Ware, GA",26065
"13301","Warren, GA",24544
"13303","Washington, GA",26904
"13305","Wayne, GA",27106
"13307","Webster, GA",22097
"13309","Wheeler, GA",14784
"13311","White, GA",26821
"13313","Whitfield, GA",27673
"13315","Wilcox, GA",21680
"13317","Wilkes, GA",25306
"13319","Wilkinson, GA",25390
"13321","Worth, GA",26909
"15001","Hawaii, HI",32454
"15003","Honolulu, HI",45085
"15007","Kauai, HI",36940
"15901","Maui + Kalawao, HI",37255
"16001","Ada, ID",40085
"16003","Adams, ID",28766
"16005","Bannock, ID",29362
"16007","Bear Lake, ID",28023
"16009","Benewah, ID",27236
"16011","Bingham, ID",29036
"16013","Blaine, ID",77245
"16015","Boise, ID",30379
"16017","Bonner, ID",30475
"16019","Bonneville, ID",36535
"16021","Boundary, ID",25501
"16023","Butte, ID",31455
"16025","Camas, ID",30466
"16027","Canyon, ID",25388
"16029","Caribou, ID",34155
"16031","Cassia, ID",32640
"16033","Clark, ID",27302
"16035","Clearwater, ID",28081
"16037","Custer, ID",33783
"16039","Elmore, ID",28917
"16041","Franklin, ID",25334
"16043","Fremont (includes Yellowstone Park), ID",25315
"16045","Gem, ID",27569
"16047","Gooding, ID",36561
"16049","Idaho, ID",26347
"16051","Jefferson, ID",29334
"16053","Jerome, ID",29775
"16055","Kootenai, ID",32759
"16057","Latah, ID",31246
"16059","Lemhi, ID",29423
"16061","Lewis, ID",40492
"16063","Lincoln, ID",32319
"16065","Madison, ID",18219
"16067","Minidoka, ID",29564
"16069","Nez Perce, ID",34188
"16071","Oneida, ID",30107
"16073","Owyhee, ID",25246
"16075","Payette, ID",30187
"16077","Power, ID",30495
"16079","Shoshone, ID",28490
"16081","Teton, ID",29856
"16083","Twin Falls, ID",30588
"16085","Valley, ID",35566
"16087","Washington, ID",29473
"17001","Adams, IL",35180
"17003","Alexander, IL",23428
"17005","Bond, IL",28812
"17007","Boone, IL",35417
"17009","Brown, IL",21916
"17011","Bureau, IL",34432
"17013","Calhoun, IL",33539
"17015","Carroll, IL",34867
"17017","Cass, IL",31422
"17019","Champaign, IL",35181
"17021","Christian, IL",32648
"17023","Clark, IL",33148
"17025","Clay, IL",31699
"17027","Clinton, IL",36224
"17029","Coles, IL",30074
"17031","Cook, IL",47176
"17033","Crawford, IL",36492
"17035","Cumberland, IL",32129
"17037","DeKalb, IL",31172
"17039","De Witt, IL",35736
"17041","Douglas, IL",37228
"17043","DuPage, IL",54820
"17045","Edgar, IL",33908
"17047","Edwards, IL",30463
"17049","Effingham, IL",34940
"17051","Fayette, IL",26907
"17053","Ford, IL",39229
"17055","Franklin, IL",27965
"17057","Fulton, IL",30911
"17059","Gallatin, IL",30330
"17061","Greene, IL",29620
"17063","Grundy, IL",42380
"17065","Hamilton, IL",30982
"17067","Hancock, IL",35248
"17069","Hardin, IL",24949
"17071","Henderson, IL",32445
"17073","Henry, IL",36010
"17075","Iroquois, IL",37192
"17077","Jackson, IL",28618
"17079","Jasper, IL",32507
"17081","Jefferson, IL",30701
"17083","Jersey, IL",32853
"17085","Jo Daviess, IL",37471
"17087","Johnson, IL",21761
"17089","Kane, IL",39323
"17091","Kankakee, IL",32684
"17093","Kendall, IL",40320
"17095","Knox, IL",32476
"17097","Lake, IL",60421
"17099","LaSalle, IL",34187
"17101","Lawrence, IL",35899
"17103","Lee, IL",31863
"17105","Livingston, IL",35302
"17107","Logan, IL",29251
"17109","McDonough, IL",29397
"17111","McHenry, IL",43016
"17113","McLean, IL",39520
"17115","Macon, IL",38248
"17117","Macoupin, IL",32339
"17119","Madison, IL",36250
"17121","Marion, IL",32086
"17123","Marshall, IL",36156
"17125","Mason, IL",32236
"17127","Massac, IL",28671
"17129","Menard, IL",35935
"17131","Mercer, IL",36427
"17133","Monroe, IL",44141
"17135","Montgomery, IL",28397
"17137","Morgan, IL",31253
"17139","Moultrie, IL",36842
"17141","Ogle, IL",35767
"17143","Peoria, IL",41643
"17145","Perry, IL",25437
"17147","Piatt, IL",41727
"17149","Pike, IL",27546
"17151","Pope, IL",25718
"17153","Pulaski, IL",28720
"17155","Putnam, IL",36631
"17157","Randolph, IL",27881
"17159","Richland, IL",32323
"17161","Rock Island, IL",37910
"17163","St. Clair, IL",36167
"17165","Saline, IL",29911
"17167","Sangamon, IL",36923
"17169","Schuyler, IL",36330
"17171","Scott, IL",31079
"17173","Shelby, IL",32637
"17175","Stark, IL",34606
"17177","Stephenson, IL",33304
"17179","Tazewell, IL",37586
"17181","Union, IL",29256
"17183","Vermilion, IL",30668
"17185","Wabash, IL",33508
"17187","Warren, IL",31864
"17189","Washington, IL",37528
"17191","Wayne, IL",32804
"17193","White, IL",36205
"17195","Whiteside, IL",33759
"17197","Will, IL",40395
"17199","Williamson, IL",33165
"17201","Winnebago, IL",33703
"17203","Woodford, IL",40517
"18001","Adams, IN",28134
"18003","Allen, IN",35738
"18005","Bartholomew, IN",37188
"18007","Benton, IN",37443
"18009","Blackford, IN",30730
"18011","Boone, IN",53861
"18013","Brown, IN",33834
"18015","Carroll, IN",32697
"18017","Cass, IN",30784
"18019","Clark, IN",33561
"18021","Clay, IN",29086
"18023","Clinton, IN",30335
"18025","Crawford, IN",25355
"18027","Daviess, IN",32247
"18029","Dearborn, IN",36614
"18031","Decatur, IN",33067
"18033","DeKalb, IN",31846
"18035","Delaware, IN",28222
"18037","Dubois, IN",41461
"18039","Elkhart, IN",30455
"18041","Fayette, IN",28790
"18043","Floyd, IN",39140
"18045","Fountain, IN",32030
"18047","Franklin, IN",35484
"18049","Fulton, IN",31566
"18051","Gibson, IN",33614
"18053","Grant, IN",29646
"18055","Greene, IN",30399
"18057","Hamilton, IN",56708
"18059","Hancock, IN",39384
"18061","Harrison, IN",34412
"18063","Hendricks, IN",39625
"18065","Henry, IN",29567
"18067","Howard, IN",32512
"18069","Huntington, IN",31964
"18071","Jackson, IN",34760
"18073","Jasper, IN",34472
"18075","Jay, IN",30782
"18077","Jefferson, IN",31111
"18079","Jennings, IN",27587
"18081","Johnson, IN",37716
"18083","Knox, IN",33560
"18085","Kosciusko, IN",34067
"18087","Lagrange, IN",25338
"18089","Lake, IN",34112
"18091","LaPorte, IN",31683
"18093","Lawrence, IN",29243
"18095","Madison, IN",28978
"18097","Marion, IN",38202
"18099","Marshall, IN",31267
"18101","Martin, IN",32435
"18103","Miami, IN",26520
"18105","Monroe, IN",31811
"18107","Montgomery, IN",32952
"18109","Morgan, IN",33967
"18111","Newton, IN",32815
"18113","Noble, IN",27290
"18115","Ohio, IN",43884
"18117","Orange, IN",28588
"18119","Owen, IN",28152
"18121","Parke, IN",26609
"18123","Perry, IN",28611
"18125","Pike, IN",30538
"18127","Porter, IN",39872
"18129","Posey, IN",37869
"18131","Pulaski, IN",33692
"18133","Putnam, IN",27452
"18135","Randolph, IN",29400
"18137","Ripley, IN",35441
"18139","Rush, IN",32532
"18141","St. Joseph, IN",36321
"18143","Scott, IN",26645
"18145","Shelby, IN",32071
"18147","Spencer, IN",34461
"18149","Starke, IN",26491
"18151","Steuben, IN",30390
"18153","Sullivan, IN",28022
"18155","Switzerland, IN",24919
"18157","Tippecanoe, IN",30527
"18159","Tipton, IN",34162
"18161","Union, IN",28339
"18163","Vanderburgh, IN",36307
"18165","Vermillion, IN",30137
"18167","Vigo, IN",31129
"18169","Wabash, IN",31162
"18171","Warren, IN",34382
"18173","Warrick, IN",40896
"18175","Washington, IN",26910
"18177","Wayne, IN",30988
"18179","Wells, IN",33017
"18181","White, IN",33069
"18183","Whitley, IN",33606
"19001","Adair, IA",38034
"19003","Adams, IA",36165
"19005","Allamakee, IA",32778
"19007","Appanoose, IA",29530
"19009","Audubon, IA",40560
"19011","Benton, IA",38705
"19013","Black Hawk, IA",34853
"19015","Boone, IA",38464
"19017","Bremer, IA",37028
"19019","Buchanan, IA",35181
"19021","Buena Vista, IA",36958
"19023","Butler, IA",36336
"19025","Calhoun, IA",42970
"19027","Carroll, IA",39985
"19029","Cass, IA",35980
"19031","Cedar, IA",39554
"19033","Cerro Gordo, IA",40181
"19035","Cherokee, IA",46851
"19037","Chickasaw, IA",36545
"19039","Clarke, IA",31903
"19041","Clay, IA",39961
"19043","Clayton, IA",34737
"19045","Clinton, IA",34508
"19047","Crawford, IA",42204
"19049","Dallas, IA",49368
"19051","Davis, IA",27944
"19053","Decatur, IA",26532
"19055","Delaware, IA",32431
"19057","Des Moines, IA",37338
"19059","Dickinson, IA",43223
"19061","Dubuque, IA",36904
"19063","Emmet, IA",34850
"19065","Fayette, IA",31453
"19067","Floyd, IA",34865
"19069","Franklin, IA",36977
"19071","Fremont, IA",41150
"19073","Greene, IA",39965
"19075","Grundy, IA",43261
"19077","Guthrie, IA",44790
"19079","Hamilton, IA",43129
"19081","Hancock, IA",39792
"19083","Hardin, IA",41231
"19085","Harrison, IA",37637
"19087","Henry, IA",33287
"19089","Howard, IA",35259
"19091","Humboldt, IA",37318
"19093","Ida, IA",45051
"19095","Iowa, IA",41246
"19097","Jackson, IA",33004
"19099","Jasper, IA",34351
"19101","Jefferson, IA",34445
"19103","Johnson, IA",40456
"19105","Jones, IA",33255
"19107","Keokuk, IA",34773
"19109","Kossuth, IA",43452
"19111","Lee, IA",32415
"19113","Linn, IA",40928
"19115","Louisa, IA",30846
"19117","Lucas, IA",31592
"19119","Lyon, IA",38696
"19121","Madison, IA",38756
"19123","Mahaska, IA",34606
"19125","Marion, IA",35733
"19127","Marshall, IA",33807
"19129","Mills, IA",44194
"19131","Mitchell, IA",37075
"19133","Monona, IA",36791
"19135","Monroe, IA",33468
"19137","Montgomery, IA",35179
"19139","Muscatine, IA",37190
"19141","O'Brien, IA",40414
"19143","Osceola, IA",48121
"19145","Page, IA",32380
"19147","Palo Alto, IA",43615
"19149","Plymouth, IA",41136
"19151","Pocahontas, IA",42652
"19153","Polk, IA",42878
"19155","Pottawattamie, IA",34618
"19157","Poweshiek, IA",37704
"19159","Ringgold, IA",30268
"19161","Sac, IA",40483
"19163","Scott, IA",44029
"19165","Shelby, IA",40390
"19167","Sioux, IA",35530
"19169","Story, IA",35946
"19171","Tama, IA",36509
"19173","Taylor, IA",35850
"19175","Union, IA",31804
"19177","Van Buren, IA",30191
"19179","Wapello, IA",31728
"19181","Warren, IA",38235
"19183","Washington, IA",38708
"19185","Wayne, IA",31336
"19187","Webster, IA",36380
"19189","Winnebago, IA",34938
"19191","Winneshiek, IA",36179
"19193","Woodbury, IA",42266
"19195","Worth, IA",41526
"19197","Wright, IA",41692
"20001","Allen, KS",33548
"20003","Anderson, KS",33754
"20005","Atchison, KS",29568
"20007","Barber, KS",40089
"20009","Barton, KS",43670
"20011","Bourbon, KS",34289
"20013","Brown, KS",34405
"20015","Butler, KS",38118
"20017","Chase, KS",34016
"20019","Chautauqua, KS",36738
"20021","Cherokee, KS",29120
"20023","Cheyenne, KS",35292
"20025","Clark, KS",36424
"20027","Clay, KS",41489
"20029","Cloud, KS",32115
"20031","Coffey, KS",41526
"20033","Comanche, KS",39848
"20035","Cowley, KS",31047
"20037","Crawford, KS",31564
"20039","Decatur, KS",39114
"20041","Dickinson, KS",40301
"20043","Doniphan, KS",32100
"20045","Douglas, KS",33850
"20047","Edwards, KS",45334
"20049","Elk, KS",32141
"20051","Ellis, KS",39267
"20053","Ellsworth, KS",33772
"20055","Finney, KS",33336
"20057","Ford, KS",30944
"20059","Franklin, KS",32284
"20061","Geary, KS",42746
"20063","Gove, KS",55176
"20065","Graham, KS",39738
"20067","Grant, KS",35389
"20069","Gray, KS",39432
"20071","Greeley, KS",46781
"20073","Greenwood, KS",35537
"20075","Hamilton, KS",36640
"20077","Harper, KS",43913
"20079","Harvey, KS",35874
"20081","Haskell, KS",41814
"20083","Hodgeman, KS",36550
"20085","Jackson, KS",32935
"20087","Jefferson, KS",33127
"20089","Jewell, KS",41260
"20091","Johnson, KS",59783
"20093","Kearny, KS",37154
"20095","Kingman, KS",38051
"20097","Kiowa, KS",33799
"20099","Labette, KS",33549
"20101","Lane, KS",43908
"20103","Leavenworth, KS",35269
"20105","Lincoln, KS",36944
"20107","Linn, KS",29286
"20109","Logan, KS",39956
"20111","Lyon, KS",28290
"20113","McPherson, KS",41467
"20115","Marion, KS",32689
"20117","Marshall, KS",38468
"20119","Meade, KS",35664
"20121","Miami, KS",37543
"20123","Mitchell, KS",40661
"20125","Montgomery, KS",31863
"20127","Morris, KS",32820
"20129","Morton, KS",36745
"20131","Nemaha, KS",36835
"20133","Neosho, KS",30140
"20135","Ness, KS",46772
"20137","Norton, KS",31462
"20139","Osage, KS",31195
"20141","Osborne, KS",39754
"20143","Ottawa, KS",33659
"20145","Pawnee, KS",33860
"20147","Phillips, KS",36222
"20149","Pottawatomie, KS",41154
"20151","Pratt, KS",38979
"20153","Rawlins, KS",42564
"20155","Reno, KS",33646
"20157","Republic, KS",34963
"20159","Rice, KS",31113
"20161","Riley, KS",33999
"20163","Rooks, KS",38023
"20165","Rush, KS",40320
"20167","Russell, KS",45096
"20169","Saline, KS",38870
"20171","Scott, KS",36457
"20173","Sedgwick, KS",44042
"20175","Seward, KS",28154
"20177","Shawnee, KS",37506
"20179","Sheridan, KS",43254
"20181","Sherman, KS",32866
"20183","Smith, KS",37135
"20185","Stafford, KS",49824
"20187","Stanton, KS",46169
"20189","Stevens, KS",36064
"20191","Sumner, KS",35728
"20193","Thomas, KS",37345
"20195","Trego, KS",39284
"20197","Wabaunsee, KS",39147
"20199","Wallace, KS",44432
"20201","Washington, KS",34406
"20203","Wichita, KS",46696
"20205","Wilson, KS",32277
"20207","Woodson, KS",29417
"20209","Wyandotte, KS",27526
"21001","Adair, KY",22834
"21003","Allen, KY",24483
"21005","Anderson, KY",31421
"21007","Ballard, KY",30560
"21009","Barren, KY",28334
"21011","Bath, KY",23624
"21013","Bell, KY",24441
"21015","Boone, KY",38772
"21017","Bourbon, KY",32066
"21019","Boyd, KY",31662
"21021","Boyle, KY",30272
"21023","Bracken, KY",30009
"21025","Breathitt, KY",24708
"21027","Breckinridge, KY",25310
"21029","Bullitt, KY",30923
"21031","Butler, KY",25818
"21033","Caldwell, KY",29313
"21035","Calloway, KY",29843
"21037","Campbell, KY",37263
"21039","Carlisle, KY",31880
"21041","Carroll, KY",54868
"21043","Carter, KY",24329
"21045","Casey, KY",21839
"21047","Christian, KY",32798
"21049","Clark, KY",33011
"21051","Clay, KY",20504
"21053","Clinton, KY",21863
"21055","Crittenden, KY",27149
"21057","Cumberland, KY",22506
"21059","Daviess, KY",34277
"21061","Edmonson, KY",24316
"21063","Elliott, KY",17788
"21065","Estill, KY",24242
"21067","Fayette, KY",40764
"21069","Fleming, KY",24586
"21071","Floyd, KY",28436
"21073","Franklin, KY",33348
"21075","Fulton, KY",26993
"21077","Gallatin, KY",23670
"21079","Garrard, KY",24895
"21081","Grant, KY",26774
"21083","Graves, KY",29158
"21085","Grayson, KY",24689
"21087","Green, KY",25606
"21089","Greenup, KY",31635
"21091","Hancock, KY",64497
"21093","Hardin, KY",34756
"21095","Harlan, KY",25148
"21097","Harrison, KY",27709
"21099","Hart, KY",24716
"21101","Henderson, KY",32127
"21103","Henry, KY",29073
"21105","Hickman, KY",29448
"21107","Hopkins, KY",29930
"21109","Jackson, KY",20232
"21111","Jefferson, KY",39425
"21113","Jessamine, KY",33030
"21115","Johnson, KY",29113
"21117","Kenton, KY",43315
"21119","Knott, KY",26274
"21121","Knox, KY",22898
"21123","Larue, KY",27368
"21125","Laurel, KY",27782
"21127","Lawrence, KY",24241
"21129","Lee, KY",20994
"21131","Leslie, KY",27259
"21133","Letcher, KY",28358
"21135","Lewis, KY",22576
"21137","Lincoln, KY",24039
"21139","Livingston, KY",29968
"21141","Logan, KY",28630
"21143","Lyon, KY",24748
"21145","McCracken, KY",37135
"21147","McCreary, KY",18106
"21149","McLean, KY",30419
"21151","Madison, KY",28101
"21153","Magoffin, KY",21511
"21155","Marion, KY",26767
"21157","Marshall, KY",31740
"21159","Martin, KY",23282
"21161","Mason, KY",31026
"21163","Meade, KY",27823
"21165","Menifee, KY",22254
"21167","Mercer, KY",29389
"21169","Metcalfe, KY",23379
"21171","Monroe, KY",23893
"21173","Montgomery, KY",27996
"21175","Morgan, KY",19587
"21177","Muhlenberg, KY",26506
"21179","Nelson, KY",30994
"21181","Nicholas, KY",26944
"21183","Ohio, KY",26580
"21185","Oldham, KY",46950
"21187","Owen, KY",27569
"21189","Owsley, KY",21886
"21191","Pendleton, KY",26788
"21193","Perry, KY",30645
"21195","Pike, KY",30787
"21197","Powell, KY",23226
"21199","Pulaski, KY",29321
"21201","Robertson, KY",24278
"21203","Rockcastle, KY",22400
"21205","Rowan, KY",24622
"21207","Russell, KY",25295
"21209","Scott, KY",35135
"21211","Shelby, KY",34666
"21213","Simpson, KY",28882
"21215","Spencer, KY",32170
"21217","Taylor, KY",27272
"21219","Todd, KY",30152
"21221","Trigg, KY",32524
"21223","Trimble, KY",27104
"21225","Union, KY",31760
"21227","Warren, KY",31762
"21229","Washington, KY",31302
"21231","Wayne, KY",21809
"21233","Webster, KY",29312
"21235","Whitley, KY",28215
"21237","Wolfe, KY",20394
"21239","Woodford, KY",38956
"22001","Acadia, LA",31415
"22003","Allen, LA",25523
"22005","Ascension, LA",39235
"22007","Assumption, LA",31231
"22009","Avoyelles, LA",27962
"22011","Beauregard, LA",33614
"22013","Bienville, LA",27379
"22015","Bossier, LA",36053
"22017","Caddo, LA",41399
"22019","Calcasieu, LA",35586
"22021","Caldwell, LA",29452
"22023","Cameron, LA",36873
"22025","Catahoula, LA",24249
"22027","Claiborne, LA",27870
"22029","Concordia, LA",28954
"22031","De Soto, LA",30445
"22033","East Baton Rouge, LA",39630
"22035","East Carroll, LA",25146
"22037","East Feliciana, LA",32713
"22039","Evangeline, LA",30532
"22041","Franklin, LA",25711
"22043","Grant, LA",25928
"22045","Iberia, LA",35761
"22047","Iberville, LA",30643
"22049","Jackson, LA",28248
"22051","Jefferson, LA",43065
"22053","Jefferson Davis, LA",32658
"22055","Lafayette, LA",45978
"22057","Lafourche, LA",41980
"22059","LaSalle, LA",28248
"22061","Lincoln, LA",31144
"22063","Livingston, LA",32706
"22065","Madison, LA",23533
"22067","Morehouse, LA",28018
"22069","Natchitoches, LA",29755
"22071","Orleans, LA",49285
"22073","Ouachita, LA",32088
"22075","Plaquemines, LA",41893
"22077","Pointe Coupee, LA",33848
"22079","Rapides, LA",36026
"22081","Red River, LA",25197
"22083","Richland, LA",28819
"22085","Sabine, LA",27101
"22087","St. Bernard, LA",40021
"22089","St. Charles, LA",39613
"22091","St. Helena, LA",33376
"22093","St. James, LA",36905
"22095","St. John the Baptist, LA",33674
"22097","St. Landry, LA",32161
"22099","St. Martin, LA",31985
"22101","St. Mary, LA",35825
"22103","St. Tammany, LA",46324
"22105","Tangipahoa, LA",31236
"22107","Tensas, LA",27334
"22109","Terrebonne, LA",39024
"22111","Union, LA",29480
"22113","Vermilion, LA",33649
"22115","Vernon, LA",35091
"22117","Washington, LA",27177
"22119","Webster, LA",30897
"22121","West Baton Rouge, LA",36596
"22123","West Carroll, LA",23036
"22125","West Feliciana, LA",26374
"22127","Winn, LA",26903
"23001","Androscoggin, ME",33147
"23003","Aroostook, ME",31647
"23005","Cumberland, ME",45633
"23007","Franklin, ME",29992
"23009","Hancock, ME",38139
"23011","Kennebec, ME",36627
"23013","Knox, ME",38304
"23015","Lincoln, ME",38776
"23017","Oxford, ME",30320
"23019","Penobscot, ME",32430
"23021","Piscataquis, ME",28928
"23023","Sagadahoc, ME",38099
"23025","Somerset, ME",30321
"23027","Waldo, ME",31545
"23029","Washington, ME",29653
"23031","York, ME",39330
"24001","Allegany, MD",29982
"24003","Anne Arundel, MD",53526
"24005","Baltimore, MD",49265
"24009","Calvert, MD",48947
"24011","Caroline, MD",33759
"24013","Carroll, MD",46744
"24015","Cecil, MD",37674
"24017","Charles, MD",46904
"24019","Dorchester, MD",34632
"24021","Frederick, MD",48331
"24023","Garrett, MD",33540
"24025","Harford, MD",44772
"24027","Howard, MD",63767
"24029","Kent, MD",47176
"24031","Montgomery, MD",71668
"24033","Prince George's, MD",40037
"24035","Queen Anne's, MD",48553
"24037","St. Mary's, MD",45482
"24039","Somerset, MD",24884
"24041","Talbot, MD",61040
"24043","Washington, MD",35566
"24045","Wicomico, MD",34246
"24047","Worcester, MD",44463
"24510","Baltimore (Independent City), MD",36226
"25001","Barnstable, MA",51499
"25003","Berkshire, MA",41231
"25005","Bristol, MA",40290
"25007","Dukes, MA",61252
"25009","Essex, MA",51379
"25011","Franklin, MA",39489
"25013","Hampden, MA",38187
"25015","Hampshire, MA",38295
"25017","Middlesex, MA",62362
"25019","Nantucket, MA",75912
"25021","Norfolk, MA",67673
"25023","Plymouth, MA",48413
"25025","Suffolk, MA",55168
"25027","Worcester, MA",43294
"26001","Alcona, MI",26592
"26003","Alger, MI",23411
"26005","Allegan, MI",32482
"26007","Alpena, MI",31189
"26009","Antrim, MI",30799
"26011","Arenac, MI",26954
"26013","Baraga, MI",26335
"26015","Barry, MI",32645
"26017","Bay, MI",32444
"26019","Benzie, MI",30168
"26021","Berrien, MI",36386
"26023","Branch, MI",25457
"26025","Calhoun, MI",31404
"26027","Cass, MI",31027
"26029","Charlevoix, MI",37462
"26031","Cheboygan, MI",27847
"26033","Chippewa, MI",25880
"26035","Clare, MI",24752
"26037","Clinton, MI",34464
"26039","Crawford, MI",23124
"26041","Delta, MI",30563
"26043","Dickinson, MI",34664
"26045","Eaton, MI",32320
"26047","Emmet, MI",40299
"26049","Genesee, MI",30125
"26051","Gladwin, MI",27148
"26053","Gogebic, MI",27560
"26055","Grand Traverse, MI",35754
"26057","Gratiot, MI",27066
"26059","Hillsdale, MI",27315
"26061","Houghton, MI",27293
"26063","Huron, MI",35698
"26065","Ingham, MI",32176
"26067","Ionia, MI",25598
"26069","Iosco, MI",27042
"26071","Iron, MI",29674
"26073","Isabella, MI",26411
"26075","Jackson, MI",29944
"26077","Kalamazoo, MI",36945
"26079","Kalkaska, MI",25302
"26081","Kent, MI",41116
"26083","Keweenaw, MI",32768
"26085","Lake, MI",23048
"26087","Lapeer, MI",30465
"26089","Leelanau, MI",41674
"26091","Lenawee, MI",29887
"26093","Livingston, MI",40855
"26095","Luce, MI",22903
"26097","Mackinac, MI",31076
"26099","Macomb, MI",35777
"26101","Manistee, MI",29453
"26103","Marquette, MI",31792
"26105","Mason, MI",30174
"26107","Mecosta, MI",24287
"26109","Menominee, MI",30953
"26111","Midland, MI",43989
"26113","Missaukee, MI",25078
"26115","Monroe, MI",34985
"26117","Montcalm, MI",25309
"26119","Montmorency, MI",25382
"26121","Muskegon, MI",27774
"26123","Newaygo, MI",26557
"26125","Oakland, MI",52884
"26127","Oceana, MI",26232
"26129","Ogemaw, MI",25002
"26131","Ontonagon, MI",28917
"26133","Osceola, MI",24773
"26135","Oscoda, MI",25498
"26137","Otsego, MI",29627
"26139","Ottawa, MI",34280
"26141","Presque Isle, MI",28251
"26143","Roscommon, MI",26900
"26145","Saginaw, MI",29408
"26147","St. Clair, MI",32177
"26149","St. Joseph, MI",27518
"26151","Sanilac, MI",27908
"26153","Schoolcraft, MI",30061
"26155","Shiawassee, MI",28464
"26157","Tuscola, MI",27396
"26159","Van Buren, MI",31719
"26161","Washtenaw, MI",44944
"26163","Wayne, MI",32351
"26165","Wexford, MI",27674
"27001","Aitkin, MN",27856
"27003","Anoka, MN",38713
"27005","Becker, MN",32988
"27007","Beltrami, MN",28593
"27009","Benton, MN",34089
"27011","Big Stone, MN",37513
"27013","Blue Earth, MN",34194
"27015","Brown, MN",39200
"27017","Carlton, MN",32221
"27019","Carver, MN",52924
"27021","Cass, MN",33500
"27023","Chippewa, MN",38744
"27025","Chisago, MN",35842
"27027","Clay, MN",33583
"27029","Clearwater, MN",28052
"27031","Cook, MN",35798
"27033","Cottonwood, MN",36269
"27035","Crow Wing, MN",32613
"27037","Dakota, MN",46049
"27039","Dodge, MN",36546
"27041","Douglas, MN",39031
"27043","Faribault, MN",41315
"27045","Fillmore, MN",36166
"27047","Freeborn, MN",34345
"27049","Goodhue, MN",39602
"27051","Grant, MN",39121
"27053","Hennepin, MN",56785
"27055","Houston, MN",36897
"27057","Hubbard, MN",30009
"27059","Isanti, MN",32435
"27061","Itasca, MN",30658
"27063","Jackson, MN",39244
"27065","Kanabec, MN",27732
"27067","Kandiyohi, MN",39657
"27069","Kittson, MN",49718
"27071","Koochiching, MN",32156
"27073","Lac qui Parle, MN",38807
"27075","Lake, MN",34519
"27077","Lake of the Woods, MN",35753
"27079","Le Sueur, MN",35621
"27081","Lincoln, MN",35922
"27083","Lyon, MN",37463
"27085","McLeod, MN",35460
"27087","Mahnomen, MN",28568
"27089","Marshall, MN",44341
"27091","Martin, MN",38987
"27093","Meeker, MN",33725
"27095","Mille Lacs, MN",30547
"27097","Morrison, MN",31655
"27099","Mower, MN",35666
"27101","Murray, MN",43514
"27103","Nicollet, MN",37304
"27105","Nobles, MN",35268
"27107","Norman, MN",43746
"27109","Olmsted, MN",42770
"27111","Otter Tail, MN",33743
"27113","Pennington, MN",37625
"27115","Pine, MN",26600
"27117","Pipestone, MN",38709
"27119","Polk, MN",37972
"27121","Pope, MN",35413
"27123","Ramsey, MN",42762
"27125","Red Lake, MN",35431
"27127","Redwood, MN",41048
"27129","Renville, MN",42015
"27131","Rice, MN",33769
"27133","Rock, MN",39693
"27135","Roseau, MN",38087
"27137","St. Louis, MN",35499
"27139","Scott, MN",45414
"27141","Sherburne, MN",35202
"27143","Sibley, MN",36929
"27145","Stearns, MN",35023
"27147","Steele, MN",36696
"27149","Stevens, MN",41162
"27151","Swift, MN",35684
"27153","Todd, MN",30682
"27155","Traverse, MN",41569
"27157","Wabasha, MN",35854
"27159","Wadena, MN",28056
"27161","Waseca, MN",35150
"27163","Washington, MN",48933
"27165","Watonwan, MN",33645
"27167","Wilkin, MN",45871
"27169","Winona, MN",34838
"27171","Wright, MN",37550
"27173","Yellow Medicine, MN",39796
"28001","Adams, MS",29801
"28003","Alcorn, MS",25991
"28005","Amite, MS",25401
"28007","Attala, MS",27296
"28009","Benton, MS",21998
"28011","Bolivar, MS",27783
"28013","Calhoun, MS",24241
"28015","Carroll, MS",25839
"28017","Chickasaw, MS",26114
"28019","Choctaw, MS",23012
"28021","Claiborne, MS",25224
"28023","Clarke, MS",28973
"28025","Clay, MS",29031
"28027","Coahoma, MS",26551
"28029","Copiah, MS",26038
"28031","Covington, MS",28127
"28033","DeSoto, MS",33523
"28035","Forrest, MS",30063
"28037","Franklin, MS",25405
"28039","George, MS",27502
"28041","Greene, MS",20414
"28043","Grenada, MS",29305
"28045","Hancock, MS",33868
"28047","Harrison, MS",33760
"28049","Hinds, MS",34926
"28051","Holmes, MS",22816
"28053","Humphreys, MS",24027
"28055","Issaquena, MS",19525
"28057","Itawamba, MS",26462
"28059","Jackson, MS",33831
"28061","Jasper, MS",27878
"28063","Jefferson, MS",24303
"28065","Jefferson Davis, MS",25494
"28067","Jones, MS",32146
"28069","Kemper, MS",20980
"28071","Lafayette, MS",31104
"28073","Lamar, MS",30827
"28075","Lauderdale, MS",31530
"28077","Lawrence, MS",27431
"28079","Leake, MS",22559
"28081","Lee, MS",32124
"28083","Leflore, MS",27079
"28085","Lincoln, MS",30373
"28087","Lowndes, MS",30825
"28089","Madison, MS",51944
"28091","Marion, MS",24845
"28093","Marshall, MS",24821
"28095","Monroe, MS",26721
"28097","Montgomery, MS",26340
"28099","Neshoba, MS",30595
"28101","Newton, MS",27542
"28103","Noxubee, MS",24544
"28105","Oktibbeha, MS",27271
"28107","Panola, MS",25391
"28109","Pearl River, MS",29233
"28111","Perry, MS",24583
"28113","Pike, MS",26784
"28115","Pontotoc, MS",26244
"28117","Prentiss, MS",24586
"28119","Quitman, MS",23609
"28121","Rankin, MS",36853
"28123","Scott, MS",24446
"28125","Sharkey, MS",23088
"28127","Simpson, MS",28481
"28129","Smith, MS",26041
"28131","Stone, MS",26669
"28133","Sunflower, MS",23454
"28135","Tallahatchie, MS",22455
"28137","Tate, MS",28324
"28139","Tippah, MS",25075
"28141","Tishomingo, MS",24978
"28143","Tunica, MS",27735
"28145","Union, MS",25464
"28147","Walthall, MS",23578
"28149","Warren, MS",33087
"28151","Washington, MS",28743
"28153","Wayne, MS",26833
"28155","Webster, MS",27723
"28157","Wilkinson, MS",22679
"28159","Winston, MS",28048
"28161","Yalobusha, MS",25071
"28163","Yazoo, MS",23445
"29001","Adair, MO",26775
"29003","Andrew, MO",36422
"29005","Atchison, MO",39357
"29007","Audrain, MO",30618
"29009","Barry, MO",29350
"29011","Barton, MO",29719
"29013","Bates, MO",30840
"29015","Benton, MO",26816
"29017","Bollinger, MO",25142
"29019","Boone, MO",37039
"29021","Buchanan, MO",32312
"29023","Butler, MO",30539
"29025","Caldwell, MO",28581
"29027","Callaway, MO",30443
"29029","Camden, MO",30748
"29031","Cape Girardeau, MO",35467
"29033","Carroll, MO",39326
"29035","Carter, MO",27017
"29037","Cass, MO",36122
"29039","Cedar, MO",25969
"29041","Chariton, MO",37623
"29043","Christian, MO",31156
"29045","Clark, MO",28274
"29047","Clay, MO",40415
"29049","Clinton, MO",32508
"29051","Cole, MO",39290
"29053","Cooper, MO",29780
"29055","Crawford, MO",25522
"29057","Dade, MO",27121
"29059","Dallas, MO",24364
"29061","Daviess, MO",29743
"29063","DeKalb, MO",23268
"29065","Dent, MO",27013
"29067","Douglas, MO",21728
"29069","Dunklin, MO",29366
"29071","Franklin, MO",34877
"29073","Gasconade, MO",30734
"29075","Gentry, MO",33202
"29077","Greene, MO",36376
"29079","Grundy, MO",29141
"29081","Harrison, MO",30812
"29083","Henry, MO",33298
"29085","Hickory, MO",21267
"29087","Holt, MO",40056
"29089","Howard, MO",30777
"29091","Howell, MO",26884
"29093","Iron, MO",26618
"29095","Jackson, MO",36982
"29097","Jasper, MO",30671
"29099","Jefferson, MO",34076
"29101","Johnson, MO",28476
"29103","Knox, MO",30975
"29105","Laclede, MO",26321
"29107","Lafayette, MO",32808
"29109","Lawrence, MO",26000
"29111","Lewis, MO",27751
"29113","Lincoln, MO",31190
"29115","Linn, MO",30858
"29117","Livingston, MO",29504
"29119","McDonald, MO",22321
"29121","Macon, MO",34079
"29123","Madison, MO",27389
"29125","Maries, MO",26359
"29127","Marion, MO",32349
"29129","Mercer, MO",27164
"29131","Miller, MO",25580
"29133","Mississippi, MO",27469
"29135","Moniteau, MO",29599
"29137","Monroe, MO",31647
"29139","Montgomery, MO",29231
"29141","Morgan, MO",30544
"29143","New Madrid, MO",30146
"29145","Newton, MO",31280
"29147","Nodaway, MO",26342
"29149","Oregon, MO",21892
"29151","Osage, MO",34302
"29153","Ozark, MO",22353
"29155","Pemiscot, MO",30442
"29157","Perry, MO",29210
"29159","Pettis, MO",30345
"29161","Phelps, MO",28139
"29163","Pike, MO",27057
"29165","Platte, MO",47020
"29167","Polk, MO",25590
"29169","Pulaski, MO",38476
"29171","Putnam, MO",26666
"29173","Ralls, MO",33405
"29175","Randolph, MO",28565
"29177","Ray, MO",31172
"29179","Reynolds, MO",23287
"29181","Ripley, MO",25338
"29183","St. Charles, MO",42021
"29185","St. Clair, MO",25085
"29186","Ste. Genevieve, MO",31933
"29187","St. Francois, MO",27118
"29189","St. Louis, MO",54256
"29195","Saline, MO",32676
"29197","Schuyler, MO",24739
"29199","Scotland, MO",29878
"29201","Scott, MO",36032
"29203","Shannon, MO",19973
"29205","Shelby, MO",32709
"29207","Stoddard, MO",32946
"29209","Stone, MO",27505
"29211","Sullivan, MO",32326
"29213","Taney, MO",28690
"29215","Texas, MO",22323
"29217","Vernon, MO",28389
"29219","Warren, MO",32347
"29221","Washington, MO",22848
"29223","Wayne, MO",23952
"29225","Webster, MO",26247
"29227","Worth, MO",28169
"29229","Wright, MO",22554
"29510","St. Louis (Independent City), MO",35702
"30001","Beaverhead, MT",31001
"30003","Big Horn, MT",24499
"30005","Blaine, MT",24591
"30007","Broadwater, MT",33635
"30009","Carbon, MT",33924
"30011","Carter, MT",33208
"30013","Cascade, MT",36563
"30015","Chouteau, MT",33264
"30017","Custer, MT",33272
"30019","Daniels, MT",31246
"30021","Dawson, MT",33427
"30023","Deer Lodge, MT",28295
"30025","Fallon, MT",41437
"30027","Fergus, MT",33790
"30029","Flathead, MT",35374
"30031","Gallatin, MT",38370
"30033","Garfield, MT",28102
"30035","Glacier, MT",28760
"30037","Golden Valley, MT",41374
"30039","Granite, MT",30065
"30041","Hill, MT",35343
"30043","Jefferson, MT",35404
"30045","Judith Basin, MT",31890
"30047","Lake, MT",27571
"30049","Lewis and Clark, MT",39334
"30051","Liberty, MT",31075
"30053","Lincoln, MT",26689
"30055","McCone, MT",29051
"30057","Madison, MT",36395
"30059","Meagher, MT",30020
"30061","Mineral, MT",28225
"30063","Missoula, MT",35318
"30065","Musselshell, MT",30090
"30067","Park, MT",35386
"30069","Petroleum, MT",36694
"30071","Phillips, MT",30814
"30073","Pondera, MT",36896
"30075","Powder River, MT",23162
"30077","Powell, MT",24526
"30079","Prairie, MT",32649
"30081","Ravalli, MT",31627
"30083","Richland, MT",42459
"30085","Roosevelt, MT",26417
"30087","Rosebud, MT",32170
"30089","Sanders, MT",25931
"30091","Sheridan, MT",46336
"30093","Silver Bow, MT",44635
"30095","Stillwater, MT",35059
"30097","Sweet Grass, MT",36519
"30099","Teton, MT",37773
"30101","Toole, MT",36904
"30103","Treasure, MT",40473
"30105","Valley, MT",34357
"30107","Wheatland, MT",24844
"30109","Wibaux, MT",31335
"30111","Yellowstone, MT",39054
"31001","Adams, NE",36327
"31003","Antelope, NE",36547
"31005","Arthur, NE",28695
"31007","Banner, NE",44346
"31009","Blaine, NE",38325
"31011","Boone, NE",36453
"31013","Box Butte, NE",36923
"31015","Boyd, NE",32578
"31017","Brown, NE",30750
"31019","Buffalo, NE",38564
"31021","Burt, NE",34561
"31023","Butler, NE",36871
"31025","Cass, NE",38582
"31027","Cedar, NE",34846
"31029","Chase, NE",39975
"31031","Cherry, NE",32474
"31033","Cheyenne, NE",40370
"31035","Clay, NE",38290
"31037","Colfax, NE",32604
"31039","Cuming, NE",40063
"31041","Custer, NE",34456
"31043","Dakota, NE",28971
"31045","Dawes, NE",26576
"31047","Dawson, NE",29008
"31049","Deuel, NE",34259
"31051","Dixon, NE",31242
"31053","Dodge, NE",35286
"31055","Douglas, NE",47793
"31057","Dundy, NE",50994
"31059","Fillmore, NE",46977
"31061","Franklin, NE",39706
"31063","Frontier, NE",35342
"31065","Furnas, NE",40193
"31067","Gage, NE",39108
"31069","Garden, NE",45008
"31071","Garfield, NE",29927
"31073","Gosper, NE",41637
"31075","Grant, NE",28998
"31077","Greeley, NE",28454
"31079","Hall, NE",35171
"31081","Hamilton, NE",41703
"31083","Harlan, NE",37803
"31085","Hayes, NE",53064
"31087","Hitchcock, NE",32230
"31089","Holt, NE",37717
"31091","Hooker, NE",28353
"31093","Howard, NE",34392
"31095","Jefferson, NE",37026
"31097","Johnson, NE",29811
"31099","Kearney, NE",52510
"31101","Keith, NE",34356
"31103","Keya Paha, NE",30734
"31105","Kimball, NE",40751
"31107","Knox, NE",31535
"31109","Lancaster, NE",38658
"31111","Lincoln, NE",36176
"31113","Logan, NE",36778
"31115","Loup, NE",29314
"31117","McPherson, NE",22375
"31119","Madison, NE",36827
"31121","Merrick, NE",33954
"31123","Morrill, NE",40996
"31125","Nance, NE",35630
"31127","Nemaha, NE",37646
"31129","Nuckolls, NE",36672
"31131","Otoe, NE",36421
"31133","Pawnee, NE",37137
"31135","Perkins, NE",48972
"31137","Phelps, NE",40208
"31139","Pierce, NE",38510
"31141","Platte, NE",36081
"31143","Polk, NE",40949
"31145","Red Willow, NE",37194
"31147","Richardson, NE",35624
"31149","Rock, NE",31660
"31151","Saline, NE",33412
"31153","Sarpy, NE",40504
"31155","Saunders, NE",36863
"31157","Scotts Bluff, NE",33660
"31159","Seward, NE",37973
"31161","Sheridan, NE",36441
"31163","Sherman, NE",34387
"31165","Sioux, NE",30851
"31167","Stanton, NE",31867
"31169","Thayer, NE",42838
"31171","Thomas, NE",36572
"31173","Thurston, NE",33634
"31175","Valley, NE",35434
"31177","Washington, NE",42274
"31179","Wayne, NE",32233
"31181","Webster, NE",36013
"31183","Wheeler, NE",39002
"31185","York, NE",39566
"32001","Churchill, NV",32544
"32003","Clark, NV",38378
"32005","Douglas, NV",54325
"32007","Elko, NV",38137
"32009","Esmeralda, NV",34179
"32011","Eureka, NV",37067
"32013","Humboldt, NV",35548
"32015","Lander, NV",40171
"32017","Lincoln, NV",25699
"32019","Lyon, NV",29395
"32021","Mineral, NV",33200
"32023","Nye, NV",31124
"32027","Pershing, NV",22494
"32029","Storey, NV",36450
"32031","Washoe, NV",43454
"32033","White Pine, NV",33726
"32510","Carson City (Independent City), NV",30084
"33001","Belknap, NH",43739
"33003","Carroll, NH",43149
"33005","Cheshire, NH",40149
"33007","Coos, NH",33498
"33009","Grafton, NH",43814
"33011","Hillsborough, NH",48598
"33013","Merrimack, NH",49898
"33015","Rockingham, NH",51095
"33017","Strafford, NH",38088
"33019","Sullivan, NH",38525
"34001","Atlantic, NJ",38765
"34003","Bergen, NJ",68124
"34005","Burlington, NJ",47722
"34007","Camden, NJ",41143
"34009","Cape May, NJ",42981
"34011","Cumberland, NJ",31770
"34013","Essex, NJ",52603
"34015","Gloucester, NJ",41604
"34017","Hudson, NJ",44735
"34019","Hunterdon, NJ",73695
"34021","Mercer, NJ",55903
"34023","Middlesex, NJ",47829
"34025","Monmouth, NJ",60732
"34027","Morris, NJ",74210
"34029","Ocean, NJ",41284
"34031","Passaic, NJ",40216
"34033","Salem, NJ",39148
"34035","Somerset, NJ",73658
"34037","Sussex, NJ",47735
"34039","Union, NJ",53273
"34041","Warren, NJ",44616
"35001","Bernalillo, NM",36337
"35003","Catron, NM",24978
"35005","Chaves, NM",31309
"35006","Cibola, NM*",22167
"35007","Colfax, NM",29984
"35009","Curry, NM",34063
"35011","De Baca, NM",29110
"35013","Doa Ana, NM",27873
"35015","Eddy, NM",40549
"35017","Grant, NM",30885
"35019","Guadalupe, NM",22615
"35021","Harding, NM",30758
"35023","Hidalgo, NM",27519
"35025","Lea, NM",36770
"35027","Lincoln, NM",31290
"35028","Los Alamos, NM",62449
"35029","Luna, NM",23959
"35031","McKinley, NM",22516
"35033","Mora, NM",28896
"35035","Otero, NM",27751
"35037","Quay, NM",28434
"35039","Rio Arriba, NM",28621
"35041","Roosevelt, NM",29136
"35043","Sandoval, NM",35042
"35045","San Juan, NM",32091
"35047","San Miguel, NM",27002
"35049","Santa Fe, NM",45032
"35051","Sierra, NM",27944
"35053","Socorro, NM",26250
"35055","Taos, NM",29369
"35057","Torrance, NM",24281
"35059","Union, NM",27091
"35061","Valencia, NM*",27949
"36001","Albany, NY",43710
"36003","Allegany, NY",27644
"36005","Bronx, NY",28231
"36007","Broome, NY",34119
"36009","Cattaraugus, NY",30806
"36011","Cayuga, NY",31010
"36013","Chautauqua, NY",30087
"36015","Chemung, NY",34144
"36017","Chenango, NY",29475
"36019","Clinton, NY",33035
"36021","Columbia, NY",40226
"36023","Cortland, NY",29740
"36025","Delaware, NY",28967
"36027","Dutchess, NY",42836
"36029","Erie, NY",37319
"36031","Essex, NY",33091
"36033","Franklin, NY",29534
"36035","Fulton, NY",31708
"36037","Genesee, NY",33674
"36039","Greene, NY",32307
"36041","Hamilton, NY",37792
"36043","Herkimer, NY",30215
"36045","Jefferson, NY",37764
"36047","Kings, NY",34840
"36049","Lewis, NY",33436
"36051","Livingston, NY",30742
"36053","Madison, NY",32582
"36055","Monroe, NY",40231
"36057","Montgomery, NY",32978
"36059","Nassau, NY",65435
"36061","New York, NY",118245
"36063","Niagara, NY",32707
"36065","Oneida, NY",34579
"36067","Onondaga, NY",38150
"36069","Ontario, NY",38957
"36071","Orange, NY",40591
"36073","Orleans, NY",28594
"36075","Oswego, NY",29939
"36077","Otsego, NY",31590
"36079","Putnam, NY",51557
"36081","Queens, NY",36823
"36083","Rensselaer, NY",37784
"36085","Richmond, NY",43680
"36087","Rockland, NY",50260
"36089","St. Lawrence, NY",28247
"36091","Saratoga, NY",47474
"36093","Schenectady, NY",43561
"36095","Schoharie, NY",29863
"36097","Schuyler, NY",30367
"36099","Seneca, NY",29529
"36101","Steuben, NY",33573
"36103","Suffolk, NY",51054
"36105","Sullivan, NY",32810
"36107","Tioga, NY",34438
"36109","Tompkins, NY",34337
"36111","Ulster, NY",37553
"36113","Warren, NY",38444
"36115","Washington, NY",29581
"36117","Wayne, NY",33495
"36119","Westchester, NY",80362
"36121","Wyoming, NY",30296
"36123","Yates, NY",29417
"37001","Alamance, NC",32895
"37003","Alexander, NC",27436
"37005","Alleghany, NC",28609
"37007","Anson, NC",26730
"37009","Ashe, NC",28559
"37011","Avery, NC",26152
"37013","Beaufort, NC",32703
"37015","Bertie, NC",27271
"37017","Bladen, NC",27670
"37019","Brunswick, NC",33754
"37021","Buncombe, NC",36050
"37023","Burke, NC",27124
"37025","Cabarrus, NC",35320
"37027","Caldwell, NC",27416
"37029","Camden, NC",37132
"37031","Carteret, NC",38922
"37033","Caswell, NC",24888
"37035","Catawba, NC",35262
"37037","Chatham, NC",45637
"37039","Cherokee, NC",25764
"37041","Chowan, NC",31243
"37043","Clay, NC",26797
"37045","Cleveland, NC",28860
"37047","Columbus, NC",28396
"37049","Craven, NC",36932
"37051","Cumberland, NC",32524
"37053","Currituck, NC",34902
"37055","Dare, NC",40321
"37057","Davidson, NC",31020
"37059","Davie, NC",38440
"37061","Duplin, NC",27799
"37063","Durham, NC",39732
"37065","Edgecombe, NC",27846
"37067","Forsyth, NC",41217
"37069","Franklin, NC",28299
"37071","Gaston, NC",32549
"37073","Gates, NC",29670
"37075","Graham, NC",26073
"37077","Granville, NC",29487
"37079","Greene, NC",23039
"37081","Guilford, NC",38121
"37083","Halifax, NC",28032
"37085","Harnett, NC",28753
"37087","Haywood, NC",30702
"37089","Henderson, NC",35036
"37091","Hertford, NC",25541
"37093","Hoke, NC",27506
"37095","Hyde, NC",23554
"37097","Iredell, NC",37294
"37099","Jackson, NC",27687
"37101","Johnston, NC",32639
"37103","Jones, NC",31045
"37105","Lee, NC",32078
"37107","Lenoir, NC",31647
"37109","Lincoln, NC",32351
"37111","McDowell, NC",25874
"37113","Macon, NC",31700
"37115","Madison, NC",26039
"37117","Martin, NC",29774
"37119","Mecklenburg, NC",64300
"37121","Mitchell, NC",26146
"37123","Montgomery, NC",27608
"37125","Moore, NC",40454
"37127","Nash, NC",34188
"37129","New Hanover, NC",37747
"37131","Northampton, NC",26690
"37133","Onslow, NC",39902
"37135","Orange, NC",51439
"37137","Pamlico, NC",33175
"37139","Pasquotank, NC",31650
"37141","Pender, NC",30333
"37143","Perquimans, NC",33120
"37145","Person, NC",30345
"37147","Pitt, NC",32949
"37149","Polk, NC",36074
"37151","Randolph, NC",29365
"37153","Richmond, NC",26421
"37155","Robeson, NC",25137
"37157","Rockingham, NC",30083
"37159","Rowan, NC",30164
"37161","Rutherford, NC",25966
"37163","Sampson, NC",30162
"37165","Scotland, NC",27499
"37167","Stanly, NC",28978
"37169","Stokes, NC",28696
"37171","Surry, NC",30360
"37173","Swain, NC",26349
"37175","Transylvania, NC",33235
"37177","Tyrrell, NC",23547
"37179","Union, NC",37285
"37181","Vance, NC",29395
"37183","Wake, NC",47957
"37185","Warren, NC",24290
"37187","Washington, NC",29519
"37189","Watauga, NC",30394
"37191","Wayne, NC",31491
"37193","Wilkes, NC",27998
"37195","Wilson, NC",33792
"37197","Yadkin, NC",29894
"37199","Yancey, NC",27296
"38001","Adams, ND",34859
"38003","Barnes, ND",42002
"38005","Benson, ND",33311
"38007","Billings, ND",40818
"38009","Bottineau, ND",51081
"38011","Bowman, ND",47669
"38013","Burke, ND",60826
"38015","Burleigh, ND",40775
"38017","Cass, ND",42961
"38019","Cavalier, ND",72939
"38021","Dickey, ND",44151
"38023","Divide, ND",61319
"38025","Dunn, ND",34574
"38027","Eddy, ND",42156
"38029","Emmons, ND",42392
"38031","Foster, ND",43352
"38033","Golden Valley, ND",38707
"38035","Grand Forks, ND",36738
"38037","Grant, ND",36627
"38039","Griggs, ND",44995
"38041","Hettinger, ND",42652
"38043","Kidder, ND",35188
"38045","LaMoure, ND",49239
"38047","Logan, ND",43674
"38049","McHenry, ND",42660
"38051","McIntosh, ND",38561
"38053","McKenzie, ND",42792
"38055","McLean, ND",41501
"38057","Mercer, ND",39560
"38059","Morton, ND",35584
"38061","Mountrail, ND",36501
"38063","Nelson, ND",50727
"38065","Oliver, ND",36107
"38067","Pembina, ND",51311
"38069","Pierce, ND",36897
"38071","Ramsey, ND",39498
"38073","Ransom, ND",40996
"38075","Renville, ND",70196
"38077","Richland, ND",37053
"38079","Rolette, ND",28974
"38081","Sargent, ND",51632
"38083","Sheridan, ND",36335
"38085","Sioux, ND",19914
"38087","Slope, ND",50382
"38089","Stark, ND",40039
"38091","Steele, ND",50984
"38093","Stutsman, ND",36794
"38095","Towner, ND",64467
"38097","Traill, ND",39774
"38099","Walsh, ND",40699
"38101","Ward, ND",40425
"38103","Wells, ND",49471
"38105","Williams, ND",52850
"39001","Adams, OH",25001
"39003","Allen, OH",32163
"39005","Ashland, OH",29595
"39007","Ashtabula, OH",29115
"39009","Athens, OH",25005
"39011","Auglaize, OH",34501
"39013","Belmont, OH",29878
"39015","Brown, OH",27835
"39017","Butler, OH",35955
"39019","Carroll, OH",28218
"39021","Champaign, OH",30310
"39023","Clark, OH",31883
"39025","Clermont, OH",37354
"39027","Clinton, OH",34998
"39029","Columbiana, OH",29421
"39031","Coshocton, OH",27787
"39033","Crawford, OH",29347
"39035","Cuyahoga, OH",42302
"39037","Darke, OH",32002
"39039","Defiance, OH",31391
"39041","Delaware, OH",54765
"39043","Erie, OH",41425
"39045","Fairfield, OH",35105
"39047","Fayette, OH",29185
"39049","Franklin, OH",39155
"39051","Fulton, OH",33143
"39053","Gallia, OH",31459
"39055","Geauga, OH",50176
"39057","Greene, OH",38743
"39059","Guernsey, OH",27868
"39061","Hamilton, OH",44323
"39063","Hancock, OH",35534
"39065","Hardin, OH",27418
"39067","Harrison, OH",26673
"39069","Henry, OH",32456
"39071","Highland, OH",26582
"39073","Hocking, OH",26743
"39075","Holmes, OH",25603
"39077","Huron, OH",30605
"39079","Jackson, OH",27986
"39081","Jefferson, OH",29628
"39083","Knox, OH",31907
"39085","Lake, OH",38765
"39087","Lawrence, OH",28707
"39089","Licking, OH",34796
"39091","Logan, OH",30551
"39093","Lorain, OH",34797
"39095","Lucas, OH",34908
"39097","Madison, OH",30124
"39099","Mahoning, OH",35755
"39101","Marion, OH",28296
"39103","Medina, OH",41509
"39105","Meigs, OH",25720
"39107","Mercer, OH",35767
"39109","Miami, OH",35781
"39111","Monroe, OH",24982
"39113","Montgomery, OH",35913
"39115","Morgan, OH",24502
"39117","Morrow, OH",27873
"39119","Muskingum, OH",30269
"39121","Noble, OH",22424
"39123","Ottawa, OH",38310
"39125","Paulding, OH",30686
"39127","Perry, OH",26387
"39129","Pickaway, OH",29793
"39131","Pike, OH",25043
"39133","Portage, OH",33749
"39135","Preble, OH",29654
"39137","Putnam, OH",40764
"39139","Richland, OH",30609
"39141","Ross, OH",28151
"39143","Sandusky, OH",31593
"39145","Scioto, OH",27334
"39147","Seneca, OH",28962
"39149","Shelby, OH",31948
"39151","Stark, OH",34752
"39153","Summit, OH",40039
"39155","Trumbull, OH",31166
"39157","Tuscarawas, OH",31843
"39159","Union, OH",35468
"39161","Van Wert, OH",30690
"39163","Vinton, OH",24419
"39165","Warren, OH",43817
"39167","Washington, OH",31425
"39169","Wayne, OH",32352
"39171","Williams, OH",31427
"39173","Wood, OH",37762
"39175","Wyandot, OH",31801
"40001","Adair, OK",21371
"40003","Alfalfa, OK",31596
"40005","Atoka, OK",23127
"40007","Beaver, OK",36456
"40009","Beckham, OK",30299
"40011","Blaine, OK",27365
"40013","Bryan, OK",26271
"40015","Caddo, OK",26052
"40017","Canadian, OK",37885
"40019","Carter, OK",35484
"40021","Cherokee, OK",24419
"40023","Choctaw, OK",24469
"40025","Cimarron, OK",41297
"40027","Cleveland, OK",36156
"40029","Coal, OK",27454
"40031","Comanche, OK",33770
"40033","Cotton, OK",36294
"40035","Craig, OK",27706
"40037","Creek, OK",33348
"40039","Custer, OK",33447
"40041","Delaware, OK",24927
"40043","Dewey, OK",37751
"40045","Ellis, OK",36235
"40047","Garfield, OK",38256
"40049","Garvin, OK",33400
"40051","Grady, OK",31087
"40053","Grant, OK",44067
"40055","Greer, OK",23744
"40057","Harmon, OK",28339
"40059","Harper, OK",39456
"40061","Haskell, OK",26719
"40063","Hughes, OK",27018
"40065","Jackson, OK",33772
"40067","Jefferson, OK",28290
"40069","Johnston, OK",26434
"40071","Kay, OK",34925
"40073","Kingfisher, OK",36596
"40075","Kiowa, OK",31327
"40077","Latimer, OK",30418
"40079","Le Flore, OK",25881
"40081","Lincoln, OK",27512
"40083","Logan, OK",33785
"40085","Love, OK",28362
"40087","McClain, OK",34723
"40089","McCurtain, OK",25495
"40091","McIntosh, OK",26014
"40093","Major, OK",33184
"40095","Marshall, OK",28224
"40097","Mayes, OK",27661
"40099","Murray, OK",31202
"40101","Muskogee, OK",29983
"40103","Noble, OK",31762
"40105","Nowata, OK",27114
"40107","Okfuskee, OK",23199
"40109","Oklahoma, OK",44857
"40111","Okmulgee, OK",27235
"40113","Osage, OK",27711
"40115","Ottawa, OK",28721
"40117","Pawnee, OK",28126
"40119","Payne, OK",30856
"40121","Pittsburg, OK",32641
"40123","Pontotoc, OK",33403
"40125","Pottawatomie, OK",33558
"40127","Pushmataha, OK",25328
"40129","Roger Mills, OK",41488
"40131","Rogers, OK",34554
"40133","Seminole, OK",26497
"40135","Sequoyah, OK",25920
"40137","Stephens, OK",39988
"40139","Texas, OK",33880
"40141","Tillman, OK",28826
"40143","Tulsa, OK",54612
"40145","Wagoner, OK",31581
"40147","Washington, OK",88917
"40149","Washita, OK",29405
"40151","Woods, OK",32414
"40153","Woodward, OK",38459
"41001","Baker, OR",27436
"41003","Benton, OR",36412
"41005","Clackamas, OR",43952
"41007","Clatsop, OR",33447
"41009","Columbia, OR",32657
"41011","Coos, OR",31458
"41013","Crook, OR",27755
"41015","Curry, OR",33366
"41017","Deschutes, OR",37970
"41019","Douglas, OR",30160
"41021","Gilliam, OR",36288
"41023","Grant, OR",27790
"41025","Harney, OR",28115
"41027","Hood River, OR",37483
"41029","Jackson, OR",34388
"41031","Jefferson, OR",25939
"41033","Josephine, OR",29709
"41035","Klamath, OR",28951
"41037","Lake, OR",26338
"41039","Lane, OR",34327
"41041","Lincoln, OR",33223
"41043","Linn, OR",30739
"41045","Malheur, OR",23125
"41047","Marion, OR",31663
"41049","Morrow, OR",31405
"41051","Multnomah, OR",42928
"41053","Polk, OR",32848
"41055","Sherman, OR",46918
"41057","Tillamook, OR",31273
"41059","Umatilla, OR",29085
"41061","Union, OR",30682
"41063","Wallowa, OR",33031
"41065","Wasco, OR",32254
"41067","Washington, OR",43438
"41069","Wheeler, OR",26109
"41071","Yamhill, OR",33212
"42001","Adams, PA",36887
"42003","Allegheny, PA",46317
"42005","Armstrong, PA",36264
"42007","Beaver, PA",35695
"42009","Bedford, PA",30223
"42011","Berks, PA",37591
"42013","Blair, PA",33400
"42015","Bradford, PA",29891
"42017","Bucks, PA",53337
"42019","Butler, PA",42272
"42021","Cambria, PA",32851
"42023","Cameron, PA",34074
"42025","Carbon, PA",37375
"42027","Centre, PA",33958
"42029","Chester, PA",64344
"42031","Clarion, PA",36053
"42033","Clearfield, PA",33062
"42035","Clinton, PA",28081
"42037","Columbia, PA",31339
"42039","Crawford, PA",30009
"42041","Cumberland, PA",42558
"42043","Dauphin, PA",39519
"42045","Delaware, PA",48740
"42047","Elk, PA",38194
"42049","Erie, PA",34144
"42051","Fayette, PA",31400
"42053","Forest, PA",20835
"42055","Franklin, PA",35441
"42057","Fulton, PA",29620
"42059","Greene, PA",30384
"42061","Huntingdon, PA",30047
"42063","Indiana, PA",31665
"42065","Jefferson, PA",33884
"42067","Juniata, PA",31844
"42069","Lackawanna, PA",36753
"42071","Lancaster, PA",38144
"42073","Lawrence, PA",32449
"42075","Lebanon, PA",36414
"42077","Lehigh, PA",43383
"42079","Luzerne, PA",35317
"42081","Lycoming, PA",32336
"42083","McKean, PA",32586
"42085","Mercer, PA",32445
"42087","Mifflin, PA",28496
"42089","Monroe, PA",33471
"42091","Montgomery, PA",57607
"42093","Montour, PA",41085
"42095","Northampton, PA",42938
"42097","Northumberland, PA",31516
"42099","Perry, PA",33858
"42101","Philadelphia, PA",41959
"42103","Pike, PA",35150
"42105","Potter, PA",39842
"42107","Schuylkill, PA",33116
"42109","Snyder, PA",32439
"42111","Somerset, PA",30965
"42113","Sullivan, PA",30762
"42115","Susquehanna, PA",30694
"42117","Tioga, PA",27719
"42119","Union, PA",31288
"42121","Venango, PA",32966
"42123","Warren, PA",36341
"42125","Washington, PA",40312
"42127","Wayne, PA",32625
"42129","Westmoreland, PA",39318
"42131","Wyoming, PA",32091
"42133","York, PA",41955
"44001","Bristol, RI",58681
"44003","Kent, RI",44519
"44005","Newport, RI",50843
"44007","Providence, RI",37521
"44009","Washington, RI",48248
"45001","Abbeville, SC",25292
"45003","Aiken, SC",32586
"45005","Allendale, SC",22890
"45007","Anderson, SC",30164
"45009","Bamberg, SC",25704
"45011","Barnwell, SC",25620
"45013","Beaufort, SC",45373
"45015","Berkeley, SC",29753
"45017","Calhoun, SC",29660
"45019","Charleston, SC",41117
"45021","Cherokee, SC",27060
"45023","Chester, SC",24851
"45025","Chesterfield, SC",25023
"45027","Clarendon, SC",22882
"45029","Colleton, SC",27580
"45031","Darlington, SC",28818
"45033","Dillon, SC",23242
"45035","Dorchester, SC",31761
"45037","Edgefield, SC",25601
"45039","Fairfield, SC",27743
"45041","Florence, SC",32961
"45043","Georgetown, SC",35358
"45045","Greenville, SC",36783
"45047","Greenwood, SC",30105
"45049","Hampton, SC",24445
"45051","Horry, SC",29694
"45053","Jasper, SC",22705
"45055","Kershaw, SC",32501
"45057","Lancaster, SC",29665
"45059","Laurens, SC",26890
"45061","Lee, SC",22245
"45063","Lexington, SC",35908
"45065","McCormick, SC",26174
"45067","Marion, SC",24156
"45069","Marlboro, SC",21494
"45071","Newberry, SC",30568
"45073","Oconee, SC",32905
"45075","Orangeburg, SC",26210
"45077","Pickens, SC",28965
"45079","Richland, SC",36253
"45081","Saluda, SC",29549
"45083","Spartanburg, SC",33338
"45085","Sumter, SC",29991
"45087","Union, SC",25325
"45089","Williamsburg, SC",22298
"45091","York, SC",35608
"46003","Aurora, SD",42029
"46005","Beadle, SD",45672
"46007","Bennett, SD",27055
"46009","Bon Homme, SD",31803
"46011","Brookings, SD",35838
"46013","Brown, SD",44146
"46015","Brule, SD",38961
"46017","Buffalo, SD",20807
"46019","Butte, SD",28712
"46021","Campbell, SD",44712
"46023","Charles Mix, SD",34391
"46025","Clark, SD",39786
"46027","Clay, SD",31074
"46029","Codington, SD",37137
"46031","Corson, SD",24403
"46033","Custer, SD",35021
"46035","Davison, SD",38821
"46037","Day, SD",36167
"46039","Deuel, SD",39817
"46041","Dewey, SD",30627
"46043","Douglas, SD",41678
"46045","Edmunds, SD",48719
"46047","Fall River, SD",33476
"46049","Faulk, SD",50370
"46051","Grant, SD",50309
"46053","Gregory, SD",39709
"46055","Haakon, SD",44217
"46057","Hamlin, SD",36232
"46059","Hand, SD",49733
"46061","Hanson, SD",50041
"46063","Harding, SD",36210
"46065","Hughes, SD",43664
"46067","Hutchinson, SD",39564
"46069","Hyde, SD",37796
"46071","Jackson, SD",23772
"46073","Jerauld, SD",40171
"46075","Jones, SD",52471
"46077","Kingsbury, SD",47724
"46079","Lake, SD",50041
"46081","Lawrence, SD",36448
"46083","Lincoln, SD",56144
"46085","Lyman, SD",41428
"46087","McCook, SD",39384
"46089","McPherson, SD",37965
"46091","Marshall, SD",36178
"46093","Meade, SD",34141
"46095","Mellette, SD",25303
"46097","Miner, SD",37109
"46099","Minnehaha, SD",44376
"46101","Moody, SD",38963
"46102","Oglala Lakota, SD*",18903
"46103","Pennington, SD",40391
"46105","Perkins, SD",33454
"46107","Potter, SD",75663
"46109","Roberts, SD",30955
"46111","Sanborn, SD",36802
"46115","Spink, SD",55259
"46117","Stanley, SD",47837
"46119","Sully, SD",111236
"46121","Todd, SD",20324
"46123","Tripp, SD",36034
"46125","Turner, SD",47269
"46127","Union, SD",78758
"46129","Walworth, SD",37724
"46135","Yankton, SD",37847
"46137","Ziebach, SD",19827
"47001","Anderson, TN",34634
"47003","Bedford, TN",27755
"47005","Benton, TN",27366
"47007","Bledsoe, TN",18561
"47009","Blount, TN",31936
"47011","Bradley, TN",32159
"47013","Campbell, TN",25921
"47015","Cannon, TN",26706
"47017","Carroll, TN",29394
"47019","Carter, TN",26016
"47021","Cheatham, TN",31755
"47023","Chester, TN",25616
"47025","Claiborne, TN",27274
"47027","Clay, TN",25934
"47029","Cocke, TN",24096
"47031","Coffee, TN",30375
"47033","Crockett, TN",30024
"47035","Cumberland, TN",28481
"47037","Davidson, TN",45827
"47039","Decatur, TN",29981
"47041","DeKalb, TN",28436
"47043","Dickson, TN",29892
"47045","Dyer, TN",32024
"47047","Fayette, TN",41338
"47049","Fentress, TN",25517
"47051","Franklin, TN",29483
"47053","Gibson, TN",30198
"47055","Giles, TN",28898
"47057","Grainger, TN",24292
"47059","Greene, TN",32103
"47061","Grundy, TN",22854
"47063","Hamblen, TN",28510
"47065","Hamilton, TN",40061
"47067","Hancock, TN",20208
"47069","Hardeman, TN",22557
"47071","Hardin, TN",29865
"47073","Hawkins, TN",26346
"47075","Haywood, TN",26159
"47077","Henderson, TN",27185
"47079","Henry, TN",29550
"47081","Hickman, TN",23633
"47083","Houston, TN",25112
"47085","Humphreys, TN",28112
"47087","Jackson, TN",23231
"47089","Jefferson, TN",27221
"47091","Johnson, TN",24267
"47093","Knox, TN",37764
"47095","Lake, TN",21494
"47097","Lauderdale, TN",23096
"47099","Lawrence, TN",26659
"47101","Lewis, TN",23731
"47103","Lincoln, TN",30162
"47105","Loudon, TN",36633
"47107","McMinn, TN",27918
"47109","McNairy, TN",25595
"47111","Macon, TN",25548
"47113","Madison, TN",32252
"47115","Marion, TN",29846
"47117","Marshall, TN",27628
"47119","Maury, TN",31411
"47121","Meigs, TN",23451
"47123","Monroe, TN",25717
"47125","Montgomery, TN",36888
"47127","Moore, TN",28989
"47129","Morgan, TN",23379
"47131","Obion, TN",33165
"47133","Overton, TN",24506
"47135","Perry, TN",24288
"47137","Pickett, TN",25652
"47139","Polk, TN",26570
"47141","Putnam, TN",30448
"47143","Rhea, TN",27835
"47145","Roane, TN",31518
"47147","Robertson, TN",32708
"47149","Rutherford, TN",32411
"47151","Scott, TN",23212
"47153","Sequatchie, TN",28361
"47155","Sevier, TN",30000
"47157","Shelby, TN",40110
"47159","Smith, TN",29615
"47161","Stewart, TN",34239
"47163","Sullivan, TN",34069
"47165","Sumner, TN",36158
"47167","Tipton, TN",30374
"47169","Trousdale, TN",28372
"47171","Unicoi, TN",29457
"47173","Union, TN",23398
"47175","Van Buren, TN",21885
"47177","Warren, TN",27112
"47179","Washington, TN",33793
"47181","Wayne, TN",23148
"47183","Weakley, TN",28256
"47185","White, TN",26882
"47187","Williamson, TN",62226
"47189","Wilson, TN",37406
"48001","Anderson, TX",25837
"48003","Andrews, TX",40058
"48005","Angelina, TX",31322
"48007","Aransas, TX",35752
"48009","Archer, TX",40915
"48011","Armstrong, TX",39596
"48013","Atascosa, TX",27134
"48015","Austin, TX",43183
"48017","Bailey, TX",29936
"48019","Bandera, TX",33268
"48021","Bastrop, TX",27898
"48023","Baylor, TX",33941
"48025","Bee, TX",25191
"48027","Bell, TX",38987
"48029","Bexar, TX",36251
"48031","Blanco, TX",47085
"48033","Borden, TX",43706
"48035","Bosque, TX",31613
"48037","Bowie, TX",33286
"48039","Brazoria, TX",37558
"48041","Brazos, TX",28773
"48043","Brewster, TX",33921
"48045","Briscoe, TX",28527
"48047","Brooks, TX",25095
"48049","Brown, TX",27588
"48051","Burleson, TX",32018
"48053","Burnet, TX",37311
"48055","Caldwell, TX",24779
"48057","Calhoun, TX",31664
"48059","Callahan, TX",28962
"48061","Cameron, TX",21766
"48063","Camp, TX",32133
"48065","Carson, TX",34171
"48067","Cass, TX",28746
"48069","Castro, TX",37298
"48071","Chambers, TX",39602
"48073","Cherokee, TX",26681
"48075","Childress, TX",24039
"48077","Clay, TX",35612
"48079","Cochran, TX",35462
"48081","Coke, TX",27334
"48083","Coleman, TX",29926
"48085","Collin, TX",51916
"48087","Collingsworth, TX",27425
"48089","Colorado, TX",35798
"48091","Comal, TX",45453
"48093","Comanche, TX",27431
"48095","Concho, TX",18242
"48097","Cooke, TX",40446
"48099","Coryell, TX",27390
"48101","Cottle, TX",40743
"48103","Crane, TX",35554
"48105","Crockett, TX",31267
"48107","Crosby, TX",29755
"48109","Culberson, TX",23046
"48111","Dallam, TX",43610
"48113","Dallas, TX",44481
"48115","Dawson, TX",27185
"48117","Deaf Smith, TX",27093
"48119","Delta, TX",26349
"48121","Denton, TX",43463
"48123","DeWitt, TX",30728
"48125","Dickens, TX",24149
"48127","Dimmit, TX",21544
"48129","Donley, TX",28637
"48131","Duval, TX",27062
"48133","Eastland, TX",34031
"48135","Ector, TX",36562
"48137","Edwards, TX",29524
"48139","Ellis, TX",33659
"48141","El Paso, TX",25861
"48143","Erath, TX",27443
"48145","Falls, TX",24664
"48147","Fannin, TX",26801
"48149","Fayette, TX",36405
"48151","Fisher, TX",31251
"48153","Floyd, TX",31512
"48155","Foard, TX",31796
"48157","Fort Bend, TX",50252
"48159","Franklin, TX",30478
"48161","Freestone, TX",27834
"48163","Frio, TX",21094
"48165","Gaines, TX",29820
"48167","Galveston, TX",40285
"48169","Garza, TX",36896
"48171","Gillespie, TX",42851
"48173","Glasscock, TX",43450
"48175","Goliad, TX",30591
"48177","Gonzales, TX",28916
"48179","Gray, TX",41853
"48181","Grayson, TX",33007
"48183","Gregg, TX",46597
"48185","Grimes, TX",27209
"48187","Guadalupe, TX",34191
"48189","Hale, TX",27132
"48191","Hall, TX",27338
"48193","Hamilton, TX",41464
"48195","Hansford, TX",46774
"48197","Hardeman, TX",30637
"48199","Hardin, TX",34992
"48201","Harris, TX",48933
"48203","Harrison, TX",35532
"48205","Hartley, TX",30678
"48207","Haskell, TX",29942
"48209","Hays, TX",33820
"48211","Hemphill, TX",60805
"48213","Henderson, TX",29687
"48215","Hidalgo, TX",20616
"48217","Hill, TX",28781
"48219","Hockley, TX",32749
"48221","Hood, TX",39247
"48223","Hopkins, TX",30835
"48225","Houston, TX",26560
"48227","Howard, TX",29500
"48229","Hudspeth, TX",19315
"48231","Hunt, TX",29886
"48233","Hutchinson, TX",36509
"48235","Irion, TX",47384
"48237","Jack, TX",34504
"48239","Jackson, TX",33154
"48241","Jasper, TX",30098
"48243","Jeff Davis, TX",31718
"48245","Jefferson, TX",34375
"48247","Jim Hogg, TX",25892
"48249","Jim Wells, TX",30707
"48251","Johnson, TX",32567
"48253","Jones, TX",23577
"48255","Karnes, TX",23425
"48257","Kaufman, TX",33580
"48259","Kendall, TX",60161
"48261","Kenedy, TX",33551
"48263","Kent, TX",30504
"48265","Kerr, TX",39994
"48267","Kimble, TX",32815
"48269","King, TX",51110
"48271","Kinney, TX",25786
"48273","Kleberg, TX",27378
"48275","Knox, TX",30468
"48277","Lamar, TX",31166
"48279","Lamb, TX",28941
"48281","Lampasas, TX",40018
"48283","La Salle, TX",22146
"48285","Lavaca, TX",36373
"48287","Lee, TX",33422
"48289","Leon, TX",30332
"48291","Liberty, TX",28179
"48293","Limestone, TX",27067
"48295","Lipscomb, TX",43746
"48297","Live Oak, TX",28037
"48299","Llano, TX",31149
"48301","Loving, TX",54115
"48303","Lubbock, TX",32631
"48305","Lynn, TX",29734
"48307","McCulloch, TX",30853
"48309","McLennan, TX",30718
"48311","McMullen, TX",41273
"48313","Madison, TX",23516
"48315","Marion, TX",26137
"48317","Martin, TX",33721
"48319","Mason, TX",29552
"48321","Matagorda, TX",31132
"48323","Maverick, TX",20661
"48325","Medina, TX",28397
"48327","Menard, TX",26615
"48329","Midland, TX",89108
"48331","Milam, TX",29114
"48333","Mills, TX",27580
"48335","Mitchell, TX",23329
"48337","Montague, TX",36678
"48339","Montgomery, TX",51601
"48341","Moore, TX",28837
"48343","Morris, TX",35489
"48345","Motley, TX",27411
"48347","Nacogdoches, TX",29327
"48349","Navarro, TX",29150
"48351","Newton, TX",22209
"48353","Nolan, TX",29345
"48355","Nueces, TX",36739
"48357","Ochiltree, TX",43514
"48359","Oldham, TX",40018
"48361","Orange, TX",32733
"48363","Palo Pinto, TX",32119
"48365","Panola, TX",38170
"48367","Parker, TX",41167
"48369","Parmer, TX",29182
"48371","Pecos, TX",29585
"48373","Polk, TX",31451
"48375","Potter, TX",32963
"48377","Presidio, TX",21326
"48379","Rains, TX",27374
"48381","Randall, TX",39927
"48383","Reagan, TX",48594
"48385","Real, TX",24111
"48387","Red River, TX",28337
"48389","Reeves, TX",21641
"48391","Refugio, TX",35441
"48393","Roberts, TX",39947
"48395","Robertson, TX",32447
"48397","Rockwall, TX",47336
"48399","Runnels, TX",30421
"48401","Rusk, TX",31083
"48403","Sabine, TX",30271
"48405","San Augustine, TX",25578
"48407","San Jacinto, TX",26204
"48409","San Patricio, TX",31530
"48411","San Saba, TX",24063
"48413","Schleicher, TX",35289
"48415","Scurry, TX",39859
"48417","Shackelford, TX",85070
"48419","Shelby, TX",30068
"48421","Sherman, TX",37529
"48423","Smith, TX",43001
"48425","Somervell, TX",34425
"48427","Starr, TX",19085
"48429","Stephens, TX",61159
"48431","Sterling, TX",38743
"48433","Stonewall, TX",32597
"48435","Sutton, TX",47902
"48437","Swisher, TX",29941
"48439","Tarrant, TX",42567
"48441","Taylor, TX",37423
"48443","Terrell, TX",40448
"48445","Terry, TX",30368
"48447","Throckmorton, TX",45294
"48449","Titus, TX",26672
"48451","Tom Green, TX",38050
"48453","Travis, TX",45947
"48455","Trinity, TX",26900
"48457","Tyler, TX",25587
"48459","Upshur, TX",29465
"48461","Upton, TX",41861
"48463","Uvalde, TX",27236
"48465","Val Verde, TX",27881
"48467","Van Zandt, TX",28879
"48469","Victoria, TX",38773
"48471","Walker, TX",21641
"48473","Waller, TX",33400
"48475","Ward, TX",35921
"48477","Washington, TX",42051
"48479","Webb, TX",25861
"48481","Wharton, TX",33998
"48483","Wheeler, TX",42301
"48485","Wichita, TX",40546
"48487","Wilbarger, TX",32606
"48489","Willacy, TX",19487
"48491","Williamson, TX",37874
"48493","Wilson, TX",31841
"48495","Winkler, TX",34116
"48497","Wise, TX",35156
"48499","Wood, TX",28380
"48501","Yoakum, TX",37247
"48503","Young, TX",48072
"48505","Zapata, TX",23636
"48507","Zavala, TX",18481
"49001","Beaver, UT",25273
"49003","Box Elder, UT",29064
"49005","Cache, UT",28140
"49007","Carbon, UT",30787
"49009","Daggett, UT",33792
"49011","Davis, UT",34768
"49013","Duchesne, UT",34433
"49015","Emery, UT",27806
"49017","Garfield, UT",26114
"49019","Grand, UT",34935
"49021","Iron, UT",23001
"49023","Juab, UT",24617
"49025","Kane, UT",30316
"49027","Millard, UT",26407
"49029","Morgan, UT",37758
"49031","Piute, UT",22312
"49033","Rich, UT",28578
"49035","Salt Lake, UT",38616
"49037","San Juan, UT",20003
"49039","Sanpete, UT",21871
"49041","Sevier, UT",25648
"49043","Summit, UT",76628
"49045","Tooele, UT",29141
"49047","Uintah, UT",35899
"49049","Utah, UT",28738
"49051","Wasatch, UT",34002
"49053","Washington, UT",26472
"49055","Wayne, UT",26986
"49057","Weber, UT",32974
"50001","Addison, VT",38031
"50003","Bennington, VT",42017
"50005","Caledonia, VT",32498
"50007","Chittenden, VT",46436
"50009","Essex, VT",28242
"50011","Franklin, VT",34814
"50013","Grand Isle, VT",43542
"50015","Lamoille, VT",42353
"50017","Orange, VT",35523
"50019","Orleans, VT",32477
"50021","Rutland, VT",39759
"50023","Washington, VT",42532
"50025","Windham, VT",39408
"50027","Windsor, VT",44053
"51001","Accomack, VA",32280
"51007","Amelia, VA",33423
"51009","Amherst, VA",29638
"51011","Appomattox, VA",30919
"51013","Arlington, VA",78473
"51017","Bath, VA",37897
"51019","Bedford, VA*",36947
"51021","Bland, VA",26762
"51023","Botetourt, VA",40040
"51025","Brunswick, VA",26025
"51027","Buchanan, VA",29467
"51029","Buckingham, VA",23348
"51033","Caroline, VA",34798
"51036","Charles City, VA",34624
"51037","Charlotte, VA",26843
"51041","Chesterfield, VA",44032
"51043","Clarke, VA",49533
"51045","Craig, VA",28415
"51047","Culpeper, VA",36083
"51049","Cumberland, VA",27376
"51051","Dickenson, VA",25527
"51057","Essex, VA",34391
"51061","Fauquier, VA",55335
"51063","Floyd, VA",29298
"51065","Fluvanna, VA",34167
"51067","Franklin, VA",31691
"51071","Giles, VA",30304
"51073","Gloucester, VA",40198
"51075","Goochland, VA",73589
"51077","Grayson, VA",25832
"51079","Greene, VA",32824
"51083","Halifax, VA",28298
"51085","Hanover, VA",45424
"51087","Henrico, VA",48161
"51091","Highland, VA",31605
"51093","Isle of Wight, VA",44861
"51097","King and Queen, VA",33091
"51099","King George, VA",43365
"51101","King William, VA",38731
"51103","Lancaster, VA",46462
"51105","Lee, VA",24983
"51107","Loudoun, VA",64256
"51109","Louisa, VA",35364
"51111","Lunenburg, VA",24816
"51113","Madison, VA",32945
"51115","Mathews, VA",46746
"51117","Mecklenburg, VA",28078
"51119","Middlesex, VA",39851
"51125","Nelson, VA",35913
"51127","New Kent, VA",43984
"51131","Northampton, VA",32894
"51133","Northumberland, VA",36828
"51135","Nottoway, VA",29529
"51137","Orange, VA",36840
"51139","Page, VA",29597
"51141","Patrick, VA",25695
"51145","Powhatan, VA",40489
"51147","Prince Edward, VA",23988
"51155","Pulaski, VA",29719
"51157","Rappahannock, VA",50448
"51159","Richmond, VA",26541
"51167","Russell, VA",28142
"51169","Scott, VA",26561
"51171","Shenandoah, VA",33343
"51173","Smyth, VA",27624
"51179","Stafford, VA",45896
"51181","Surry, VA",33540
"51183","Sussex, VA",26233
"51185","Tazewell, VA",31406
"51187","Warren, VA",35741
"51193","Westmoreland, VA",32942
"51197","Wythe, VA",29504
"51510","Alexandria (Independent City), VA",74866
"51550","Chesapeake (Independent City), VA",41436
"51650","Hampton (Independent City), VA",34580
"51700","Newport News (Independent City), VA",33974
"51710","Norfolk (Independent City), VA",36040
"51740","Portsmouth (Independent City), VA",33215
"51760","Richmond (Independent City), VA",46311
"51770","Roanoke (Independent City), VA",35993
"51800","Suffolk (Independent City), VA",42121
"51810","Virginia Beach (Independent City), VA",45448
"51901","Albemarle + Charlottesville, VA*",51973
"51903","Alleghany + Covington, VA*",31624
"51907","Augusta, Staunton + Waynesboro, VA*",35026
"51911","Campbell + Lynchburg, VA*",31701
"51913","Carroll + Galax, VA*",27821
"51918","Dinwiddie, Colonial Heights + Petersburg, VA*",33632
"51919","Fairfax, Fairfax City + Falls Church, VA*",68281
"51921","Frederick + Winchester, VA*",38685
"51923","Greensville + Emporia, VA*",26026
"51929","Henry + Martinsville, VA*",29678
"51931","James City + Williamsburg, VA*",53715
"51933","Montgomery + Radford, VA*",28319
"51939","Pittsylvania + Danville, VA*",28130
"51941","Prince George + Hopewell, VA*",32002
"51942","Prince William, Manassas + Manassas Park, VA*",47411
"51944","Roanoke + Salem, VA*",42749
"51945","Rockbridge, Buena Vista + Lexington, VA*",32046
"51947","Rockingham + Harrisonburg, VA*",30653
"51949","Southampton + Franklin, VA*",31019
"51951","Spotsylvania + Fredericksburg, VA*",40752
"51953","Washington + Bristol, VA*",37837
"51955","Wise + Norton, VA*",27514
"51958","York + Poquoson, VA*",47822
"53001","Adams, WA",31742
"53003","Asotin, WA",35246
"53005","Benton, WA",37763
"53007","Chelan, WA",36826
"53009","Clallam, WA",35554
"53011","Clark, WA",39664
"53013","Columbia, WA",40344
"53015","Cowlitz, WA",33412
"53017","Douglas, WA",30620
"53019","Ferry, WA",24822
"53021","Franklin, WA",29393
"53023","Garfield, WA",36660
"53025","Grant, WA",29809
"53027","Grays Harbor, WA",30374
"53029","Island, WA",41576
"53031","Jefferson, WA",41063
"53033","King, WA",62329
"53035","Kitsap, WA",43473
"53037","Kittitas, WA",32532
"53039","Klickitat, WA",33986
"53041","Lewis, WA",31717
"53043","Lincoln, WA",33528
"53045","Mason, WA",32670
"53047","Okanogan, WA",30628
"53049","Pacific, WA",32661
"53051","Pend Oreille, WA",29614
"53053","Pierce, WA",38940
"53055","San Juan, WA",60827
"53057","Skagit, WA",38992
"53059","Skamania, WA",34216
"53061","Snohomish, WA",42245
"53063","Spokane, WA",35886
"53065","Stevens, WA",28784
"53067","Thurston, WA",41261
"53069","Wahkiakum, WA",30499
"53071","Walla Walla, WA",34831
"53073","Whatcom, WA",37201
"53075","Whitman, WA",30762
"53077","Yakima, WA",31682
"54001","Barbour, WV",25507
"54003","Berkeley, WV",32219
"54005","Boone, WV",28652
"54007","Braxton, WV",24419
"54009","Brooke, WV",29796
"54011","Cabell, WV",33995
"54013","Calhoun, WV",23489
"54015","Clay, WV",23949
"54017","Doddridge, WV",15649
"54019","Fayette, WV",26348
"54021","Gilmer, WV",19433
"54023","Grant, WV",27168
"54025","Greenbrier, WV",29169
"54027","Hampshire, WV",25763
"54029","Hancock, WV",31224
"54031","Hardy, WV",23854
"54033","Harrison, WV",36216
"54035","Jackson, WV",28350
"54037","Jefferson, WV",38550
"54039","Kanawha, WV",38625
"54041","Lewis, WV",27447
"54043","Lincoln, WV",23400
"54045","Logan, WV",30731
"54047","McDowell, WV",22355
"54049","Marion, WV",32180
"54051","Marshall, WV",28248
"54053","Mason, WV",26612
"54055","Mercer, WV",30246
"54057","Mineral, WV",29369
"54059","Mingo, WV",31609
"54061","Monongalia, WV",33813
"54063","Monroe, WV",23656
"54065","Morgan, WV",28149
"54067","Nicholas, WV",29277
"54069","Ohio, WV",46661
"54071","Pendleton, WV",28859
"54073","Pleasants, WV",30125
"54075","Pocahontas, WV",27299
"54077","Preston, WV",25646
"54079","Putnam, WV",36569
"54081","Raleigh, WV",30359
"54083","Randolph, WV",28211
"54085","Ritchie, WV",24788
"54087","Roane, WV",25666
"54089","Summers, WV",23943
"54091","Taylor, WV",26962
"54093","Tucker, WV",26738
"54095","Tyler, WV",25474
"54097","Upshur, WV",27099
"54099","Wayne, WV",24606
"54101","Webster, WV",24013
"54103","Wetzel, WV",25851
"54105","Wirt, WV",23083
"54107","Wood, WV",32476
"54109","Wyoming, WV",26173
"55001","Adams, WI",28459
"55003","Ashland, WI",28770
"55005","Barron, WI",33375
"55007","Bayfield, WI",34675
"55009","Brown, WI",40137
"55011","Buffalo, WI",35782
"55013","Burnett, WI",29750
"55015","Calumet, WI",37548
"55017","Chippewa, WI",34204
"55019","Clark, WI",28244
"55021","Columbia, WI",38622
"55023","Crawford, WI",28563
"55025","Dane, WI",45270
"55027","Dodge, WI",34444
"55029","Door, WI",42346
"55031","Douglas, WI",32192
"55033","Dunn, WI",29676
"55035","Eau Claire, WI",35544
"55037","Florence, WI",33025
"55039","Fond du Lac, WI",36977
"55041","Forest, WI",26090
"55043","Grant, WI",30739
"55045","Green, WI",39536
"55047","Green Lake, WI",36634
"55049","Iowa, WI",34889
"55051","Iron, WI",32127
"55053","Jackson, WI",35234
"55055","Jefferson, WI",35373
"55057","Juneau, WI",29825
"55059","Kenosha, WI",35543
"55061","Kewaunee, WI",34964
"55063","La Crosse, WI",37119
"55065","Lafayette, WI",32232
"55067","Langlade, WI",32009
"55069","Lincoln, WI",35576
"55071","Manitowoc, WI",37233
"55073","Marathon, WI",38735
"55075","Marinette, WI",32480
"55077","Marquette, WI",29869
"55078","Menominee, WI*",22614
"55079","Milwaukee, WI",37803
"55081","Monroe, WI",30343
"55083","Oconto, WI",32810
"55085","Oneida, WI",36713
"55087","Outagamie, WI",39007
"55089","Ozaukee, WI",63753
"55091","Pepin, WI",34974
"55093","Pierce, WI",34817
"55095","Polk, WI",33153
"55097","Portage, WI",32870
"55099","Price, WI",34382
"55101","Racine, WI",38686
"55103","Richland, WI",29093
"55105","Rock, WI",32549
"55107","Rusk, WI",27179
"55109","St. Croix, WI",39882
"55111","Sauk, WI",35052
"55113","Sawyer, WI",32908
"55115","Shawano, WI*",30771
"55117","Sheboygan, WI",39497
"55119","Taylor, WI",29679
"55121","Trempealeau, WI",34848
"55123","Vernon, WI",30112
"55125","Vilas, WI",39196
"55127","Walworth, WI",35058
"55129","Washburn, WI",32833
"55131","Washington, WI",43770
"55133","Waukesha, WI",55944
"55135","Waupaca, WI",34992
"55137","Waushara, WI",30959
"55139","Winnebago, WI",36982
"55141","Wood, WI",38117
"55901","Shawano (includes Menominee), WI","(NA)"
"56001","Albany, WY",33540
"56003","Big Horn, WY",31416
"56005","Campbell, WY",49610
"56007","Carbon, WY",43168
"56009","Converse, WY",42654
"56011","Crook, WY",38554
"56013","Fremont, WY",35622
"56015","Goshen, WY",32693
"56017","Hot Springs, WY",37650
"56019","Johnson, WY",40579
"56021","Laramie, WY",44305
"56023","Lincoln, WY",37354
"56025","Natrona, WY",52880
"56027","Niobrara, WY",35181
"56029","Park, WY",41491
"56031","Platte, WY",34189
"56033","Sheridan, WY",62266
"56035","Sublette, WY",52501
"56037","Sweetwater, WY",47272
"56039","Teton, WY",156195
"56041","Uinta, WY",41062
"56043","Washakie, WY",38533
"56045","Weston, WY",39195
"Legend / Footnotes:"
"2/ Per capita personal income was computed using Census Bureau midyear population estimates. Estimates for 2010-2015 reflect county population estimates available as of March 2016."
"* Cibola, NM was separated from Valencia in June 1981, but in these estimates, Valencia includes Cibola through the end of 1981."
"* La Paz County, AZ was separated from Yuma County on January 1, 1983. The Yuma, AZ MSA contains the area that became La Paz County, AZ through 1982 and excludes it beginning with 1983."
"* Shawano, WI and Menominee, WI are combined as Shawano (incl. Menominee), WI for the years prior to 1989."
"* Broomfield County, CO, was created from parts of Adams, Boulder, Jefferson, and Weld counties effective November 15, 2001. Estimates for Broomfield county begin with 2002."
"* Estimates for 1979 forward reflect Alaska Census Areas as defined by the Census Bureau; those for prior years reflect Alaska Census Divisions as defined in the 1970 Decennial Census. Estimates from 1988 forward separate Aleutian Islands Census Area into Aleutians East Borough and Aleutians West Census Area. Estimates for 1991 forward separate Denali Borough from Yukon-Koyukuk Census Area and Lake and Peninsula Borough from Dillingham Census Area. Estimates from 1993 forward separate Skagway-Yakutat-Angoon Census Area into Skagway-Hoonah-Angoon Census Area and Yakutat Borough. Estimates from 2008 forward separate Skagway-Hoonah-Angoon Census Area into Skagway Municipality and Hoonah-Angoon Census Area. Estimates from 2009 forward separate Wrangell-Petersburg Census Area into Petersburg Census Area and Wrangell City and Borough. In addition, a part of the Prince of Wales-Outer Ketchikan Census Area was annexed by Ketchikan Gateway Borough and part (Meyers Chuck Area) was included in the new Wrangell City and Borough. The remainder of the Prince of Wales-Outer Ketchikan Census Area was renamed Prince of Wales-Hyder Census Area. Petersburg Borough was created from part of former Petersburg Census Area and part of Hoonah-Angoon Census Area for 2013 forward. Prince of Wales-Hyder Census Area added part of the former Petersburg Census Area beginning in 2013. For years 2009-2012, Petersburg Borough reflects the geographic boundaries of the former Petersburg Census Area. Wade Hampton Census Area was renamed Kusilvak Census Area on July 1, 2015."
"* Virginia combination areas consist of one or two independent cities with 1980 populations of less than 100,000 combined with an adjacent county. The county name appears first, followed by the city name(s). Separate estimates for the jurisdictions making up the combination area are not available. Bedford County, VA includes the independent city of Bedford for all years."
"* Shannon County, SD was renamed to Oglala Lakota County, SD on May 1, 2015."
"Note-- All dollar estimates are in current dollars (not adjusted for inflation)."
"(NA) Data not available for this year."
"Last updated: November 17, 2016-- new estimates for 2015; revised estimates for 1998-2014."
