"CA1 Personal Income Summary: Personal Income, Population, Per Capita Personal Income"
"Per capita personal income (dollars) 2/" 
"Bureau of Economic Analysis" 
"County"
"GeoFips","GeoName","2009"
"01001","Autauga, AL",32602
"01003","Baldwin, AL",34768
"01005","Barbour, AL",26461
"01007","Bibb, AL",23803
"01009","Blount, AL",27417
"01011","Bullock, AL",23585
"01013","Butler, AL",27381
"01015","Calhoun, AL",30098
"01017","Chambers, AL",26060
"01019","Cherokee, AL",27196
"01021","Chilton, AL",27141
"01023","Choctaw, AL",24777
"01025","Clarke, AL",27138
"01027","Clay, AL",28273
"01029","Cleburne, AL",26439
"01031","Coffee, AL",34080
"01033","Colbert, AL",30692
"01035","Conecuh, AL",25260
"01037","Coosa, AL",25951
"01039","Covington, AL",28216
"01041","Crenshaw, AL",28155
"01043","Cullman, AL",29969
"01045","Dale, AL",32185
"01047","Dallas, AL",27173
"01049","DeKalb, AL",26017
"01051","Elmore, AL",33138
"01053","Escambia, AL",25364
"01055","Etowah, AL",29241
"01057","Fayette, AL",25255
"01059","Franklin, AL",27194
"01061","Geneva, AL",28399
"01063","Greene, AL",27867
"01065","Hale, AL",29367
"01067","Henry, AL",30370
"01069","Houston, AL",33950
"01071","Jackson, AL",28798
"01073","Jefferson, AL",40596
"01075","Lamar, AL",25172
"01077","Lauderdale, AL",29784
"01079","Lawrence, AL",27288
"01081","Lee, AL",28329
"01083","Limestone, AL",32620
"01085","Lowndes, AL",29697
"01087","Macon, AL",25245
"01089","Madison, AL",40383
"01091","Marengo, AL",29198
"01093","Marion, AL",24976
"01095","Marshall, AL",29051
"01097","Mobile, AL",30530
"01099","Monroe, AL",26529
"01101","Montgomery, AL",35169
"01103","Morgan, AL",31444
"01105","Perry, AL",25231
"01107","Pickens, AL",28541
"01109","Pike, AL",30177
"01111","Randolph, AL",27597
"01113","Russell, AL",26317
"01115","St. Clair, AL",29382
"01117","Shelby, AL",41199
"01119","Sumter, AL",25267
"01121","Talladega, AL",26596
"01123","Tallapoosa, AL",31054
"01125","Tuscaloosa, AL",31322
"01127","Walker, AL",31480
"01129","Washington, AL",28963
"01131","Wilcox, AL",24170
"01133","Winston, AL",27190
"02010","Aleutian Islands Census Area, AK*","(NA)"
"02013","Aleutians East Borough, AK*",35135
"02016","Aleutians West Census Area, AK*",38972
"02020","Anchorage Municipality, AK",53620
"02050","Bethel Census Area, AK*",31805
"02060","Bristol Bay Borough, AK",55746
"02068","Denali Borough, AK*",54088
"02070","Dillingham Census Area, AK*",39763
"02090","Fairbanks North Star Borough, AK",44519
"02100","Haines Borough, AK",37115
"02105","Hoonah-Angoon Census Area, AK*",36576
"02110","Juneau City and Borough, AK",51570
"02122","Kenai Peninsula Borough, AK",42112
"02130","Ketchikan Gateway Borough, AK*",52668
"02150","Kodiak Island Borough, AK",45339
"02158","Kusilvak Census Area, AK*",23737
"02164","Lake and Peninsula Borough, AK*",38988
"02170","Matanuska-Susitna Borough, AK",39784
"02180","Nome Census Area, AK*",37170
"02185","North Slope Borough, AK",30248
"02188","Northwest Arctic Borough, AK",36970
"02195","Petersburg Borough, AK*",46633
"02198","Prince of Wales-Hyder Census Area, AK*",31289
"02201","Prince of Wales-Outer Ketchikan Census Area, AK*","(NA)"
"02220","Sitka City and Borough, AK",47835
"02230","Skagway Municipality, AK*",69317
"02231","Skagway-Yakutat-Angoon Census Area, AK*","(NA)"
"02232","Skagway-Hoonah-Angoon Census Area, AK*","(NA)"
"02240","Southeast Fairbanks Census Area, AK*",37113
"02261","Valdez-Cordova Census Area, AK*",48903
"02275","Wrangell City and Borough, AK*",34009
"02280","Wrangell-Petersburg Census Area, AK*","(NA)"
"02282","Yakutat City and Borough, AK*",44595
"02290","Yukon-Koyukuk Census Area, AK*",39744
"02901","Aleutian Islands Division, AK*","(NA)"
"02903","Angoon Division, AK*","(NA)"
"02904","Barrow-North Slope Division, AK*","(NA)"
"02905","Bethel Division, AK*","(NA)"
"02907","Bristol Bay Division, AK*","(NA)"
"02908","Cordova-McCarthy Division, AK*","(NA)"
"02910","Haines Division, AK*","(NA)"
"02912","Kenai-Cook Inlet Division, AK*","(NA)"
"02916","Kuskokwim Division, AK*","(NA)"
"02919","Outer Ketchikan Division, AK*","(NA)"
"02920","Prince of Wales Division, AK*","(NA)"
"02921","Seward Division, AK*","(NA)"
"02922","Sitka Division, AK*","(NA)"
"02923","Skagway-Yakutat Division, AK*","(NA)"
"02924","Southeast Fairbanks Division, AK*","(NA)"
"02925","Upper Yukon Division, AK*","(NA)"
"02926","Valdez-Chitina-Whittier Division, AK*","(NA)"
"02928","Wrangell-Petersburg Division, AK*","(NA)"
"02929","Yukon-Koyukuk Division, AK*","(NA)"
"04001","Apache, AZ",26133
"04003","Cochise, AZ",34989
"04005","Coconino, AZ",33977
"04007","Gila, AZ",30705
"04009","Graham, AZ",23999
"04011","Greenlee, AZ",29898
"04012","La Paz, AZ*",25031
"04013","Maricopa, AZ",36044
"04015","Mohave, AZ",25894
"04017","Navajo, AZ",25284
"04019","Pima, AZ",34261
"04021","Pinal, AZ",24212
"04023","Santa Cruz, AZ",30285
"04025","Yavapai, AZ",29840
"04027","Yuma, AZ*",26770
"05001","Arkansas, AR",34730
"05003","Ashley, AR",28153
"05005","Baxter, AR",28973
"05007","Benton, AR",48156
"05009","Boone, AR",27563
"05011","Bradley, AR",25479
"05013","Calhoun, AR",24974
"05015","Carroll, AR",24507
"05017","Chicot, AR",27779
"05019","Clark, AR",26468
"05021","Clay, AR",29006
"05023","Cleburne, AR",28133
"05025","Cleveland, AR",28006
"05027","Columbia, AR",28277
"05029","Conway, AR",29186
"05031","Craighead, AR",28902
"05033","Crawford, AR",25921
"05035","Crittenden, AR",28419
"05037","Cross, AR",29466
"05039","Dallas, AR",27124
"05041","Desha, AR",31190
"05043","Drew, AR",28692
"05045","Faulkner, AR",30124
"05047","Franklin, AR",24478
"05049","Fulton, AR",22062
"05051","Garland, AR",31632
"05053","Grant, AR",29363
"05055","Greene, AR",27102
"05057","Hempstead, AR",24297
"05059","Hot Spring, AR",25124
"05061","Howard, AR",24970
"05063","Independence, AR",28448
"05065","Izard, AR",23753
"05067","Jackson, AR",25237
"05069","Jefferson, AR",28352
"05071","Johnson, AR",22199
"05073","Lafayette, AR",26042
"05075","Lawrence, AR",25356
"05077","Lee, AR",23400
"05079","Lincoln, AR",20819
"05081","Little River, AR",27979
"05083","Logan, AR",26698
"05085","Lonoke, AR",31626
"05087","Madison, AR",23662
"05089","Marion, AR",23759
"05091","Miller, AR",27500
"05093","Mississippi, AR",27160
"05095","Monroe, AR",26411
"05097","Montgomery, AR",23204
"05099","Nevada, AR",26124
"05101","Newton, AR",21908
"05103","Ouachita, AR",28746
"05105","Perry, AR",27476
"05107","Phillips, AR",26840
"05109","Pike, AR",25539
"05111","Poinsett, AR",27697
"05113","Polk, AR",23396
"05115","Pope, AR",27540
"05117","Prairie, AR",29353
"05119","Pulaski, AR",41185
"05121","Randolph, AR",25590
"05123","St. Francis, AR",22678
"05125","Saline, AR",32678
"05127","Scott, AR",21666
"05129","Searcy, AR",24329
"05131","Sebastian, AR",32463
"05133","Sevier, AR",22590
"05135","Sharp, AR",25958
"05137","Stone, AR",23777
"05139","Union, AR",36829
"05141","Van Buren, AR",23766
"05143","Washington, AR",27904
"05145","White, AR",28427
"05147","Woodruff, AR",26848
"05149","Yell, AR",23708
"06001","Alameda, CA",46386
"06003","Alpine, CA",39668
"06005","Amador, CA",33487
"06007","Butte, CA",32296
"06009","Calaveras, CA",36522
"06011","Colusa, CA",41974
"06013","Contra Costa, CA",54382
"06015","Del Norte, CA",26182
"06017","El Dorado, CA",47016
"06019","Fresno, CA",30823
"06021","Glenn, CA",31374
"06023","Humboldt, CA",33349
"06025","Imperial, CA",27966
"06027","Inyo, CA",41808
"06029","Kern, CA",29054
"06031","Kings, CA",24772
"06033","Lake, CA",29667
"06035","Lassen, CA",26516
"06037","Los Angeles, CA",42043
"06039","Madera, CA",26041
"06041","Marin, CA",82955
"06043","Mariposa, CA",35181
"06045","Mendocino, CA",35506
"06047","Merced, CA",27461
"06049","Modoc, CA",34997
"06051","Mono, CA",39155
"06053","Monterey, CA",40953
"06055","Napa, CA",46552
"06057","Nevada, CA",44062
"06059","Orange, CA",47181
"06061","Placer, CA",46439
"06063","Plumas, CA",37556
"06065","Riverside, CA",30446
"06067","Sacramento, CA",38213
"06069","San Benito, CA",36278
"06071","San Bernardino, CA",29042
"06073","San Diego, CA",43269
"06075","San Francisco, CA",73167
"06077","San Joaquin, CA",32180
"06079","San Luis Obispo, CA",39316
"06081","San Mateo, CA",72337
"06083","Santa Barbara, CA",44587
"06085","Santa Clara, CA",57470
"06087","Santa Cruz, CA",45801
"06089","Shasta, CA",33144
"06091","Sierra, CA",29703
"06093","Siskiyou, CA",31119
"06095","Solano, CA",37441
"06097","Sonoma, CA",42089
"06099","Stanislaus, CA",30939
"06101","Sutter, CA",34958
"06103","Tehama, CA",27835
"06105","Trinity, CA",27152
"06107","Tulare, CA",27933
"06109","Tuolumne, CA",32322
"06111","Ventura, CA",44704
"06113","Yolo, CA",39324
"06115","Yuba, CA",31066
"08001","Adams, CO*",30559
"08003","Alamosa, CO",29242
"08005","Arapahoe, CO",39802
"08007","Archuleta, CO",30012
"08009","Baca, CO",37445
"08011","Bent, CO",22575
"08013","Boulder, CO*",46875
"08014","Broomfield, CO*",70984
"08015","Chaffee, CO",30298
"08017","Cheyenne, CO",48133
"08019","Clear Creek, CO",44628
"08021","Conejos, CO",24410
"08023","Costilla, CO",25840
"08025","Crowley, CO",17322
"08027","Custer, CO",33578
"08029","Delta, CO",27529
"08031","Denver, CO",46598
"08033","Dolores, CO",23141
"08035","Douglas, CO",54967
"08037","Eagle, CO",48084
"08039","Elbert, CO",41883
"08041","El Paso, CO",37349
"08043","Fremont, CO",25083
"08045","Garfield, CO",40781
"08047","Gilpin, CO",36585
"08049","Grand, CO",30238
"08051","Gunnison, CO",34188
"08053","Hinsdale, CO",32670
"08055","Huerfano, CO",29537
"08057","Jackson, CO",34195
"08059","Jefferson, CO*",43302
"08061","Kiowa, CO",39577
"08063","Kit Carson, CO",30095
"08065","Lake, CO",26854
"08067","La Plata, CO",40786
"08069","Larimer, CO",36765
"08071","Las Animas, CO",27651
"08073","Lincoln, CO",27802
"08075","Logan, CO",34242
"08077","Mesa, CO",34513
"08079","Mineral, CO",39928
"08081","Moffat, CO",34030
"08083","Montezuma, CO",30148
"08085","Montrose, CO",29777
"08087","Morgan, CO",27303
"08089","Otero, CO",28060
"08091","Ouray, CO",42776
"08093","Park, CO",32861
"08095","Phillips, CO",34997
"08097","Pitkin, CO",92329
"08099","Prowers, CO",30394
"08101","Pueblo, CO",28655
"08103","Rio Blanco, CO",36644
"08105","Rio Grande, CO",31815
"08107","Routt, CO",48914
"08109","Saguache, CO",25895
"08111","San Juan, CO",39871
"08113","San Miguel, CO",50536
"08115","Sedgwick, CO",36215
"08117","Summit, CO",41320
"08119","Teller, CO",38417
"08121","Washington, CO",32144
"08123","Weld, CO*",32285
"08125","Yuma, CO",33737
"09001","Fairfield, CT",100243
"09003","Hartford, CT",49991
"09005","Litchfield, CT",48875
"09007","Middlesex, CT",52163
"09009","New Haven, CT",44032
"09011","New London, CT",45785
"09013","Tolland, CT",44332
"09015","Windham, CT",36579
"10001","Kent, DE",34194
"10003","New Castle, DE",45008
"10005","Sussex, DE",36997
"11001","District of Columbia, DC",59998
"12001","Alachua, FL",34172
"12003","Baker, FL",24649
"12005","Bay, FL",35528
"12007","Bradford, FL",22887
"12009","Brevard, FL",35847
"12011","Broward, FL",38658
"12013","Calhoun, FL",21488
"12015","Charlotte, FL",31854
"12017","Citrus, FL",29826
"12019","Clay, FL",33441
"12021","Collier, FL",59183
"12023","Columbia, FL",26702
"12027","DeSoto, FL",20343
"12029","Dixie, FL",20526
"12031","Duval, FL",35508
"12033","Escambia, FL",33307
"12035","Flagler, FL",32376
"12037","Franklin, FL",27817
"12039","Gadsden, FL",27606
"12041","Gilchrist, FL",24452
"12043","Glades, FL",18427
"12045","Gulf, FL",24666
"12047","Hamilton, FL",20132
"12049","Hardee, FL",21533
"12051","Hendry, FL",24075
"12053","Hernando, FL",29461
"12055","Highlands, FL",27685
"12057","Hillsborough, FL",37559
"12059","Holmes, FL",23372
"12061","Indian River, FL",53093
"12063","Jackson, FL",26791
"12065","Jefferson, FL",31797
"12067","Lafayette, FL",18526
"12069","Lake, FL",31883
"12071","Lee, FL",40476
"12073","Leon, FL",34718
"12075","Levy, FL",26368
"12077","Liberty, FL",22496
"12079","Madison, FL",23357
"12081","Manatee, FL",35666
"12083","Marion, FL",29399
"12085","Martin, FL",53981
"12086","Miami-Dade, FL",35398
"12087","Monroe, FL",59684
"12089","Nassau, FL",41821
"12091","Okaloosa, FL",39425
"12093","Okeechobee, FL",24045
"12095","Orange, FL",32578
"12097","Osceola, FL",25086
"12099","Palm Beach, FL",54049
"12101","Pasco, FL",30933
"12103","Pinellas, FL",39893
"12105","Polk, FL",29010
"12107","Putnam, FL",25319
"12109","St. Johns, FL",50105
"12111","St. Lucie, FL",30450
"12113","Santa Rosa, FL",35505
"12115","Sarasota, FL",45450
"12117","Seminole, FL",36100
"12119","Sumter, FL",28348
"12121","Suwannee, FL",26174
"12123","Taylor, FL",25483
"12125","Union, FL",16088
"12127","Volusia, FL",32115
"12129","Wakulla, FL",28213
"12131","Walton, FL",36910
"12133","Washington, FL",24160
"13001","Appling, GA",24562
"13003","Atkinson, GA",22132
"13005","Bacon, GA",23426
"13007","Baker, GA",27230
"13009","Baldwin, GA",25325
"13011","Banks, GA",26447
"13013","Barrow, GA",26872
"13015","Bartow, GA",28155
"13017","Ben Hill, GA",23883
"13019","Berrien, GA",25353
"13021","Bibb, GA",33205
"13023","Bleckley, GA",28134
"13025","Brantley, GA",21732
"13027","Brooks, GA",28099
"13029","Bryan, GA",40812
"13031","Bulloch, GA",25540
"13033","Burke, GA",26509
"13035","Butts, GA",25304
"13037","Calhoun, GA",21490
"13039","Camden, GA",28351
"13043","Candler, GA",24838
"13045","Carroll, GA",28908
"13047","Catoosa, GA",27234
"13049","Charlton, GA",20825
"13051","Chatham, GA",36851
"13053","Chattahoochee, GA",27658
"13055","Chattooga, GA",24036
"13057","Cherokee, GA",36012
"13059","Clarke, GA",24859
"13061","Clay, GA",25938
"13063","Clayton, GA",24143
"13065","Clinch, GA",23790
"13067","Cobb, GA",41040
"13069","Coffee, GA",24235
"13071","Colquitt, GA",26787
"13073","Columbia, GA",39372
"13075","Cook, GA",25157
"13077","Coweta, GA",34802
"13079","Crawford, GA",26210
"13081","Crisp, GA",23126
"13083","Dade, GA",25037
"13085","Dawson, GA",31043
"13087","Decatur, GA",29142
"13089","DeKalb, GA",36417
"13091","Dodge, GA",24293
"13093","Dooly, GA",20291
"13095","Dougherty, GA",28553
"13097","Douglas, GA",29001
"13099","Early, GA",29473
"13101","Echols, GA",20705
"13103","Effingham, GA",32256
"13105","Elbert, GA",27272
"13107","Emanuel, GA",25179
"13109","Evans, GA",26577
"13111","Fannin, GA",25454
"13113","Fayette, GA",44721
"13115","Floyd, GA",29714
"13117","Forsyth, GA",45267
"13119","Franklin, GA",27177
"13121","Fulton, GA",62189
"13123","Gilmer, GA",25482
"13125","Glascock, GA",23831
"13127","Glynn, GA",35136
"13129","Gordon, GA",26562
"13131","Grady, GA",27487
"13133","Greene, GA",36565
"13135","Gwinnett, GA",31861
"13137","Habersham, GA",25822
"13139","Hall, GA",30314
"13141","Hancock, GA",21572
"13143","Haralson, GA",26713
"13145","Harris, GA",36080
"13147","Hart, GA",26753
"13149","Heard, GA",23678
"13151","Henry, GA",30580
"13153","Houston, GA",35061
"13155","Irwin, GA",26007
"13157","Jackson, GA",28449
"13159","Jasper, GA",28021
"13161","Jeff Davis, GA",23419
"13163","Jefferson, GA",26074
"13165","Jenkins, GA",24504
"13167","Johnson, GA",20010
"13169","Jones, GA",29072
"13171","Lamar, GA",26049
"13173","Lanier, GA",19867
"13175","Laurens, GA",29014
"13177","Lee, GA",34954
"13179","Liberty, GA",26950
"13181","Lincoln, GA",27149
"13183","Long, GA",21133
"13185","Lowndes, GA",29256
"13187","Lumpkin, GA",26800
"13189","McDuffie, GA",27594
"13191","McIntosh, GA",22092
"13193","Macon, GA",21002
"13195","Madison, GA",27323
"13197","Marion, GA",20894
"13199","Meriwether, GA",26282
"13201","Miller, GA",30270
"13205","Mitchell, GA",26206
"13207","Monroe, GA",33018
"13209","Montgomery, GA",24226
"13211","Morgan, GA",35140
"13213","Murray, GA",22372
"13215","Muscogee, GA",33582
"13217","Newton, GA",26483
"13219","Oconee, GA",44582
"13221","Oglethorpe, GA",27665
"13223","Paulding, GA",28457
"13225","Peach, GA",28340
"13227","Pickens, GA",34036
"13229","Pierce, GA",28024
"13231","Pike, GA",29096
"13233","Polk, GA",25504
"13235","Pulaski, GA",22165
"13237","Putnam, GA",30095
"13239","Quitman, GA",22929
"13241","Rabun, GA",28821
"13243","Randolph, GA",25104
"13245","Richmond, GA",29871
"13247","Rockdale, GA",29442
"13249","Schley, GA",24271
"13251","Screven, GA",23557
"13253","Seminole, GA",29916
"13255","Spalding, GA",26655
"13257","Stephens, GA",27280
"13259","Stewart, GA",18566
"13261","Sumter, GA",27014
"13263","Talbot, GA",25204
"13265","Taliaferro, GA",21821
"13267","Tattnall, GA",24925
"13269","Taylor, GA",23055
"13271","Telfair, GA",17037
"13273","Terrell, GA",30222
"13275","Thomas, GA",32160
"13277","Tift, GA",28555
"13279","Toombs, GA",28515
"13281","Towns, GA",27810
"13283","Treutlen, GA",23592
"13285","Troup, GA",29074
"13287","Turner, GA",26003
"13289","Twiggs, GA",26186
"13291","Union, GA",28595
"13293","Upson, GA",26715
"13295","Walker, GA",24778
"13297","Walton, GA",29320
"13299","Ware, GA",26422
"13301","Warren, GA",25765
"13303","Washington, GA",24831
"13305","Wayne, GA",27113
"13307","Webster, GA",21139
"13309","Wheeler, GA",14552
"13311","White, GA",26010
"13313","Whitfield, GA",26462
"13315","Wilcox, GA",21431
"13317","Wilkes, GA",25623
"13319","Wilkinson, GA",25314
"13321","Worth, GA",27029
"15001","Hawaii, HI",30908
"15003","Honolulu, HI",45061
"15007","Kauai, HI",35015
"15901","Maui + Kalawao, HI",34864
"16001","Ada, ID",38148
"16003","Adams, ID",27487
"16005","Bannock, ID",28551
"16007","Bear Lake, ID",28161
"16009","Benewah, ID",26411
"16011","Bingham, ID",28605
"16013","Blaine, ID",65517
"16015","Boise, ID",29680
"16017","Bonner, ID",29446
"16019","Bonneville, ID",34440
"16021","Boundary, ID",25619
"16023","Butte, ID",30367
"16025","Camas, ID",29516
"16027","Canyon, ID",24421
"16029","Caribou, ID",33084
"16031","Cassia, ID",29596
"16033","Clark, ID",22461
"16035","Clearwater, ID",28738
"16037","Custer, ID",34611
"16039","Elmore, ID",27746
"16041","Franklin, ID",24394
"16043","Fremont (includes Yellowstone Park), ID",26575
"16045","Gem, ID",27021
"16047","Gooding, ID",27715
"16049","Idaho, ID",25672
"16051","Jefferson, ID",27479
"16053","Jerome, ID",25822
"16055","Kootenai, ID",31490
"16057","Latah, ID",31213
"16059","Lemhi, ID",28578
"16061","Lewis, ID",38189
"16063","Lincoln, ID",26045
"16065","Madison, ID",18497
"16067","Minidoka, ID",29118
"16069","Nez Perce, ID",33600
"16071","Oneida, ID",27903
"16073","Owyhee, ID",19162
"16075","Payette, ID",28323
"16077","Power, ID",30437
"16079","Shoshone, ID",28129
"16081","Teton, ID",25484
"16083","Twin Falls, ID",29135
"16085","Valley, ID",33955
"16087","Washington, ID",28966
"17001","Adams, IL",35081
"17003","Alexander, IL",25303
"17005","Bond, IL",28634
"17007","Boone, IL",34046
"17009","Brown, IL",22958
"17011","Bureau, IL",33349
"17013","Calhoun, IL",33122
"17015","Carroll, IL",34604
"17017","Cass, IL",31792
"17019","Champaign, IL",36298
"17021","Christian, IL",32939
"17023","Clark, IL",31867
"17025","Clay, IL",30788
"17027","Clinton, IL",34962
"17029","Coles, IL",30147
"17031","Cook, IL",43289
"17033","Crawford, IL",36372
"17035","Cumberland, IL",31232
"17037","DeKalb, IL",30492
"17039","De Witt, IL",36123
"17041","Douglas, IL",37306
"17043","DuPage, IL",51837
"17045","Edgar, IL",32029
"17047","Edwards, IL",29715
"17049","Effingham, IL",35851
"17051","Fayette, IL",26529
"17053","Ford, IL",39935
"17055","Franklin, IL",28994
"17057","Fulton, IL",30618
"17059","Gallatin, IL",31287
"17061","Greene, IL",29494
"17063","Grundy, IL",41685
"17065","Hamilton, IL",30728
"17067","Hancock, IL",33518
"17069","Hardin, IL",27016
"17071","Henderson, IL",31732
"17073","Henry, IL",35106
"17075","Iroquois, IL",35158
"17077","Jackson, IL",29631
"17079","Jasper, IL",32059
"17081","Jefferson, IL",30706
"17083","Jersey, IL",32249
"17085","Jo Daviess, IL",37089
"17087","Johnson, IL",22799
"17089","Kane, IL",37613
"17091","Kankakee, IL",31996
"17093","Kendall, IL",37538
"17095","Knox, IL",32992
"17097","Lake, IL",55583
"17099","LaSalle, IL",34060
"17101","Lawrence, IL",30722
"17103","Lee, IL",31701
"17105","Livingston, IL",34028
"17107","Logan, IL",29588
"17109","McDonough, IL",30194
"17111","McHenry, IL",41170
"17113","McLean, IL",39034
"17115","Macon, IL",38615
"17117","Macoupin, IL",32068
"17119","Madison, IL",35759
"17121","Marion, IL",32287
"17123","Marshall, IL",35166
"17125","Mason, IL",32227
"17127","Massac, IL",29506
"17129","Menard, IL",36213
"17131","Mercer, IL",35849
"17133","Monroe, IL",42583
"17135","Montgomery, IL",29001
"17137","Morgan, IL",32709
"17139","Moultrie, IL",35630
"17141","Ogle, IL",33857
"17143","Peoria, IL",40810
"17145","Perry, IL",26888
"17147","Piatt, IL",40729
"17149","Pike, IL",28566
"17151","Pope, IL",26538
"17153","Pulaski, IL",29519
"17155","Putnam, IL",35786
"17157","Randolph, IL",28499
"17159","Richland, IL",32242
"17161","Rock Island, IL",37252
"17163","St. Clair, IL",35484
"17165","Saline, IL",31190
"17167","Sangamon, IL",37638
"17169","Schuyler, IL",36171
"17171","Scott, IL",30493
"17173","Shelby, IL",31786
"17175","Stark, IL",32162
"17177","Stephenson, IL",32459
"17179","Tazewell, IL",36872
"17181","Union, IL",31004
"17183","Vermilion, IL",30742
"17185","Wabash, IL",33236
"17187","Warren, IL",31328
"17189","Washington, IL",39857
"17191","Wayne, IL",30926
"17193","White, IL",34521
"17195","Whiteside, IL",33599
"17197","Will, IL",38693
"17199","Williamson, IL",34205
"17201","Winnebago, IL",32801
"17203","Woodford, IL",39474
"18001","Adams, IN",27041
"18003","Allen, IN",33653
"18005","Bartholomew, IN",35914
"18007","Benton, IN",34084
"18009","Blackford, IN",29542
"18011","Boone, IN",49620
"18013","Brown, IN",33203
"18015","Carroll, IN",31321
"18017","Cass, IN",28975
"18019","Clark, IN",33889
"18021","Clay, IN",29005
"18023","Clinton, IN",29158
"18025","Crawford, IN",25512
"18027","Daviess, IN",31201
"18029","Dearborn, IN",34912
"18031","Decatur, IN",31864
"18033","DeKalb, IN",30433
"18035","Delaware, IN",27621
"18037","Dubois, IN",37603
"18039","Elkhart, IN",28492
"18041","Fayette, IN",28184
"18043","Floyd, IN",38130
"18045","Fountain, IN",30564
"18047","Franklin, IN",35004
"18049","Fulton, IN",29944
"18051","Gibson, IN",32108
"18053","Grant, IN",29829
"18055","Greene, IN",30438
"18057","Hamilton, IN",52218
"18059","Hancock, IN",37184
"18061","Harrison, IN",33424
"18063","Hendricks, IN",37384
"18065","Henry, IN",29150
"18067","Howard, IN",30656
"18069","Huntington, IN",30746
"18071","Jackson, IN",34384
"18073","Jasper, IN",31745
"18075","Jay, IN",28292
"18077","Jefferson, IN",30808
"18079","Jennings, IN",27217
"18081","Johnson, IN",36109
"18083","Knox, IN",33042
"18085","Kosciusko, IN",32255
"18087","Lagrange, IN",22849
"18089","Lake, IN",33129
"18091","LaPorte, IN",30773
"18093","Lawrence, IN",29560
"18095","Madison, IN",28751
"18097","Marion, IN",39328
"18099","Marshall, IN",29330
"18101","Martin, IN",31791
"18103","Miami, IN",24732
"18105","Monroe, IN",30344
"18107","Montgomery, IN",31972
"18109","Morgan, IN",33650
"18111","Newton, IN",30302
"18113","Noble, IN",27002
"18115","Ohio, IN",44185
"18117","Orange, IN",27199
"18119","Owen, IN",28569
"18121","Parke, IN",26269
"18123","Perry, IN",27937
"18125","Pike, IN",29831
"18127","Porter, IN",37710
"18129","Posey, IN",36112
"18131","Pulaski, IN",30888
"18133","Putnam, IN",27258
"18135","Randolph, IN",28798
"18137","Ripley, IN",33415
"18139","Rush, IN",31333
"18141","St. Joseph, IN",33886
"18143","Scott, IN",26876
"18145","Shelby, IN",30697
"18147","Spencer, IN",32946
"18149","Starke, IN",25727
"18151","Steuben, IN",29567
"18153","Sullivan, IN",27224
"18155","Switzerland, IN",23673
"18157","Tippecanoe, IN",29419
"18159","Tipton, IN",32290
"18161","Union, IN",27666
"18163","Vanderburgh, IN",35757
"18165","Vermillion, IN",31157
"18167","Vigo, IN",30336
"18169","Wabash, IN",29927
"18171","Warren, IN",33357
"18173","Warrick, IN",39167
"18175","Washington, IN",27051
"18177","Wayne, IN",29887
"18179","Wells, IN",32041
"18181","White, IN",31718
"18183","Whitley, IN",32889
"19001","Adair, IA",35738
"19003","Adams, IA",36277
"19005","Allamakee, IA",31867
"19007","Appanoose, IA",29904
"19009","Audubon, IA",38172
"19011","Benton, IA",38553
"19013","Black Hawk, IA",34483
"19015","Boone, IA",39026
"19017","Bremer, IA",36873
"19019","Buchanan, IA",36594
"19021","Buena Vista, IA",35024
"19023","Butler, IA",36526
"19025","Calhoun, IA",38733
"19027","Carroll, IA",38216
"19029","Cass, IA",34611
"19031","Cedar, IA",38786
"19033","Cerro Gordo, IA",38371
"19035","Cherokee, IA",38822
"19037","Chickasaw, IA",35763
"19039","Clarke, IA",30483
"19041","Clay, IA",37728
"19043","Clayton, IA",33419
"19045","Clinton, IA",34193
"19047","Crawford, IA",35420
"19049","Dallas, IA",47310
"19051","Davis, IA",27725
"19053","Decatur, IA",26149
"19055","Delaware, IA",31876
"19057","Des Moines, IA",36129
"19059","Dickinson, IA",41845
"19061","Dubuque, IA",35786
"19063","Emmet, IA",33272
"19065","Fayette, IA",30484
"19067","Floyd, IA",33989
"19069","Franklin, IA",36392
"19071","Fremont, IA",45318
"19073","Greene, IA",39783
"19075","Grundy, IA",42070
"19077","Guthrie, IA",39741
"19079","Hamilton, IA",37620
"19081","Hancock, IA",37100
"19083","Hardin, IA",37605
"19085","Harrison, IA",37106
"19087","Henry, IA",31706
"19089","Howard, IA",33378
"19091","Humboldt, IA",36436
"19093","Ida, IA",40613
"19095","Iowa, IA",39593
"19097","Jackson, IA",32651
"19099","Jasper, IA",33635
"19101","Jefferson, IA",32024
"19103","Johnson, IA",39528
"19105","Jones, IA",33538
"19107","Keokuk, IA",34506
"19109","Kossuth, IA",42156
"19111","Lee, IA",31441
"19113","Linn, IA",40450
"19115","Louisa, IA",30259
"19117","Lucas, IA",32103
"19119","Lyon, IA",35181
"19121","Madison, IA",37996
"19123","Mahaska, IA",33018
"19125","Marion, IA",34230
"19127","Marshall, IA",33490
"19129","Mills, IA",44827
"19131","Mitchell, IA",35364
"19133","Monona, IA",37897
"19135","Monroe, IA",33211
"19137","Montgomery, IA",34319
"19139","Muscatine, IA",35638
"19141","O'Brien, IA",37589
"19143","Osceola, IA",35642
"19145","Page, IA",33621
"19147","Palo Alto, IA",35681
"19149","Plymouth, IA",39421
"19151","Pocahontas, IA",40394
"19153","Polk, IA",41302
"19155","Pottawattamie, IA",34583
"19157","Poweshiek, IA",36038
"19159","Ringgold, IA",32205
"19161","Sac, IA",38648
"19163","Scott, IA",42405
"19165","Shelby, IA",39232
"19167","Sioux, IA",31693
"19169","Story, IA",32927
"19171","Tama, IA",36363
"19173","Taylor, IA",33699
"19175","Union, IA",31467
"19177","Van Buren, IA",30207
"19179","Wapello, IA",31212
"19181","Warren, IA",37655
"19183","Washington, IA",37330
"19185","Wayne, IA",31988
"19187","Webster, IA",34248
"19189","Winnebago, IA",33032
"19191","Winneshiek, IA",33840
"19193","Woodbury, IA",37342
"19195","Worth, IA",34477
"19197","Wright, IA",37563
"20001","Allen, KS",33758
"20003","Anderson, KS",32546
"20005","Atchison, KS",29531
"20007","Barber, KS",34544
"20009","Barton, KS",37321
"20011","Bourbon, KS",33985
"20013","Brown, KS",37026
"20015","Butler, KS",35658
"20017","Chase, KS",33065
"20019","Chautauqua, KS",35455
"20021","Cherokee, KS",28352
"20023","Cheyenne, KS",35289
"20025","Clark, KS",34751
"20027","Clay, KS",41027
"20029","Cloud, KS",30314
"20031","Coffey, KS",39846
"20033","Comanche, KS",33879
"20035","Cowley, KS",29896
"20037","Crawford, KS",31196
"20039","Decatur, KS",37441
"20041","Dickinson, KS",40163
"20043","Doniphan, KS",32648
"20045","Douglas, KS",33467
"20047","Edwards, KS",45173
"20049","Elk, KS",30185
"20051","Ellis, KS",36512
"20053","Ellsworth, KS",32099
"20055","Finney, KS",32400
"20057","Ford, KS",29965
"20059","Franklin, KS",32065
"20061","Geary, KS",42183
"20063","Gove, KS",47669
"20065","Graham, KS",38943
"20067","Grant, KS",34581
"20069","Gray, KS",40980
"20071","Greeley, KS",44093
"20073","Greenwood, KS",32156
"20075","Hamilton, KS",33420
"20077","Harper, KS",36204
"20079","Harvey, KS",33711
"20081","Haskell, KS",46026
"20083","Hodgeman, KS",36580
"20085","Jackson, KS",32879
"20087","Jefferson, KS",33930
"20089","Jewell, KS",37303
"20091","Johnson, KS",55856
"20093","Kearny, KS",38367
"20095","Kingman, KS",34256
"20097","Kiowa, KS",31406
"20099","Labette, KS",32898
"20101","Lane, KS",41403
"20103","Leavenworth, KS",34437
"20105","Lincoln, KS",32904
"20107","Linn, KS",29576
"20109","Logan, KS",39708
"20111","Lyon, KS",28361
"20113","McPherson, KS",37734
"20115","Marion, KS",30783
"20117","Marshall, KS",36543
"20119","Meade, KS",39441
"20121","Miami, KS",36521
"20123","Mitchell, KS",38365
"20125","Montgomery, KS",31752
"20127","Morris, KS",34430
"20129","Morton, KS",37359
"20131","Nemaha, KS",37534
"20133","Neosho, KS",28330
"20135","Ness, KS",41119
"20137","Norton, KS",29924
"20139","Osage, KS",32144
"20141","Osborne, KS",35959
"20143","Ottawa, KS",32789
"20145","Pawnee, KS",32018
"20147","Phillips, KS",34877
"20149","Pottawatomie, KS",41584
"20151","Pratt, KS",35310
"20153","Rawlins, KS",37393
"20155","Reno, KS",32813
"20157","Republic, KS",34640
"20159","Rice, KS",29076
"20161","Riley, KS",34340
"20163","Rooks, KS",33968
"20165","Rush, KS",37192
"20167","Russell, KS",37506
"20169","Saline, KS",36948
"20171","Scott, KS",39556
"20173","Sedgwick, KS",40285
"20175","Seward, KS",26995
"20177","Shawnee, KS",37381
"20179","Sheridan, KS",45398
"20181","Sherman, KS",34958
"20183","Smith, KS",35404
"20185","Stafford, KS",41570
"20187","Stanton, KS",47668
"20189","Stevens, KS",34586
"20191","Sumner, KS",32986
"20193","Thomas, KS",36414
"20195","Trego, KS",36212
"20197","Wabaunsee, KS",38937
"20199","Wallace, KS",35628
"20201","Washington, KS",34619
"20203","Wichita, KS",46122
"20205","Wilson, KS",31010
"20207","Woodson, KS",28830
"20209","Wyandotte, KS",27201
"21001","Adair, KY",23069
"21003","Allen, KY",24378
"21005","Anderson, KY",30949
"21007","Ballard, KY",31587
"21009","Barren, KY",27362
"21011","Bath, KY",24511
"21013","Bell, KY",25033
"21015","Boone, KY",36589
"21017","Bourbon, KY",31521
"21019","Boyd, KY",31758
"21021","Boyle, KY",30015
"21023","Bracken, KY",29846
"21025","Breathitt, KY",25438
"21027","Breckinridge, KY",25764
"21029","Bullitt, KY",30696
"21031","Butler, KY",26190
"21033","Caldwell, KY",28625
"21035","Calloway, KY",30005
"21037","Campbell, KY",35500
"21039","Carlisle, KY",34421
"21041","Carroll, KY",38763
"21043","Carter, KY",25345
"21045","Casey, KY",22690
"21047","Christian, KY",32446
"21049","Clark, KY",31816
"21051","Clay, KY",21975
"21053","Clinton, KY",23261
"21055","Crittenden, KY",28479
"21057","Cumberland, KY",23608
"21059","Daviess, KY",33978
"21061","Edmonson, KY",24467
"21063","Elliott, KY",17558
"21065","Estill, KY",24844
"21067","Fayette, KY",38360
"21069","Fleming, KY",24677
"21071","Floyd, KY",28469
"21073","Franklin, KY",33677
"21075","Fulton, KY",27859
"21077","Gallatin, KY",23730
"21079","Garrard, KY",24787
"21081","Grant, KY",27100
"21083","Graves, KY",30087
"21085","Grayson, KY",25513
"21087","Green, KY",26438
"21089","Greenup, KY",31712
"21091","Hancock, KY",47836
"21093","Hardin, KY",35213
"21095","Harlan, KY",26254
"21097","Harrison, KY",27953
"21099","Hart, KY",24939
"21101","Henderson, KY",31248
"21103","Henry, KY",29341
"21105","Hickman, KY",32640
"21107","Hopkins, KY",30040
"21109","Jackson, KY",20788
"21111","Jefferson, KY",37827
"21113","Jessamine, KY",31534
"21115","Johnson, KY",30171
"21117","Kenton, KY",41395
"21119","Knott, KY",26442
"21121","Knox, KY",23410
"21123","Larue, KY",27453
"21125","Laurel, KY",27792
"21127","Lawrence, KY",25201
"21129","Lee, KY",21492
"21131","Leslie, KY",28094
"21133","Letcher, KY",29238
"21135","Lewis, KY",23067
"21137","Lincoln, KY",23974
"21139","Livingston, KY",30501
"21141","Logan, KY",28492
"21143","Lyon, KY",24735
"21145","McCracken, KY",36606
"21147","McCreary, KY",19038
"21149","McLean, KY",32406
"21151","Madison, KY",28069
"21153","Magoffin, KY",21595
"21155","Marion, KY",26001
"21157","Marshall, KY",31522
"21159","Martin, KY",24580
"21161","Mason, KY",30534
"21163","Meade, KY",28740
"21165","Menifee, KY",23685
"21167","Mercer, KY",29079
"21169","Metcalfe, KY",23521
"21171","Monroe, KY",24359
"21173","Montgomery, KY",27740
"21175","Morgan, KY",20208
"21177","Muhlenberg, KY",26339
"21179","Nelson, KY",30813
"21181","Nicholas, KY",27368
"21183","Ohio, KY",27578
"21185","Oldham, KY",44619
"21187","Owen, KY",27914
"21189","Owsley, KY",23355
"21191","Pendleton, KY",27077
"21193","Perry, KY",31315
"21195","Pike, KY",30347
"21197","Powell, KY",23874
"21199","Pulaski, KY",29513
"21201","Robertson, KY",24198
"21203","Rockcastle, KY",23272
"21205","Rowan, KY",24828
"21207","Russell, KY",25769
"21209","Scott, KY",33508
"21211","Shelby, KY",34494
"21213","Simpson, KY",27975
"21215","Spencer, KY",32236
"21217","Taylor, KY",27581
"21219","Todd, KY",31388
"21221","Trigg, KY",32993
"21223","Trimble, KY",27679
"21225","Union, KY",31430
"21227","Warren, KY",30142
"21229","Washington, KY",30114
"21231","Wayne, KY",22177
"21233","Webster, KY",29957
"21235","Whitley, KY",28767
"21237","Wolfe, KY",20932
"21239","Woodford, KY",38403
"22001","Acadia, LA",30909
"22003","Allen, LA",26465
"22005","Ascension, LA",38601
"22007","Assumption, LA",31419
"22009","Avoyelles, LA",29358
"22011","Beauregard, LA",34076
"22013","Bienville, LA",28239
"22015","Bossier, LA",34954
"22017","Caddo, LA",38018
"22019","Calcasieu, LA",33751
"22021","Caldwell, LA",30505
"22023","Cameron, LA",34989
"22025","Catahoula, LA",25980
"22027","Claiborne, LA",27083
"22029","Concordia, LA",31192
"22031","De Soto, LA",31517
"22033","East Baton Rouge, LA",39192
"22035","East Carroll, LA",26693
"22037","East Feliciana, LA",32626
"22039","Evangeline, LA",30988
"22041","Franklin, LA",26936
"22043","Grant, LA",25805
"22045","Iberia, LA",34141
"22047","Iberville, LA",31261
"22049","Jackson, LA",29305
"22051","Jefferson, LA",40908
"22053","Jefferson Davis, LA",31138
"22055","Lafayette, LA",40970
"22057","Lafourche, LA",39973
"22059","LaSalle, LA",27954
"22061","Lincoln, LA",29618
"22063","Livingston, LA",32473
"22065","Madison, LA",25427
"22067","Morehouse, LA",30072
"22069","Natchitoches, LA",29720
"22071","Orleans, LA",41780
"22073","Ouachita, LA",32551
"22075","Plaquemines, LA",40461
"22077","Pointe Coupee, LA",34239
"22079","Rapides, LA",35665
"22081","Red River, LA",25960
"22083","Richland, LA",29660
"22085","Sabine, LA",27435
"22087","St. Bernard, LA",30744
"22089","St. Charles, LA",39487
"22091","St. Helena, LA",33023
"22093","St. James, LA",36152
"22095","St. John the Baptist, LA",33667
"22097","St. Landry, LA",32073
"22099","St. Martin, LA",31075
"22101","St. Mary, LA",34239
"22103","St. Tammany, LA",44802
"22105","Tangipahoa, LA",31124
"22107","Tensas, LA",32122
"22109","Terrebonne, LA",38329
"22111","Union, LA",30049
"22113","Vermilion, LA",32266
"22115","Vernon, LA",34188
"22117","Washington, LA",27504
"22119","Webster, LA",30926
"22121","West Baton Rouge, LA",36714
"22123","West Carroll, LA",24653
"22125","West Feliciana, LA",27299
"22127","Winn, LA",27407
"23001","Androscoggin, ME",33511
"23003","Aroostook, ME",32670
"23005","Cumberland, ME",44288
"23007","Franklin, ME",30113
"23009","Hancock, ME",38402
"23011","Kennebec, ME",36920
"23013","Knox, ME",37441
"23015","Lincoln, ME",38272
"23017","Oxford, ME",30309
"23019","Penobscot, ME",33153
"23021","Piscataquis, ME",30680
"23023","Sagadahoc, ME",38109
"23025","Somerset, ME",31570
"23027","Waldo, ME",31918
"23029","Washington, ME",30755
"23031","York, ME",38973
"24001","Allegany, MD",30964
"24003","Anne Arundel, MD",52226
"24005","Baltimore, MD",48430
"24009","Calvert, MD",49002
"24011","Caroline, MD",33381
"24013","Carroll, MD",46908
"24015","Cecil, MD",37198
"24017","Charles, MD",47046
"24019","Dorchester, MD",35069
"24021","Frederick, MD",48245
"24023","Garrett, MD",33415
"24025","Harford, MD",45092
"24027","Howard, MD",63155
"24029","Kent, MD",45636
"24031","Montgomery, MD",68975
"24033","Prince George's, MD",40401
"24035","Queen Anne's, MD",47907
"24037","St. Mary's, MD",45334
"24039","Somerset, MD",24764
"24041","Talbot, MD",57991
"24043","Washington, MD",35910
"24045","Wicomico, MD",33327
"24047","Worcester, MD",42752
"24510","Baltimore (Independent City), MD",36709
"25001","Barnstable, MA",50752
"25003","Berkshire, MA",40659
"25005","Bristol, MA",39406
"25007","Dukes, MA",62529
"25009","Essex, MA",50358
"25011","Franklin, MA",39602
"25013","Hampden, MA",38332
"25015","Hampshire, MA",37993
"25017","Middlesex, MA",59637
"25019","Nantucket, MA",74782
"25021","Norfolk, MA",63434
"25023","Plymouth, MA",47094
"25025","Suffolk, MA",60606
"25027","Worcester, MA",42282
"26001","Alcona, MI",26594
"26003","Alger, MI",24431
"26005","Allegan, MI",31931
"26007","Alpena, MI",30630
"26009","Antrim, MI",30172
"26011","Arenac, MI",27239
"26013","Baraga, MI",25925
"26015","Barry, MI",30783
"26017","Bay, MI",32011
"26019","Benzie, MI",29494
"26021","Berrien, MI",34216
"26023","Branch, MI",25581
"26025","Calhoun, MI",30963
"26027","Cass, MI",29406
"26029","Charlevoix, MI",35540
"26031","Cheboygan, MI",27587
"26033","Chippewa, MI",26572
"26035","Clare, MI",25460
"26037","Clinton, MI",32998
"26039","Crawford, MI",23965
"26041","Delta, MI",30840
"26043","Dickinson, MI",34702
"26045","Eaton, MI",31932
"26047","Emmet, MI",38438
"26049","Genesee, MI",29459
"26051","Gladwin, MI",27154
"26053","Gogebic, MI",27707
"26055","Grand Traverse, MI",33996
"26057","Gratiot, MI",27603
"26059","Hillsdale, MI",26854
"26061","Houghton, MI",27753
"26063","Huron, MI",33679
"26065","Ingham, MI",31423
"26067","Ionia, MI",25248
"26069","Iosco, MI",27376
"26071","Iron, MI",29846
"26073","Isabella, MI",25710
"26075","Jackson, MI",29560
"26077","Kalamazoo, MI",35662
"26079","Kalkaska, MI",25149
"26081","Kent, MI",36515
"26083","Keweenaw, MI",33265
"26085","Lake, MI",23869
"26087","Lapeer, MI",29763
"26089","Leelanau, MI",39514
"26091","Lenawee, MI",28888
"26093","Livingston, MI",38238
"26095","Luce, MI",23658
"26097","Mackinac, MI",31368
"26099","Macomb, MI",33692
"26101","Manistee, MI",29378
"26103","Marquette, MI",31306
"26105","Mason, MI",29965
"26107","Mecosta, MI",24315
"26109","Menominee, MI",29942
"26111","Midland, MI",41845
"26113","Missaukee, MI",24345
"26115","Monroe, MI",33118
"26117","Montcalm, MI",24874
"26119","Montmorency, MI",25958
"26121","Muskegon, MI",27529
"26123","Newaygo, MI",26367
"26125","Oakland, MI",48577
"26127","Oceana, MI",26461
"26129","Ogemaw, MI",24985
"26131","Ontonagon, MI",29204
"26133","Osceola, MI",24515
"26135","Oscoda, MI",24742
"26137","Otsego, MI",28633
"26139","Ottawa, MI",32615
"26141","Presque Isle, MI",28157
"26143","Roscommon, MI",27462
"26145","Saginaw, MI",29260
"26147","St. Clair, MI",31124
"26149","St. Joseph, MI",27684
"26151","Sanilac, MI",26956
"26153","Schoolcraft, MI",29697
"26155","Shiawassee, MI",28563
"26157","Tuscola, MI",26703
"26159","Van Buren, MI",31059
"26161","Washtenaw, MI",40956
"26163","Wayne, MI",31402
"26165","Wexford, MI",27268
"27001","Aitkin, MN",28208
"27003","Anoka, MN",37230
"27005","Becker, MN",33097
"27007","Beltrami, MN",30000
"27009","Benton, MN",32230
"27011","Big Stone, MN",36979
"27013","Blue Earth, MN",32274
"27015","Brown, MN",37171
"27017","Carlton, MN",31679
"27019","Carver, MN",49242
"27021","Cass, MN",33368
"27023","Chippewa, MN",38485
"27025","Chisago, MN",34517
"27027","Clay, MN",32854
"27029","Clearwater, MN",28850
"27031","Cook, MN",37450
"27033","Cottonwood, MN",35205
"27035","Crow Wing, MN",32677
"27037","Dakota, MN",43503
"27039","Dodge, MN",35699
"27041","Douglas, MN",38583
"27043","Faribault, MN",39396
"27045","Fillmore, MN",34812
"27047","Freeborn, MN",34137
"27049","Goodhue, MN",37962
"27051","Grant, MN",37307
"27053","Hennepin, MN",52321
"27055","Houston, MN",36892
"27057","Hubbard, MN",29964
"27059","Isanti, MN",31954
"27061","Itasca, MN",30805
"27063","Jackson, MN",38918
"27065","Kanabec, MN",28211
"27067","Kandiyohi, MN",38457
"27069","Kittson, MN",37733
"27071","Koochiching, MN",32744
"27073","Lac qui Parle, MN",41338
"27075","Lake, MN",34517
"27077","Lake of the Woods, MN",35016
"27079","Le Sueur, MN",34742
"27081","Lincoln, MN",34865
"27083","Lyon, MN",36621
"27085","McLeod, MN",34574
"27087","Mahnomen, MN",26456
"27089","Marshall, MN",34508
"27091","Martin, MN",37206
"27093","Meeker, MN",31728
"27095","Mille Lacs, MN",29983
"27097","Morrison, MN",30500
"27099","Mower, MN",35414
"27101","Murray, MN",41856
"27103","Nicollet, MN",35325
"27105","Nobles, MN",33751
"27107","Norman, MN",33969
"27109","Olmsted, MN",42078
"27111","Otter Tail, MN",33383
"27113","Pennington, MN",36539
"27115","Pine, MN",26722
"27117","Pipestone, MN",37820
"27119","Polk, MN",34903
"27121","Pope, MN",34048
"27123","Ramsey, MN",40162
"27125","Red Lake, MN",32033
"27127","Redwood, MN",41034
"27129","Renville, MN",38245
"27131","Rice, MN",32196
"27133","Rock, MN",36046
"27135","Roseau, MN",33415
"27137","St. Louis, MN",35009
"27139","Scott, MN",42754
"27141","Sherburne, MN",33797
"27143","Sibley, MN",35302
"27145","Stearns, MN",33309
"27147","Steele, MN",35848
"27149","Stevens, MN",36986
"27151","Swift, MN",33485
"27153","Todd, MN",30161
"27155","Traverse, MN",39513
"27157","Wabasha, MN",35018
"27159","Wadena, MN",28595
"27161","Waseca, MN",34997
"27163","Washington, MN",45958
"27165","Watonwan, MN",32375
"27167","Wilkin, MN",39844
"27169","Winona, MN",32792
"27171","Wright, MN",35715
"27173","Yellow Medicine, MN",37770
"28001","Adams, MS",28074
"28003","Alcorn, MS",25848
"28005","Amite, MS",25117
"28007","Attala, MS",27136
"28009","Benton, MS",22095
"28011","Bolivar, MS",28524
"28013","Calhoun, MS",23420
"28015","Carroll, MS",25970
"28017","Chickasaw, MS",25819
"28019","Choctaw, MS",23031
"28021","Claiborne, MS",26557
"28023","Clarke, MS",28299
"28025","Clay, MS",28207
"28027","Coahoma, MS",27492
"28029","Copiah, MS",26592
"28031","Covington, MS",27507
"28033","DeSoto, MS",31714
"28035","Forrest, MS",29968
"28037","Franklin, MS",26060
"28039","George, MS",27273
"28041","Greene, MS",20238
"28043","Grenada, MS",28829
"28045","Hancock, MS",32544
"28047","Harrison, MS",33471
"28049","Hinds, MS",32585
"28051","Holmes, MS",23377
"28053","Humphreys, MS",25122
"28055","Issaquena, MS",23443
"28057","Itawamba, MS",25789
"28059","Jackson, MS",33385
"28061","Jasper, MS",28122
"28063","Jefferson, MS",25314
"28065","Jefferson Davis, MS",25040
"28067","Jones, MS",31326
"28069","Kemper, MS",21927
"28071","Lafayette, MS",30250
"28073","Lamar, MS",30296
"28075","Lauderdale, MS",30295
"28077","Lawrence, MS",27418
"28079","Leake, MS",22386
"28081","Lee, MS",31125
"28083","Leflore, MS",27640
"28085","Lincoln, MS",29478
"28087","Lowndes, MS",29561
"28089","Madison, MS",46365
"28091","Marion, MS",25175
"28093","Marshall, MS",24536
"28095","Monroe, MS",26330
"28097","Montgomery, MS",26589
"28099","Neshoba, MS",30966
"28101","Newton, MS",27696
"28103","Noxubee, MS",24197
"28105","Oktibbeha, MS",26244
"28107","Panola, MS",25087
"28109","Pearl River, MS",29758
"28111","Perry, MS",25187
"28113","Pike, MS",26096
"28115","Pontotoc, MS",24959
"28117","Prentiss, MS",24286
"28119","Quitman, MS",22945
"28121","Rankin, MS",35738
"28123","Scott, MS",24855
"28125","Sharkey, MS",23194
"28127","Simpson, MS",28769
"28129","Smith, MS",26783
"28131","Stone, MS",26133
"28133","Sunflower, MS",24094
"28135","Tallahatchie, MS",22323
"28137","Tate, MS",27779
"28139","Tippah, MS",24742
"28141","Tishomingo, MS",24582
"28143","Tunica, MS",26625
"28145","Union, MS",25238
"28147","Walthall, MS",22948
"28149","Warren, MS",32288
"28151","Washington, MS",28447
"28153","Wayne, MS",26748
"28155","Webster, MS",28230
"28157","Wilkinson, MS",23383
"28159","Winston, MS",25703
"28161","Yalobusha, MS",24560
"28163","Yazoo, MS",24034
"29001","Adair, MO",28015
"29003","Andrew, MO",36279
"29005","Atchison, MO",42748
"29007","Audrain, MO",31249
"29009","Barry, MO",28913
"29011","Barton, MO",30205
"29013","Bates, MO",30955
"29015","Benton, MO",27939
"29017","Bollinger, MO",25899
"29019","Boone, MO",38008
"29021","Buchanan, MO",31587
"29023","Butler, MO",30833
"29025","Caldwell, MO",28590
"29027","Callaway, MO",30846
"29029","Camden, MO",29908
"29031","Cape Girardeau, MO",34756
"29033","Carroll, MO",38863
"29035","Carter, MO",27844
"29037","Cass, MO",35405
"29039","Cedar, MO",26719
"29041","Chariton, MO",38992
"29043","Christian, MO",30336
"29045","Clark, MO",28821
"29047","Clay, MO",40205
"29049","Clinton, MO",32796
"29051","Cole, MO",37982
"29053","Cooper, MO",29482
"29055","Crawford, MO",26583
"29057","Dade, MO",26364
"29059","Dallas, MO",24198
"29061","Daviess, MO",29954
"29063","DeKalb, MO",23325
"29065","Dent, MO",28061
"29067","Douglas, MO",21450
"29069","Dunklin, MO",29511
"29071","Franklin, MO",33773
"29073","Gasconade, MO",30793
"29075","Gentry, MO",35329
"29077","Greene, MO",34866
"29079","Grundy, MO",30316
"29081","Harrison, MO",32027
"29083","Henry, MO",34017
"29085","Hickory, MO",21644
"29087","Holt, MO",38706
"29089","Howard, MO",30900
"29091","Howell, MO",26649
"29093","Iron, MO",25987
"29095","Jackson, MO",36570
"29097","Jasper, MO",30417
"29099","Jefferson, MO",33182
"29101","Johnson, MO",27962
"29103","Knox, MO",33082
"29105","Laclede, MO",26619
"29107","Lafayette, MO",32603
"29109","Lawrence, MO",25664
"29111","Lewis, MO",28189
"29113","Lincoln, MO",30608
"29115","Linn, MO",32188
"29117","Livingston, MO",29998
"29119","McDonald, MO",22057
"29121","Macon, MO",33271
"29123","Madison, MO",28218
"29125","Maries, MO",27206
"29127","Marion, MO",32687
"29129","Mercer, MO",27294
"29131","Miller, MO",25187
"29133","Mississippi, MO",27114
"29135","Moniteau, MO",28916
"29137","Monroe, MO",32531
"29139","Montgomery, MO",27998
"29141","Morgan, MO",31199
"29143","New Madrid, MO",29114
"29145","Newton, MO",30646
"29147","Nodaway, MO",28056
"29149","Oregon, MO",22235
"29151","Osage, MO",33438
"29153","Ozark, MO",22794
"29155","Pemiscot, MO",29916
"29157","Perry, MO",29348
"29159","Pettis, MO",30702
"29161","Phelps, MO",28676
"29163","Pike, MO",26550
"29165","Platte, MO",45681
"29167","Polk, MO",25169
"29169","Pulaski, MO",39317
"29171","Putnam, MO",27147
"29173","Ralls, MO",33763
"29175","Randolph, MO",29506
"29177","Ray, MO",31353
"29179","Reynolds, MO",24284
"29181","Ripley, MO",26315
"29183","St. Charles, MO",39912
"29185","St. Clair, MO",25856
"29186","Ste. Genevieve, MO",31606
"29187","St. Francois, MO",26950
"29189","St. Louis, MO",51349
"29195","Saline, MO",33184
"29197","Schuyler, MO",25645
"29199","Scotland, MO",31496
"29201","Scott, MO",32378
"29203","Shannon, MO",20716
"29205","Shelby, MO",34323
"29207","Stoddard, MO",32080
"29209","Stone, MO",27671
"29211","Sullivan, MO",32321
"29213","Taney, MO",28843
"29215","Texas, MO",22782
"29217","Vernon, MO",28537
"29219","Warren, MO",31209
"29221","Washington, MO",23231
"29223","Wayne, MO",24558
"29225","Webster, MO",26067
"29227","Worth, MO",30639
"29229","Wright, MO",22806
"29510","St. Louis (Independent City), MO",35054
"30001","Beaverhead, MT",30504
"30003","Big Horn, MT",24224
"30005","Blaine, MT",25571
"30007","Broadwater, MT",31296
"30009","Carbon, MT",32996
"30011","Carter, MT",27690
"30013","Cascade, MT",36662
"30015","Chouteau, MT",27570
"30017","Custer, MT",31810
"30019","Daniels, MT",37529
"30021","Dawson, MT",32032
"30023","Deer Lodge, MT",29018
"30025","Fallon, MT",40875
"30027","Fergus, MT",31852
"30029","Flathead, MT",32812
"30031","Gallatin, MT",35378
"30033","Garfield, MT",24241
"30035","Glacier, MT",28898
"30037","Golden Valley, MT",33177
"30039","Granite, MT",29816
"30041","Hill, MT",33880
"30043","Jefferson, MT",35299
"30045","Judith Basin, MT",29144
"30047","Lake, MT",26626
"30049","Lewis and Clark, MT",40464
"30051","Liberty, MT",28818
"30053","Lincoln, MT",26339
"30055","McCone, MT",27524
"30057","Madison, MT",35795
"30059","Meagher, MT",31315
"30061","Mineral, MT",28264
"30063","Missoula, MT",35531
"30065","Musselshell, MT",30777
"30067","Park, MT",33047
"30069","Petroleum, MT",32455
"30071","Phillips, MT",30435
"30073","Pondera, MT",34564
"30075","Powder River, MT",23071
"30077","Powell, MT",24269
"30079","Prairie, MT",29853
"30081","Ravalli, MT",30930
"30083","Richland, MT",39300
"30085","Roosevelt, MT",27527
"30087","Rosebud, MT",31875
"30089","Sanders, MT",25292
"30091","Sheridan, MT",46774
"30093","Silver Bow, MT",40841
"30095","Stillwater, MT",34276
"30097","Sweet Grass, MT",31163
"30099","Teton, MT",36546
"30101","Toole, MT",33007
"30103","Treasure, MT",43451
"30105","Valley, MT",31742
"30107","Wheatland, MT",22293
"30109","Wibaux, MT",30526
"30111","Yellowstone, MT",37584
"31001","Adams, NE",35740
"31003","Antelope, NE",35741
"31005","Arthur, NE",27441
"31007","Banner, NE",33959
"31009","Blaine, NE",34333
"31011","Boone, NE",37202
"31013","Box Butte, NE",33955
"31015","Boyd, NE",33115
"31017","Brown, NE",30806
"31019","Buffalo, NE",39311
"31021","Burt, NE",36283
"31023","Butler, NE",36135
"31025","Cass, NE",39064
"31027","Cedar, NE",33891
"31029","Chase, NE",31641
"31031","Cherry, NE",31924
"31033","Cheyenne, NE",39115
"31035","Clay, NE",36068
"31037","Colfax, NE",31860
"31039","Cuming, NE",40539
"31041","Custer, NE",34214
"31043","Dakota, NE",28478
"31045","Dawes, NE",26230
"31047","Dawson, NE",28702
"31049","Deuel, NE",32477
"31051","Dixon, NE",31532
"31053","Dodge, NE",35113
"31055","Douglas, NE",46114
"31057","Dundy, NE",47278
"31059","Fillmore, NE",44487
"31061","Franklin, NE",36534
"31063","Frontier, NE",36504
"31065","Furnas, NE",38133
"31067","Gage, NE",39116
"31069","Garden, NE",37933
"31071","Garfield, NE",30699
"31073","Gosper, NE",42731
"31075","Grant, NE",30241
"31077","Greeley, NE",29541
"31079","Hall, NE",33653
"31081","Hamilton, NE",40826
"31083","Harlan, NE",38660
"31085","Hayes, NE",44237
"31087","Hitchcock, NE",32396
"31089","Holt, NE",35928
"31091","Hooker, NE",30011
"31093","Howard, NE",33313
"31095","Jefferson, NE",35919
"31097","Johnson, NE",30984
"31099","Kearney, NE",46443
"31101","Keith, NE",33766
"31103","Keya Paha, NE",28394
"31105","Kimball, NE",35664
"31107","Knox, NE",32671
"31109","Lancaster, NE",37594
"31111","Lincoln, NE",35242
"31113","Logan, NE",33054
"31115","Loup, NE",24954
"31117","McPherson, NE",24704
"31119","Madison, NE",35382
"31121","Merrick, NE",34344
"31123","Morrill, NE",35044
"31125","Nance, NE",34269
"31127","Nemaha, NE",40170
"31129","Nuckolls, NE",34701
"31131","Otoe, NE",38718
"31133","Pawnee, NE",34314
"31135","Perkins, NE",40527
"31137","Phelps, NE",39314
"31139","Pierce, NE",34211
"31141","Platte, NE",35283
"31143","Polk, NE",41594
"31145","Red Willow, NE",36255
"31147","Richardson, NE",36022
"31149","Rock, NE",30992
"31151","Saline, NE",32584
"31153","Sarpy, NE",39471
"31155","Saunders, NE",37188
"31157","Scotts Bluff, NE",33303
"31159","Seward, NE",37554
"31161","Sheridan, NE",34866
"31163","Sherman, NE",32803
"31165","Sioux, NE",28949
"31167","Stanton, NE",33144
"31169","Thayer, NE",39993
"31171","Thomas, NE",40344
"31173","Thurston, NE",35472
"31175","Valley, NE",33661
"31177","Washington, NE",42103
"31179","Wayne, NE",31803
"31181","Webster, NE",34681
"31183","Wheeler, NE",40199
"31185","York, NE",40306
"32001","Churchill, NV",31406
"32003","Clark, NV",35075
"32005","Douglas, NV",50267
"32007","Elko, NV",37680
"32009","Esmeralda, NV",33867
"32011","Eureka, NV",33262
"32013","Humboldt, NV",38441
"32015","Lander, NV",43276
"32017","Lincoln, NV",24760
"32019","Lyon, NV",28887
"32021","Mineral, NV",35097
"32023","Nye, NV",31895
"32027","Pershing, NV",22072
"32029","Storey, NV",35712
"32031","Washoe, NV",41449
"32033","White Pine, NV",36053
"32510","Carson City (Independent City), NV",40844
"33001","Belknap, NH",43121
"33003","Carroll, NH",42045
"33005","Cheshire, NH",39660
"33007","Coos, NH",33946
"33009","Grafton, NH",43610
"33011","Hillsborough, NH",47641
"33013","Merrimack, NH",51140
"33015","Rockingham, NH",49723
"33017","Strafford, NH",37474
"33019","Sullivan, NH",38340
"34001","Atlantic, NJ",38348
"34003","Bergen, NJ",65097
"34005","Burlington, NJ",47569
"34007","Camden, NJ",41164
"34009","Cape May, NJ",43392
"34011","Cumberland, NJ",32378
"34013","Essex, NJ",51448
"34015","Gloucester, NJ",41561
"34017","Hudson, NJ",42981
"34019","Hunterdon, NJ",71528
"34021","Mercer, NJ",52774
"34023","Middlesex, NJ",46018
"34025","Monmouth, NJ",57666
"34027","Morris, NJ",71361
"34029","Ocean, NJ",39766
"34031","Passaic, NJ",39603
"34033","Salem, NJ",39445
"34035","Somerset, NJ",69579
"34037","Sussex, NJ",46651
"34039","Union, NJ",50134
"34041","Warren, NJ",43622
"35001","Bernalillo, NM",35314
"35003","Catron, NM",25133
"35005","Chaves, NM",28016
"35006","Cibola, NM*",22832
"35007","Colfax, NM",30354
"35009","Curry, NM",33537
"35011","De Baca, NM",26806
"35013","Doa Ana, NM",28575
"35015","Eddy, NM",38004
"35017","Grant, NM",29414
"35019","Guadalupe, NM",23000
"35021","Harding, NM",28947
"35023","Hidalgo, NM",25876
"35025","Lea, NM",31617
"35027","Lincoln, NM",30629
"35028","Los Alamos, NM",60158
"35029","Luna, NM",24712
"35031","McKinley, NM",23654
"35033","Mora, NM",35110
"35035","Otero, NM",29338
"35037","Quay, NM",29521
"35039","Rio Arriba, NM",29027
"35041","Roosevelt, NM",26707
"35043","Sandoval, NM",33737
"35045","San Juan, NM",30004
"35047","San Miguel, NM",27684
"35049","Santa Fe, NM",42765
"35051","Sierra, NM",28667
"35053","Socorro, NM",26144
"35055","Taos, NM",28503
"35057","Torrance, NM",23806
"35059","Union, NM",25664
"35061","Valencia, NM*",27813
"36001","Albany, NY",44532
"36003","Allegany, NY",27709
"36005","Bronx, NY",28574
"36007","Broome, NY",34594
"36009","Cattaraugus, NY",31862
"36011","Cayuga, NY",31196
"36013","Chautauqua, NY",30073
"36015","Chemung, NY",33720
"36017","Chenango, NY",29925
"36019","Clinton, NY",33949
"36021","Columbia, NY",40475
"36023","Cortland, NY",30623
"36025","Delaware, NY",29522
"36027","Dutchess, NY",41224
"36029","Erie, NY",38106
"36031","Essex, NY",33600
"36033","Franklin, NY",30462
"36035","Fulton, NY",32659
"36037","Genesee, NY",33690
"36039","Greene, NY",32945
"36041","Hamilton, NY",39962
"36043","Herkimer, NY",31610
"36045","Jefferson, NY",39507
"36047","Kings, NY",34202
"36049","Lewis, NY",34038
"36051","Livingston, NY",31196
"36053","Madison, NY",32778
"36055","Monroe, NY",40387
"36057","Montgomery, NY",33636
"36059","Nassau, NY",62610
"36061","New York, NY",110226
"36063","Niagara, NY",34166
"36065","Oneida, NY",35135
"36067","Onondaga, NY",39526
"36069","Ontario, NY",38310
"36071","Orange, NY",39244
"36073","Orleans, NY",29039
"36075","Oswego, NY",30615
"36077","Otsego, NY",31711
"36079","Putnam, NY",49390
"36081","Queens, NY",36084
"36083","Rensselaer, NY",38335
"36085","Richmond, NY",42492
"36087","Rockland, NY",48049
"36089","St. Lawrence, NY",28572
"36091","Saratoga, NY",47138
"36093","Schenectady, NY",42714
"36095","Schoharie, NY",30316
"36097","Schuyler, NY",31176
"36099","Seneca, NY",29886
"36101","Steuben, NY",33140
"36103","Suffolk, NY",49198
"36105","Sullivan, NY",33666
"36107","Tioga, NY",34885
"36109","Tompkins, NY",34436
"36111","Ulster, NY",37026
"36113","Warren, NY",39347
"36115","Washington, NY",30467
"36117","Wayne, NY",33931
"36119","Westchester, NY",75491
"36121","Wyoming, NY",29630
"36123","Yates, NY",29721
"37001","Alamance, NC",31565
"37003","Alexander, NC",26978
"37005","Alleghany, NC",28415
"37007","Anson, NC",25971
"37009","Ashe, NC",28517
"37011","Avery, NC",26653
"37013","Beaufort, NC",32584
"37015","Bertie, NC",28087
"37017","Bladen, NC",28130
"37019","Brunswick, NC",31903
"37021","Buncombe, NC",34146
"37023","Burke, NC",26627
"37025","Cabarrus, NC",33306
"37027","Caldwell, NC",26882
"37029","Camden, NC",37030
"37031","Carteret, NC",38685
"37033","Caswell, NC",25504
"37035","Catawba, NC",33616
"37037","Chatham, NC",43482
"37039","Cherokee, NC",25904
"37041","Chowan, NC",30875
"37043","Clay, NC",26194
"37045","Cleveland, NC",28389
"37047","Columbus, NC",27062
"37049","Craven, NC",36156
"37051","Cumberland, NC",32726
"37053","Currituck, NC",35034
"37055","Dare, NC",39670
"37057","Davidson, NC",30135
"37059","Davie, NC",35939
"37061","Duplin, NC",27652
"37063","Durham, NC",39018
"37065","Edgecombe, NC",28416
"37067","Forsyth, NC",38443
"37069","Franklin, NC",28079
"37071","Gaston, NC",32576
"37073","Gates, NC",30077
"37075","Graham, NC",25897
"37077","Granville, NC",28921
"37079","Greene, NC",23794
"37081","Guilford, NC",35925
"37083","Halifax, NC",28378
"37085","Harnett, NC",28543
"37087","Haywood, NC",30097
"37089","Henderson, NC",33318
"37091","Hertford, NC",25800
"37093","Hoke, NC",27142
"37095","Hyde, NC",22979
"37097","Iredell, NC",34884
"37099","Jackson, NC",26214
"37101","Johnston, NC",31825
"37103","Jones, NC",31249
"37105","Lee, NC",31297
"37107","Lenoir, NC",31745
"37109","Lincoln, NC",30967
"37111","McDowell, NC",25686
"37113","Macon, NC",30209
"37115","Madison, NC",26196
"37117","Martin, NC",30162
"37119","Mecklenburg, NC",54847
"37121","Mitchell, NC",26376
"37123","Montgomery, NC",26899
"37125","Moore, NC",38761
"37127","Nash, NC",33686
"37129","New Hanover, NC",35265
"37131","Northampton, NC",26998
"37133","Onslow, NC",41963
"37135","Orange, NC",47216
"37137","Pamlico, NC",32736
"37139","Pasquotank, NC",31683
"37141","Pender, NC",29299
"37143","Perquimans, NC",33587
"37145","Person, NC",30196
"37147","Pitt, NC",31775
"37149","Polk, NC",33668
"37151","Randolph, NC",28924
"37153","Richmond, NC",26411
"37155","Robeson, NC",25126
"37157","Rockingham, NC",29498
"37159","Rowan, NC",29061
"37161","Rutherford, NC",25040
"37163","Sampson, NC",30529
"37165","Scotland, NC",28557
"37167","Stanly, NC",28440
"37169","Stokes, NC",28189
"37171","Surry, NC",29389
"37173","Swain, NC",27190
"37175","Transylvania, NC",30437
"37177","Tyrrell, NC",22732
"37179","Union, NC",34817
"37181","Vance, NC",29413
"37183","Wake, NC",44617
"37185","Warren, NC",24431
"37187","Washington, NC",30497
"37189","Watauga, NC",29382
"37191","Wayne, NC",31226
"37193","Wilkes, NC",27747
"37195","Wilson, NC",33058
"37197","Yadkin, NC",29582
"37199","Yancey, NC",26992
"38001","Adams, ND",39164
"38003","Barnes, ND",37800
"38005","Benson, ND",31529
"38007","Billings, ND",31454
"38009","Bottineau, ND",49111
"38011","Bowman, ND",48379
"38013","Burke, ND",59663
"38015","Burleigh, ND",41465
"38017","Cass, ND",40670
"38019","Cavalier, ND",53638
"38021","Dickey, ND",38709
"38023","Divide, ND",56092
"38025","Dunn, ND",39709
"38027","Eddy, ND",35263
"38029","Emmons, ND",33211
"38031","Foster, ND",43607
"38033","Golden Valley, ND",33500
"38035","Grand Forks, ND",36592
"38037","Grant, ND",33769
"38039","Griggs, ND",39646
"38041","Hettinger, ND",50851
"38043","Kidder, ND",34999
"38045","LaMoure, ND",43305
"38047","Logan, ND",39319
"38049","McHenry, ND",40799
"38051","McIntosh, ND",38913
"38053","McKenzie, ND",41842
"38055","McLean, ND",46052
"38057","Mercer, ND",43412
"38059","Morton, ND",36715
"38061","Mountrail, ND",39220
"38063","Nelson, ND",46362
"38065","Oliver, ND",42670
"38067","Pembina, ND",47121
"38069","Pierce, ND",34311
"38071","Ramsey, ND",36726
"38073","Ransom, ND",35291
"38075","Renville, ND",57953
"38077","Richland, ND",33944
"38079","Rolette, ND",29219
"38081","Sargent, ND",40892
"38083","Sheridan, ND",40650
"38085","Sioux, ND",20614
"38087","Slope, ND",65536
"38089","Stark, ND",41436
"38091","Steele, ND",44162
"38093","Stutsman, ND",36101
"38095","Towner, ND",46847
"38097","Traill, ND",37864
"38099","Walsh, ND",39667
"38101","Ward, ND",40890
"38103","Wells, ND",45488
"38105","Williams, ND",51396
"39001","Adams, OH",25373
"39003","Allen, OH",32005
"39005","Ashland, OH",28680
"39007","Ashtabula, OH",28753
"39009","Athens, OH",26301
"39011","Auglaize, OH",33841
"39013","Belmont, OH",29840
"39015","Brown, OH",27944
"39017","Butler, OH",34960
"39019","Carroll, OH",27952
"39021","Champaign, OH",30244
"39023","Clark, OH",31687
"39025","Clermont, OH",36617
"39027","Clinton, OH",36063
"39029","Columbiana, OH",28632
"39031","Coshocton, OH",27123
"39033","Crawford, OH",29672
"39035","Cuyahoga, OH",39938
"39037","Darke, OH",30994
"39039","Defiance, OH",30146
"39041","Delaware, OH",52354
"39043","Erie, OH",43442
"39045","Fairfield, OH",34606
"39047","Fayette, OH",29913
"39049","Franklin, OH",37865
"39051","Fulton, OH",32603
"39053","Gallia, OH",31315
"39055","Geauga, OH",46739
"39057","Greene, OH",37336
"39059","Guernsey, OH",28222
"39061","Hamilton, OH",42670
"39063","Hancock, OH",34223
"39065","Hardin, OH",27190
"39067","Harrison, OH",26812
"39069","Henry, OH",32056
"39071","Highland, OH",27297
"39073","Hocking, OH",26989
"39075","Holmes, OH",25880
"39077","Huron, OH",30285
"39079","Jackson, OH",28336
"39081","Jefferson, OH",29736
"39083","Knox, OH",31552
"39085","Lake, OH",37271
"39087","Lawrence, OH",29386
"39089","Licking, OH",34337
"39091","Logan, OH",30991
"39093","Lorain, OH",34002
"39095","Lucas, OH",34000
"39097","Madison, OH",30042
"39099","Mahoning, OH",33615
"39101","Marion, OH",28976
"39103","Medina, OH",39529
"39105","Meigs, OH",26396
"39107","Mercer, OH",34800
"39109","Miami, OH",34599
"39111","Monroe, OH",25057
"39113","Montgomery, OH",35211
"39115","Morgan, OH",24800
"39117","Morrow, OH",28312
"39119","Muskingum, OH",30294
"39121","Noble, OH",22709
"39123","Ottawa, OH",37357
"39125","Paulding, OH",29875
"39127","Perry, OH",26798
"39129","Pickaway, OH",30537
"39131","Pike, OH",25761
"39133","Portage, OH",32502
"39135","Preble, OH",29929
"39137","Putnam, OH",37504
"39139","Richland, OH",29883
"39141","Ross, OH",28395
"39143","Sandusky, OH",31194
"39145","Scioto, OH",27898
"39147","Seneca, OH",28957
"39149","Shelby, OH",31649
"39151","Stark, OH",33534
"39153","Summit, OH",38698
"39155","Trumbull, OH",30181
"39157","Tuscarawas, OH",30976
"39159","Union, OH",34784
"39161","Van Wert, OH",30561
"39163","Vinton, OH",24815
"39165","Warren, OH",41938
"39167","Washington, OH",30754
"39169","Wayne, OH",30545
"39171","Williams, OH",30381
"39173","Wood, OH",36938
"39175","Wyandot, OH",31277
"40001","Adair, OK",21655
"40003","Alfalfa, OK",26186
"40005","Atoka, OK",23999
"40007","Beaver, OK",31180
"40009","Beckham, OK",28395
"40011","Blaine, OK",24112
"40013","Bryan, OK",26847
"40015","Caddo, OK",24950
"40017","Canadian, OK",35143
"40019","Carter, OK",32911
"40021","Cherokee, OK",24524
"40023","Choctaw, OK",24564
"40025","Cimarron, OK",29386
"40027","Cleveland, OK",35089
"40029","Coal, OK",26796
"40031","Comanche, OK",34342
"40033","Cotton, OK",33822
"40035","Craig, OK",27600
"40037","Creek, OK",32338
"40039","Custer, OK",30995
"40041","Delaware, OK",24943
"40043","Dewey, OK",31289
"40045","Ellis, OK",29284
"40047","Garfield, OK",36315
"40049","Garvin, OK",32263
"40051","Grady, OK",30489
"40053","Grant, OK",33403
"40055","Greer, OK",21905
"40057","Harmon, OK",29929
"40059","Harper, OK",33107
"40061","Haskell, OK",25831
"40063","Hughes, OK",24977
"40065","Jackson, OK",33100
"40067","Jefferson, OK",26278
"40069","Johnston, OK",27566
"40071","Kay, OK",32752
"40073","Kingfisher, OK",31143
"40075","Kiowa, OK",27173
"40077","Latimer, OK",28654
"40079","Le Flore, OK",25208
"40081","Lincoln, OK",26944
"40083","Logan, OK",32447
"40085","Love, OK",27960
"40087","McClain, OK",33986
"40089","McCurtain, OK",25504
"40091","McIntosh, OK",26298
"40093","Major, OK",28526
"40095","Marshall, OK",27315
"40097","Mayes, OK",27439
"40099","Murray, OK",31960
"40101","Muskogee, OK",29381
"40103","Noble, OK",28000
"40105","Nowata, OK",27560
"40107","Okfuskee, OK",22815
"40109","Oklahoma, OK",41420
"40111","Okmulgee, OK",26945
"40113","Osage, OK",26523
"40115","Ottawa, OK",28952
"40117","Pawnee, OK",27651
"40119","Payne, OK",29482
"40121","Pittsburg, OK",30773
"40123","Pontotoc, OK",32551
"40125","Pottawatomie, OK",34184
"40127","Pushmataha, OK",25571
"40129","Roger Mills, OK",30171
"40131","Rogers, OK",33513
"40133","Seminole, OK",26056
"40135","Sequoyah, OK",25834
"40137","Stephens, OK",34315
"40139","Texas, OK",29555
"40141","Tillman, OK",26259
"40143","Tulsa, OK",42763
"40145","Wagoner, OK",30585
"40147","Washington, OK",52143
"40149","Washita, OK",26726
"40151","Woods, OK",27817
"40153","Woodward, OK",30922
"41001","Baker, OR",27927
"41003","Benton, OR",34693
"41005","Clackamas, OR",41395
"41007","Clatsop, OR",33169
"41009","Columbia, OR",32018
"41011","Coos, OR",31193
"41013","Crook, OR",27150
"41015","Curry, OR",32832
"41017","Deschutes, OR",34525
"41019","Douglas, OR",30047
"41021","Gilliam, OR",41050
"41023","Grant, OR",28619
"41025","Harney, OR",27476
"41027","Hood River, OR",35567
"41029","Jackson, OR",32890
"41031","Jefferson, OR",26170
"41033","Josephine, OR",29568
"41035","Klamath, OR",28566
"41037","Lake, OR",26683
"41039","Lane, OR",33037
"41041","Lincoln, OR",32663
"41043","Linn, OR",30663
"41045","Malheur, OR",22532
"41047","Marion, OR",30494
"41049","Morrow, OR",30732
"41051","Multnomah, OR",39675
"41053","Polk, OR",31664
"41055","Sherman, OR",44304
"41057","Tillamook, OR",30299
"41059","Umatilla, OR",29888
"41061","Union, OR",30258
"41063","Wallowa, OR",32662
"41065","Wasco, OR",32387
"41067","Washington, OR",41079
"41069","Wheeler, OR",26491
"41071","Yamhill, OR",32289
"42001","Adams, PA",37097
"42003","Allegheny, PA",44799
"42005","Armstrong, PA",33579
"42007","Beaver, PA",35627
"42009","Bedford, PA",29993
"42011","Berks, PA",36725
"42013","Blair, PA",33668
"42015","Bradford, PA",29671
"42017","Bucks, PA",51104
"42019","Butler, PA",40979
"42021","Cambria, PA",32759
"42023","Cameron, PA",34756
"42025","Carbon, PA",35072
"42027","Centre, PA",33690
"42029","Chester, PA",61732
"42031","Clarion, PA",32900
"42033","Clearfield, PA",33418
"42035","Clinton, PA",28282
"42037","Columbia, PA",31229
"42039","Crawford, PA",29802
"42041","Cumberland, PA",41555
"42043","Dauphin, PA",39092
"42045","Delaware, PA",47107
"42047","Elk, PA",37064
"42049","Erie, PA",33477
"42051","Fayette, PA",31516
"42053","Forest, PA",20714
"42055","Franklin, PA",35252
"42057","Fulton, PA",29096
"42059","Greene, PA",31341
"42061","Huntingdon, PA",30417
"42063","Indiana, PA",30837
"42065","Jefferson, PA",32795
"42067","Juniata, PA",31163
"42069","Lackawanna, PA",36628
"42071","Lancaster, PA",36753
"42073","Lawrence, PA",32631
"42075","Lebanon, PA",35883
"42077","Lehigh, PA",41545
"42079","Luzerne, PA",35122
"42081","Lycoming, PA",32584
"42083","McKean, PA",32169
"42085","Mercer, PA",31500
"42087","Mifflin, PA",28615
"42089","Monroe, PA",32223
"42091","Montgomery, PA",56655
"42093","Montour, PA",40527
"42095","Northampton, PA",40356
"42097","Northumberland, PA",31734
"42099","Perry, PA",33575
"42101","Philadelphia, PA",39549
"42103","Pike, PA",33596
"42105","Potter, PA",28783
"42107","Schuylkill, PA",33129
"42109","Snyder, PA",32269
"42111","Somerset, PA",30774
"42113","Sullivan, PA",30870
"42115","Susquehanna, PA",29952
"42117","Tioga, PA",27917
"42119","Union, PA",30892
"42121","Venango, PA",32701
"42123","Warren, PA",33211
"42125","Washington, PA",39855
"42127","Wayne, PA",32145
"42129","Westmoreland, PA",38338
"42131","Wyoming, PA",32075
"42133","York, PA",40399
"44001","Bristol, RI",55062
"44003","Kent, RI",44018
"44005","Newport, RI",48218
"44007","Providence, RI",36763
"44009","Washington, RI",47117
"45001","Abbeville, SC",25598
"45003","Aiken, SC",32676
"45005","Allendale, SC",24068
"45007","Anderson, SC",29401
"45009","Bamberg, SC",25831
"45011","Barnwell, SC",26003
"45013","Beaufort, SC",42783
"45015","Berkeley, SC",28067
"45017","Calhoun, SC",29534
"45019","Charleston, SC",38906
"45021","Cherokee, SC",26882
"45023","Chester, SC",24712
"45025","Chesterfield, SC",24231
"45027","Clarendon, SC",22785
"45029","Colleton, SC",27181
"45031","Darlington, SC",28041
"45033","Dillon, SC",22922
"45035","Dorchester, SC",31220
"45037","Edgefield, SC",25639
"45039","Fairfield, SC",27659
"45041","Florence, SC",32053
"45043","Georgetown, SC",34253
"45045","Greenville, SC",34228
"45047","Greenwood, SC",29106
"45049","Hampton, SC",25216
"45051","Horry, SC",28761
"45053","Jasper, SC",22491
"45055","Kershaw, SC",31758
"45057","Lancaster, SC",28670
"45059","Laurens, SC",26654
"45061","Lee, SC",22735
"45063","Lexington, SC",34594
"45065","McCormick, SC",26440
"45067","Marion, SC",24293
"45069","Marlboro, SC",21183
"45071","Newberry, SC",30103
"45073","Oconee, SC",31487
"45075","Orangeburg, SC",26482
"45077","Pickens, SC",27745
"45079","Richland, SC",34965
"45081","Saluda, SC",29666
"45083","Spartanburg, SC",31194
"45085","Sumter, SC",29430
"45087","Union, SC",25450
"45089","Williamsburg, SC",23044
"45091","York, SC",33075
"46003","Aurora, SD",38714
"46005","Beadle, SD",41059
"46007","Bennett, SD",26758
"46009","Bon Homme, SD",30438
"46011","Brookings, SD",35289
"46013","Brown, SD",40587
"46015","Brule, SD",36168
"46017","Buffalo, SD",21605
"46019","Butte, SD",27488
"46021","Campbell, SD",33760
"46023","Charles Mix, SD",34140
"46025","Clark, SD",35775
"46027","Clay, SD",31874
"46029","Codington, SD",35504
"46031","Corson, SD",22242
"46033","Custer, SD",34759
"46035","Davison, SD",38337
"46037","Day, SD",35038
"46039","Deuel, SD",38702
"46041","Dewey, SD",30861
"46043","Douglas, SD",42120
"46045","Edmunds, SD",42580
"46047","Fall River, SD",32333
"46049","Faulk, SD",42610
"46051","Grant, SD",39555
"46053","Gregory, SD",36934
"46055","Haakon, SD",33419
"46057","Hamlin, SD",33941
"46059","Hand, SD",42414
"46061","Hanson, SD",51032
"46063","Harding, SD",30208
"46065","Hughes, SD",40736
"46067","Hutchinson, SD",42327
"46069","Hyde, SD",34978
"46071","Jackson, SD",23641
"46073","Jerauld, SD",42142
"46075","Jones, SD",38928
"46077","Kingsbury, SD",44885
"46079","Lake, SD",41919
"46081","Lawrence, SD",35865
"46083","Lincoln, SD",50125
"46085","Lyman, SD",32969
"46087","McCook, SD",39710
"46089","McPherson, SD",33285
"46091","Marshall, SD",34262
"46093","Meade, SD",32809
"46095","Mellette, SD",22879
"46097","Miner, SD",44275
"46099","Minnehaha, SD",43707
"46101","Moody, SD",37340
"46102","Oglala Lakota, SD*",19869
"46103","Pennington, SD",39849
"46105","Perkins, SD",32688
"46107","Potter, SD",72513
"46109","Roberts, SD",29341
"46111","Sanborn, SD",39723
"46115","Spink, SD",48944
"46117","Stanley, SD",47283
"46119","Sully, SD",55800
"46121","Todd, SD",21118
"46123","Tripp, SD",34976
"46125","Turner, SD",40265
"46127","Union, SD",75755
"46129","Walworth, SD",36961
"46135","Yankton, SD",37737
"46137","Ziebach, SD",16302
"47001","Anderson, TN",33586
"47003","Bedford, TN",27346
"47005","Benton, TN",27685
"47007","Bledsoe, TN",19093
"47009","Blount, TN",31232
"47011","Bradley, TN",30890
"47013","Campbell, TN",26068
"47015","Cannon, TN",26882
"47017","Carroll, TN",29783
"47019","Carter, TN",26458
"47021","Cheatham, TN",30568
"47023","Chester, TN",25775
"47025","Claiborne, TN",27003
"47027","Clay, TN",25975
"47029","Cocke, TN",24386
"47031","Coffee, TN",30363
"47033","Crockett, TN",30535
"47035","Cumberland, TN",28566
"47037","Davidson, TN",46408
"47039","Decatur, TN",31274
"47041","DeKalb, TN",28431
"47043","Dickson, TN",29449
"47045","Dyer, TN",32189
"47047","Fayette, TN",40361
"47049","Fentress, TN",25137
"47051","Franklin, TN",29141
"47053","Gibson, TN",30514
"47055","Giles, TN",28198
"47057","Grainger, TN",24279
"47059","Greene, TN",30893
"47061","Grundy, TN",23624
"47063","Hamblen, TN",28882
"47065","Hamilton, TN",38739
"47067","Hancock, TN",20265
"47069","Hardeman, TN",22634
"47071","Hardin, TN",29749
"47073","Hawkins, TN",26663
"47075","Haywood, TN",26822
"47077","Henderson, TN",27314
"47079","Henry, TN",30486
"47081","Hickman, TN",23754
"47083","Houston, TN",25029
"47085","Humphreys, TN",28310
"47087","Jackson, TN",23832
"47089","Jefferson, TN",26850
"47091","Johnson, TN",25091
"47093","Knox, TN",36180
"47095","Lake, TN",20984
"47097","Lauderdale, TN",22669
"47099","Lawrence, TN",26716
"47101","Lewis, TN",23705
"47103","Lincoln, TN",30601
"47105","Loudon, TN",35980
"47107","McMinn, TN",27579
"47109","McNairy, TN",25441
"47111","Macon, TN",25188
"47113","Madison, TN",31931
"47115","Marion, TN",29246
"47117","Marshall, TN",26998
"47119","Maury, TN",30784
"47121","Meigs, TN",23616
"47123","Monroe, TN",24730
"47125","Montgomery, TN",36340
"47127","Moore, TN",28913
"47129","Morgan, TN",23658
"47131","Obion, TN",33104
"47133","Overton, TN",24849
"47135","Perry, TN",23939
"47137","Pickett, TN",25932
"47139","Polk, TN",26082
"47141","Putnam, TN",30641
"47143","Rhea, TN",27390
"47145","Roane, TN",31408
"47147","Robertson, TN",31580
"47149","Rutherford, TN",30627
"47151","Scott, TN",23477
"47153","Sequatchie, TN",27541
"47155","Sevier, TN",29411
"47157","Shelby, TN",38450
"47159","Smith, TN",29131
"47161","Stewart, TN",34938
"47163","Sullivan, TN",33840
"47165","Sumner, TN",34980
"47167","Tipton, TN",29787
"47169","Trousdale, TN",27869
"47171","Unicoi, TN",29296
"47173","Union, TN",23415
"47175","Van Buren, TN",21623
"47177","Warren, TN",26541
"47179","Washington, TN",33221
"47181","Wayne, TN",22978
"47183","Weakley, TN",28768
"47185","White, TN",25914
"47187","Williamson, TN",59696
"47189","Wilson, TN",35939
"48001","Anderson, TX",25130
"48003","Andrews, TX",34432
"48005","Angelina, TX",30665
"48007","Aransas, TX",35112
"48009","Archer, TX",36819
"48011","Armstrong, TX",36915
"48013","Atascosa, TX",26781
"48015","Austin, TX",39116
"48017","Bailey, TX",27100
"48019","Bandera, TX",33660
"48021","Bastrop, TX",27747
"48023","Baylor, TX",32283
"48025","Bee, TX",22188
"48027","Bell, TX",39517
"48029","Bexar, TX",34116
"48031","Blanco, TX",48155
"48033","Borden, TX",36942
"48035","Bosque, TX",31490
"48037","Bowie, TX",32968
"48039","Brazoria, TX",36060
"48041","Brazos, TX",28198
"48043","Brewster, TX",34856
"48045","Briscoe, TX",30991
"48047","Brooks, TX",25706
"48049","Brown, TX",27737
"48051","Burleson, TX",31932
"48053","Burnet, TX",35055
"48055","Caldwell, TX",24960
"48057","Calhoun, TX",28396
"48059","Callahan, TX",27954
"48061","Cameron, TX",22173
"48063","Camp, TX",32107
"48065","Carson, TX",33515
"48067","Cass, TX",27853
"48069","Castro, TX",29672
"48071","Chambers, TX",36783
"48073","Cherokee, TX",26617
"48075","Childress, TX",24405
"48077","Clay, TX",33770
"48079","Cochran, TX",29847
"48081","Coke, TX",27196
"48083","Coleman, TX",28421
"48085","Collin, TX",47349
"48087","Collingsworth, TX",28494
"48089","Colorado, TX",36398
"48091","Comal, TX",43086
"48093","Comanche, TX",27732
"48095","Concho, TX",18792
"48097","Cooke, TX",35385
"48099","Coryell, TX",28372
"48101","Cottle, TX",43838
"48103","Crane, TX",30453
"48105","Crockett, TX",28322
"48107","Crosby, TX",31276
"48109","Culberson, TX",26223
"48111","Dallam, TX",43987
"48113","Dallas, TX",39078
"48115","Dawson, TX",26116
"48117","Deaf Smith, TX",25352
"48119","Delta, TX",27844
"48121","Denton, TX",40741
"48123","DeWitt, TX",29412
"48125","Dickens, TX",24792
"48127","Dimmit, TX",23464
"48129","Donley, TX",28683
"48131","Duval, TX",26625
"48133","Eastland, TX",29767
"48135","Ector, TX",32985
"48137","Edwards, TX",30795
"48139","Ellis, TX",32611
"48141","El Paso, TX",26493
"48143","Erath, TX",25731
"48145","Falls, TX",24921
"48147","Fannin, TX",26881
"48149","Fayette, TX",36083
"48151","Fisher, TX",32700
"48153","Floyd, TX",32484
"48155","Foard, TX",32376
"48157","Fort Bend, TX",45898
"48159","Franklin, TX",30009
"48161","Freestone, TX",26456
"48163","Frio, TX",21356
"48165","Gaines, TX",28476
"48167","Galveston, TX",39982
"48169","Garza, TX",26785
"48171","Gillespie, TX",42614
"48173","Glasscock, TX",37727
"48175","Goliad, TX",29228
"48177","Gonzales, TX",28501
"48179","Gray, TX",36101
"48181","Grayson, TX",31709
"48183","Gregg, TX",41704
"48185","Grimes, TX",28230
"48187","Guadalupe, TX",33543
"48189","Hale, TX",27512
"48191","Hall, TX",32498
"48193","Hamilton, TX",39541
"48195","Hansford, TX",39468
"48197","Hardeman, TX",30662
"48199","Hardin, TX",34204
"48201","Harris, TX",44090
"48203","Harrison, TX",32508
"48205","Hartley, TX",28071
"48207","Haskell, TX",28599
"48209","Hays, TX",32113
"48211","Hemphill, TX",45385
"48213","Henderson, TX",29318
"48215","Hidalgo, TX",21171
"48217","Hill, TX",29104
"48219","Hockley, TX",30801
"48221","Hood, TX",37465
"48223","Hopkins, TX",29496
"48225","Houston, TX",26341
"48227","Howard, TX",27302
"48229","Hudspeth, TX",19232
"48231","Hunt, TX",29377
"48233","Hutchinson, TX",33737
"48235","Irion, TX",43425
"48237","Jack, TX",29054
"48239","Jackson, TX",30933
"48241","Jasper, TX",29851
"48243","Jeff Davis, TX",29580
"48245","Jefferson, TX",33606
"48247","Jim Hogg, TX",23919
"48249","Jim Wells, TX",30750
"48251","Johnson, TX",31522
"48253","Jones, TX",24112
"48255","Karnes, TX",23371
"48257","Kaufman, TX",32311
"48259","Kendall, TX",58252
"48261","Kenedy, TX",26628
"48263","Kent, TX",31158
"48265","Kerr, TX",37235
"48267","Kimble, TX",32310
"48269","King, TX",55072
"48271","Kinney, TX",26484
"48273","Kleberg, TX",27652
"48275","Knox, TX",29757
"48277","Lamar, TX",31297
"48279","Lamb, TX",26785
"48281","Lampasas, TX",42002
"48283","La Salle, TX",21638
"48285","Lavaca, TX",34004
"48287","Lee, TX",32919
"48289","Leon, TX",30208
"48291","Liberty, TX",27687
"48293","Limestone, TX",27792
"48295","Lipscomb, TX",37204
"48297","Live Oak, TX",27842
"48299","Llano, TX",30446
"48301","Loving, TX",28208
"48303","Lubbock, TX",32148
"48305","Lynn, TX",31235
"48307","McCulloch, TX",27287
"48309","McLennan, TX",30545
"48311","McMullen, TX",43023
"48313","Madison, TX",22806
"48315","Marion, TX",25991
"48317","Martin, TX",34369
"48319","Mason, TX",29275
"48321","Matagorda, TX",30794
"48323","Maverick, TX",21907
"48325","Medina, TX",28371
"48327","Menard, TX",26339
"48329","Midland, TX",60260
"48331","Milam, TX",28319
"48333","Mills, TX",27836
"48335","Mitchell, TX",23324
"48337","Montague, TX",33058
"48339","Montgomery, TX",47104
"48341","Moore, TX",27094
"48343","Morris, TX",36327
"48345","Motley, TX",28266
"48347","Nacogdoches, TX",28861
"48349","Navarro, TX",28835
"48351","Newton, TX",22394
"48353","Nolan, TX",29629
"48355","Nueces, TX",33940
"48357","Ochiltree, TX",32956
"48359","Oldham, TX",37204
"48361","Orange, TX",32849
"48363","Palo Pinto, TX",30384
"48365","Panola, TX",32407
"48367","Parker, TX",39309
"48369","Parmer, TX",26443
"48371","Pecos, TX",26150
"48373","Polk, TX",31751
"48375","Potter, TX",31587
"48377","Presidio, TX",23630
"48379","Rains, TX",27447
"48381","Randall, TX",37902
"48383","Reagan, TX",35254
"48385","Real, TX",23408
"48387","Red River, TX",28700
"48389","Reeves, TX",21093
"48391","Refugio, TX",32201
"48393","Roberts, TX",31287
"48395","Robertson, TX",31395
"48397","Rockwall, TX",44124
"48399","Runnels, TX",29880
"48401","Rusk, TX",29153
"48403","Sabine, TX",29097
"48405","San Augustine, TX",26051
"48407","San Jacinto, TX",25948
"48409","San Patricio, TX",31847
"48411","San Saba, TX",25086
"48413","Schleicher, TX",31521
"48415","Scurry, TX",33767
"48417","Shackelford, TX",52659
"48419","Shelby, TX",29052
"48421","Sherman, TX",34562
"48423","Smith, TX",38296
"48425","Somervell, TX",33980
"48427","Starr, TX",20096
"48429","Stephens, TX",38587
"48431","Sterling, TX",36277
"48433","Stonewall, TX",32631
"48435","Sutton, TX",40144
"48437","Swisher, TX",28165
"48439","Tarrant, TX",38893
"48441","Taylor, TX",34876
"48443","Terrell, TX",39697
"48445","Terry, TX",30103
"48447","Throckmorton, TX",37397
"48449","Titus, TX",25993
"48451","Tom Green, TX",35153
"48453","Travis, TX",42529
"48455","Trinity, TX",27169
"48457","Tyler, TX",25442
"48459","Upshur, TX",28942
"48461","Upton, TX",36552
"48463","Uvalde, TX",27544
"48465","Val Verde, TX",28188
"48467","Van Zandt, TX",29245
"48469","Victoria, TX",34726
"48471","Walker, TX",21384
"48473","Waller, TX",31823
"48475","Ward, TX",31873
"48477","Washington, TX",41056
"48479","Webb, TX",24221
"48481","Wharton, TX",32908
"48483","Wheeler, TX",34527
"48485","Wichita, TX",35828
"48487","Wilbarger, TX",33301
"48489","Willacy, TX",19434
"48491","Williamson, TX",36299
"48493","Wilson, TX",32316
"48495","Winkler, TX",29585
"48497","Wise, TX",32476
"48499","Wood, TX",28310
"48501","Yoakum, TX",34856
"48503","Young, TX",37553
"48505","Zapata, TX",22425
"48507","Zavala, TX",19525
"49001","Beaver, UT",27599
"49003","Box Elder, UT",27852
"49005","Cache, UT",27239
"49007","Carbon, UT",29883
"49009","Daggett, UT",32014
"49011","Davis, UT",32917
"49013","Duchesne, UT",29693
"49015","Emery, UT",27240
"49017","Garfield, UT",26310
"49019","Grand, UT",33872
"49021","Iron, UT",21920
"49023","Juab, UT",23823
"49025","Kane, UT",29503
"49027","Millard, UT",24693
"49029","Morgan, UT",35830
"49031","Piute, UT",21335
"49033","Rich, UT",25880
"49035","Salt Lake, UT",35851
"49037","San Juan, UT",20494
"49039","Sanpete, UT",21001
"49041","Sevier, UT",25075
"49043","Summit, UT",67139
"49045","Tooele, UT",28188
"49047","Uintah, UT",30165
"49049","Utah, UT",26217
"49051","Wasatch, UT",31913
"49053","Washington, UT",25081
"49055","Wayne, UT",25164
"49057","Weber, UT",31322
"50001","Addison, VT",37532
"50003","Bennington, VT",39500
"50005","Caledonia, VT",31968
"50007","Chittenden, VT",45300
"50009","Essex, VT",29164
"50011","Franklin, VT",34372
"50013","Grand Isle, VT",44475
"50015","Lamoille, VT",41145
"50017","Orange, VT",36487
"50019","Orleans, VT",32541
"50021","Rutland, VT",39681
"50023","Washington, VT",42838
"50025","Windham, VT",38642
"50027","Windsor, VT",42937
"51001","Accomack, VA",32764
"51007","Amelia, VA",33023
"51009","Amherst, VA",29731
"51011","Appomattox, VA",31093
"51013","Arlington, VA",74912
"51017","Bath, VA",36106
"51019","Bedford, VA*",36150
"51021","Bland, VA",27584
"51023","Botetourt, VA",39297
"51025","Brunswick, VA",26866
"51027","Buchanan, VA",29244
"51029","Buckingham, VA",23312
"51033","Caroline, VA",34186
"51036","Charles City, VA",34685
"51037","Charlotte, VA",26726
"51041","Chesterfield, VA",42185
"51043","Clarke, VA",49747
"51045","Craig, VA",28735
"51047","Culpeper, VA",35998
"51049","Cumberland, VA",27227
"51051","Dickenson, VA",26738
"51057","Essex, VA",33622
"51061","Fauquier, VA",53292
"51063","Floyd, VA",29255
"51065","Fluvanna, VA",34089
"51067","Franklin, VA",31275
"51071","Giles, VA",30313
"51073","Gloucester, VA",40239
"51075","Goochland, VA",66986
"51077","Grayson, VA",26161
"51079","Greene, VA",32781
"51083","Halifax, VA",28549
"51085","Hanover, VA",43809
"51087","Henrico, VA",45246
"51091","Highland, VA",32532
"51093","Isle of Wight, VA",44537
"51097","King and Queen, VA",33268
"51099","King George, VA",43495
"51101","King William, VA",37380
"51103","Lancaster, VA",43769
"51105","Lee, VA",25362
"51107","Loudoun, VA",61471
"51109","Louisa, VA",34879
"51111","Lunenburg, VA",25297
"51113","Madison, VA",32107
"51115","Mathews, VA",44973
"51117","Mecklenburg, VA",28525
"51119","Middlesex, VA",38492
"51125","Nelson, VA",36027
"51127","New Kent, VA",42734
"51131","Northampton, VA",33891
"51133","Northumberland, VA",36016
"51135","Nottoway, VA",29525
"51137","Orange, VA",36568
"51139","Page, VA",29532
"51141","Patrick, VA",25729
"51145","Powhatan, VA",38946
"51147","Prince Edward, VA",23784
"51155","Pulaski, VA",29738
"51157","Rappahannock, VA",49401
"51159","Richmond, VA",26499
"51167","Russell, VA",28542
"51169","Scott, VA",26178
"51171","Shenandoah, VA",32630
"51173","Smyth, VA",27528
"51179","Stafford, VA",45741
"51181","Surry, VA",34352
"51183","Sussex, VA",26221
"51185","Tazewell, VA",31293
"51187","Warren, VA",35811
"51193","Westmoreland, VA",32773
"51197","Wythe, VA",29085
"51510","Alexandria (Independent City), VA",72681
"51550","Chesapeake (Independent City), VA",41351
"51650","Hampton (Independent City), VA",35170
"51700","Newport News (Independent City), VA",34409
"51710","Norfolk (Independent City), VA",34237
"51740","Portsmouth (Independent City), VA",33669
"51760","Richmond (Independent City), VA",41724
"51770","Roanoke (Independent City), VA",35242
"51800","Suffolk (Independent City), VA",41473
"51810","Virginia Beach (Independent City), VA",43891
"51901","Albemarle + Charlottesville, VA*",48680
"51903","Alleghany + Covington, VA*",31199
"51907","Augusta, Staunton + Waynesboro, VA*",35111
"51911","Campbell + Lynchburg, VA*",30954
"51913","Carroll + Galax, VA*",27990
"51918","Dinwiddie, Colonial Heights + Petersburg, VA*",33834
"51919","Fairfax, Fairfax City + Falls Church, VA*",64104
"51921","Frederick + Winchester, VA*",37779
"51923","Greensville + Emporia, VA*",26112
"51929","Henry + Martinsville, VA*",29240
"51931","James City + Williamsburg, VA*",51109
"51933","Montgomery + Radford, VA*",28281
"51939","Pittsylvania + Danville, VA*",28393
"51941","Prince George + Hopewell, VA*",31506
"51942","Prince William, Manassas + Manassas Park, VA*",46006
"51944","Roanoke + Salem, VA*",41687
"51945","Rockbridge, Buena Vista + Lexington, VA*",31388
"51947","Rockingham + Harrisonburg, VA*",29475
"51949","Southampton + Franklin, VA*",30633
"51951","Spotsylvania + Fredericksburg, VA*",40857
"51953","Washington + Bristol, VA*",34660
"51955","Wise + Norton, VA*",28301
"51958","York + Poquoson, VA*",47015
"53001","Adams, WA",30356
"53003","Asotin, WA",34958
"53005","Benton, WA",38512
"53007","Chelan, WA",35422
"53009","Clallam, WA",34321
"53011","Clark, WA",37242
"53013","Columbia, WA",39362
"53015","Cowlitz, WA",33472
"53017","Douglas, WA",29734
"53019","Ferry, WA",25986
"53021","Franklin, WA",29966
"53023","Garfield, WA",35844
"53025","Grant, WA",29759
"53027","Grays Harbor, WA",29794
"53029","Island, WA",39751
"53031","Jefferson, WA",38486
"53033","King, WA",55569
"53035","Kitsap, WA",41527
"53037","Kittitas, WA",31547
"53039","Klickitat, WA",34979
"53041","Lewis, WA",31640
"53043","Lincoln, WA",36029
"53045","Mason, WA",32355
"53047","Okanogan, WA",29889
"53049","Pacific, WA",33287
"53051","Pend Oreille, WA",30318
"53053","Pierce, WA",37416
"53055","San Juan, WA",49848
"53057","Skagit, WA",37804
"53059","Skamania, WA",32963
"53061","Snohomish, WA",39657
"53063","Spokane, WA",34532
"53065","Stevens, WA",28784
"53067","Thurston, WA",39513
"53069","Wahkiakum, WA",30299
"53071","Walla Walla, WA",34077
"53073","Whatcom, WA",35721
"53075","Whitman, WA",30271
"53077","Yakima, WA",30721
"54001","Barbour, WV",25891
"54003","Berkeley, WV",32413
"54005","Boone, WV",29121
"54007","Braxton, WV",24621
"54009","Brooke, WV",29949
"54011","Cabell, WV",33660
"54013","Calhoun, WV",23845
"54015","Clay, WV",24858
"54017","Doddridge, WV",15924
"54019","Fayette, WV",26732
"54021","Gilmer, WV",19325
"54023","Grant, WV",27731
"54025","Greenbrier, WV",28736
"54027","Hampshire, WV",26015
"54029","Hancock, WV",31488
"54031","Hardy, WV",23934
"54033","Harrison, WV",35546
"54035","Jackson, WV",29013
"54037","Jefferson, WV",38275
"54039","Kanawha, WV",38462
"54041","Lewis, WV",28190
"54043","Lincoln, WV",24155
"54045","Logan, WV",30850
"54047","McDowell, WV",23130
"54049","Marion, WV",33236
"54051","Marshall, WV",28487
"54053","Mason, WV",27130
"54055","Mercer, WV",31346
"54057","Mineral, WV",30324
"54059","Mingo, WV",30390
"54061","Monongalia, WV",34375
"54063","Monroe, WV",24010
"54065","Morgan, WV",28219
"54067","Nicholas, WV",29676
"54069","Ohio, WV",42349
"54071","Pendleton, WV",29558
"54073","Pleasants, WV",30650
"54075","Pocahontas, WV",28013
"54077","Preston, WV",26664
"54079","Putnam, WV",36868
"54081","Raleigh, WV",30553
"54083","Randolph, WV",28616
"54085","Ritchie, WV",24928
"54087","Roane, WV",26421
"54089","Summers, WV",23883
"54091","Taylor, WV",27972
"54093","Tucker, WV",27510
"54095","Tyler, WV",25652
"54097","Upshur, WV",27364
"54099","Wayne, WV",25727
"54101","Webster, WV",24787
"54103","Wetzel, WV",26334
"54105","Wirt, WV",23696
"54107","Wood, WV",32383
"54109","Wyoming, WV",25977
"55001","Adams, WI",29136
"55003","Ashland, WI",30234
"55005","Barron, WI",34574
"55007","Bayfield, WI",35854
"55009","Brown, WI",38990
"55011","Buffalo, WI",35611
"55013","Burnett, WI",30140
"55015","Calumet, WI",36608
"55017","Chippewa, WI",33352
"55019","Clark, WI",28028
"55021","Columbia, WI",37273
"55023","Crawford, WI",28911
"55025","Dane, WI",43692
"55027","Dodge, WI",34628
"55029","Door, WI",41920
"55031","Douglas, WI",31880
"55033","Dunn, WI",29468
"55035","Eau Claire, WI",36159
"55037","Florence, WI",34822
"55039","Fond du Lac, WI",35896
"55041","Forest, WI",27557
"55043","Grant, WI",31421
"55045","Green, WI",37974
"55047","Green Lake, WI",34939
"55049","Iowa, WI",34513
"55051","Iron, WI",34804
"55053","Jackson, WI",34063
"55055","Jefferson, WI",34623
"55057","Juneau, WI",29920
"55059","Kenosha, WI",34771
"55061","Kewaunee, WI",33638
"55063","La Crosse, WI",37343
"55065","Lafayette, WI",31930
"55067","Langlade, WI",32413
"55069","Lincoln, WI",36011
"55071","Manitowoc, WI",37762
"55073","Marathon, WI",37995
"55075","Marinette, WI",31921
"55077","Marquette, WI",29888
"55078","Menominee, WI*",24426
"55079","Milwaukee, WI",36939
"55081","Monroe, WI",30789
"55083","Oconto, WI",32996
"55085","Oneida, WI",36582
"55087","Outagamie, WI",37586
"55089","Ozaukee, WI",60840
"55091","Pepin, WI",34763
"55093","Pierce, WI",33622
"55095","Polk, WI",32858
"55097","Portage, WI",31907
"55099","Price, WI",33985
"55101","Racine, WI",37443
"55103","Richland, WI",29336
"55105","Rock, WI",32842
"55107","Rusk, WI",27443
"55109","St. Croix, WI",37894
"55111","Sauk, WI",34432
"55113","Sawyer, WI",34209
"55115","Shawano, WI*",30412
"55117","Sheboygan, WI",38553
"55119","Taylor, WI",28887
"55121","Trempealeau, WI",35012
"55123","Vernon, WI",30184
"55125","Vilas, WI",35740
"55127","Walworth, WI",34330
"55129","Washburn, WI",32863
"55131","Washington, WI",42575
"55133","Waukesha, WI",53295
"55135","Waupaca, WI",35303
"55137","Waushara, WI",30909
"55139","Winnebago, WI",35902
"55141","Wood, WI",37221
"55901","Shawano (includes Menominee), WI","(NA)"
"56001","Albany, WY",32314
"56003","Big Horn, WY",31039
"56005","Campbell, WY",44073
"56007","Carbon, WY",36881
"56009","Converse, WY",40455
"56011","Crook, WY",35629
"56013","Fremont, WY",34361
"56015","Goshen, WY",31596
"56017","Hot Springs, WY",34287
"56019","Johnson, WY",35423
"56021","Laramie, WY",41486
"56023","Lincoln, WY",33527
"56025","Natrona, WY",44992
"56027","Niobrara, WY",35504
"56029","Park, WY",39072
"56031","Platte, WY",33936
"56033","Sheridan, WY",55621
"56035","Sublette, WY",43989
"56037","Sweetwater, WY",40761
"56039","Teton, WY",129161
"56041","Uinta, WY",39115
"56043","Washakie, WY",36268
"56045","Weston, WY",37070
"Legend / Footnotes:"
"2/ Per capita personal income was computed using Census Bureau midyear population estimates. Estimates for 2010-2015 reflect county population estimates available as of March 2016."
"* Cibola, NM was separated from Valencia in June 1981, but in these estimates, Valencia includes Cibola through the end of 1981."
"* La Paz County, AZ was separated from Yuma County on January 1, 1983. The Yuma, AZ MSA contains the area that became La Paz County, AZ through 1982 and excludes it beginning with 1983."
"* Shawano, WI and Menominee, WI are combined as Shawano (incl. Menominee), WI for the years prior to 1989."
"* Broomfield County, CO, was created from parts of Adams, Boulder, Jefferson, and Weld counties effective November 15, 2001. Estimates for Broomfield county begin with 2002."
"* Estimates for 1979 forward reflect Alaska Census Areas as defined by the Census Bureau; those for prior years reflect Alaska Census Divisions as defined in the 1970 Decennial Census. Estimates from 1988 forward separate Aleutian Islands Census Area into Aleutians East Borough and Aleutians West Census Area. Estimates for 1991 forward separate Denali Borough from Yukon-Koyukuk Census Area and Lake and Peninsula Borough from Dillingham Census Area. Estimates from 1993 forward separate Skagway-Yakutat-Angoon Census Area into Skagway-Hoonah-Angoon Census Area and Yakutat Borough. Estimates from 2008 forward separate Skagway-Hoonah-Angoon Census Area into Skagway Municipality and Hoonah-Angoon Census Area. Estimates from 2009 forward separate Wrangell-Petersburg Census Area into Petersburg Census Area and Wrangell City and Borough. In addition, a part of the Prince of Wales-Outer Ketchikan Census Area was annexed by Ketchikan Gateway Borough and part (Meyers Chuck Area) was included in the new Wrangell City and Borough. The remainder of the Prince of Wales-Outer Ketchikan Census Area was renamed Prince of Wales-Hyder Census Area. Petersburg Borough was created from part of former Petersburg Census Area and part of Hoonah-Angoon Census Area for 2013 forward. Prince of Wales-Hyder Census Area added part of the former Petersburg Census Area beginning in 2013. For years 2009-2012, Petersburg Borough reflects the geographic boundaries of the former Petersburg Census Area. Wade Hampton Census Area was renamed Kusilvak Census Area on July 1, 2015."
"* Virginia combination areas consist of one or two independent cities with 1980 populations of less than 100,000 combined with an adjacent county. The county name appears first, followed by the city name(s). Separate estimates for the jurisdictions making up the combination area are not available. Bedford County, VA includes the independent city of Bedford for all years."
"* Shannon County, SD was renamed to Oglala Lakota County, SD on May 1, 2015."
"Note-- All dollar estimates are in current dollars (not adjusted for inflation)."
"(NA) Data not available for this year."
"Last updated: November 17, 2016-- new estimates for 2015; revised estimates for 1998-2014."
