"CA1 Personal Income Summary: Personal Income, Population, Per Capita Personal Income"
"Per capita personal income (dollars) 2/" 
"Bureau of Economic Analysis" 
"County"
"GeoFips","GeoName","2012"
"01001","Autauga, AL",34954
"01003","Baldwin, AL",37639
"01005","Barbour, AL",28037
"01007","Bibb, AL",26999
"01009","Blount, AL",29240
"01011","Bullock, AL",24246
"01013","Butler, AL",30233
"01015","Calhoun, AL",31723
"01017","Chambers, AL",29200
"01019","Cherokee, AL",29304
"01021","Chilton, AL",29274
"01023","Choctaw, AL",28400
"01025","Clarke, AL",28812
"01027","Clay, AL",29462
"01029","Cleburne, AL",29114
"01031","Coffee, AL",35852
"01033","Colbert, AL",33046
"01035","Conecuh, AL",27083
"01037","Coosa, AL",26119
"01039","Covington, AL",29884
"01041","Crenshaw, AL",29509
"01043","Cullman, AL",32480
"01045","Dale, AL",33119
"01047","Dallas, AL",29538
"01049","DeKalb, AL",26878
"01051","Elmore, AL",35552
"01053","Escambia, AL",28472
"01055","Etowah, AL",31506
"01057","Fayette, AL",27677
"01059","Franklin, AL",28992
"01061","Geneva, AL",29401
"01063","Greene, AL",28654
"01065","Hale, AL",31690
"01067","Henry, AL",33199
"01069","Houston, AL",36498
"01071","Jackson, AL",31400
"01073","Jefferson, AL",45118
"01075","Lamar, AL",28624
"01077","Lauderdale, AL",32616
"01079","Lawrence, AL",29372
"01081","Lee, AL",31295
"01083","Limestone, AL",35747
"01085","Lowndes, AL",32904
"01087","Macon, AL",27818
"01089","Madison, AL",43636
"01091","Marengo, AL",32425
"01093","Marion, AL",26198
"01095","Marshall, AL",30757
"01097","Mobile, AL",33016
"01099","Monroe, AL",28002
"01101","Montgomery, AL",37137
"01103","Morgan, AL",33551
"01105","Perry, AL",27923
"01107","Pickens, AL",30305
"01109","Pike, AL",32203
"01111","Randolph, AL",28782
"01113","Russell, AL",28433
"01115","St. Clair, AL",31948
"01117","Shelby, AL",45597
"01119","Sumter, AL",28306
"01121","Talladega, AL",29240
"01123","Tallapoosa, AL",33735
"01125","Tuscaloosa, AL",33729
"01127","Walker, AL",34596
"01129","Washington, AL",31226
"01131","Wilcox, AL",26276
"01133","Winston, AL",29174
"02010","Aleutian Islands Census Area, AK*","(NA)"
"02013","Aleutians East Borough, AK*",37134
"02016","Aleutians West Census Area, AK*",50516
"02020","Anchorage Municipality, AK",59182
"02050","Bethel Census Area, AK*",36668
"02060","Bristol Bay Borough, AK",58105
"02068","Denali Borough, AK*",59962
"02070","Dillingham Census Area, AK*",47520
"02090","Fairbanks North Star Borough, AK",50574
"02100","Haines Borough, AK",41535
"02105","Hoonah-Angoon Census Area, AK*",46124
"02110","Juneau City and Borough, AK",60288
"02122","Kenai Peninsula Borough, AK",48636
"02130","Ketchikan Gateway Borough, AK*",57899
"02150","Kodiak Island Borough, AK",55208
"02158","Kusilvak Census Area, AK*",27894
"02164","Lake and Peninsula Borough, AK*",51083
"02170","Matanuska-Susitna Borough, AK",43670
"02180","Nome Census Area, AK*",43002
"02185","North Slope Borough, AK",32574
"02188","Northwest Arctic Borough, AK",41683
"02195","Petersburg Borough, AK*",56187
"02198","Prince of Wales-Hyder Census Area, AK*",36458
"02201","Prince of Wales-Outer Ketchikan Census Area, AK*","(NA)"
"02220","Sitka City and Borough, AK",60099
"02230","Skagway Municipality, AK*",85211
"02231","Skagway-Yakutat-Angoon Census Area, AK*","(NA)"
"02232","Skagway-Hoonah-Angoon Census Area, AK*","(NA)"
"02240","Southeast Fairbanks Census Area, AK*",38234
"02261","Valdez-Cordova Census Area, AK*",57232
"02275","Wrangell City and Borough, AK*",42184
"02280","Wrangell-Petersburg Census Area, AK*","(NA)"
"02282","Yakutat City and Borough, AK*",54779
"02290","Yukon-Koyukuk Census Area, AK*",51110
"02901","Aleutian Islands Division, AK*","(NA)"
"02903","Angoon Division, AK*","(NA)"
"02904","Barrow-North Slope Division, AK*","(NA)"
"02905","Bethel Division, AK*","(NA)"
"02907","Bristol Bay Division, AK*","(NA)"
"02908","Cordova-McCarthy Division, AK*","(NA)"
"02910","Haines Division, AK*","(NA)"
"02912","Kenai-Cook Inlet Division, AK*","(NA)"
"02916","Kuskokwim Division, AK*","(NA)"
"02919","Outer Ketchikan Division, AK*","(NA)"
"02920","Prince of Wales Division, AK*","(NA)"
"02921","Seward Division, AK*","(NA)"
"02922","Sitka Division, AK*","(NA)"
"02923","Skagway-Yakutat Division, AK*","(NA)"
"02924","Southeast Fairbanks Division, AK*","(NA)"
"02925","Upper Yukon Division, AK*","(NA)"
"02926","Valdez-Chitina-Whittier Division, AK*","(NA)"
"02928","Wrangell-Petersburg Division, AK*","(NA)"
"02929","Yukon-Koyukuk Division, AK*","(NA)"
"04001","Apache, AZ",26228
"04003","Cochise, AZ",35249
"04005","Coconino, AZ",36323
"04007","Gila, AZ",32268
"04009","Graham, AZ",26205
"04011","Greenlee, AZ",34089
"04012","La Paz, AZ*",28432
"04013","Maricopa, AZ",39015
"04015","Mohave, AZ",26035
"04017","Navajo, AZ",25860
"04019","Pima, AZ",36240
"04021","Pinal, AZ",24785
"04023","Santa Cruz, AZ",31472
"04025","Yavapai, AZ",31174
"04027","Yuma, AZ*",27637
"05001","Arkansas, AR",38864
"05003","Ashley, AR",31902
"05005","Baxter, AR",31780
"05007","Benton, AR",67303
"05009","Boone, AR",30126
"05011","Bradley, AR",29428
"05013","Calhoun, AR",28091
"05015","Carroll, AR",27104
"05017","Chicot, AR",32540
"05019","Clark, AR",29433
"05021","Clay, AR",32838
"05023","Cleburne, AR",32179
"05025","Cleveland, AR",30051
"05027","Columbia, AR",32430
"05029","Conway, AR",32835
"05031","Craighead, AR",33187
"05033","Crawford, AR",28512
"05035","Crittenden, AR",31875
"05037","Cross, AR",33301
"05039","Dallas, AR",27655
"05041","Desha, AR",37456
"05043","Drew, AR",33623
"05045","Faulkner, AR",32692
"05047","Franklin, AR",27332
"05049","Fulton, AR",24156
"05051","Garland, AR",35406
"05053","Grant, AR",32525
"05055","Greene, AR",30509
"05057","Hempstead, AR",28320
"05059","Hot Spring, AR",27390
"05061","Howard, AR",27316
"05063","Independence, AR",30864
"05065","Izard, AR",27359
"05067","Jackson, AR",29946
"05069","Jefferson, AR",31059
"05071","Johnson, AR",24291
"05073","Lafayette, AR",30742
"05075","Lawrence, AR",28308
"05077","Lee, AR",27407
"05079","Lincoln, AR",23529
"05081","Little River, AR",30276
"05083","Logan, AR",30818
"05085","Lonoke, AR",34259
"05087","Madison, AR",27366
"05089","Marion, AR",25361
"05091","Miller, AR",30717
"05093","Mississippi, AR",30581
"05095","Monroe, AR",33342
"05097","Montgomery, AR",24971
"05099","Nevada, AR",31406
"05101","Newton, AR",24812
"05103","Ouachita, AR",31683
"05105","Perry, AR",30664
"05107","Phillips, AR",29808
"05109","Pike, AR",27279
"05111","Poinsett, AR",29321
"05113","Polk, AR",26181
"05115","Pope, AR",30917
"05117","Prairie, AR",30450
"05119","Pulaski, AR",45163
"05121","Randolph, AR",28139
"05123","St. Francis, AR",24557
"05125","Saline, AR",35677
"05127","Scott, AR",25058
"05129","Searcy, AR",26304
"05131","Sebastian, AR",36368
"05133","Sevier, AR",23740
"05135","Sharp, AR",28380
"05137","Stone, AR",25458
"05139","Union, AR",46189
"05141","Van Buren, AR",27286
"05143","Washington, AR",31769
"05145","White, AR",31264
"05147","Woodruff, AR",34303
"05149","Yell, AR",26915
"06001","Alameda, CA",52763
"06003","Alpine, CA",59200
"06005","Amador, CA",36809
"06007","Butte, CA",35222
"06009","Calaveras, CA",39906
"06011","Colusa, CA",40740
"06013","Contra Costa, CA",61470
"06015","Del Norte, CA",28570
"06017","El Dorado, CA",52636
"06019","Fresno, CA",34233
"06021","Glenn, CA",35148
"06023","Humboldt, CA",37316
"06025","Imperial, CA",31644
"06027","Inyo, CA",46052
"06029","Kern, CA",34416
"06031","Kings, CA",29496
"06033","Lake, CA",33062
"06035","Lassen, CA",30558
"06037","Los Angeles, CA",48818
"06039","Madera, CA",31479
"06041","Marin, CA",96162
"06043","Mariposa, CA",39278
"06045","Mendocino, CA",38687
"06047","Merced, CA",30824
"06049","Modoc, CA",37267
"06051","Mono, CA",40837
"06053","Monterey, CA",43737
"06055","Napa, CA",53180
"06057","Nevada, CA",49258
"06059","Orange, CA",54893
"06061","Placer, CA",52290
"06063","Plumas, CA",41398
"06065","Riverside, CA",32263
"06067","Sacramento, CA",41268
"06069","San Benito, CA",37959
"06071","San Bernardino, CA",31331
"06073","San Diego, CA",47961
"06075","San Francisco, CA",88141
"06077","San Joaquin, CA",33944
"06079","San Luis Obispo, CA",44373
"06081","San Mateo, CA",87444
"06083","Santa Barbara, CA",50530
"06085","Santa Clara, CA",72799
"06087","Santa Cruz, CA",52256
"06089","Shasta, CA",35716
"06091","Sierra, CA",33599
"06093","Siskiyou, CA",34396
"06095","Solano, CA",39067
"06097","Sonoma, CA",46312
"06099","Stanislaus, CA",34377
"06101","Sutter, CA",35789
"06103","Tehama, CA",31386
"06105","Trinity, CA",30051
"06107","Tulare, CA",31920
"06109","Tuolumne, CA",36821
"06111","Ventura, CA",49430
"06113","Yolo, CA",43538
"06115","Yuba, CA",33057
"08001","Adams, CO*",33558
"08003","Alamosa, CO",30645
"08005","Arapahoe, CO",47578
"08007","Archuleta, CO",33781
"08009","Baca, CO",36892
"08011","Bent, CO",26962
"08013","Boulder, CO*",54341
"08014","Broomfield, CO*",76158
"08015","Chaffee, CO",32976
"08017","Cheyenne, CO",52005
"08019","Clear Creek, CO",46917
"08021","Conejos, CO",26975
"08023","Costilla, CO",27413
"08025","Crowley, CO",21487
"08027","Custer, CO",35804
"08029","Delta, CO",30425
"08031","Denver, CO",57238
"08033","Dolores, CO",27453
"08035","Douglas, CO",60267
"08037","Eagle, CO",46926
"08039","Elbert, CO",43748
"08041","El Paso, CO",40346
"08043","Fremont, CO",27407
"08045","Garfield, CO",41257
"08047","Gilpin, CO",35180
"08049","Grand, CO",34113
"08051","Gunnison, CO",36481
"08053","Hinsdale, CO",40326
"08055","Huerfano, CO",32274
"08057","Jackson, CO",34259
"08059","Jefferson, CO*",47119
"08061","Kiowa, CO",49412
"08063","Kit Carson, CO",36012
"08065","Lake, CO",28612
"08067","La Plata, CO",46001
"08069","Larimer, CO",40684
"08071","Las Animas, CO",32192
"08073","Lincoln, CO",32279
"08075","Logan, CO",41903
"08077","Mesa, CO",36174
"08079","Mineral, CO",45199
"08081","Moffat, CO",36539
"08083","Montezuma, CO",33963
"08085","Montrose, CO",31712
"08087","Morgan, CO",35319
"08089","Otero, CO",30949
"08091","Ouray, CO",41967
"08093","Park, CO",35643
"08095","Phillips, CO",42830
"08097","Pitkin, CO",110907
"08099","Prowers, CO",34344
"08101","Pueblo, CO",31565
"08103","Rio Blanco, CO",37971
"08105","Rio Grande, CO",34091
"08107","Routt, CO",59584
"08109","Saguache, CO",28932
"08111","San Juan, CO",42935
"08113","San Miguel, CO",49888
"08115","Sedgwick, CO",44279
"08117","Summit, CO",46547
"08119","Teller, CO",41057
"08121","Washington, CO",39032
"08123","Weld, CO*",36543
"08125","Yuma, CO",48443
"09001","Fairfield, CT",104684
"09003","Hartford, CT",54601
"09005","Litchfield, CT",54925
"09007","Middlesex, CT",57655
"09009","New Haven, CT",47988
"09011","New London, CT",49113
"09013","Tolland, CT",48462
"09015","Windham, CT",39730
"10001","Kent, DE",35288
"10003","New Castle, DE",47335
"10005","Sussex, DE",40262
"11001","District of Columbia, DC",66594
"12001","Alachua, FL",36723
"12003","Baker, FL",26421
"12005","Bay, FL",37187
"12007","Bradford, FL",25815
"12009","Brevard, FL",38082
"12011","Broward, FL",41686
"12013","Calhoun, FL",23011
"12015","Charlotte, FL",34152
"12017","Citrus, FL",32414
"12019","Clay, FL",35867
"12021","Collier, FL",72506
"12023","Columbia, FL",29224
"12027","DeSoto, FL",21354
"12029","Dixie, FL",22889
"12031","Duval, FL",39119
"12033","Escambia, FL",36169
"12035","Flagler, FL",36341
"12037","Franklin, FL",32842
"12039","Gadsden, FL",28335
"12041","Gilchrist, FL",29046
"12043","Glades, FL",20542
"12045","Gulf, FL",27456
"12047","Hamilton, FL",22150
"12049","Hardee, FL",24014
"12051","Hendry, FL",27317
"12053","Hernando, FL",31416
"12055","Highlands, FL",29769
"12057","Hillsborough, FL",41153
"12059","Holmes, FL",25432
"12061","Indian River, FL",61297
"12063","Jackson, FL",28156
"12065","Jefferson, FL",33304
"12067","Lafayette, FL",20399
"12069","Lake, FL",34209
"12071","Lee, FL",41148
"12073","Leon, FL",37182
"12075","Levy, FL",29235
"12077","Liberty, FL",23877
"12079","Madison, FL",25871
"12081","Manatee, FL",38269
"12083","Marion, FL",31840
"12085","Martin, FL",66918
"12086","Miami-Dade, FL",39414
"12087","Monroe, FL",70639
"12089","Nassau, FL",45035
"12091","Okaloosa, FL",42970
"12093","Okeechobee, FL",26173
"12095","Orange, FL",35744
"12097","Osceola, FL",27525
"12099","Palm Beach, FL",63220
"12101","Pasco, FL",33532
"12103","Pinellas, FL",43336
"12105","Polk, FL",32050
"12107","Putnam, FL",26481
"12109","St. Johns, FL",58265
"12111","St. Lucie, FL",32917
"12113","Santa Rosa, FL",38086
"12115","Sarasota, FL",50119
"12117","Seminole, FL",39254
"12119","Sumter, FL",36094
"12121","Suwannee, FL",29080
"12123","Taylor, FL",27728
"12125","Union, FL",17067
"12127","Volusia, FL",35092
"12129","Wakulla, FL",29481
"12131","Walton, FL",46272
"12133","Washington, FL",24974
"13001","Appling, GA",28114
"13003","Atkinson, GA",24605
"13005","Bacon, GA",26417
"13007","Baker, GA",39861
"13009","Baldwin, GA",26392
"13011","Banks, GA",29107
"13013","Barrow, GA",29249
"13015","Bartow, GA",30834
"13017","Ben Hill, GA",25653
"13019","Berrien, GA",27811
"13021","Bibb, GA",34986
"13023","Bleckley, GA",30547
"13025","Brantley, GA",22424
"13027","Brooks, GA",30953
"13029","Bryan, GA",44109
"13031","Bulloch, GA",26430
"13033","Burke, GA",29187
"13035","Butts, GA",26452
"13037","Calhoun, GA",26224
"13039","Camden, GA",30257
"13043","Candler, GA",25941
"13045","Carroll, GA",31411
"13047","Catoosa, GA",29898
"13049","Charlton, GA",21633
"13051","Chatham, GA",39430
"13053","Chattahoochee, GA",29480
"13055","Chattooga, GA",25033
"13057","Cherokee, GA",40172
"13059","Clarke, GA",26554
"13061","Clay, GA",28490
"13063","Clayton, GA",24357
"13065","Clinch, GA",26651
"13067","Cobb, GA",44260
"13069","Coffee, GA",25969
"13071","Colquitt, GA",28673
"13073","Columbia, GA",41826
"13075","Cook, GA",25741
"13077","Coweta, GA",36498
"13079","Crawford, GA",28184
"13081","Crisp, GA",25396
"13083","Dade, GA",27813
"13085","Dawson, GA",33955
"13087","Decatur, GA",32024
"13089","DeKalb, GA",39090
"13091","Dodge, GA",25964
"13093","Dooly, GA",22563
"13095","Dougherty, GA",30931
"13097","Douglas, GA",29842
"13099","Early, GA",36563
"13101","Echols, GA",22668
"13103","Effingham, GA",35030
"13105","Elbert, GA",29274
"13107","Emanuel, GA",27002
"13109","Evans, GA",28077
"13111","Fannin, GA",27798
"13113","Fayette, GA",49583
"13115","Floyd, GA",32166
"13117","Forsyth, GA",50402
"13119","Franklin, GA",30543
"13121","Fulton, GA",63677
"13123","Gilmer, GA",27438
"13125","Glascock, GA",25864
"13127","Glynn, GA",36780
"13129","Gordon, GA",27845
"13131","Grady, GA",28241
"13133","Greene, GA",42281
"13135","Gwinnett, GA",33911
"13137","Habersham, GA",26289
"13139","Hall, GA",32718
"13141","Hancock, GA",22623
"13143","Haralson, GA",29253
"13145","Harris, GA",39307
"13147","Hart, GA",29611
"13149","Heard, GA",26262
"13151","Henry, GA",31688
"13153","Houston, GA",36976
"13155","Irwin, GA",27986
"13157","Jackson, GA",31879
"13159","Jasper, GA",29527
"13161","Jeff Davis, GA",26341
"13163","Jefferson, GA",29440
"13165","Jenkins, GA",24859
"13167","Johnson, GA",21546
"13169","Jones, GA",31351
"13171","Lamar, GA",28527
"13173","Lanier, GA",22661
"13175","Laurens, GA",30068
"13177","Lee, GA",39842
"13179","Liberty, GA",30265
"13181","Lincoln, GA",30852
"13183","Long, GA",21170
"13185","Lowndes, GA",29906
"13187","Lumpkin, GA",28265
"13189","McDuffie, GA",29609
"13191","McIntosh, GA",24374
"13193","Macon, GA",25463
"13195","Madison, GA",29461
"13197","Marion, GA",21911
"13199","Meriwether, GA",28693
"13201","Miller, GA",35932
"13205","Mitchell, GA",29890
"13207","Monroe, GA",35921
"13209","Montgomery, GA",25786
"13211","Morgan, GA",37187
"13213","Murray, GA",24356
"13215","Muscogee, GA",36591
"13217","Newton, GA",27745
"13219","Oconee, GA",49324
"13221","Oglethorpe, GA",30182
"13223","Paulding, GA",29989
"13225","Peach, GA",31025
"13227","Pickens, GA",37347
"13229","Pierce, GA",29413
"13231","Pike, GA",30949
"13233","Polk, GA",26714
"13235","Pulaski, GA",25786
"13237","Putnam, GA",30213
"13239","Quitman, GA",23806
"13241","Rabun, GA",31396
"13243","Randolph, GA",29996
"13245","Richmond, GA",31410
"13247","Rockdale, GA",30210
"13249","Schley, GA",25284
"13251","Screven, GA",27786
"13253","Seminole, GA",37277
"13255","Spalding, GA",28959
"13257","Stephens, GA",29189
"13259","Stewart, GA",20900
"13261","Sumter, GA",29157
"13263","Talbot, GA",28168
"13265","Taliaferro, GA",23858
"13267","Tattnall, GA",26881
"13269","Taylor, GA",24431
"13271","Telfair, GA",18487
"13273","Terrell, GA",36769
"13275","Thomas, GA",36577
"13277","Tift, GA",30981
"13279","Toombs, GA",30600
"13281","Towns, GA",30131
"13283","Treutlen, GA",24246
"13285","Troup, GA",32065
"13287","Turner, GA",31176
"13289","Twiggs, GA",31197
"13291","Union, GA",31381
"13293","Upson, GA",29486
"13295","Walker, GA",28006
"13297","Walton, GA",31777
"13299","Ware, GA",27785
"13301","Warren, GA",28154
"13303","Washington, GA",29819
"13305","Wayne, GA",29611
"13307","Webster, GA",25797
"13309","Wheeler, GA",15692
"13311","White, GA",27770
"13313","Whitfield, GA",28593
"13315","Wilcox, GA",25551
"13317","Wilkes, GA",27494
"13319","Wilkinson, GA",27186
"13321","Worth, GA",30901
"15001","Hawaii, HI",33084
"15003","Honolulu, HI",47909
"15007","Kauai, HI",37608
"15901","Maui + Kalawao, HI",39216
"16001","Ada, ID",40749
"16003","Adams, ID",31243
"16005","Bannock, ID",30157
"16007","Bear Lake, ID",33467
"16009","Benewah, ID",29012
"16011","Bingham, ID",31291
"16013","Blaine, ID",76191
"16015","Boise, ID",32718
"16017","Bonner, ID",32289
"16019","Bonneville, ID",37113
"16021","Boundary, ID",28363
"16023","Butte, ID",31280
"16025","Camas, ID",36240
"16027","Canyon, ID",26728
"16029","Caribou, ID",36719
"16031","Cassia, ID",36153
"16033","Clark, ID",26099
"16035","Clearwater, ID",30381
"16037","Custer, ID",39542
"16039","Elmore, ID",30187
"16041","Franklin, ID",28663
"16043","Fremont (includes Yellowstone Park), ID",29252
"16045","Gem, ID",28795
"16047","Gooding, ID",45823
"16049","Idaho, ID",28294
"16051","Jefferson, ID",29361
"16053","Jerome, ID",32523
"16055","Kootenai, ID",34883
"16057","Latah, ID",33742
"16059","Lemhi, ID",33667
"16061","Lewis, ID",44603
"16063","Lincoln, ID",32333
"16065","Madison, ID",20767
"16067","Minidoka, ID",34240
"16069","Nez Perce, ID",35908
"16071","Oneida, ID",29227
"16073","Owyhee, ID",29307
"16075","Payette, ID",32934
"16077","Power, ID",35973
"16079","Shoshone, ID",32621
"16081","Teton, ID",27675
"16083","Twin Falls, ID",32637
"16085","Valley, ID",41840
"16087","Washington, ID",32036
"17001","Adams, IL",39487
"17003","Alexander, IL",27506
"17005","Bond, IL",31054
"17007","Boone, IL",38613
"17009","Brown, IL",26697
"17011","Bureau, IL",36754
"17013","Calhoun, IL",34695
"17015","Carroll, IL",38931
"17017","Cass, IL",33638
"17019","Champaign, IL",38645
"17021","Christian, IL",35851
"17023","Clark, IL",35090
"17025","Clay, IL",34592
"17027","Clinton, IL",38711
"17029","Coles, IL",33426
"17031","Cook, IL",47872
"17033","Crawford, IL",40226
"17035","Cumberland, IL",35017
"17037","DeKalb, IL",33545
"17039","De Witt, IL",40313
"17041","Douglas, IL",40930
"17043","DuPage, IL",57855
"17045","Edgar, IL",35850
"17047","Edwards, IL",33275
"17049","Effingham, IL",41619
"17051","Fayette, IL",28868
"17053","Ford, IL",45766
"17055","Franklin, IL",32335
"17057","Fulton, IL",32971
"17059","Gallatin, IL",37325
"17061","Greene, IL",33524
"17063","Grundy, IL",64759
"17065","Hamilton, IL",35592
"17067","Hancock, IL",37270
"17069","Hardin, IL",32985
"17071","Henderson, IL",35119
"17073","Henry, IL",40337
"17075","Iroquois, IL",39609
"17077","Jackson, IL",31840
"17079","Jasper, IL",38833
"17081","Jefferson, IL",34381
"17083","Jersey, IL",34856
"17085","Jo Daviess, IL",41790
"17087","Johnson, IL",24924
"17089","Kane, IL",41636
"17091","Kankakee, IL",34107
"17093","Kendall, IL",40217
"17095","Knox, IL",36632
"17097","Lake, IL",65406
"17099","LaSalle, IL",37071
"17101","Lawrence, IL",35252
"17103","Lee, IL",36110
"17105","Livingston, IL",38548
"17107","Logan, IL",31384
"17109","McDonough, IL",32724
"17111","McHenry, IL",45347
"17113","McLean, IL",42775
"17115","Macon, IL",41052
"17117","Macoupin, IL",34155
"17119","Madison, IL",38410
"17121","Marion, IL",35047
"17123","Marshall, IL",38921
"17125","Mason, IL",35689
"17127","Massac, IL",33238
"17129","Menard, IL",38415
"17131","Mercer, IL",40224
"17133","Monroe, IL",47739
"17135","Montgomery, IL",31677
"17137","Morgan, IL",35771
"17139","Moultrie, IL",60017
"17141","Ogle, IL",37933
"17143","Peoria, IL",47617
"17145","Perry, IL",33762
"17147","Piatt, IL",45073
"17149","Pike, IL",33488
"17151","Pope, IL",29622
"17153","Pulaski, IL",32753
"17155","Putnam, IL",46753
"17157","Randolph, IL",31290
"17159","Richland, IL",34994
"17161","Rock Island, IL",39750
"17163","St. Clair, IL",37727
"17165","Saline, IL",35555
"17167","Sangamon, IL",40568
"17169","Schuyler, IL",39999
"17171","Scott, IL",34853
"17173","Shelby, IL",33818
"17175","Stark, IL",36761
"17177","Stephenson, IL",37387
"17179","Tazewell, IL",42036
"17181","Union, IL",33478
"17183","Vermilion, IL",34093
"17185","Wabash, IL",38825
"17187","Warren, IL",34690
"17189","Washington, IL",44721
"17191","Wayne, IL",36435
"17193","White, IL",41991
"17195","Whiteside, IL",38345
"17197","Will, IL",42426
"17199","Williamson, IL",39137
"17201","Winnebago, IL",35771
"17203","Woodford, IL",46121
"18001","Adams, IN",33219
"18003","Allen, IN",38029
"18005","Bartholomew, IN",42862
"18007","Benton, IN",37049
"18009","Blackford, IN",33708
"18011","Boone, IN",57281
"18013","Brown, IN",38338
"18015","Carroll, IN",37079
"18017","Cass, IN",32889
"18019","Clark, IN",40056
"18021","Clay, IN",31893
"18023","Clinton, IN",33200
"18025","Crawford, IN",28865
"18027","Daviess, IN",35330
"18029","Dearborn, IN",38576
"18031","Decatur, IN",35844
"18033","DeKalb, IN",35315
"18035","Delaware, IN",30582
"18037","Dubois, IN",45284
"18039","Elkhart, IN",34540
"18041","Fayette, IN",32189
"18043","Floyd, IN",42905
"18045","Fountain, IN",35242
"18047","Franklin, IN",39483
"18049","Fulton, IN",36185
"18051","Gibson, IN",36245
"18053","Grant, IN",34023
"18055","Greene, IN",33541
"18057","Hamilton, IN",59154
"18059","Hancock, IN",41947
"18061","Harrison, IN",35480
"18063","Hendricks, IN",40233
"18065","Henry, IN",31439
"18067","Howard, IN",34345
"18069","Huntington, IN",35081
"18071","Jackson, IN",37063
"18073","Jasper, IN",37635
"18075","Jay, IN",34553
"18077","Jefferson, IN",35421
"18079","Jennings, IN",31673
"18081","Johnson, IN",40319
"18083","Knox, IN",38410
"18085","Kosciusko, IN",37641
"18087","Lagrange, IN",29478
"18089","Lake, IN",37017
"18091","LaPorte, IN",35524
"18093","Lawrence, IN",32962
"18095","Madison, IN",31595
"18097","Marion, IN",45095
"18099","Marshall, IN",33696
"18101","Martin, IN",35310
"18103","Miami, IN",28456
"18105","Monroe, IN",32889
"18107","Montgomery, IN",34940
"18109","Morgan, IN",36993
"18111","Newton, IN",34910
"18113","Noble, IN",31942
"18115","Ohio, IN",32804
"18117","Orange, IN",32939
"18119","Owen, IN",31772
"18121","Parke, IN",29348
"18123","Perry, IN",31332
"18125","Pike, IN",32862
"18127","Porter, IN",43314
"18129","Posey, IN",41009
"18131","Pulaski, IN",38323
"18133","Putnam, IN",30146
"18135","Randolph, IN",33480
"18137","Ripley, IN",37566
"18139","Rush, IN",35895
"18141","St. Joseph, IN",38091
"18143","Scott, IN",30538
"18145","Shelby, IN",35166
"18147","Spencer, IN",37349
"18149","Starke, IN",29125
"18151","Steuben, IN",34489
"18153","Sullivan, IN",30570
"18155","Switzerland, IN",27163
"18157","Tippecanoe, IN",32879
"18159","Tipton, IN",37937
"18161","Union, IN",30414
"18163","Vanderburgh, IN",41346
"18165","Vermillion, IN",33090
"18167","Vigo, IN",32898
"18169","Wabash, IN",36505
"18171","Warren, IN",39965
"18173","Warrick, IN",45055
"18175","Washington, IN",31167
"18177","Wayne, IN",33392
"18179","Wells, IN",36402
"18181","White, IN",36848
"18183","Whitley, IN",37082
"19001","Adair, IA",40917
"19003","Adams, IA",45723
"19005","Allamakee, IA",38182
"19007","Appanoose, IA",33030
"19009","Audubon, IA",48865
"19011","Benton, IA",43971
"19013","Black Hawk, IA",38692
"19015","Boone, IA",43165
"19017","Bremer, IA",43726
"19019","Buchanan, IA",42358
"19021","Buena Vista, IA",44800
"19023","Butler, IA",43265
"19025","Calhoun, IA",46013
"19027","Carroll, IA",45945
"19029","Cass, IA",39053
"19031","Cedar, IA",44773
"19033","Cerro Gordo, IA",44263
"19035","Cherokee, IA",47009
"19037","Chickasaw, IA",45234
"19039","Clarke, IA",32467
"19041","Clay, IA",45463
"19043","Clayton, IA",43557
"19045","Clinton, IA",38628
"19047","Crawford, IA",43415
"19049","Dallas, IA",53318
"19051","Davis, IA",34468
"19053","Decatur, IA",30336
"19055","Delaware, IA",40517
"19057","Des Moines, IA",39806
"19059","Dickinson, IA",48192
"19061","Dubuque, IA",41038
"19063","Emmet, IA",40961
"19065","Fayette, IA",38133
"19067","Floyd, IA",38502
"19069","Franklin, IA",49315
"19071","Fremont, IA",46412
"19073","Greene, IA",47687
"19075","Grundy, IA",50404
"19077","Guthrie, IA",44734
"19079","Hamilton, IA",44551
"19081","Hancock, IA",48006
"19083","Hardin, IA",48321
"19085","Harrison, IA",40574
"19087","Henry, IA",36952
"19089","Howard, IA",44388
"19091","Humboldt, IA",43936
"19093","Ida, IA",46363
"19095","Iowa, IA",47734
"19097","Jackson, IA",38616
"19099","Jasper, IA",37387
"19101","Jefferson, IA",36695
"19103","Johnson, IA",43512
"19105","Jones, IA",37464
"19107","Keokuk, IA",42020
"19109","Kossuth, IA",52327
"19111","Lee, IA",34585
"19113","Linn, IA",45215
"19115","Louisa, IA",36814
"19117","Lucas, IA",35615
"19119","Lyon, IA",52476
"19121","Madison, IA",40386
"19123","Mahaska, IA",36591
"19125","Marion, IA",39221
"19127","Marshall, IA",36988
"19129","Mills, IA",47175
"19131","Mitchell, IA",42596
"19133","Monona, IA",39394
"19135","Monroe, IA",35373
"19137","Montgomery, IA",38995
"19139","Muscatine, IA",39805
"19141","O'Brien, IA",50141
"19143","Osceola, IA",50983
"19145","Page, IA",37578
"19147","Palo Alto, IA",49180
"19149","Plymouth, IA",47480
"19151","Pocahontas, IA",53037
"19153","Polk, IA",45479
"19155","Pottawattamie, IA",38056
"19157","Poweshiek, IA",41317
"19159","Ringgold, IA",38174
"19161","Sac, IA",48998
"19163","Scott, IA",46945
"19165","Shelby, IA",47427
"19167","Sioux, IA",42514
"19169","Story, IA",38944
"19171","Tama, IA",43301
"19173","Taylor, IA",38054
"19175","Union, IA",35427
"19177","Van Buren, IA",35219
"19179","Wapello, IA",33773
"19181","Warren, IA",41293
"19183","Washington, IA",45570
"19185","Wayne, IA",35914
"19187","Webster, IA",38930
"19189","Winnebago, IA",39651
"19191","Winneshiek, IA",40999
"19193","Woodbury, IA",36420
"19195","Worth, IA",41322
"19197","Wright, IA",47569
"20001","Allen, KS",34988
"20003","Anderson, KS",37759
"20005","Atchison, KS",31072
"20007","Barber, KS",47208
"20009","Barton, KS",47428
"20011","Bourbon, KS",36040
"20013","Brown, KS",40019
"20015","Butler, KS",39656
"20017","Chase, KS",49467
"20019","Chautauqua, KS",40543
"20021","Cherokee, KS",33304
"20023","Cheyenne, KS",46075
"20025","Clark, KS",45993
"20027","Clay, KS",46236
"20029","Cloud, KS",33128
"20031","Coffey, KS",48564
"20033","Comanche, KS",37479
"20035","Cowley, KS",33787
"20037","Crawford, KS",33494
"20039","Decatur, KS",42167
"20041","Dickinson, KS",42894
"20043","Doniphan, KS",33729
"20045","Douglas, KS",35482
"20047","Edwards, KS",53783
"20049","Elk, KS",40852
"20051","Ellis, KS",45421
"20053","Ellsworth, KS",38454
"20055","Finney, KS",38505
"20057","Ford, KS",34087
"20059","Franklin, KS",34366
"20061","Geary, KS",40303
"20063","Gove, KS",63529
"20065","Graham, KS",51345
"20067","Grant, KS",41317
"20069","Gray, KS",60133
"20071","Greeley, KS",66386
"20073","Greenwood, KS",37496
"20075","Hamilton, KS",50086
"20077","Harper, KS",50194
"20079","Harvey, KS",36242
"20081","Haskell, KS",62020
"20083","Hodgeman, KS",43633
"20085","Jackson, KS",35761
"20087","Jefferson, KS",37174
"20089","Jewell, KS",43901
"20091","Johnson, KS",57757
"20093","Kearny, KS",50928
"20095","Kingman, KS",41051
"20097","Kiowa, KS",39246
"20099","Labette, KS",38013
"20101","Lane, KS",72708
"20103","Leavenworth, KS",36520
"20105","Lincoln, KS",37439
"20107","Linn, KS",31603
"20109","Logan, KS",51504
"20111","Lyon, KS",30229
"20113","McPherson, KS",46828
"20115","Marion, KS",35324
"20117","Marshall, KS",41616
"20119","Meade, KS",59083
"20121","Miami, KS",39545
"20123","Mitchell, KS",50284
"20125","Montgomery, KS",36654
"20127","Morris, KS",39041
"20129","Morton, KS",43690
"20131","Nemaha, KS",47180
"20133","Neosho, KS",32022
"20135","Ness, KS",52344
"20137","Norton, KS",38623
"20139","Osage, KS",35273
"20141","Osborne, KS",42634
"20143","Ottawa, KS",35394
"20145","Pawnee, KS",38932
"20147","Phillips, KS",48312
"20149","Pottawatomie, KS",46382
"20151","Pratt, KS",46593
"20153","Rawlins, KS",49904
"20155","Reno, KS",35788
"20157","Republic, KS",41724
"20159","Rice, KS",39825
"20161","Riley, KS",36455
"20163","Rooks, KS",40046
"20165","Rush, KS",45398
"20167","Russell, KS",49702
"20169","Saline, KS",40235
"20171","Scott, KS",53013
"20173","Sedgwick, KS",46976
"20175","Seward, KS",31839
"20177","Shawnee, KS",40256
"20179","Sheridan, KS",60671
"20181","Sherman, KS",42017
"20183","Smith, KS",41761
"20185","Stafford, KS",53727
"20187","Stanton, KS",62003
"20189","Stevens, KS",40912
"20191","Sumner, KS",36377
"20193","Thomas, KS",46363
"20195","Trego, KS",43046
"20197","Wabaunsee, KS",44133
"20199","Wallace, KS",56719
"20201","Washington, KS",41595
"20203","Wichita, KS",65996
"20205","Wilson, KS",38663
"20207","Woodson, KS",35097
"20209","Wyandotte, KS",52515
"21001","Adair, KY",25203
"21003","Allen, KY",27251
"21005","Anderson, KY",33765
"21007","Ballard, KY",32826
"21009","Barren, KY",31903
"21011","Bath, KY",27470
"21013","Bell, KY",26698
"21015","Boone, KY",39914
"21017","Bourbon, KY",34074
"21019","Boyd, KY",33603
"21021","Boyle, KY",32240
"21023","Bracken, KY",30701
"21025","Breathitt, KY",27237
"21027","Breckinridge, KY",31047
"21029","Bullitt, KY",33856
"21031","Butler, KY",29609
"21033","Caldwell, KY",31195
"21035","Calloway, KY",31743
"21037","Campbell, KY",39776
"21039","Carlisle, KY",38498
"21041","Carroll, KY",32591
"21043","Carter, KY",27428
"21045","Casey, KY",24581
"21047","Christian, KY",35184
"21049","Clark, KY",34095
"21051","Clay, KY",23846
"21053","Clinton, KY",26021
"21055","Crittenden, KY",32679
"21057","Cumberland, KY",25955
"21059","Daviess, KY",36866
"21061","Edmonson, KY",27463
"21063","Elliott, KY",19253
"21065","Estill, KY",27332
"21067","Fayette, KY",41574
"21069","Fleming, KY",27229
"21071","Floyd, KY",30287
"21073","Franklin, KY",36074
"21075","Fulton, KY",28829
"21077","Gallatin, KY",26262
"21079","Garrard, KY",27109
"21081","Grant, KY",29756
"21083","Graves, KY",32128
"21085","Grayson, KY",28532
"21087","Green, KY",29654
"21089","Greenup, KY",34768
"21091","Hancock, KY",33298
"21093","Hardin, KY",37199
"21095","Harlan, KY",27777
"21097","Harrison, KY",31319
"21099","Hart, KY",28902
"21101","Henderson, KY",33721
"21103","Henry, KY",33135
"21105","Hickman, KY",34576
"21107","Hopkins, KY",34139
"21109","Jackson, KY",23398
"21111","Jefferson, KY",43296
"21113","Jessamine, KY",35514
"21115","Johnson, KY",30699
"21117","Kenton, KY",43478
"21119","Knott, KY",27544
"21121","Knox, KY",25083
"21123","Larue, KY",30766
"21125","Laurel, KY",29621
"21127","Lawrence, KY",26672
"21129","Lee, KY",23764
"21131","Leslie, KY",28658
"21133","Letcher, KY",29063
"21135","Lewis, KY",25124
"21137","Lincoln, KY",27220
"21139","Livingston, KY",33034
"21141","Logan, KY",32810
"21143","Lyon, KY",27352
"21145","McCracken, KY",39684
"21147","McCreary, KY",20153
"21149","McLean, KY",34377
"21151","Madison, KY",30794
"21153","Magoffin, KY",23538
"21155","Marion, KY",28941
"21157","Marshall, KY",35255
"21159","Martin, KY",26595
"21161","Mason, KY",33671
"21163","Meade, KY",31990
"21165","Menifee, KY",25677
"21167","Mercer, KY",31309
"21169","Metcalfe, KY",26687
"21171","Monroe, KY",28597
"21173","Montgomery, KY",29868
"21175","Morgan, KY",22970
"21177","Muhlenberg, KY",29528
"21179","Nelson, KY",33984
"21181","Nicholas, KY",30559
"21183","Ohio, KY",29323
"21185","Oldham, KY",52512
"21187","Owen, KY",31155
"21189","Owsley, KY",24144
"21191","Pendleton, KY",30761
"21193","Perry, KY",33521
"21195","Pike, KY",32763
"21197","Powell, KY",26113
"21199","Pulaski, KY",31912
"21201","Robertson, KY",26487
"21203","Rockcastle, KY",25092
"21205","Rowan, KY",27597
"21207","Russell, KY",30025
"21209","Scott, KY",36932
"21211","Shelby, KY",37385
"21213","Simpson, KY",31829
"21215","Spencer, KY",36847
"21217","Taylor, KY",30198
"21219","Todd, KY",35108
"21221","Trigg, KY",34382
"21223","Trimble, KY",30370
"21225","Union, KY",32798
"21227","Warren, KY",33446
"21229","Washington, KY",32321
"21231","Wayne, KY",24603
"21233","Webster, KY",34206
"21235","Whitley, KY",29893
"21237","Wolfe, KY",23467
"21239","Woodford, KY",42485
"22001","Acadia, LA",33692
"22003","Allen, LA",27667
"22005","Ascension, LA",42183
"22007","Assumption, LA",37215
"22009","Avoyelles, LA",33521
"22011","Beauregard, LA",37286
"22013","Bienville, LA",30618
"22015","Bossier, LA",38156
"22017","Caddo, LA",41564
"22019","Calcasieu, LA",37479
"22021","Caldwell, LA",32862
"22023","Cameron, LA",40197
"22025","Catahoula, LA",30962
"22027","Claiborne, LA",32097
"22029","Concordia, LA",33962
"22031","De Soto, LA",34933
"22033","East Baton Rouge, LA",43073
"22035","East Carroll, LA",37768
"22037","East Feliciana, LA",34676
"22039","Evangeline, LA",33533
"22041","Franklin, LA",30751
"22043","Grant, LA",27637
"22045","Iberia, LA",38796
"22047","Iberville, LA",34717
"22049","Jackson, LA",31596
"22051","Jefferson, LA",44470
"22053","Jefferson Davis, LA",33839
"22055","Lafayette, LA",49016
"22057","Lafourche, LA",43147
"22059","LaSalle, LA",35468
"22061","Lincoln, LA",31680
"22063","Livingston, LA",35301
"22065","Madison, LA",30082
"22067","Morehouse, LA",33766
"22069","Natchitoches, LA",32372
"22071","Orleans, LA",44342
"22073","Ouachita, LA",34408
"22075","Plaquemines, LA",41717
"22077","Pointe Coupee, LA",37953
"22079","Rapides, LA",39961
"22081","Red River, LA",31133
"22083","Richland, LA",32881
"22085","Sabine, LA",31521
"22087","St. Bernard, LA",28097
"22089","St. Charles, LA",43486
"22091","St. Helena, LA",34901
"22093","St. James, LA",40858
"22095","St. John the Baptist, LA",36440
"22097","St. Landry, LA",35727
"22099","St. Martin, LA",35908
"22101","St. Mary, LA",38833
"22103","St. Tammany, LA",49652
"22105","Tangipahoa, LA",34596
"22107","Tensas, LA",39282
"22109","Terrebonne, LA",42401
"22111","Union, LA",32539
"22113","Vermilion, LA",37022
"22115","Vernon, LA",36497
"22117","Washington, LA",29392
"22119","Webster, LA",34154
"22121","West Baton Rouge, LA",39990
"22123","West Carroll, LA",27333
"22125","West Feliciana, LA",31014
"22127","Winn, LA",32479
"23001","Androscoggin, ME",34947
"23003","Aroostook, ME",34877
"23005","Cumberland, ME",48955
"23007","Franklin, ME",32391
"23009","Hancock, ME",41082
"23011","Kennebec, ME",38838
"23013","Knox, ME",41806
"23015","Lincoln, ME",42370
"23017","Oxford, ME",32718
"23019","Penobscot, ME",34563
"23021","Piscataquis, ME",32812
"23023","Sagadahoc, ME",41764
"23025","Somerset, ME",32998
"23027","Waldo, ME",34293
"23029","Washington, ME",33956
"23031","York, ME",41730
"24001","Allegany, MD",34277
"24003","Anne Arundel, MD",57080
"24005","Baltimore, MD",51858
"24009","Calvert, MD",53154
"24011","Caroline, MD",39018
"24013","Carroll, MD",51613
"24015","Cecil, MD",40081
"24017","Charles, MD",49994
"24019","Dorchester, MD",38515
"24021","Frederick, MD",51783
"24023","Garrett, MD",36877
"24025","Harford, MD",49203
"24027","Howard, MD",69259
"24029","Kent, MD",48766
"24031","Montgomery, MD",76499
"24033","Prince George's, MD",42742
"24035","Queen Anne's, MD",52930
"24037","St. Mary's, MD",49098
"24039","Somerset, MD",26501
"24041","Talbot, MD",60478
"24043","Washington, MD",39399
"24045","Wicomico, MD",35164
"24047","Worcester, MD",48981
"24510","Baltimore (Independent City), MD",40376
"25001","Barnstable, MA",58022
"25003","Berkshire, MA",45203
"25005","Bristol, MA",43773
"25007","Dukes, MA",72123
"25009","Essex, MA",55278
"25011","Franklin, MA",43575
"25013","Hampden, MA",42288
"25015","Hampshire, MA",43614
"25017","Middlesex, MA",66765
"25019","Nantucket, MA",96581
"25021","Norfolk, MA",72563
"25023","Plymouth, MA",53262
"25025","Suffolk, MA",62642
"25027","Worcester, MA",47663
"26001","Alcona, MI",31042
"26003","Alger, MI",26085
"26005","Allegan, MI",35525
"26007","Alpena, MI",33443
"26009","Antrim, MI",34363
"26011","Arenac, MI",30978
"26013","Baraga, MI",28775
"26015","Barry, MI",35997
"26017","Bay, MI",35078
"26019","Benzie, MI",32588
"26021","Berrien, MI",37573
"26023","Branch, MI",29104
"26025","Calhoun, MI",33743
"26027","Cass, MI",34504
"26029","Charlevoix, MI",41010
"26031","Cheboygan, MI",30334
"26033","Chippewa, MI",30116
"26035","Clare, MI",27896
"26037","Clinton, MI",36968
"26039","Crawford, MI",26788
"26041","Delta, MI",33627
"26043","Dickinson, MI",39002
"26045","Eaton, MI",34363
"26047","Emmet, MI",43318
"26049","Genesee, MI",32767
"26051","Gladwin, MI",29683
"26053","Gogebic, MI",30897
"26055","Grand Traverse, MI",39273
"26057","Gratiot, MI",31956
"26059","Hillsdale, MI",29539
"26061","Houghton, MI",29861
"26063","Huron, MI",41184
"26065","Ingham, MI",34459
"26067","Ionia, MI",27815
"26069","Iosco, MI",30773
"26071","Iron, MI",33748
"26073","Isabella, MI",28733
"26075","Jackson, MI",32843
"26077","Kalamazoo, MI",39194
"26079","Kalkaska, MI",28481
"26081","Kent, MI",44688
"26083","Keweenaw, MI",35661
"26085","Lake, MI",26807
"26087","Lapeer, MI",34567
"26089","Leelanau, MI",49903
"26091","Lenawee, MI",32611
"26093","Livingston, MI",44576
"26095","Luce, MI",25984
"26097","Mackinac, MI",35271
"26099","Macomb, MI",37579
"26101","Manistee, MI",32442
"26103","Marquette, MI",34679
"26105","Mason, MI",33584
"26107","Mecosta, MI",26868
"26109","Menominee, MI",35063
"26111","Midland, MI",45620
"26113","Missaukee, MI",28220
"26115","Monroe, MI",37141
"26117","Montcalm, MI",28343
"26119","Montmorency, MI",28743
"26121","Muskegon, MI",31233
"26123","Newaygo, MI",29724
"26125","Oakland, MI",57360
"26127","Oceana, MI",30256
"26129","Ogemaw, MI",27343
"26131","Ontonagon, MI",30138
"26133","Osceola, MI",28517
"26135","Oscoda, MI",28006
"26137","Otsego, MI",32398
"26139","Ottawa, MI",38180
"26141","Presque Isle, MI",30871
"26143","Roscommon, MI",30109
"26145","Saginaw, MI",32302
"26147","St. Clair, MI",35548
"26149","St. Joseph, MI",31230
"26151","Sanilac, MI",32764
"26153","Schoolcraft, MI",31955
"26155","Shiawassee, MI",31902
"26157","Tuscola, MI",30044
"26159","Van Buren, MI",33628
"26161","Washtenaw, MI",47053
"26163","Wayne, MI",34709
"26165","Wexford, MI",30067
"27001","Aitkin, MN",31441
"27003","Anoka, MN",41391
"27005","Becker, MN",39857
"27007","Beltrami, MN",32738
"27009","Benton, MN",36366
"27011","Big Stone, MN",49806
"27013","Blue Earth, MN",38319
"27015","Brown, MN",45747
"27017","Carlton, MN",34057
"27019","Carver, MN",57852
"27021","Cass, MN",38501
"27023","Chippewa, MN",48343
"27025","Chisago, MN",38397
"27027","Clay, MN",38369
"27029","Clearwater, MN",32744
"27031","Cook, MN",43291
"27033","Cottonwood, MN",44702
"27035","Crow Wing, MN",35964
"27037","Dakota, MN",48989
"27039","Dodge, MN",44234
"27041","Douglas, MN",45156
"27043","Faribault, MN",48351
"27045","Fillmore, MN",40336
"27047","Freeborn, MN",39333
"27049","Goodhue, MN",44494
"27051","Grant, MN",52840
"27053","Hennepin, MN",61250
"27055","Houston, MN",43661
"27057","Hubbard, MN",33514
"27059","Isanti, MN",35297
"27061","Itasca, MN",34270
"27063","Jackson, MN",50446
"27065","Kanabec, MN",32560
"27067","Kandiyohi, MN",45293
"27069","Kittson, MN",56955
"27071","Koochiching, MN",35373
"27073","Lac qui Parle, MN",54423
"27075","Lake, MN",38884
"27077","Lake of the Woods, MN",38672
"27079","Le Sueur, MN",40117
"27081","Lincoln, MN",44943
"27083","Lyon, MN",42850
"27085","McLeod, MN",40530
"27087","Mahnomen, MN",33458
"27089","Marshall, MN",51692
"27091","Martin, MN",45817
"27093","Meeker, MN",38008
"27095","Mille Lacs, MN",33717
"27097","Morrison, MN",35773
"27099","Mower, MN",40439
"27101","Murray, MN",51538
"27103","Nicollet, MN",42530
"27105","Nobles, MN",40306
"27107","Norman, MN",48561
"27109","Olmsted, MN",47615
"27111","Otter Tail, MN",39617
"27113","Pennington, MN",46868
"27115","Pine, MN",30013
"27117","Pipestone, MN",48132
"27119","Polk, MN",43914
"27121","Pope, MN",44828
"27123","Ramsey, MN",44497
"27125","Red Lake, MN",43962
"27127","Redwood, MN",48176
"27129","Renville, MN",51515
"27131","Rice, MN",36428
"27133","Rock, MN",48016
"27135","Roseau, MN",43919
"27137","St. Louis, MN",41001
"27139","Scott, MN",48274
"27141","Sherburne, MN",38179
"27143","Sibley, MN",42937
"27145","Stearns, MN",38738
"27147","Steele, MN",41224
"27149","Stevens, MN",58249
"27151","Swift, MN",46493
"27153","Todd, MN",35050
"27155","Traverse, MN",68850
"27157","Wabasha, MN",41722
"27159","Wadena, MN",32496
"27161","Waseca, MN",42412
"27163","Washington, MN",52097
"27165","Watonwan, MN",39359
"27167","Wilkin, MN",59701
"27169","Winona, MN",41290
"27171","Wright, MN",40127
"27173","Yellow Medicine, MN",49921
"28001","Adams, MS",32279
"28003","Alcorn, MS",28329
"28005","Amite, MS",27232
"28007","Attala, MS",29149
"28009","Benton, MS",24767
"28011","Bolivar, MS",33082
"28013","Calhoun, MS",27422
"28015","Carroll, MS",31183
"28017","Chickasaw, MS",30038
"28019","Choctaw, MS",25860
"28021","Claiborne, MS",28771
"28023","Clarke, MS",33233
"28025","Clay, MS",32768
"28027","Coahoma, MS",29325
"28029","Copiah, MS",29986
"28031","Covington, MS",28353
"28033","DeSoto, MS",34658
"28035","Forrest, MS",32907
"28037","Franklin, MS",28922
"28039","George, MS",29220
"28041","Greene, MS",21674
"28043","Grenada, MS",32665
"28045","Hancock, MS",31762
"28047","Harrison, MS",33714
"28049","Hinds, MS",36376
"28051","Holmes, MS",26774
"28053","Humphreys, MS",30193
"28055","Issaquena, MS",30810
"28057","Itawamba, MS",29749
"28059","Jackson, MS",33929
"28061","Jasper, MS",31724
"28063","Jefferson, MS",28724
"28065","Jefferson Davis, MS",26957
"28067","Jones, MS",33589
"28069","Kemper, MS",25591
"28071","Lafayette, MS",33344
"28073","Lamar, MS",32462
"28075","Lauderdale, MS",33764
"28077","Lawrence, MS",29916
"28079","Leake, MS",24137
"28081","Lee, MS",34049
"28083","Leflore, MS",32005
"28085","Lincoln, MS",33337
"28087","Lowndes, MS",36765
"28089","Madison, MS",53737
"28091","Marion, MS",28492
"28093","Marshall, MS",27309
"28095","Monroe, MS",30162
"28097","Montgomery, MS",30210
"28099","Neshoba, MS",34122
"28101","Newton, MS",29746
"28103","Noxubee, MS",29584
"28105","Oktibbeha, MS",28872
"28107","Panola, MS",29309
"28109","Pearl River, MS",32119
"28111","Perry, MS",26414
"28113","Pike, MS",28249
"28115","Pontotoc, MS",28599
"28117","Prentiss, MS",27030
"28119","Quitman, MS",27427
"28121","Rankin, MS",39113
"28123","Scott, MS",26151
"28125","Sharkey, MS",33452
"28127","Simpson, MS",31125
"28129","Smith, MS",27826
"28131","Stone, MS",28303
"28133","Sunflower, MS",27699
"28135","Tallahatchie, MS",27053
"28137","Tate, MS",30317
"28139","Tippah, MS",28296
"28141","Tishomingo, MS",26737
"28143","Tunica, MS",30621
"28145","Union, MS",29107
"28147","Walthall, MS",25514
"28149","Warren, MS",35429
"28151","Washington, MS",32980
"28153","Wayne, MS",31035
"28155","Webster, MS",30242
"28157","Wilkinson, MS",25860
"28159","Winston, MS",28781
"28161","Yalobusha, MS",29586
"28163","Yazoo, MS",27924
"29001","Adair, MO",28319
"29003","Andrew, MO",37368
"29005","Atchison, MO",44973
"29007","Audrain, MO",32804
"29009","Barry, MO",28859
"29011","Barton, MO",33022
"29013","Bates, MO",32821
"29015","Benton, MO",30280
"29017","Bollinger, MO",28745
"29019","Boone, MO",39929
"29021","Buchanan, MO",34582
"29023","Butler, MO",33075
"29025","Caldwell, MO",29744
"29027","Callaway, MO",32665
"29029","Camden, MO",31754
"29031","Cape Girardeau, MO",38648
"29033","Carroll, MO",42723
"29035","Carter, MO",28724
"29037","Cass, MO",37797
"29039","Cedar, MO",28628
"29041","Chariton, MO",40420
"29043","Christian, MO",32602
"29045","Clark, MO",31763
"29047","Clay, MO",39735
"29049","Clinton, MO",34555
"29051","Cole, MO",41308
"29053","Cooper, MO",32157
"29055","Crawford, MO",29171
"29057","Dade, MO",29561
"29059","Dallas, MO",27061
"29061","Daviess, MO",32361
"29063","DeKalb, MO",23737
"29065","Dent, MO",29206
"29067","Douglas, MO",22191
"29069","Dunklin, MO",31330
"29071","Franklin, MO",35898
"29073","Gasconade, MO",33732
"29075","Gentry, MO",36411
"29077","Greene, MO",36540
"29079","Grundy, MO",31401
"29081","Harrison, MO",34324
"29083","Henry, MO",35527
"29085","Hickory, MO",23914
"29087","Holt, MO",39764
"29089","Howard, MO",32934
"29091","Howell, MO",29064
"29093","Iron, MO",28331
"29095","Jackson, MO",38782
"29097","Jasper, MO",34640
"29099","Jefferson, MO",34646
"29101","Johnson, MO",30016
"29103","Knox, MO",35823
"29105","Laclede, MO",29561
"29107","Lafayette, MO",34214
"29109","Lawrence, MO",28268
"29111","Lewis, MO",31059
"29113","Lincoln, MO",32049
"29115","Linn, MO",35414
"29117","Livingston, MO",31887
"29119","McDonald, MO",23549
"29121","Macon, MO",31905
"29123","Madison, MO",29977
"29125","Maries, MO",29782
"29127","Marion, MO",35625
"29129","Mercer, MO",30469
"29131","Miller, MO",27483
"29133","Mississippi, MO",29219
"29135","Moniteau, MO",30976
"29137","Monroe, MO",34651
"29139","Montgomery, MO",30430
"29141","Morgan, MO",36118
"29143","New Madrid, MO",31934
"29145","Newton, MO",33801
"29147","Nodaway, MO",28414
"29149","Oregon, MO",24472
"29151","Osage, MO",34762
"29153","Ozark, MO",25377
"29155","Pemiscot, MO",33671
"29157","Perry, MO",33458
"29159","Pettis, MO",32441
"29161","Phelps, MO",30990
"29163","Pike, MO",29146
"29165","Platte, MO",47749
"29167","Polk, MO",27855
"29169","Pulaski, MO",39527
"29171","Putnam, MO",29860
"29173","Ralls, MO",35003
"29175","Randolph, MO",33493
"29177","Ray, MO",33918
"29179","Reynolds, MO",27723
"29181","Ripley, MO",28128
"29183","St. Charles, MO",43779
"29185","St. Clair, MO",28923
"29186","Ste. Genevieve, MO",34301
"29187","St. Francois, MO",28414
"29189","St. Louis, MO",60442
"29195","Saline, MO",35705
"29197","Schuyler, MO",26583
"29199","Scotland, MO",34737
"29201","Scott, MO",36085
"29203","Shannon, MO",22626
"29205","Shelby, MO",36069
"29207","Stoddard, MO",36409
"29209","Stone, MO",29251
"29211","Sullivan, MO",33769
"29213","Taney, MO",30488
"29215","Texas, MO",24819
"29217","Vernon, MO",32176
"29219","Warren, MO",33313
"29221","Washington, MO",25648
"29223","Wayne, MO",25757
"29225","Webster, MO",28591
"29227","Worth, MO",34034
"29229","Wright, MO",25105
"29510","St. Louis (Independent City), MO",38401
"30001","Beaverhead, MT",35932
"30003","Big Horn, MT",28025
"30005","Blaine, MT",27717
"30007","Broadwater, MT",32293
"30009","Carbon, MT",40370
"30011","Carter, MT",42476
"30013","Cascade, MT",39862
"30015","Chouteau, MT",35894
"30017","Custer, MT",38556
"30019","Daniels, MT",58496
"30021","Dawson, MT",41705
"30023","Deer Lodge, MT",33224
"30025","Fallon, MT",51968
"30027","Fergus, MT",37662
"30029","Flathead, MT",37745
"30031","Gallatin, MT",41584
"30033","Garfield, MT",36746
"30035","Glacier, MT",32184
"30037","Golden Valley, MT",45833
"30039","Granite, MT",36234
"30041","Hill, MT",40256
"30043","Jefferson, MT",41544
"30045","Judith Basin, MT",42726
"30047","Lake, MT",30303
"30049","Lewis and Clark, MT",45083
"30051","Liberty, MT",35289
"30053","Lincoln, MT",29174
"30055","McCone, MT",41174
"30057","Madison, MT",38316
"30059","Meagher, MT",39591
"30061","Mineral, MT",30889
"30063","Missoula, MT",38046
"30065","Musselshell, MT",35867
"30067","Park, MT",40335
"30069","Petroleum, MT",44827
"30071","Phillips, MT",37640
"30073","Pondera, MT",38708
"30075","Powder River, MT",33229
"30077","Powell, MT",30494
"30079","Prairie, MT",38725
"30081","Ravalli, MT",35508
"30083","Richland, MT",60973
"30085","Roosevelt, MT",36242
"30087","Rosebud, MT",35345
"30089","Sanders, MT",28294
"30091","Sheridan, MT",55160
"30093","Silver Bow, MT",50890
"30095","Stillwater, MT",41427
"30097","Sweet Grass, MT",38943
"30099","Teton, MT",45589
"30101","Toole, MT",41944
"30103","Treasure, MT",51880
"30105","Valley, MT",41983
"30107","Wheatland, MT",32792
"30109","Wibaux, MT",42897
"30111","Yellowstone, MT",43759
"31001","Adams, NE",42187
"31003","Antelope, NE",50672
"31005","Arthur, NE",28944
"31007","Banner, NE",51936
"31009","Blaine, NE",38623
"31011","Boone, NE",51101
"31013","Box Butte, NE",42126
"31015","Boyd, NE",42292
"31017","Brown, NE",43573
"31019","Buffalo, NE",48484
"31021","Burt, NE",43184
"31023","Butler, NE",41888
"31025","Cass, NE",41805
"31027","Cedar, NE",43817
"31029","Chase, NE",59592
"31031","Cherry, NE",44145
"31033","Cheyenne, NE",51841
"31035","Clay, NE",46217
"31037","Colfax, NE",37340
"31039","Cuming, NE",53031
"31041","Custer, NE",43788
"31043","Dakota, NE",31376
"31045","Dawes, NE",31140
"31047","Dawson, NE",35444
"31049","Deuel, NE",37645
"31051","Dixon, NE",35639
"31053","Dodge, NE",38942
"31055","Douglas, NE",54743
"31057","Dundy, NE",63314
"31059","Fillmore, NE",61029
"31061","Franklin, NE",46301
"31063","Frontier, NE",45731
"31065","Furnas, NE",45359
"31067","Gage, NE",41944
"31069","Garden, NE",42343
"31071","Garfield, NE",40271
"31073","Gosper, NE",50559
"31075","Grant, NE",36470
"31077","Greeley, NE",39787
"31079","Hall, NE",37267
"31081","Hamilton, NE",53915
"31083","Harlan, NE",45178
"31085","Hayes, NE",62339
"31087","Hitchcock, NE",40774
"31089","Holt, NE",50625
"31091","Hooker, NE",37860
"31093","Howard, NE",40078
"31095","Jefferson, NE",42671
"31097","Johnson, NE",33963
"31099","Kearney, NE",55419
"31101","Keith, NE",42943
"31103","Keya Paha, NE",56504
"31105","Kimball, NE",55210
"31107","Knox, NE",39875
"31109","Lancaster, NE",42082
"31111","Lincoln, NE",43846
"31113","Logan, NE",44146
"31115","Loup, NE",45713
"31117","McPherson, NE",41808
"31119","Madison, NE",41550
"31121","Merrick, NE",43915
"31123","Morrill, NE",48755
"31125","Nance, NE",40567
"31127","Nemaha, NE",43769
"31129","Nuckolls, NE",43788
"31131","Otoe, NE",44468
"31133","Pawnee, NE",38462
"31135","Perkins, NE",63817
"31137","Phelps, NE",50477
"31139","Pierce, NE",45457
"31141","Platte, NE",40987
"31143","Polk, NE",48288
"31145","Red Willow, NE",43914
"31147","Richardson, NE",39594
"31149","Rock, NE",58441
"31151","Saline, NE",37676
"31153","Sarpy, NE",41975
"31155","Saunders, NE",41518
"31157","Scotts Bluff, NE",38778
"31159","Seward, NE",43826
"31161","Sheridan, NE",44745
"31163","Sherman, NE",41091
"31165","Sioux, NE",48972
"31167","Stanton, NE",37208
"31169","Thayer, NE",54658
"31171","Thomas, NE",45023
"31173","Thurston, NE",41654
"31175","Valley, NE",40239
"31177","Washington, NE",47355
"31179","Wayne, NE",37635
"31181","Webster, NE",40586
"31183","Wheeler, NE",69537
"31185","York, NE",50749
"32001","Churchill, NV",33777
"32003","Clark, NV",38516
"32005","Douglas, NV",54939
"32007","Elko, NV",43220
"32009","Esmeralda, NV",45529
"32011","Eureka, NV",38089
"32013","Humboldt, NV",42630
"32015","Lander, NV",48404
"32017","Lincoln, NV",26022
"32019","Lyon, NV",29389
"32021","Mineral, NV",31740
"32023","Nye, NV",31138
"32027","Pershing, NV",26224
"32029","Storey, NV",35939
"32031","Washoe, NV",42734
"32033","White Pine, NV",39224
"32510","Carson City (Independent City), NV",37619
"33001","Belknap, NH",49518
"33003","Carroll, NH",48013
"33005","Cheshire, NH",43933
"33007","Coos, NH",36736
"33009","Grafton, NH",49716
"33011","Hillsborough, NH",53727
"33013","Merrimack, NH",54931
"33015","Rockingham, NH",58831
"33017","Strafford, NH",41219
"33019","Sullivan, NH",42825
"34001","Atlantic, NJ",40429
"34003","Bergen, NJ",71929
"34005","Burlington, NJ",50739
"34007","Camden, NJ",44217
"34009","Cape May, NJ",48463
"34011","Cumberland, NJ",33531
"34013","Essex, NJ",54833
"34015","Gloucester, NJ",44601
"34017","Hudson, NJ",47172
"34019","Hunterdon, NJ",75649
"34021","Mercer, NJ",59043
"34023","Middlesex, NJ",52887
"34025","Monmouth, NJ",62996
"34027","Morris, NJ",80013
"34029","Ocean, NJ",42603
"34031","Passaic, NJ",42779
"34033","Salem, NJ",41175
"34035","Somerset, NJ",75656
"34037","Sussex, NJ",50592
"34039","Union, NJ",54767
"34041","Warren, NJ",46871
"35001","Bernalillo, NM",36722
"35003","Catron, NM",29916
"35005","Chaves, NM",34579
"35006","Cibola, NM*",24433
"35007","Colfax, NM",35945
"35009","Curry, NM",39206
"35011","De Baca, NM",40878
"35013","Doa Ana, NM",30408
"35015","Eddy, NM",50676
"35017","Grant, NM",32879
"35019","Guadalupe, NM",27847
"35021","Harding, NM",50875
"35023","Hidalgo, NM",32254
"35025","Lea, NM",38161
"35027","Lincoln, NM",36118
"35028","Los Alamos, NM",62947
"35029","Luna, NM",27691
"35031","McKinley, NM",24719
"35033","Mora, NM",39295
"35035","Otero, NM",32505
"35037","Quay, NM",31424
"35039","Rio Arriba, NM",30824
"35041","Roosevelt, NM",34287
"35043","Sandoval, NM",35890
"35045","San Juan, NM",33705
"35047","San Miguel, NM",29572
"35049","Santa Fe, NM",46620
"35051","Sierra, NM",31629
"35053","Socorro, NM",30167
"35055","Taos, NM",31271
"35057","Torrance, NM",26112
"35059","Union, NM",32847
"35061","Valencia, NM*",28145
"36001","Albany, NY",50456
"36003","Allegany, NY",31023
"36005","Bronx, NY",30138
"36007","Broome, NY",37569
"36009","Cattaraugus, NY",34416
"36011","Cayuga, NY",35928
"36013","Chautauqua, NY",33383
"36015","Chemung, NY",37195
"36017","Chenango, NY",34638
"36019","Clinton, NY",36615
"36021","Columbia, NY",45600
"36023","Cortland, NY",34262
"36025","Delaware, NY",32880
"36027","Dutchess, NY",45589
"36029","Erie, NY",43166
"36031","Essex, NY",37923
"36033","Franklin, NY",33946
"36035","Fulton, NY",35220
"36037","Genesee, NY",36970
"36039","Greene, NY",37932
"36041","Hamilton, NY",44095
"36043","Herkimer, NY",35044
"36045","Jefferson, NY",42085
"36047","Kings, NY",38300
"36049","Lewis, NY",38319
"36051","Livingston, NY",35753
"36053","Madison, NY",36529
"36055","Monroe, NY",45671
"36057","Montgomery, NY",36063
"36059","Nassau, NY",73102
"36061","New York, NY",138386
"36063","Niagara, NY",37974
"36065","Oneida, NY",37806
"36067","Onondaga, NY",43664
"36069","Ontario, NY",43163
"36071","Orange, NY",43099
"36073","Orleans, NY",32180
"36075","Oswego, NY",33798
"36077","Otsego, NY",35335
"36079","Putnam, NY",61501
"36081","Queens, NY",38825
"36083","Rensselaer, NY",40992
"36085","Richmond, NY",45787
"36087","Rockland, NY",51972
"36089","St. Lawrence, NY",31543
"36091","Saratoga, NY",54184
"36093","Schenectady, NY",44280
"36095","Schoharie, NY",33073
"36097","Schuyler, NY",35208
"36099","Seneca, NY",33189
"36101","Steuben, NY",37033
"36103","Suffolk, NY",55106
"36105","Sullivan, NY",37051
"36107","Tioga, NY",37846
"36109","Tompkins, NY",38087
"36111","Ulster, NY",40637
"36113","Warren, NY",43807
"36115","Washington, NY",33719
"36117","Wayne, NY",37209
"36119","Westchester, NY",87794
"36121","Wyoming, NY",35048
"36123","Yates, NY",33716
"37001","Alamance, NC",33772
"37003","Alexander, NC",29476
"37005","Alleghany, NC",29649
"37007","Anson, NC",28847
"37009","Ashe, NC",29842
"37011","Avery, NC",28262
"37013","Beaufort, NC",36145
"37015","Bertie, NC",30003
"37017","Bladen, NC",30584
"37019","Brunswick, NC",33468
"37021","Buncombe, NC",37486
"37023","Burke, NC",28714
"37025","Cabarrus, NC",36099
"37027","Caldwell, NC",29221
"37029","Camden, NC",40262
"37031","Carteret, NC",41801
"37033","Caswell, NC",28300
"37035","Catawba, NC",36908
"37037","Chatham, NC",47945
"37039","Cherokee, NC",27508
"37041","Chowan, NC",33269
"37043","Clay, NC",26877
"37045","Cleveland, NC",30983
"37047","Columbus, NC",28967
"37049","Craven, NC",38319
"37051","Cumberland, NC",35785
"37053","Currituck, NC",38748
"37055","Dare, NC",44685
"37057","Davidson, NC",32391
"37059","Davie, NC",39519
"37061","Duplin, NC",29954
"37063","Durham, NC",42222
"37065","Edgecombe, NC",30568
"37067","Forsyth, NC",40614
"37069","Franklin, NC",30014
"37071","Gaston, NC",34221
"37073","Gates, NC",31496
"37075","Graham, NC",26953
"37077","Granville, NC",31995
"37079","Greene, NC",26199
"37081","Guilford, NC",39139
"37083","Halifax, NC",31966
"37085","Harnett, NC",29356
"37087","Haywood, NC",33188
"37089","Henderson, NC",35466
"37091","Hertford, NC",27704
"37093","Hoke, NC",27919
"37095","Hyde, NC",31170
"37097","Iredell, NC",39767
"37099","Jackson, NC",28628
"37101","Johnston, NC",33382
"37103","Jones, NC",35903
"37105","Lee, NC",33861
"37107","Lenoir, NC",35975
"37109","Lincoln, NC",34511
"37111","McDowell, NC",27628
"37113","Macon, NC",32216
"37115","Madison, NC",27436
"37117","Martin, NC",32823
"37119","Mecklenburg, NC",55881
"37121","Mitchell, NC",29157
"37123","Montgomery, NC",29636
"37125","Moore, NC",41801
"37127","Nash, NC",36397
"37129","New Hanover, NC",36054
"37131","Northampton, NC",30964
"37133","Onslow, NC",44384
"37135","Orange, NC",51724
"37137","Pamlico, NC",36771
"37139","Pasquotank, NC",33366
"37141","Pender, NC",31039
"37143","Perquimans, NC",36314
"37145","Person, NC",32148
"37147","Pitt, NC",34958
"37149","Polk, NC",37312
"37151","Randolph, NC",31297
"37153","Richmond, NC",28659
"37155","Robeson, NC",25960
"37157","Rockingham, NC",31884
"37159","Rowan, NC",30866
"37161","Rutherford, NC",27352
"37163","Sampson, NC",33309
"37165","Scotland, NC",28879
"37167","Stanly, NC",31002
"37169","Stokes, NC",30245
"37171","Surry, NC",31557
"37173","Swain, NC",28809
"37175","Transylvania, NC",32101
"37177","Tyrrell, NC",29491
"37179","Union, NC",39786
"37181","Vance, NC",29909
"37183","Wake, NC",48626
"37185","Warren, NC",26220
"37187","Washington, NC",32549
"37189","Watauga, NC",30258
"37191","Wayne, NC",34414
"37193","Wilkes, NC",29612
"37195","Wilson, NC",35560
"37197","Yadkin, NC",31527
"37199","Yancey, NC",29112
"38001","Adams, ND",56846
"38003","Barnes, ND",52672
"38005","Benson, ND",43423
"38007","Billings, ND",90737
"38009","Bottineau, ND",70852
"38011","Bowman, ND",67515
"38013","Burke, ND",92756
"38015","Burleigh, ND",50863
"38017","Cass, ND",49397
"38019","Cavalier, ND",73470
"38021","Dickey, ND",63845
"38023","Divide, ND",73475
"38025","Dunn, ND",77694
"38027","Eddy, ND",52011
"38029","Emmons, ND",56860
"38031","Foster, ND",67053
"38033","Golden Valley, ND",52091
"38035","Grand Forks, ND",44212
"38037","Grant, ND",57750
"38039","Griggs, ND",62052
"38041","Hettinger, ND",70876
"38043","Kidder, ND",54895
"38045","LaMoure, ND",72293
"38047","Logan, ND",58695
"38049","McHenry, ND",58004
"38051","McIntosh, ND",54982
"38053","McKenzie, ND",77179
"38055","McLean, ND",58770
"38057","Mercer, ND",48638
"38059","Morton, ND",47392
"38061","Mountrail, ND",67779
"38063","Nelson, ND",57898
"38065","Oliver, ND",53342
"38067","Pembina, ND",58395
"38069","Pierce, ND",45603
"38071","Ramsey, ND",50562
"38073","Ransom, ND",51590
"38075","Renville, ND",78184
"38077","Richland, ND",52495
"38079","Rolette, ND",33055
"38081","Sargent, ND",64533
"38083","Sheridan, ND",52769
"38085","Sioux, ND",26546
"38087","Slope, ND",83025
"38089","Stark, ND",82308
"38091","Steele, ND",80063
"38093","Stutsman, ND",49020
"38095","Towner, ND",63170
"38097","Traill, ND",57742
"38099","Walsh, ND",51914
"38101","Ward, ND",56475
"38103","Wells, ND",65815
"38105","Williams, ND",121242
"39001","Adams, OH",26756
"39003","Allen, OH",35481
"39005","Ashland, OH",31803
"39007","Ashtabula, OH",31843
"39009","Athens, OH",29595
"39011","Auglaize, OH",40188
"39013","Belmont, OH",34050
"39015","Brown, OH",30095
"39017","Butler, OH",37868
"39019","Carroll, OH",32295
"39021","Champaign, OH",33981
"39023","Clark, OH",34457
"39025","Clermont, OH",40969
"39027","Clinton, OH",37838
"39029","Columbiana, OH",32767
"39031","Coshocton, OH",29888
"39033","Crawford, OH",32936
"39035","Cuyahoga, OH",44933
"39037","Darke, OH",35296
"39039","Defiance, OH",33585
"39041","Delaware, OH",60367
"39043","Erie, OH",49210
"39045","Fairfield, OH",38391
"39047","Fayette, OH",32183
"39049","Franklin, OH",44001
"39051","Fulton, OH",36933
"39053","Gallia, OH",33738
"39055","Geauga, OH",56138
"39057","Greene, OH",40927
"39059","Guernsey, OH",32670
"39061","Hamilton, OH",51195
"39063","Hancock, OH",39744
"39065","Hardin, OH",30411
"39067","Harrison, OH",30259
"39069","Henry, OH",36560
"39071","Highland, OH",29395
"39073","Hocking, OH",30689
"39075","Holmes, OH",30643
"39077","Huron, OH",33484
"39079","Jackson, OH",31176
"39081","Jefferson, OH",32642
"39083","Knox, OH",35902
"39085","Lake, OH",41615
"39087","Lawrence, OH",32357
"39089","Licking, OH",37856
"39091","Logan, OH",35998
"39093","Lorain, OH",38069
"39095","Lucas, OH",38055
"39097","Madison, OH",34572
"39099","Mahoning, OH",37742
"39101","Marion, OH",30917
"39103","Medina, OH",44490
"39105","Meigs, OH",28100
"39107","Mercer, OH",40464
"39109","Miami, OH",40569
"39111","Monroe, OH",28369
"39113","Montgomery, OH",38706
"39115","Morgan, OH",26620
"39117","Morrow, OH",31587
"39119","Muskingum, OH",33533
"39121","Noble, OH",26177
"39123","Ottawa, OH",42099
"39125","Paulding, OH",33689
"39127","Perry, OH",30231
"39129","Pickaway, OH",33587
"39131","Pike, OH",29365
"39133","Portage, OH",37078
"39135","Preble, OH",33546
"39137","Putnam, OH",41208
"39139","Richland, OH",33009
"39141","Ross, OH",30986
"39143","Sandusky, OH",34799
"39145","Scioto, OH",30245
"39147","Seneca, OH",32525
"39149","Shelby, OH",37447
"39151","Stark, OH",38004
"39153","Summit, OH",41854
"39155","Trumbull, OH",34471
"39157","Tuscarawas, OH",35433
"39159","Union, OH",40502
"39161","Van Wert, OH",34667
"39163","Vinton, OH",28274
"39165","Warren, OH",47089
"39167","Washington, OH",35100
"39169","Wayne, OH",34492
"39171","Williams, OH",34523
"39173","Wood, OH",39143
"39175","Wyandot, OH",35175
"40001","Adair, OK",24701
"40003","Alfalfa, OK",44888
"40005","Atoka, OK",27482
"40007","Beaver, OK",48933
"40009","Beckham, OK",40582
"40011","Blaine, OK",39875
"40013","Bryan, OK",28048
"40015","Caddo, OK",29105
"40017","Canadian, OK",40624
"40019","Carter, OK",40196
"40021","Cherokee, OK",27072
"40023","Choctaw, OK",28330
"40025","Cimarron, OK",50814
"40027","Cleveland, OK",39431
"40029","Coal, OK",30979
"40031","Comanche, OK",35688
"40033","Cotton, OK",39506
"40035","Craig, OK",31388
"40037","Creek, OK",34932
"40039","Custer, OK",40249
"40041","Delaware, OK",28450
"40043","Dewey, OK",43587
"40045","Ellis, OK",56416
"40047","Garfield, OK",44413
"40049","Garvin, OK",37823
"40051","Grady, OK",35552
"40053","Grant, OK",48384
"40055","Greer, OK",24679
"40057","Harmon, OK",34293
"40059","Harper, OK",45415
"40061","Haskell, OK",31462
"40063","Hughes, OK",30359
"40065","Jackson, OK",36242
"40067","Jefferson, OK",32371
"40069","Johnston, OK",29842
"40071","Kay, OK",36779
"40073","Kingfisher, OK",42290
"40075","Kiowa, OK",34431
"40077","Latimer, OK",31941
"40079","Le Flore, OK",29506
"40081","Lincoln, OK",31446
"40083","Logan, OK",36771
"40085","Love, OK",31458
"40087","McClain, OK",41117
"40089","McCurtain, OK",28415
"40091","McIntosh, OK",29681
"40093","Major, OK",41490
"40095","Marshall, OK",32596
"40097","Mayes, OK",31343
"40099","Murray, OK",37609
"40101","Muskogee, OK",31367
"40103","Noble, OK",35834
"40105","Nowata, OK",32264
"40107","Okfuskee, OK",26087
"40109","Oklahoma, OK",44420
"40111","Okmulgee, OK",29219
"40113","Osage, OK",30734
"40115","Ottawa, OK",32169
"40117","Pawnee, OK",31400
"40119","Payne, OK",33150
"40121","Pittsburg, OK",34947
"40123","Pontotoc, OK",36398
"40125","Pottawatomie, OK",34227
"40127","Pushmataha, OK",28343
"40129","Roger Mills, OK",44709
"40131","Rogers, OK",38000
"40133","Seminole, OK",32253
"40135","Sequoyah, OK",29131
"40137","Stephens, OK",44442
"40139","Texas, OK",40299
"40141","Tillman, OK",33376
"40143","Tulsa, OK",59143
"40145","Wagoner, OK",33565
"40147","Washington, OK",45002
"40149","Washita, OK",34804
"40151","Woods, OK",41681
"40153","Woodward, OK",47702
"41001","Baker, OR",31228
"41003","Benton, OR",37490
"41005","Clackamas, OR",46458
"41007","Clatsop, OR",36263
"41009","Columbia, OR",34606
"41011","Coos, OR",33722
"41013","Crook, OR",30951
"41015","Curry, OR",34905
"41017","Deschutes, OR",38473
"41019","Douglas, OR",32409
"41021","Gilliam, OR",41486
"41023","Grant, OR",32772
"41025","Harney, OR",31457
"41027","Hood River, OR",40371
"41029","Jackson, OR",35768
"41031","Jefferson, OR",28745
"41033","Josephine, OR",32108
"41035","Klamath, OR",30956
"41037","Lake, OR",31366
"41039","Lane, OR",35805
"41041","Lincoln, OR",35709
"41043","Linn, OR",33135
"41045","Malheur, OR",26161
"41047","Marion, OR",32606
"41049","Morrow, OR",37714
"41051","Multnomah, OR",43847
"41053","Polk, OR",32719
"41055","Sherman, OR",57212
"41057","Tillamook, OR",33726
"41059","Umatilla, OR",32925
"41061","Union, OR",32836
"41063","Wallowa, OR",37037
"41065","Wasco, OR",37165
"41067","Washington, OR",46508
"41069","Wheeler, OR",29230
"41071","Yamhill, OR",34454
"42001","Adams, PA",40336
"42003","Allegheny, PA",49844
"42005","Armstrong, PA",38443
"42007","Beaver, PA",39912
"42009","Bedford, PA",34096
"42011","Berks, PA",41830
"42013","Blair, PA",37552
"42015","Bradford, PA",37177
"42017","Bucks, PA",58488
"42019","Butler, PA",48108
"42021","Cambria, PA",35555
"42023","Cameron, PA",38631
"42025","Carbon, PA",38826
"42027","Centre, PA",38027
"42029","Chester, PA",67860
"42031","Clarion, PA",35489
"42033","Clearfield, PA",36898
"42035","Clinton, PA",33182
"42037","Columbia, PA",34982
"42039","Crawford, PA",33841
"42041","Cumberland, PA",46825
"42043","Dauphin, PA",43157
"42045","Delaware, PA",53084
"42047","Elk, PA",40139
"42049","Erie, PA",37928
"42051","Fayette, PA",35440
"42053","Forest, PA",22225
"42055","Franklin, PA",38553
"42057","Fulton, PA",33472
"42059","Greene, PA",39712
"42061","Huntingdon, PA",32976
"42063","Indiana, PA",33504
"42065","Jefferson, PA",36116
"42067","Juniata, PA",33478
"42069","Lackawanna, PA",39895
"42071","Lancaster, PA",40288
"42073","Lawrence, PA",37222
"42075","Lebanon, PA",39371
"42077","Lehigh, PA",44384
"42079","Luzerne, PA",37819
"42081","Lycoming, PA",38169
"42083","McKean, PA",37780
"42085","Mercer, PA",34814
"42087","Mifflin, PA",31819
"42089","Monroe, PA",33278
"42091","Montgomery, PA",69816
"42093","Montour, PA",46464
"42095","Northampton, PA",43299
"42097","Northumberland, PA",35158
"42099","Perry, PA",36616
"42101","Philadelphia, PA",44900
"42103","Pike, PA",36661
"42105","Potter, PA",32962
"42107","Schuylkill, PA",36183
"42109","Snyder, PA",35073
"42111","Somerset, PA",34758
"42113","Sullivan, PA",34990
"42115","Susquehanna, PA",36259
"42117","Tioga, PA",33595
"42119","Union, PA",33183
"42121","Venango, PA",35753
"42123","Warren, PA",37709
"42125","Washington, PA",46706
"42127","Wayne, PA",35298
"42129","Westmoreland, PA",43802
"42131","Wyoming, PA",37636
"42133","York, PA",42420
"44001","Bristol, RI",65981
"44003","Kent, RI",49159
"44005","Newport, RI",56844
"44007","Providence, RI",40781
"44009","Washington, RI",54490
"45001","Abbeville, SC",27424
"45003","Aiken, SC",35313
"45005","Allendale, SC",27668
"45007","Anderson, SC",32162
"45009","Bamberg, SC",27774
"45011","Barnwell, SC",26371
"45013","Beaufort, SC",44625
"45015","Berkeley, SC",31811
"45017","Calhoun, SC",32303
"45019","Charleston, SC",49077
"45021","Cherokee, SC",27069
"45023","Chester, SC",27559
"45025","Chesterfield, SC",26978
"45027","Clarendon, SC",25619
"45029","Colleton, SC",29411
"45031","Darlington, SC",30893
"45033","Dillon, SC",24064
"45035","Dorchester, SC",33412
"45037","Edgefield, SC",29204
"45039","Fairfield, SC",30472
"45041","Florence, SC",34596
"45043","Georgetown, SC",37276
"45045","Greenville, SC",39290
"45047","Greenwood, SC",30821
"45049","Hampton, SC",26241
"45051","Horry, SC",30153
"45053","Jasper, SC",22684
"45055","Kershaw, SC",34054
"45057","Lancaster, SC",33445
"45059","Laurens, SC",28618
"45061","Lee, SC",25290
"45063","Lexington, SC",37363
"45065","McCormick, SC",30357
"45067","Marion, SC",25830
"45069","Marlboro, SC",23328
"45071","Newberry, SC",32077
"45073","Oconee, SC",34701
"45075","Orangeburg, SC",28000
"45077","Pickens, SC",31077
"45079","Richland, SC",37467
"45081","Saluda, SC",29447
"45083","Spartanburg, SC",35808
"45085","Sumter, SC",34453
"45087","Union, SC",27220
"45089","Williamsburg, SC",25366
"45091","York, SC",36888
"46003","Aurora, SD",42523
"46005","Beadle, SD",44002
"46007","Bennett, SD",29866
"46009","Bon Homme, SD",36019
"46011","Brookings, SD",40335
"46013","Brown, SD",47980
"46015","Brule, SD",39846
"46017","Buffalo, SD",29730
"46019","Butte, SD",30738
"46021","Campbell, SD",46699
"46023","Charles Mix, SD",39476
"46025","Clark, SD",50452
"46027","Clay, SD",31340
"46029","Codington, SD",42735
"46031","Corson, SD",30562
"46033","Custer, SD",37518
"46035","Davison, SD",42573
"46037","Day, SD",45301
"46039","Deuel, SD",51515
"46041","Dewey, SD",37795
"46043","Douglas, SD",51387
"46045","Edmunds, SD",50346
"46047","Fall River, SD",41527
"46049","Faulk, SD",56239
"46051","Grant, SD",44535
"46053","Gregory, SD",39209
"46055","Haakon, SD",44634
"46057","Hamlin, SD",41288
"46059","Hand, SD",54460
"46061","Hanson, SD",58800
"46063","Harding, SD",57840
"46065","Hughes, SD",47203
"46067","Hutchinson, SD",47382
"46069","Hyde, SD",53993
"46071","Jackson, SD",26602
"46073","Jerauld, SD",47383
"46075","Jones, SD",57375
"46077","Kingsbury, SD",51715
"46079","Lake, SD",47070
"46081","Lawrence, SD",40474
"46083","Lincoln, SD",55086
"46085","Lyman, SD",43646
"46087","McCook, SD",44410
"46089","McPherson, SD",48586
"46091","Marshall, SD",50160
"46093","Meade, SD",38532
"46095","Mellette, SD",28235
"46097","Miner, SD",44302
"46099","Minnehaha, SD",47919
"46101","Moody, SD",47618
"46102","Oglala Lakota, SD*",22640
"46103","Pennington, SD",43438
"46105","Perkins, SD",41275
"46107","Potter, SD",119151
"46109","Roberts, SD",35008
"46111","Sanborn, SD",42083
"46115","Spink, SD",56451
"46117","Stanley, SD",58398
"46119","Sully, SD",90812
"46121","Todd, SD",23142
"46123","Tripp, SD",44180
"46125","Turner, SD",43020
"46127","Union, SD",87645
"46129","Walworth, SD",43893
"46135","Yankton, SD",40681
"46137","Ziebach, SD",18401
"47001","Anderson, TN",36160
"47003","Bedford, TN",30571
"47005","Benton, TN",31567
"47007","Bledsoe, TN",20918
"47009","Blount, TN",35234
"47011","Bradley, TN",35014
"47013","Campbell, TN",28944
"47015","Cannon, TN",30292
"47017","Carroll, TN",32800
"47019","Carter, TN",29232
"47021","Cheatham, TN",35127
"47023","Chester, TN",28639
"47025","Claiborne, TN",30119
"47027","Clay, TN",29373
"47029","Cocke, TN",27148
"47031","Coffee, TN",33779
"47033","Crockett, TN",34876
"47035","Cumberland, TN",31596
"47037","Davidson, TN",47706
"47039","Decatur, TN",33657
"47041","DeKalb, TN",30590
"47043","Dickson, TN",32520
"47045","Dyer, TN",36327
"47047","Fayette, TN",45316
"47049","Fentress, TN",27039
"47051","Franklin, TN",33283
"47053","Gibson, TN",33776
"47055","Giles, TN",32512
"47057","Grainger, TN",27512
"47059","Greene, TN",34444
"47061","Grundy, TN",27512
"47063","Hamblen, TN",31969
"47065","Hamilton, TN",44256
"47067","Hancock, TN",21662
"47069","Hardeman, TN",25640
"47071","Hardin, TN",33096
"47073","Hawkins, TN",30179
"47075","Haywood, TN",29828
"47077","Henderson, TN",31106
"47079","Henry, TN",34671
"47081","Hickman, TN",26797
"47083","Houston, TN",29381
"47085","Humphreys, TN",32694
"47087","Jackson, TN",26225
"47089","Jefferson, TN",29428
"47091","Johnson, TN",27384
"47093","Knox, TN",41655
"47095","Lake, TN",23665
"47097","Lauderdale, TN",25664
"47099","Lawrence, TN",29600
"47101","Lewis, TN",25755
"47103","Lincoln, TN",34670
"47105","Loudon, TN",40388
"47107","McMinn, TN",30843
"47109","McNairy, TN",28080
"47111","Macon, TN",29047
"47113","Madison, TN",35994
"47115","Marion, TN",32629
"47117","Marshall, TN",30094
"47119","Maury, TN",35303
"47121","Meigs, TN",28098
"47123","Monroe, TN",27874
"47125","Montgomery, TN",39167
"47127","Moore, TN",34190
"47129","Morgan, TN",25470
"47131","Obion, TN",33289
"47133","Overton, TN",27379
"47135","Perry, TN",26382
"47137","Pickett, TN",31013
"47139","Polk, TN",29617
"47141","Putnam, TN",34487
"47143","Rhea, TN",29907
"47145","Roane, TN",34911
"47147","Robertson, TN",34818
"47149","Rutherford, TN",34462
"47151","Scott, TN",25098
"47153","Sequatchie, TN",31794
"47155","Sevier, TN",31568
"47157","Shelby, TN",42842
"47159","Smith, TN",31658
"47161","Stewart, TN",37841
"47163","Sullivan, TN",37352
"47165","Sumner, TN",40016
"47167","Tipton, TN",32619
"47169","Trousdale, TN",31195
"47171","Unicoi, TN",32232
"47173","Union, TN",26391
"47175","Van Buren, TN",24153
"47177","Warren, TN",29815
"47179","Washington, TN",37126
"47181","Wayne, TN",25901
"47183","Weakley, TN",30371
"47185","White, TN",29467
"47187","Williamson, TN",77116
"47189","Wilson, TN",39728
"48001","Anderson, TX",29408
"48003","Andrews, TX",50535
"48005","Angelina, TX",35788
"48007","Aransas, TX",42660
"48009","Archer, TX",45888
"48011","Armstrong, TX",37970
"48013","Atascosa, TX",34262
"48015","Austin, TX",46508
"48017","Bailey, TX",35382
"48019","Bandera, TX",38521
"48021","Bastrop, TX",29920
"48023","Baylor, TX",37568
"48025","Bee, TX",27466
"48027","Bell, TX",40064
"48029","Bexar, TX",38393
"48031","Blanco, TX",43755
"48033","Borden, TX",59840
"48035","Bosque, TX",35482
"48037","Bowie, TX",35821
"48039","Brazoria, TX",40439
"48041","Brazos, TX",31745
"48043","Brewster, TX",36991
"48045","Briscoe, TX",33100
"48047","Brooks, TX",33127
"48049","Brown, TX",29776
"48051","Burleson, TX",38456
"48053","Burnet, TX",41213
"48055","Caldwell, TX",28713
"48057","Calhoun, TX",35452
"48059","Callahan, TX",34045
"48061","Cameron, TX",24442
"48063","Camp, TX",32612
"48065","Carson, TX",38660
"48067","Cass, TX",31960
"48069","Castro, TX",43923
"48071","Chambers, TX",44465
"48073","Cherokee, TX",29529
"48075","Childress, TX",23937
"48077","Clay, TX",39499
"48079","Cochran, TX",36292
"48081","Coke, TX",32026
"48083","Coleman, TX",33068
"48085","Collin, TX",55210
"48087","Collingsworth, TX",32970
"48089","Colorado, TX",42066
"48091","Comal, TX",48844
"48093","Comanche, TX",31696
"48095","Concho, TX",22140
"48097","Cooke, TX",44960
"48099","Coryell, TX",30182
"48101","Cottle, TX",47044
"48103","Crane, TX",44402
"48105","Crockett, TX",35026
"48107","Crosby, TX",31657
"48109","Culberson, TX",32618
"48111","Dallam, TX",52477
"48113","Dallas, TX",48170
"48115","Dawson, TX",32722
"48117","Deaf Smith, TX",35763
"48119","Delta, TX",32749
"48121","Denton, TX",45239
"48123","DeWitt, TX",41697
"48125","Dickens, TX",28564
"48127","Dimmit, TX",44896
"48129","Donley, TX",33399
"48131","Duval, TX",35907
"48133","Eastland, TX",46029
"48135","Ector, TX",45883
"48137","Edwards, TX",32050
"48139","Ellis, TX",36211
"48141","El Paso, TX",30307
"48143","Erath, TX",29342
"48145","Falls, TX",28826
"48147","Fannin, TX",30776
"48149","Fayette, TX",43823
"48151","Fisher, TX",38984
"48153","Floyd, TX",35561
"48155","Foard, TX",32581
"48157","Fort Bend, TX",51980
"48159","Franklin, TX",33275
"48161","Freestone, TX",31360
"48163","Frio, TX",31437
"48165","Gaines, TX",39163
"48167","Galveston, TX",44719
"48169","Garza, TX",36325
"48171","Gillespie, TX",50476
"48173","Glasscock, TX",57808
"48175","Goliad, TX",38849
"48177","Gonzales, TX",35473
"48179","Gray, TX",44721
"48181","Grayson, TX",35430
"48183","Gregg, TX",46280
"48185","Grimes, TX",33407
"48187","Guadalupe, TX",36925
"48189","Hale, TX",30353
"48191","Hall, TX",30800
"48193","Hamilton, TX",47486
"48195","Hansford, TX",67767
"48197","Hardeman, TX",33736
"48199","Hardin, TX",38639
"48201","Harris, TX",52714
"48203","Harrison, TX",38656
"48205","Hartley, TX",48002
"48207","Haskell, TX",33992
"48209","Hays, TX",33759
"48211","Hemphill, TX",79303
"48213","Henderson, TX",33321
"48215","Hidalgo, TX",22731
"48217","Hill, TX",32613
"48219","Hockley, TX",39428
"48221","Hood, TX",43621
"48223","Hopkins, TX",32904
"48225","Houston, TX",31458
"48227","Howard, TX",32723
"48229","Hudspeth, TX",23743
"48231","Hunt, TX",31856
"48233","Hutchinson, TX",38359
"48235","Irion, TX",48717
"48237","Jack, TX",39244
"48239","Jackson, TX",37982
"48241","Jasper, TX",33663
"48243","Jeff Davis, TX",33449
"48245","Jefferson, TX",38175
"48247","Jim Hogg, TX",28646
"48249","Jim Wells, TX",39264
"48251","Johnson, TX",35128
"48253","Jones, TX",27323
"48255","Karnes, TX",33554
"48257","Kaufman, TX",35360
"48259","Kendall, TX",70635
"48261","Kenedy, TX",39485
"48263","Kent, TX",38741
"48265","Kerr, TX",41945
"48267","Kimble, TX",39741
"48269","King, TX",75111
"48271","Kinney, TX",30557
"48273","Kleberg, TX",32627
"48275","Knox, TX",34658
"48277","Lamar, TX",33545
"48279","Lamb, TX",33248
"48281","Lampasas, TX",46316
"48283","La Salle, TX",42717
"48285","Lavaca, TX",42563
"48287","Lee, TX",41234
"48289","Leon, TX",35360
"48291","Liberty, TX",31756
"48293","Limestone, TX",30002
"48295","Lipscomb, TX",54227
"48297","Live Oak, TX",38619
"48299","Llano, TX",38720
"48301","Loving, TX",29580
"48303","Lubbock, TX",35983
"48305","Lynn, TX",32873
"48307","McCulloch, TX",36457
"48309","McLennan, TX",33814
"48311","McMullen, TX",64596
"48313","Madison, TX",27788
"48315","Marion, TX",31016
"48317","Martin, TX",48775
"48319","Mason, TX",34735
"48321","Matagorda, TX",34608
"48323","Maverick, TX",24624
"48325","Medina, TX",32895
"48327","Menard, TX",29607
"48329","Midland, TX",109893
"48331","Milam, TX",33605
"48333","Mills, TX",32546
"48335","Mitchell, TX",28819
"48337","Montague, TX",43074
"48339","Montgomery, TX",59048
"48341","Moore, TX",32482
"48343","Morris, TX",42565
"48345","Motley, TX",30394
"48347","Nacogdoches, TX",31126
"48349","Navarro, TX",33471
"48351","Newton, TX",26157
"48353","Nolan, TX",34285
"48355","Nueces, TX",39395
"48357","Ochiltree, TX",61577
"48359","Oldham, TX",45414
"48361","Orange, TX",38169
"48363","Palo Pinto, TX",34940
"48365","Panola, TX",37241
"48367","Parker, TX",44546
"48369","Parmer, TX",39559
"48371","Pecos, TX",30138
"48373","Polk, TX",35600
"48375","Potter, TX",38384
"48377","Presidio, TX",31240
"48379","Rains, TX",29794
"48381","Randall, TX",41968
"48383","Reagan, TX",58698
"48385","Real, TX",26073
"48387","Red River, TX",32913
"48389","Reeves, TX",24269
"48391","Refugio, TX",44021
"48393","Roberts, TX",43368
"48395","Robertson, TX",35497
"48397","Rockwall, TX",49319
"48399","Runnels, TX",33432
"48401","Rusk, TX",34091
"48403","Sabine, TX",33326
"48405","San Augustine, TX",30279
"48407","San Jacinto, TX",29708
"48409","San Patricio, TX",38100
"48411","San Saba, TX",28317
"48413","Schleicher, TX",37808
"48415","Scurry, TX",46003
"48417","Shackelford, TX",106556
"48419","Shelby, TX",34188
"48421","Sherman, TX",59222
"48423","Smith, TX",47107
"48425","Somervell, TX",39144
"48427","Starr, TX",22382
"48429","Stephens, TX",50184
"48431","Sterling, TX",56180
"48433","Stonewall, TX",42700
"48435","Sutton, TX",51293
"48437","Swisher, TX",33638
"48439","Tarrant, TX",43590
"48441","Taylor, TX",39690
"48443","Terrell, TX",44121
"48445","Terry, TX",34322
"48447","Throckmorton, TX",52650
"48449","Titus, TX",28946
"48451","Tom Green, TX",40033
"48453","Travis, TX",52556
"48455","Trinity, TX",29915
"48457","Tyler, TX",28372
"48459","Upshur, TX",33444
"48461","Upton, TX",51110
"48463","Uvalde, TX",36908
"48465","Val Verde, TX",32004
"48467","Van Zandt, TX",31955
"48469","Victoria, TX",42797
"48471","Walker, TX",23364
"48473","Waller, TX",34113
"48475","Ward, TX",44133
"48477","Washington, TX",46564
"48479","Webb, TX",28131
"48481","Wharton, TX",38382
"48483","Wheeler, TX",49733
"48485","Wichita, TX",42133
"48487","Wilbarger, TX",36579
"48489","Willacy, TX",22232
"48491","Williamson, TX",38646
"48493","Wilson, TX",38018
"48495","Winkler, TX",37508
"48497","Wise, TX",38465
"48499","Wood, TX",32176
"48501","Yoakum, TX",47647
"48503","Young, TX",46367
"48505","Zapata, TX",29541
"48507","Zavala, TX",23781
"49001","Beaver, UT",29826
"49003","Box Elder, UT",29824
"49005","Cache, UT",30215
"49007","Carbon, UT",32002
"49009","Daggett, UT",33921
"49011","Davis, UT",37113
"49013","Duchesne, UT",37908
"49015","Emery, UT",28345
"49017","Garfield, UT",29592
"49019","Grand, UT",38741
"49021","Iron, UT",23663
"49023","Juab, UT",26923
"49025","Kane, UT",32312
"49027","Millard, UT",28977
"49029","Morgan, UT",41994
"49031","Piute, UT",22421
"49033","Rich, UT",29364
"49035","Salt Lake, UT",40481
"49037","San Juan, UT",21821
"49039","Sanpete, UT",23867
"49041","Sevier, UT",27354
"49043","Summit, UT",88914
"49045","Tooele, UT",30531
"49047","Uintah, UT",34302
"49049","Utah, UT",29597
"49051","Wasatch, UT",36880
"49053","Washington, UT",27162
"49055","Wayne, UT",26605
"49057","Weber, UT",33177
"50001","Addison, VT",44247
"50003","Bennington, VT",44098
"50005","Caledonia, VT",35661
"50007","Chittenden, VT",50527
"50009","Essex, VT",31692
"50011","Franklin, VT",38518
"50013","Grand Isle, VT",50720
"50015","Lamoille, VT",44400
"50017","Orange, VT",39034
"50019","Orleans, VT",37804
"50021","Rutland, VT",44004
"50023","Washington, VT",47557
"50025","Windham, VT",42983
"50027","Windsor, VT",47541
"51001","Accomack, VA",35689
"51007","Amelia, VA",37203
"51009","Amherst, VA",31440
"51011","Appomattox, VA",31829
"51013","Arlington, VA",83882
"51017","Bath, VA",48788
"51019","Bedford, VA*",39207
"51021","Bland, VA",30734
"51023","Botetourt, VA",42740
"51025","Brunswick, VA",28104
"51027","Buchanan, VA",32296
"51029","Buckingham, VA",25142
"51033","Caroline, VA",35821
"51036","Charles City, VA",37110
"51037","Charlotte, VA",28748
"51041","Chesterfield, VA",45590
"51043","Clarke, VA",53095
"51045","Craig, VA",32289
"51047","Culpeper, VA",39933
"51049","Cumberland, VA",30992
"51051","Dickenson, VA",28268
"51057","Essex, VA",36133
"51061","Fauquier, VA",61437
"51063","Floyd, VA",32353
"51065","Fluvanna, VA",36777
"51067","Franklin, VA",34296
"51071","Giles, VA",33948
"51073","Gloucester, VA",42808
"51075","Goochland, VA",83185
"51077","Grayson, VA",28275
"51079","Greene, VA",35935
"51083","Halifax, VA",30953
"51085","Hanover, VA",48863
"51087","Henrico, VA",52229
"51091","Highland, VA",40455
"51093","Isle of Wight, VA",48380
"51097","King and Queen, VA",33146
"51099","King George, VA",47015
"51101","King William, VA",39503
"51103","Lancaster, VA",47884
"51105","Lee, VA",26545
"51107","Loudoun, VA",68174
"51109","Louisa, VA",38429
"51111","Lunenburg, VA",27727
"51113","Madison, VA",38582
"51115","Mathews, VA",47737
"51117","Mecklenburg, VA",31524
"51119","Middlesex, VA",42935
"51125","Nelson, VA",41702
"51127","New Kent, VA",46790
"51131","Northampton, VA",35915
"51133","Northumberland, VA",40431
"51135","Nottoway, VA",32363
"51137","Orange, VA",40215
"51139","Page, VA",32881
"51141","Patrick, VA",28184
"51145","Powhatan, VA",43579
"51147","Prince Edward, VA",26650
"51155","Pulaski, VA",33822
"51157","Rappahannock, VA",54108
"51159","Richmond, VA",29070
"51167","Russell, VA",31076
"51169","Scott, VA",29036
"51171","Shenandoah, VA",36068
"51173","Smyth, VA",30335
"51179","Stafford, VA",48696
"51181","Surry, VA",37375
"51183","Sussex, VA",27713
"51185","Tazewell, VA",33850
"51187","Warren, VA",40269
"51193","Westmoreland, VA",36516
"51197","Wythe, VA",32439
"51510","Alexandria (Independent City), VA",81968
"51550","Chesapeake (Independent City), VA",44165
"51650","Hampton (Independent City), VA",37718
"51700","Newport News (Independent City), VA",38172
"51710","Norfolk (Independent City), VA",36308
"51740","Portsmouth (Independent City), VA",36091
"51760","Richmond (Independent City), VA",49509
"51770","Roanoke (Independent City), VA",39833
"51800","Suffolk (Independent City), VA",45690
"51810","Virginia Beach (Independent City), VA",48718
"51901","Albemarle + Charlottesville, VA*",56689
"51903","Alleghany + Covington, VA*",35440
"51907","Augusta, Staunton + Waynesboro, VA*",36811
"51911","Campbell + Lynchburg, VA*",34191
"51913","Carroll + Galax, VA*",29643
"51918","Dinwiddie, Colonial Heights + Petersburg, VA*",36609
"51919","Fairfax, Fairfax City + Falls Church, VA*",72193
"51921","Frederick + Winchester, VA*",42123
"51923","Greensville + Emporia, VA*",28885
"51929","Henry + Martinsville, VA*",32325
"51931","James City + Williamsburg, VA*",55990
"51933","Montgomery + Radford, VA*",30078
"51939","Pittsylvania + Danville, VA*",30843
"51941","Prince George + Hopewell, VA*",34549
"51942","Prince William, Manassas + Manassas Park, VA*",48234
"51944","Roanoke + Salem, VA*",45915
"51945","Rockbridge, Buena Vista + Lexington, VA*",34157
"51947","Rockingham + Harrisonburg, VA*",32755
"51949","Southampton + Franklin, VA*",33549
"51951","Spotsylvania + Fredericksburg, VA*",44075
"51953","Washington + Bristol, VA*",40354
"51955","Wise + Norton, VA*",30045
"51958","York + Poquoson, VA*",51043
"53001","Adams, WA",37888
"53003","Asotin, WA",38094
"53005","Benton, WA",41250
"53007","Chelan, WA",40795
"53009","Clallam, WA",37802
"53011","Clark, WA",41363
"53013","Columbia, WA",42865
"53015","Cowlitz, WA",37739
"53017","Douglas, WA",32884
"53019","Ferry, WA",29003
"53021","Franklin, WA",31327
"53023","Garfield, WA",42323
"53025","Grant, WA",34060
"53027","Grays Harbor, WA",32496
"53029","Island, WA",43342
"53031","Jefferson, WA",43853
"53033","King, WA",65331
"53035","Kitsap, WA",44360
"53037","Kittitas, WA",36826
"53039","Klickitat, WA",41948
"53041","Lewis, WA",34015
"53043","Lincoln, WA",41445
"53045","Mason, WA",33939
"53047","Okanogan, WA",33763
"53049","Pacific, WA",37225
"53051","Pend Oreille, WA",32338
"53053","Pierce, WA",40569
"53055","San Juan, WA",60683
"53057","Skagit, WA",41509
"53059","Skamania, WA",37202
"53061","Snohomish, WA",43640
"53063","Spokane, WA",37635
"53065","Stevens, WA",31332
"53067","Thurston, WA",41643
"53069","Wahkiakum, WA",33820
"53071","Walla Walla, WA",38283
"53073","Whatcom, WA",40396
"53075","Whitman, WA",34250
"53077","Yakima, WA",35920
"54001","Barbour, WV",28559
"54003","Berkeley, WV",35106
"54005","Boone, WV",32188
"54007","Braxton, WV",28538
"54009","Brooke, WV",33678
"54011","Cabell, WV",36235
"54013","Calhoun, WV",26936
"54015","Clay, WV",27754
"54017","Doddridge, WV",19601
"54019","Fayette, WV",29853
"54021","Gilmer, WV",23052
"54023","Grant, WV",29761
"54025","Greenbrier, WV",31663
"54027","Hampshire, WV",28632
"54029","Hancock, WV",35457
"54031","Hardy, WV",26353
"54033","Harrison, WV",40316
"54035","Jackson, WV",31900
"54037","Jefferson, WV",43253
"54039","Kanawha, WV",41727
"54041","Lewis, WV",35044
"54043","Lincoln, WV",27562
"54045","Logan, WV",33788
"54047","McDowell, WV",27906
"54049","Marion, WV",37522
"54051","Marshall, WV",31295
"54053","Mason, WV",28617
"54055","Mercer, WV",33492
"54057","Mineral, WV",33463
"54059","Mingo, WV",34973
"54061","Monongalia, WV",38584
"54063","Monroe, WV",27468
"54065","Morgan, WV",31146
"54067","Nicholas, WV",32097
"54069","Ohio, WV",44747
"54071","Pendleton, WV",31991
"54073","Pleasants, WV",34769
"54075","Pocahontas, WV",30413
"54077","Preston, WV",31378
"54079","Putnam, WV",40156
"54081","Raleigh, WV",34489
"54083","Randolph, WV",31080
"54085","Ritchie, WV",28811
"54087","Roane, WV",30218
"54089","Summers, WV",26324
"54091","Taylor, WV",31652
"54093","Tucker, WV",30517
"54095","Tyler, WV",30847
"54097","Upshur, WV",30720
"54099","Wayne, WV",27804
"54101","Webster, WV",27086
"54103","Wetzel, WV",31297
"54105","Wirt, WV",25861
"54107","Wood, WV",35923
"54109","Wyoming, WV",29867
"55001","Adams, WI",32273
"55003","Ashland, WI",33515
"55005","Barron, WI",42045
"55007","Bayfield, WI",39151
"55009","Brown, WI",43842
"55011","Buffalo, WI",40214
"55013","Burnett, WI",35013
"55015","Calumet, WI",40638
"55017","Chippewa, WI",39413
"55019","Clark, WI",33691
"55021","Columbia, WI",42711
"55023","Crawford, WI",33098
"55025","Dane, WI",48568
"55027","Dodge, WI",38006
"55029","Door, WI",48002
"55031","Douglas, WI",35024
"55033","Dunn, WI",35574
"55035","Eau Claire, WI",40484
"55037","Florence, WI",41788
"55039","Fond du Lac, WI",40193
"55041","Forest, WI",31232
"55043","Grant, WI",36947
"55045","Green, WI",43149
"55047","Green Lake, WI",42844
"55049","Iowa, WI",39639
"55051","Iron, WI",38626
"55053","Jackson, WI",38496
"55055","Jefferson, WI",37666
"55057","Juneau, WI",34947
"55059","Kenosha, WI",37483
"55061","Kewaunee, WI",39735
"55063","La Crosse, WI",41479
"55065","Lafayette, WI",38256
"55067","Langlade, WI",36569
"55069","Lincoln, WI",36841
"55071","Manitowoc, WI",41802
"55073","Marathon, WI",40800
"55075","Marinette, WI",36940
"55077","Marquette, WI",33269
"55078","Menominee, WI*",25203
"55079","Milwaukee, WI",40756
"55081","Monroe, WI",34710
"55083","Oconto, WI",37939
"55085","Oneida, WI",42502
"55087","Outagamie, WI",42004
"55089","Ozaukee, WI",69106
"55091","Pepin, WI",40788
"55093","Pierce, WI",38643
"55095","Polk, WI",38264
"55097","Portage, WI",36872
"55099","Price, WI",39975
"55101","Racine, WI",41420
"55103","Richland, WI",34392
"55105","Rock, WI",37187
"55107","Rusk, WI",31398
"55109","St. Croix, WI",43162
"55111","Sauk, WI",39451
"55113","Sawyer, WI",38523
"55115","Shawano, WI*",34570
"55117","Sheboygan, WI",43644
"55119","Taylor, WI",33258
"55121","Trempealeau, WI",40347
"55123","Vernon, WI",34192
"55125","Vilas, WI",40712
"55127","Walworth, WI",38423
"55129","Washburn, WI",40100
"55131","Washington, WI",48044
"55133","Waukesha, WI",59126
"55135","Waupaca, WI",39131
"55137","Waushara, WI",35998
"55139","Winnebago, WI",39724
"55141","Wood, WI",38672
"55901","Shawano (includes Menominee), WI","(NA)"
"56001","Albany, WY",37395
"56003","Big Horn, WY",36079
"56005","Campbell, WY",54747
"56007","Carbon, WY",45013
"56009","Converse, WY",48613
"56011","Crook, WY",43472
"56013","Fremont, WY",39878
"56015","Goshen, WY",38827
"56017","Hot Springs, WY",42983
"56019","Johnson, WY",40790
"56021","Laramie, WY",48280
"56023","Lincoln, WY",36972
"56025","Natrona, WY",60638
"56027","Niobrara, WY",41989
"56029","Park, WY",46414
"56031","Platte, WY",40026
"56033","Sheridan, WY",54381
"56035","Sublette, WY",49435
"56037","Sweetwater, WY",46805
"56039","Teton, WY",185030
"56041","Uinta, WY",41350
"56043","Washakie, WY",40499
"56045","Weston, WY",41254
"Legend / Footnotes:"
"2/ Per capita personal income was computed using Census Bureau midyear population estimates. Estimates for 2010-2015 reflect county population estimates available as of March 2016."
"* Cibola, NM was separated from Valencia in June 1981, but in these estimates, Valencia includes Cibola through the end of 1981."
"* La Paz County, AZ was separated from Yuma County on January 1, 1983. The Yuma, AZ MSA contains the area that became La Paz County, AZ through 1982 and excludes it beginning with 1983."
"* Shawano, WI and Menominee, WI are combined as Shawano (incl. Menominee), WI for the years prior to 1989."
"* Broomfield County, CO, was created from parts of Adams, Boulder, Jefferson, and Weld counties effective November 15, 2001. Estimates for Broomfield county begin with 2002."
"* Estimates for 1979 forward reflect Alaska Census Areas as defined by the Census Bureau; those for prior years reflect Alaska Census Divisions as defined in the 1970 Decennial Census. Estimates from 1988 forward separate Aleutian Islands Census Area into Aleutians East Borough and Aleutians West Census Area. Estimates for 1991 forward separate Denali Borough from Yukon-Koyukuk Census Area and Lake and Peninsula Borough from Dillingham Census Area. Estimates from 1993 forward separate Skagway-Yakutat-Angoon Census Area into Skagway-Hoonah-Angoon Census Area and Yakutat Borough. Estimates from 2008 forward separate Skagway-Hoonah-Angoon Census Area into Skagway Municipality and Hoonah-Angoon Census Area. Estimates from 2009 forward separate Wrangell-Petersburg Census Area into Petersburg Census Area and Wrangell City and Borough. In addition, a part of the Prince of Wales-Outer Ketchikan Census Area was annexed by Ketchikan Gateway Borough and part (Meyers Chuck Area) was included in the new Wrangell City and Borough. The remainder of the Prince of Wales-Outer Ketchikan Census Area was renamed Prince of Wales-Hyder Census Area. Petersburg Borough was created from part of former Petersburg Census Area and part of Hoonah-Angoon Census Area for 2013 forward. Prince of Wales-Hyder Census Area added part of the former Petersburg Census Area beginning in 2013. For years 2009-2012, Petersburg Borough reflects the geographic boundaries of the former Petersburg Census Area. Wade Hampton Census Area was renamed Kusilvak Census Area on July 1, 2015."
"* Virginia combination areas consist of one or two independent cities with 1980 populations of less than 100,000 combined with an adjacent county. The county name appears first, followed by the city name(s). Separate estimates for the jurisdictions making up the combination area are not available. Bedford County, VA includes the independent city of Bedford for all years."
"* Shannon County, SD was renamed to Oglala Lakota County, SD on May 1, 2015."
"Note-- All dollar estimates are in current dollars (not adjusted for inflation)."
"(NA) Data not available for this year."
"Last updated: November 17, 2016-- new estimates for 2015; revised estimates for 1998-2014."
