"CA1 Personal Income Summary: Personal Income, Population, Per Capita Personal Income"
"Per capita personal income (dollars) 2/" 
"Bureau of Economic Analysis" 
"County"
"GeoFips","GeoName","1999"
"01001","Autauga, AL",22799
"01003","Baldwin, AL",25308
"01005","Barbour, AL",18911
"01007","Bibb, AL",16417
"01009","Blount, AL",19672
"01011","Bullock, AL",15997
"01013","Butler, AL",18282
"01015","Calhoun, AL",21427
"01017","Chambers, AL",19853
"01019","Cherokee, AL",18025
"01021","Chilton, AL",19405
"01023","Choctaw, AL",19425
"01025","Clarke, AL",19509
"01027","Clay, AL",19093
"01029","Cleburne, AL",18865
"01031","Coffee, AL",23957
"01033","Colbert, AL",20742
"01035","Conecuh, AL",19249
"01037","Coosa, AL",17665
"01039","Covington, AL",19427
"01041","Crenshaw, AL",21415
"01043","Cullman, AL",21975
"01045","Dale, AL",21074
"01047","Dallas, AL",18575
"01049","DeKalb, AL",20126
"01051","Elmore, AL",23068
"01053","Escambia, AL",18014
"01055","Etowah, AL",20797
"01057","Fayette, AL",18763
"01059","Franklin, AL",20092
"01061","Geneva, AL",20587
"01063","Greene, AL",16908
"01065","Hale, AL",16742
"01067","Henry, AL",19799
"01069","Houston, AL",24023
"01071","Jackson, AL",20549
"01073","Jefferson, AL",28931
"01075","Lamar, AL",18870
"01077","Lauderdale, AL",21624
"01079","Lawrence, AL",19791
"01081","Lee, AL",20193
"01083","Limestone, AL",21534
"01085","Lowndes, AL",16947
"01087","Macon, AL",15740
"01089","Madison, AL",27823
"01091","Marengo, AL",21447
"01093","Marion, AL",19053
"01095","Marshall, AL",21258
"01097","Mobile, AL",21308
"01099","Monroe, AL",19109
"01101","Montgomery, AL",26920
"01103","Morgan, AL",24609
"01105","Perry, AL",16714
"01107","Pickens, AL",19110
"01109","Pike, AL",21191
"01111","Randolph, AL",18021
"01113","Russell, AL",19097
"01115","St. Clair, AL",20886
"01117","Shelby, AL",32220
"01119","Sumter, AL",16756
"01121","Talladega, AL",18458
"01123","Tallapoosa, AL",21389
"01125","Tuscaloosa, AL",23931
"01127","Walker, AL",21208
"01129","Washington, AL",17651
"01131","Wilcox, AL",15718
"01133","Winston, AL",20002
"02010","Aleutian Islands Census Area, AK*","(NA)"
"02013","Aleutians East Borough, AK*",21284
"02016","Aleutians West Census Area, AK*",23429
"02020","Anchorage Municipality, AK",33627
"02050","Bethel Census Area, AK*",19386
"02060","Bristol Bay Borough, AK",31416
"02068","Denali Borough, AK*",39001
"02070","Dillingham Census Area, AK*",26515
"02090","Fairbanks North Star Borough, AK",27229
"02100","Haines Borough, AK",31504
"02105","Hoonah-Angoon Census Area, AK*","(NA)"
"02110","Juneau City and Borough, AK",34820
"02122","Kenai Peninsula Borough, AK",26181
"02130","Ketchikan Gateway Borough, AK*",33691
"02150","Kodiak Island Borough, AK",27033
"02158","Kusilvak Census Area, AK*",14220
"02164","Lake and Peninsula Borough, AK*",20387
"02170","Matanuska-Susitna Borough, AK",25033
"02180","Nome Census Area, AK*",21959
"02185","North Slope Borough, AK",26565
"02188","Northwest Arctic Borough, AK",22065
"02195","Petersburg Borough, AK*","(NA)"
"02198","Prince of Wales-Hyder Census Area, AK*","(NA)"
"02201","Prince of Wales-Outer Ketchikan Census Area, AK*",21391
"02220","Sitka City and Borough, AK",28471
"02230","Skagway Municipality, AK*","(NA)"
"02231","Skagway-Yakutat-Angoon Census Area, AK*","(NA)"
"02232","Skagway-Hoonah-Angoon Census Area, AK*",27056
"02240","Southeast Fairbanks Census Area, AK*",22945
"02261","Valdez-Cordova Census Area, AK*",30308
"02275","Wrangell City and Borough, AK*","(NA)"
"02280","Wrangell-Petersburg Census Area, AK*",28743
"02282","Yakutat City and Borough, AK*",24809
"02290","Yukon-Koyukuk Census Area, AK*",19211
"02901","Aleutian Islands Division, AK*","(NA)"
"02903","Angoon Division, AK*","(NA)"
"02904","Barrow-North Slope Division, AK*","(NA)"
"02905","Bethel Division, AK*","(NA)"
"02907","Bristol Bay Division, AK*","(NA)"
"02908","Cordova-McCarthy Division, AK*","(NA)"
"02910","Haines Division, AK*","(NA)"
"02912","Kenai-Cook Inlet Division, AK*","(NA)"
"02916","Kuskokwim Division, AK*","(NA)"
"02919","Outer Ketchikan Division, AK*","(NA)"
"02920","Prince of Wales Division, AK*","(NA)"
"02921","Seward Division, AK*","(NA)"
"02922","Sitka Division, AK*","(NA)"
"02923","Skagway-Yakutat Division, AK*","(NA)"
"02924","Southeast Fairbanks Division, AK*","(NA)"
"02925","Upper Yukon Division, AK*","(NA)"
"02926","Valdez-Chitina-Whittier Division, AK*","(NA)"
"02928","Wrangell-Petersburg Division, AK*","(NA)"
"02929","Yukon-Koyukuk Division, AK*","(NA)"
"04001","Apache, AZ",14029
"04003","Cochise, AZ",19572
"04005","Coconino, AZ",22383
"04007","Gila, AZ",19012
"04009","Graham, AZ",14391
"04011","Greenlee, AZ",20877
"04012","La Paz, AZ*",15989
"04013","Maricopa, AZ",27668
"04015","Mohave, AZ",18345
"04017","Navajo, AZ",14827
"04019","Pima, AZ",23752
"04021","Pinal, AZ",16935
"04023","Santa Cruz, AZ",17067
"04025","Yavapai, AZ",21042
"04027","Yuma, AZ*",17441
"05001","Arkansas, AR",23095
"05003","Ashley, AR",21249
"05005","Baxter, AR",21564
"05007","Benton, AR",29817
"05009","Boone, AR",20751
"05011","Bradley, AR",17722
"05013","Calhoun, AR",17936
"05015","Carroll, AR",18587
"05017","Chicot, AR",17750
"05019","Clark, AR",17847
"05021","Clay, AR",18836
"05023","Cleburne, AR",20940
"05025","Cleveland, AR",20946
"05027","Columbia, AR",20342
"05029","Conway, AR",21414
"05031","Craighead, AR",21557
"05033","Crawford, AR",17918
"05035","Crittenden, AR",20055
"05037","Cross, AR",18147
"05039","Dallas, AR",19289
"05041","Desha, AR",18568
"05043","Drew, AR",19160
"05045","Faulkner, AR",22210
"05047","Franklin, AR",19368
"05049","Fulton, AR",15895
"05051","Garland, AR",23085
"05053","Grant, AR",21778
"05055","Greene, AR",18794
"05057","Hempstead, AR",19307
"05059","Hot Spring, AR",17792
"05061","Howard, AR",21222
"05063","Independence, AR",21015
"05065","Izard, AR",17652
"05067","Jackson, AR",19642
"05069","Jefferson, AR",19088
"05071","Johnson, AR",17866
"05073","Lafayette, AR",18473
"05075","Lawrence, AR",17358
"05077","Lee, AR",15412
"05079","Lincoln, AR",15617
"05081","Little River, AR",19508
"05083","Logan, AR",18219
"05085","Lonoke, AR",22119
"05087","Madison, AR",19267
"05089","Marion, AR",16647
"05091","Miller, AR",20937
"05093","Mississippi, AR",18578
"05095","Monroe, AR",17713
"05097","Montgomery, AR",17688
"05099","Nevada, AR",18217
"05101","Newton, AR",14587
"05103","Ouachita, AR",18414
"05105","Perry, AR",19797
"05107","Phillips, AR",16777
"05109","Pike, AR",18064
"05111","Poinsett, AR",18105
"05113","Polk, AR",17559
"05115","Pope, AR",20165
"05117","Prairie, AR",19427
"05119","Pulaski, AR",28945
"05121","Randolph, AR",16392
"05123","St. Francis, AR",16511
"05125","Saline, AR",21948
"05127","Scott, AR",18917
"05129","Searcy, AR",15360
"05131","Sebastian, AR",24368
"05133","Sevier, AR",19604
"05135","Sharp, AR",16806
"05137","Stone, AR",17160
"05139","Union, AR",24048
"05141","Van Buren, AR",17189
"05143","Washington, AR",21299
"05145","White, AR",18577
"05147","Woodruff, AR",17749
"05149","Yell, AR",19392
"06001","Alameda, CA",34357
"06003","Alpine, CA",25480
"06005","Amador, CA",22215
"06007","Butte, CA",21697
"06009","Calaveras, CA",23847
"06011","Colusa, CA",26141
"06013","Contra Costa, CA",40272
"06015","Del Norte, CA",17929
"06017","El Dorado, CA",34470
"06019","Fresno, CA",21496
"06021","Glenn, CA",19219
"06023","Humboldt, CA",22604
"06025","Imperial, CA",18983
"06027","Inyo, CA",25042
"06029","Kern, CA",20275
"06031","Kings, CA",16814
"06033","Lake, CA",22993
"06035","Lassen, CA",17728
"06037","Los Angeles, CA",28488
"06039","Madera, CA",18281
"06041","Marin, CA",62661
"06043","Mariposa, CA",21823
"06045","Mendocino, CA",24185
"06047","Merced, CA",19249
"06049","Modoc, CA",21914
"06051","Mono, CA",24818
"06053","Monterey, CA",29180
"06055","Napa, CA",35260
"06057","Nevada, CA",28192
"06059","Orange, CA",34981
"06061","Placer, CA",35566
"06063","Plumas, CA",24523
"06065","Riverside, CA",23113
"06067","Sacramento, CA",27544
"06069","San Benito, CA",26891
"06071","San Bernardino, CA",21559
"06073","San Diego, CA",31058
"06075","San Francisco, CA",48813
"06077","San Joaquin, CA",23532
"06079","San Luis Obispo, CA",26437
"06081","San Mateo, CA",52079
"06083","Santa Barbara, CA",30947
"06085","Santa Clara, CA",44040
"06087","Santa Cruz, CA",34688
"06089","Shasta, CA",24110
"06091","Sierra, CA",22984
"06093","Siskiyou, CA",21658
"06095","Solano, CA",25997
"06097","Sonoma, CA",32755
"06099","Stanislaus, CA",22671
"06101","Sutter, CA",25155
"06103","Tehama, CA",18486
"06105","Trinity, CA",19780
"06107","Tulare, CA",19539
"06109","Tuolumne, CA",22213
"06111","Ventura, CA",31560
"06113","Yolo, CA",26356
"06115","Yuba, CA",19222
"08001","Adams, CO*",25158
"08003","Alamosa, CO",21244
"08005","Arapahoe, CO",38538
"08007","Archuleta, CO",19502
"08009","Baca, CO",25933
"08011","Bent, CO",18498
"08013","Boulder, CO*",37094
"08014","Broomfield, CO*","(NA)"
"08015","Chaffee, CO",21522
"08017","Cheyenne, CO",34433
"08019","Clear Creek, CO",32481
"08021","Conejos, CO",15641
"08023","Costilla, CO",18840
"08025","Crowley, CO",15236
"08027","Custer, CO",21142
"08029","Delta, CO",20286
"08031","Denver, CO",35677
"08033","Dolores, CO",21678
"08035","Douglas, CO",41236
"08037","Eagle, CO",37095
"08039","Elbert, CO",28809
"08041","El Paso, CO",28681
"08043","Fremont, CO",18246
"08045","Garfield, CO",28443
"08047","Gilpin, CO",32867
"08049","Grand, CO",26753
"08051","Gunnison, CO",22466
"08053","Hinsdale, CO",22009
"08055","Huerfano, CO",17310
"08057","Jackson, CO",19147
"08059","Jefferson, CO*",34949
"08061","Kiowa, CO",34838
"08063","Kit Carson, CO",27947
"08065","Lake, CO",20556
"08067","La Plata, CO",26574
"08069","Larimer, CO",27995
"08071","Las Animas, CO",19924
"08073","Lincoln, CO",18725
"08075","Logan, CO",24226
"08077","Mesa, CO",24308
"08079","Mineral, CO",23318
"08081","Moffat, CO",22384
"08083","Montezuma, CO",22291
"08085","Montrose, CO",21559
"08087","Morgan, CO",23023
"08089","Otero, CO",22044
"08091","Ouray, CO",26515
"08093","Park, CO",27468
"08095","Phillips, CO",23760
"08097","Pitkin, CO",68741
"08099","Prowers, CO",22554
"08101","Pueblo, CO",22468
"08103","Rio Blanco, CO",22853
"08105","Rio Grande, CO",22068
"08107","Routt, CO",33465
"08109","Saguache, CO",18399
"08111","San Juan, CO",25379
"08113","San Miguel, CO",35796
"08115","Sedgwick, CO",27743
"08117","Summit, CO",33451
"08119","Teller, CO",29174
"08121","Washington, CO",26815
"08123","Weld, CO*",24195
"08125","Yuma, CO",26700
"09001","Fairfield, CT",57084
"09003","Hartford, CT",35395
"09005","Litchfield, CT",36413
"09007","Middlesex, CT",36269
"09009","New Haven, CT",32876
"09011","New London, CT",32309
"09013","Tolland, CT",31915
"09015","Windham, CT",26124
"10001","Kent, DE",25227
"10003","New Castle, DE",34948
"10005","Sussex, DE",25464
"11001","District of Columbia, DC",39182
"12001","Alachua, FL",23788
"12003","Baker, FL",19439
"12005","Bay, FL",23911
"12007","Bradford, FL",18350
"12009","Brevard, FL",25660
"12011","Broward, FL",29925
"12013","Calhoun, FL",16659
"12015","Charlotte, FL",25028
"12017","Citrus, FL",21573
"12019","Clay, FL",25821
"12021","Collier, FL",40985
"12023","Columbia, FL",18906
"12027","DeSoto, FL",17548
"12029","Dixie, FL",15364
"12031","Duval, FL",27813
"12033","Escambia, FL",23179
"12035","Flagler, FL",23945
"12037","Franklin, FL",18534
"12039","Gadsden, FL",19322
"12041","Gilchrist, FL",20056
"12043","Glades, FL",16414
"12045","Gulf, FL",18845
"12047","Hamilton, FL",14629
"12049","Hardee, FL",17394
"12051","Hendry, FL",20029
"12053","Hernando, FL",22769
"12055","Highlands, FL",20330
"12057","Hillsborough, FL",27643
"12059","Holmes, FL",17356
"12061","Indian River, FL",37957
"12063","Jackson, FL",18412
"12065","Jefferson, FL",21504
"12067","Lafayette, FL",17277
"12069","Lake, FL",25157
"12071","Lee, FL",27819
"12073","Leon, FL",26640
"12075","Levy, FL",18626
"12077","Liberty, FL",16806
"12079","Madison, FL",16801
"12081","Manatee, FL",30406
"12083","Marion, FL",22443
"12085","Martin, FL",42601
"12086","Miami-Dade, FL",25228
"12087","Monroe, FL",37087
"12089","Nassau, FL",28764
"12091","Okaloosa, FL",28342
"12093","Okeechobee, FL",17276
"12095","Orange, FL",26362
"12097","Osceola, FL",19841
"12099","Palm Beach, FL",42899
"12101","Pasco, FL",21757
"12103","Pinellas, FL",30464
"12105","Polk, FL",23681
"12107","Putnam, FL",17941
"12109","St. Johns, FL",37183
"12111","St. Lucie, FL",21323
"12113","Santa Rosa, FL",23389
"12115","Sarasota, FL",38289
"12117","Seminole, FL",30393
"12119","Sumter, FL",15151
"12121","Suwannee, FL",19690
"12123","Taylor, FL",18395
"12125","Union, FL",13494
"12127","Volusia, FL",22670
"12129","Wakulla, FL",21450
"12131","Walton, FL",19110
"12133","Washington, FL",17553
"13001","Appling, GA",18924
"13003","Atkinson, GA",18825
"13005","Bacon, GA",18951
"13007","Baker, GA",19463
"13009","Baldwin, GA",22288
"13011","Banks, GA",22303
"13013","Barrow, GA",22789
"13015","Bartow, GA",24527
"13017","Ben Hill, GA",21223
"13019","Berrien, GA",20883
"13021","Bibb, GA",26426
"13023","Bleckley, GA",21736
"13025","Brantley, GA",17105
"13027","Brooks, GA",20080
"13029","Bryan, GA",23966
"13031","Bulloch, GA",19055
"13033","Burke, GA",16649
"13035","Butts, GA",21095
"13037","Calhoun, GA",17132
"13039","Camden, GA",20726
"13043","Candler, GA",19461
"13045","Carroll, GA",21624
"13047","Catoosa, GA",21447
"13049","Charlton, GA",15110
"13051","Chatham, GA",27071
"13053","Chattahoochee, GA",18313
"13055","Chattooga, GA",18025
"13057","Cherokee, GA",29445
"13059","Clarke, GA",21272
"13061","Clay, GA",19607
"13063","Clayton, GA",21312
"13065","Clinch, GA",17564
"13067","Cobb, GA",36464
"13069","Coffee, GA",21152
"13071","Colquitt, GA",19601
"13073","Columbia, GA",29456
"13075","Cook, GA",18121
"13077","Coweta, GA",25920
"13079","Crawford, GA",19736
"13081","Crisp, GA",19893
"13083","Dade, GA",20202
"13085","Dawson, GA",26220
"13087","Decatur, GA",20580
"13089","DeKalb, GA",30122
"13091","Dodge, GA",18271
"13093","Dooly, GA",18803
"13095","Dougherty, GA",21817
"13097","Douglas, GA",24868
"13099","Early, GA",20413
"13101","Echols, GA",16820
"13103","Effingham, GA",21732
"13105","Elbert, GA",20321
"13107","Emanuel, GA",18593
"13109","Evans, GA",19488
"13111","Fannin, GA",20154
"13113","Fayette, GA",34929
"13115","Floyd, GA",23114
"13117","Forsyth, GA",34361
"13119","Franklin, GA",22490
"13121","Fulton, GA",42722
"13123","Gilmer, GA",20566
"13125","Glascock, GA",19519
"13127","Glynn, GA",28327
"13129","Gordon, GA",21710
"13131","Grady, GA",18871
"13133","Greene, GA",22954
"13135","Gwinnett, GA",30595
"13137","Habersham, GA",22287
"13139","Hall, GA",24401
"13141","Hancock, GA",13484
"13143","Haralson, GA",20736
"13145","Harris, GA",29600
"13147","Hart, GA",20365
"13149","Heard, GA",18935
"13151","Henry, GA",25817
"13153","Houston, GA",24374
"13155","Irwin, GA",19792
"13157","Jackson, GA",23015
"13159","Jasper, GA",21734
"13161","Jeff Davis, GA",19893
"13163","Jefferson, GA",18091
"13165","Jenkins, GA",17698
"13167","Johnson, GA",17935
"13169","Jones, GA",23031
"13171","Lamar, GA",20692
"13173","Lanier, GA",17988
"13175","Laurens, GA",21283
"13177","Lee, GA",22357
"13179","Liberty, GA",17438
"13181","Lincoln, GA",19504
"13183","Long, GA",14620
"13185","Lowndes, GA",21443
"13187","Lumpkin, GA",21212
"13189","McDuffie, GA",21593
"13191","McIntosh, GA",17747
"13193","Macon, GA",18508
"13195","Madison, GA",23032
"13197","Marion, GA",19225
"13199","Meriwether, GA",20445
"13201","Miller, GA",22094
"13205","Mitchell, GA",18511
"13207","Monroe, GA",23458
"13209","Montgomery, GA",17697
"13211","Morgan, GA",25640
"13213","Murray, GA",19007
"13215","Muscogee, GA",25304
"13217","Newton, GA",22276
"13219","Oconee, GA",28679
"13221","Oglethorpe, GA",21280
"13223","Paulding, GA",22019
"13225","Peach, GA",22622
"13227","Pickens, GA",26526
"13229","Pierce, GA",19917
"13231","Pike, GA",21573
"13233","Polk, GA",18578
"13235","Pulaski, GA",23246
"13237","Putnam, GA",23071
"13239","Quitman, GA",17752
"13241","Rabun, GA",22202
"13243","Randolph, GA",18007
"13245","Richmond, GA",22156
"13247","Rockdale, GA",27212
"13249","Schley, GA",20113
"13251","Screven, GA",18102
"13253","Seminole, GA",21819
"13255","Spalding, GA",22368
"13257","Stephens, GA",21771
"13259","Stewart, GA",19219
"13261","Sumter, GA",20798
"13263","Talbot, GA",17548
"13265","Taliaferro, GA",16651
"13267","Tattnall, GA",18671
"13269","Taylor, GA",18367
"13271","Telfair, GA",17691
"13273","Terrell, GA",18692
"13275","Thomas, GA",23470
"13277","Tift, GA",21559
"13279","Toombs, GA",20054
"13281","Towns, GA",22745
"13283","Treutlen, GA",15348
"13285","Troup, GA",23518
"13287","Turner, GA",17982
"13289","Twiggs, GA",17132
"13291","Union, GA",21083
"13293","Upson, GA",20450
"13295","Walker, GA",21071
"13297","Walton, GA",22135
"13299","Ware, GA",19264
"13301","Warren, GA",16730
"13303","Washington, GA",20576
"13305","Wayne, GA",19580
"13307","Webster, GA",20388
"13309","Wheeler, GA",15117
"13311","White, GA",22431
"13313","Whitfield, GA",24658
"13315","Wilcox, GA",19324
"13317","Wilkes, GA",20837
"13319","Wilkinson, GA",20153
"13321","Worth, GA",20228
"15001","Hawaii, HI",20922
"15003","Honolulu, HI",29707
"15007","Kauai, HI",23438
"15901","Maui + Kalawao, HI",24533
"16001","Ada, ID",31516
"16003","Adams, ID",20600
"16005","Bannock, ID",20708
"16007","Bear Lake, ID",16836
"16009","Benewah, ID",19739
"16011","Bingham, ID",18765
"16013","Blaine, ID",44590
"16015","Boise, ID",20540
"16017","Bonner, ID",20047
"16019","Bonneville, ID",23985
"16021","Boundary, ID",17520
"16023","Butte, ID",19881
"16025","Camas, ID",20948
"16027","Canyon, ID",19694
"16029","Caribou, ID",20709
"16031","Cassia, ID",22234
"16033","Clark, ID",23436
"16035","Clearwater, ID",19597
"16037","Custer, ID",20275
"16039","Elmore, ID",20301
"16041","Franklin, ID",18218
"16043","Fremont (includes Yellowstone Park), ID",17669
"16045","Gem, ID",18841
"16047","Gooding, ID",25465
"16049","Idaho, ID",18728
"16051","Jefferson, ID",18852
"16053","Jerome, ID",23615
"16055","Kootenai, ID",22908
"16057","Latah, ID",21609
"16059","Lemhi, ID",19895
"16061","Lewis, ID",23032
"16063","Lincoln, ID",20174
"16065","Madison, ID",14259
"16067","Minidoka, ID",17821
"16069","Nez Perce, ID",24944
"16071","Oneida, ID",17156
"16073","Owyhee, ID",17881
"16075","Payette, ID",18753
"16077","Power, ID",21253
"16079","Shoshone, ID",19781
"16081","Teton, ID",18651
"16083","Twin Falls, ID",21729
"16085","Valley, ID",27663
"16087","Washington, ID",18795
"17001","Adams, IL",23788
"17003","Alexander, IL",16791
"17005","Bond, IL",22569
"17007","Boone, IL",28625
"17009","Brown, IL",15451
"17011","Bureau, IL",23698
"17013","Calhoun, IL",22070
"17015","Carroll, IL",24991
"17017","Cass, IL",23272
"17019","Champaign, IL",24919
"17021","Christian, IL",23529
"17023","Clark, IL",21357
"17025","Clay, IL",20972
"17027","Clinton, IL",25144
"17029","Coles, IL",22313
"17031","Cook, IL",32670
"17033","Crawford, IL",20733
"17035","Cumberland, IL",23044
"17037","DeKalb, IL",25608
"17039","De Witt, IL",25669
"17041","Douglas, IL",23558
"17043","DuPage, IL",44928
"17045","Edgar, IL",22617
"17047","Edwards, IL",19946
"17049","Effingham, IL",24106
"17051","Fayette, IL",18441
"17053","Ford, IL",26219
"17055","Franklin, IL",19255
"17057","Fulton, IL",21262
"17059","Gallatin, IL",19868
"17061","Greene, IL",18316
"17063","Grundy, IL",27952
"17065","Hamilton, IL",18428
"17067","Hancock, IL",23063
"17069","Hardin, IL",18589
"17071","Henderson, IL",21682
"17073","Henry, IL",24595
"17075","Iroquois, IL",23058
"17077","Jackson, IL",21183
"17079","Jasper, IL",20591
"17081","Jefferson, IL",20507
"17083","Jersey, IL",24357
"17085","Jo Daviess, IL",28419
"17087","Johnson, IL",16625
"17089","Kane, IL",29323
"17091","Kankakee, IL",23662
"17093","Kendall, IL",29461
"17095","Knox, IL",23122
"17097","Lake, IL",44316
"17099","LaSalle, IL",24065
"17101","Lawrence, IL",21834
"17103","Lee, IL",22372
"17105","Livingston, IL",24677
"17107","Logan, IL",21678
"17109","McDonough, IL",20699
"17111","McHenry, IL",31235
"17113","McLean, IL",28582
"17115","Macon, IL",27001
"17117","Macoupin, IL",22809
"17119","Madison, IL",25483
"17121","Marion, IL",22213
"17123","Marshall, IL",25144
"17125","Mason, IL",23137
"17127","Massac, IL",20087
"17129","Menard, IL",26732
"17131","Mercer, IL",23275
"17133","Monroe, IL",28621
"17135","Montgomery, IL",21258
"17137","Morgan, IL",22785
"17139","Moultrie, IL",23163
"17141","Ogle, IL",24588
"17143","Peoria, IL",27311
"17145","Perry, IL",17257
"17147","Piatt, IL",28518
"17149","Pike, IL",19773
"17151","Pope, IL",17920
"17153","Pulaski, IL",16932
"17155","Putnam, IL",22931
"17157","Randolph, IL",19228
"17159","Richland, IL",22016
"17161","Rock Island, IL",26005
"17163","St. Clair, IL",24505
"17165","Saline, IL",19860
"17167","Sangamon, IL",29018
"17169","Schuyler, IL",22295
"17171","Scott, IL",19996
"17173","Shelby, IL",21451
"17175","Stark, IL",24120
"17177","Stephenson, IL",26536
"17179","Tazewell, IL",27506
"17181","Union, IL",19764
"17183","Vermilion, IL",21475
"17185","Wabash, IL",20402
"17187","Warren, IL",20202
"17189","Washington, IL",25906
"17191","Wayne, IL",20374
"17193","White, IL",22336
"17195","Whiteside, IL",23898
"17197","Will, IL",28427
"17199","Williamson, IL",21760
"17201","Winnebago, IL",26434
"17203","Woodford, IL",25239
"18001","Adams, IN",22496
"18003","Allen, IN",28837
"18005","Bartholomew, IN",29612
"18007","Benton, IN",24798
"18009","Blackford, IN",21382
"18011","Boone, IN",36538
"18013","Brown, IN",27764
"18015","Carroll, IN",25944
"18017","Cass, IN",23947
"18019","Clark, IN",25426
"18021","Clay, IN",22251
"18023","Clinton, IN",21966
"18025","Crawford, IN",19528
"18027","Daviess, IN",22494
"18029","Dearborn, IN",26400
"18031","Decatur, IN",25124
"18033","DeKalb, IN",25389
"18035","Delaware, IN",23733
"18037","Dubois, IN",29689
"18039","Elkhart, IN",26552
"18041","Fayette, IN",23934
"18043","Floyd, IN",28866
"18045","Fountain, IN",22813
"18047","Franklin, IN",25043
"18049","Fulton, IN",22293
"18051","Gibson, IN",22947
"18053","Grant, IN",22312
"18055","Greene, IN",21324
"18057","Hamilton, IN",42947
"18059","Hancock, IN",32220
"18061","Harrison, IN",24609
"18063","Hendricks, IN",29837
"18065","Henry, IN",23965
"18067","Howard, IN",27254
"18069","Huntington, IN",25019
"18071","Jackson, IN",22700
"18073","Jasper, IN",24838
"18075","Jay, IN",20320
"18077","Jefferson, IN",21257
"18079","Jennings, IN",21319
"18081","Johnson, IN",29215
"18083","Knox, IN",23113
"18085","Kosciusko, IN",26152
"18087","Lagrange, IN",19678
"18089","Lake, IN",25947
"18091","LaPorte, IN",23832
"18093","Lawrence, IN",22827
"18095","Madison, IN",23928
"18097","Marion, IN",29720
"18099","Marshall, IN",24113
"18101","Martin, IN",22648
"18103","Miami, IN",21019
"18105","Monroe, IN",23141
"18107","Montgomery, IN",23446
"18109","Morgan, IN",26039
"18111","Newton, IN",21886
"18113","Noble, IN",22999
"18115","Ohio, IN",22519
"18117","Orange, IN",20857
"18119","Owen, IN",20471
"18121","Parke, IN",19720
"18123","Perry, IN",21501
"18125","Pike, IN",20470
"18127","Porter, IN",30439
"18129","Posey, IN",25792
"18131","Pulaski, IN",22280
"18133","Putnam, IN",21939
"18135","Randolph, IN",21874
"18137","Ripley, IN",23108
"18139","Rush, IN",23775
"18141","St. Joseph, IN",26539
"18143","Scott, IN",21157
"18145","Shelby, IN",26268
"18147","Spencer, IN",22826
"18149","Starke, IN",18453
"18151","Steuben, IN",25839
"18153","Sullivan, IN",19406
"18155","Switzerland, IN",19862
"18157","Tippecanoe, IN",23481
"18159","Tipton, IN",27145
"18161","Union, IN",22269
"18163","Vanderburgh, IN",27760
"18165","Vermillion, IN",23082
"18167","Vigo, IN",22178
"18169","Wabash, IN",24349
"18171","Warren, IN",22280
"18173","Warrick, IN",27933
"18175","Washington, IN",21089
"18177","Wayne, IN",24450
"18179","Wells, IN",24858
"18181","White, IN",23499
"18183","Whitley, IN",25422
"19001","Adair, IA",23115
"19003","Adams, IA",23384
"19005","Allamakee, IA",21337
"19007","Appanoose, IA",19712
"19009","Audubon, IA",22281
"19011","Benton, IA",24189
"19013","Black Hawk, IA",23555
"19015","Boone, IA",25918
"19017","Bremer, IA",24392
"19019","Buchanan, IA",22185
"19021","Buena Vista, IA",23070
"19023","Butler, IA",22353
"19025","Calhoun, IA",22133
"19027","Carroll, IA",24364
"19029","Cass, IA",24145
"19031","Cedar, IA",26477
"19033","Cerro Gordo, IA",25386
"19035","Cherokee, IA",24550
"19037","Chickasaw, IA",24562
"19039","Clarke, IA",19550
"19041","Clay, IA",25360
"19043","Clayton, IA",22384
"19045","Clinton, IA",23359
"19047","Crawford, IA",20989
"19049","Dallas, IA",29150
"19051","Davis, IA",18330
"19053","Decatur, IA",16856
"19055","Delaware, IA",21997
"19057","Des Moines, IA",25002
"19059","Dickinson, IA",29916
"19061","Dubuque, IA",25210
"19063","Emmet, IA",22951
"19065","Fayette, IA",20312
"19067","Floyd, IA",21632
"19069","Franklin, IA",24231
"19071","Fremont, IA",25752
"19073","Greene, IA",22496
"19075","Grundy, IA",25566
"19077","Guthrie, IA",22969
"19079","Hamilton, IA",25145
"19081","Hancock, IA",24369
"19083","Hardin, IA",23188
"19085","Harrison, IA",23542
"19087","Henry, IA",22493
"19089","Howard, IA",23559
"19091","Humboldt, IA",24709
"19093","Ida, IA",24284
"19095","Iowa, IA",30109
"19097","Jackson, IA",21777
"19099","Jasper, IA",25712
"19101","Jefferson, IA",25817
"19103","Johnson, IA",28183
"19105","Jones, IA",20923
"19107","Keokuk, IA",22038
"19109","Kossuth, IA",23248
"19111","Lee, IA",22859
"19113","Linn, IA",30473
"19115","Louisa, IA",22226
"19117","Lucas, IA",20696
"19119","Lyon, IA",21763
"19121","Madison, IA",24589
"19123","Mahaska, IA",23907
"19125","Marion, IA",25159
"19127","Marshall, IA",25146
"19129","Mills, IA",28778
"19131","Mitchell, IA",23288
"19133","Monona, IA",23284
"19135","Monroe, IA",22538
"19137","Montgomery, IA",23915
"19139","Muscatine, IA",25432
"19141","O'Brien, IA",24669
"19143","Osceola, IA",23256
"19145","Page, IA",22613
"19147","Palo Alto, IA",22537
"19149","Plymouth, IA",25941
"19151","Pocahontas, IA",23150
"19153","Polk, IA",32042
"19155","Pottawattamie, IA",25161
"19157","Poweshiek, IA",26052
"19159","Ringgold, IA",19599
"19161","Sac, IA",22923
"19163","Scott, IA",27757
"19165","Shelby, IA",22963
"19167","Sioux, IA",23230
"19169","Story, IA",25306
"19171","Tama, IA",22714
"19173","Taylor, IA",19651
"19175","Union, IA",20960
"19177","Van Buren, IA",18756
"19179","Wapello, IA",20813
"19181","Warren, IA",25049
"19183","Washington, IA",25572
"19185","Wayne, IA",19262
"19187","Webster, IA",23779
"19189","Winnebago, IA",21850
"19191","Winneshiek, IA",23238
"19193","Woodbury, IA",25107
"19195","Worth, IA",21920
"19197","Wright, IA",25225
"20001","Allen, KS",20515
"20003","Anderson, KS",19518
"20005","Atchison, KS",20066
"20007","Barber, KS",20557
"20009","Barton, KS",22736
"20011","Bourbon, KS",20053
"20013","Brown, KS",22605
"20015","Butler, KS",26382
"20017","Chase, KS",29038
"20019","Chautauqua, KS",18870
"20021","Cherokee, KS",19159
"20023","Cheyenne, KS",25877
"20025","Clark, KS",25901
"20027","Clay, KS",24285
"20029","Cloud, KS",21014
"20031","Coffey, KS",24344
"20033","Comanche, KS",23985
"20035","Cowley, KS",21705
"20037","Crawford, KS",20715
"20039","Decatur, KS",26893
"20041","Dickinson, KS",23154
"20043","Doniphan, KS",19643
"20045","Douglas, KS",23034
"20047","Edwards, KS",27736
"20049","Elk, KS",18050
"20051","Ellis, KS",23403
"20053","Ellsworth, KS",21574
"20055","Finney, KS",20736
"20057","Ford, KS",22308
"20059","Franklin, KS",21976
"20061","Geary, KS",23479
"20063","Gove, KS",27469
"20065","Graham, KS",26474
"20067","Grant, KS",22219
"20069","Gray, KS",28050
"20071","Greeley, KS",33261
"20073","Greenwood, KS",20372
"20075","Hamilton, KS",24927
"20077","Harper, KS",23262
"20079","Harvey, KS",23661
"20081","Haskell, KS",33861
"20083","Hodgeman, KS",25726
"20085","Jackson, KS",23467
"20087","Jefferson, KS",22301
"20089","Jewell, KS",23389
"20091","Johnson, KS",41578
"20093","Kearny, KS",19691
"20095","Kingman, KS",22928
"20097","Kiowa, KS",24769
"20099","Labette, KS",21051
"20101","Lane, KS",27440
"20103","Leavenworth, KS",23846
"20105","Lincoln, KS",21229
"20107","Linn, KS",21308
"20109","Logan, KS",25615
"20111","Lyon, KS",20765
"20113","McPherson, KS",24977
"20115","Marion, KS",19967
"20117","Marshall, KS",24108
"20119","Meade, KS",26003
"20121","Miami, KS",25788
"20123","Mitchell, KS",24891
"20125","Montgomery, KS",19994
"20127","Morris, KS",20838
"20129","Morton, KS",24621
"20131","Nemaha, KS",23450
"20133","Neosho, KS",20560
"20135","Ness, KS",26484
"20137","Norton, KS",23013
"20139","Osage, KS",21153
"20141","Osborne, KS",21992
"20143","Ottawa, KS",22769
"20145","Pawnee, KS",22438
"20147","Phillips, KS",24746
"20149","Pottawatomie, KS",22441
"20151","Pratt, KS",24929
"20153","Rawlins, KS",27843
"20155","Reno, KS",23431
"20157","Republic, KS",22564
"20159","Rice, KS",20581
"20161","Riley, KS",21525
"20163","Rooks, KS",21945
"20165","Rush, KS",21969
"20167","Russell, KS",22079
"20169","Saline, KS",26765
"20171","Scott, KS",32953
"20173","Sedgwick, KS",28670
"20175","Seward, KS",21099
"20177","Shawnee, KS",26932
"20179","Sheridan, KS",29277
"20181","Sherman, KS",27204
"20183","Smith, KS",23324
"20185","Stafford, KS",24185
"20187","Stanton, KS",29324
"20189","Stevens, KS",27503
"20191","Sumner, KS",23680
"20193","Thomas, KS",25715
"20195","Trego, KS",19955
"20197","Wabaunsee, KS",25785
"20199","Wallace, KS",29258
"20201","Washington, KS",20556
"20203","Wichita, KS",29678
"20205","Wilson, KS",19530
"20207","Woodson, KS",17390
"20209","Wyandotte, KS",19381
"21001","Adair, KY",16211
"21003","Allen, KY",19123
"21005","Anderson, KY",23111
"21007","Ballard, KY",23367
"21009","Barren, KY",20978
"21011","Bath, KY",17826
"21013","Bell, KY",16045
"21015","Boone, KY",28494
"21017","Bourbon, KY",27121
"21019","Boyd, KY",23504
"21021","Boyle, KY",23128
"21023","Bracken, KY",19899
"21025","Breathitt, KY",15612
"21027","Breckinridge, KY",18034
"21029","Bullitt, KY",22393
"21031","Butler, KY",16748
"21033","Caldwell, KY",20127
"21035","Calloway, KY",22428
"21037","Campbell, KY",25136
"21039","Carlisle, KY",20837
"21041","Carroll, KY",21019
"21043","Carter, KY",15595
"21045","Casey, KY",16426
"21047","Christian, KY",20480
"21049","Clark, KY",24354
"21051","Clay, KY",13347
"21053","Clinton, KY",14970
"21055","Crittenden, KY",17757
"21057","Cumberland, KY",15379
"21059","Daviess, KY",23233
"21061","Edmonson, KY",14463
"21063","Elliott, KY",13287
"21065","Estill, KY",16124
"21067","Fayette, KY",29931
"21069","Fleming, KY",17607
"21071","Floyd, KY",17432
"21073","Franklin, KY",27146
"21075","Fulton, KY",18469
"21077","Gallatin, KY",18475
"21079","Garrard, KY",19441
"21081","Grant, KY",19221
"21083","Graves, KY",20130
"21085","Grayson, KY",17260
"21087","Green, KY",15961
"21089","Greenup, KY",20257
"21091","Hancock, KY",19194
"21093","Hardin, KY",23116
"21095","Harlan, KY",15683
"21097","Harrison, KY",20892
"21099","Hart, KY",16308
"21101","Henderson, KY",22687
"21103","Henry, KY",21274
"21105","Hickman, KY",20327
"21107","Hopkins, KY",21016
"21109","Jackson, KY",13959
"21111","Jefferson, KY",29948
"21113","Jessamine, KY",24271
"21115","Johnson, KY",17657
"21117","Kenton, KY",28557
"21119","Knott, KY",15727
"21121","Knox, KY",15469
"21123","Larue, KY",20914
"21125","Laurel, KY",18797
"21127","Lawrence, KY",14475
"21129","Lee, KY",14996
"21131","Leslie, KY",16420
"21133","Letcher, KY",16592
"21135","Lewis, KY",14120
"21137","Lincoln, KY",17541
"21139","Livingston, KY",20220
"21141","Logan, KY",19963
"21143","Lyon, KY",17276
"21145","McCracken, KY",26541
"21147","McCreary, KY",12809
"21149","McLean, KY",20946
"21151","Madison, KY",19212
"21153","Magoffin, KY",15540
"21155","Marion, KY",17826
"21157","Marshall, KY",23126
"21159","Martin, KY",15763
"21161","Mason, KY",20766
"21163","Meade, KY",20455
"21165","Menifee, KY",13715
"21167","Mercer, KY",21471
"21169","Metcalfe, KY",14513
"21171","Monroe, KY",16943
"21173","Montgomery, KY",19652
"21175","Morgan, KY",13512
"21177","Muhlenberg, KY",18660
"21179","Nelson, KY",22738
"21181","Nicholas, KY",18788
"21183","Ohio, KY",17846
"21185","Oldham, KY",32152
"21187","Owen, KY",18177
"21189","Owsley, KY",15882
"21191","Pendleton, KY",19282
"21193","Perry, KY",18559
"21195","Pike, KY",19220
"21197","Powell, KY",15983
"21199","Pulaski, KY",19115
"21201","Robertson, KY",16317
"21203","Rockcastle, KY",15123
"21205","Rowan, KY",16006
"21207","Russell, KY",16391
"21209","Scott, KY",27747
"21211","Shelby, KY",27172
"21213","Simpson, KY",21225
"21215","Spencer, KY",20179
"21217","Taylor, KY",17526
"21219","Todd, KY",19071
"21221","Trigg, KY",20085
"21223","Trimble, KY",14440
"21225","Union, KY",20377
"21227","Warren, KY",23112
"21229","Washington, KY",18657
"21231","Wayne, KY",15052
"21233","Webster, KY",19669
"21235","Whitley, KY",17707
"21237","Wolfe, KY",14752
"21239","Woodford, KY",34267
"22001","Acadia, LA",18265
"22003","Allen, LA",15714
"22005","Ascension, LA",22993
"22007","Assumption, LA",18638
"22009","Avoyelles, LA",17235
"22011","Beauregard, LA",19158
"22013","Bienville, LA",17539
"22015","Bossier, LA",22645
"22017","Caddo, LA",24095
"22019","Calcasieu, LA",22357
"22021","Caldwell, LA",17263
"22023","Cameron, LA",17540
"22025","Catahoula, LA",17776
"22027","Claiborne, LA",17679
"22029","Concordia, LA",16877
"22031","De Soto, LA",18113
"22033","East Baton Rouge, LA",25975
"22035","East Carroll, LA",15476
"22037","East Feliciana, LA",19315
"22039","Evangeline, LA",16064
"22041","Franklin, LA",16638
"22043","Grant, LA",17796
"22045","Iberia, LA",19538
"22047","Iberville, LA",18112
"22049","Jackson, LA",21324
"22051","Jefferson, LA",26659
"22053","Jefferson Davis, LA",17146
"22055","Lafayette, LA",25927
"22057","Lafourche, LA",21460
"22059","LaSalle, LA",16597
"22061","Lincoln, LA",19710
"22063","Livingston, LA",20019
"22065","Madison, LA",13993
"22067","Morehouse, LA",18594
"22069","Natchitoches, LA",18591
"22071","Orleans, LA",25215
"22073","Ouachita, LA",21682
"22075","Plaquemines, LA",20439
"22077","Pointe Coupee, LA",20180
"22079","Rapides, LA",22941
"22081","Red River, LA",16264
"22083","Richland, LA",17460
"22085","Sabine, LA",17334
"22087","St. Bernard, LA",21501
"22089","St. Charles, LA",23635
"22091","St. Helena, LA",16213
"22093","St. James, LA",18135
"22095","St. John the Baptist, LA",19175
"22097","St. Landry, LA",16862
"22099","St. Martin, LA",16924
"22101","St. Mary, LA",20419
"22103","St. Tammany, LA",27977
"22105","Tangipahoa, LA",18578
"22107","Tensas, LA",18253
"22109","Terrebonne, LA",19324
"22111","Union, LA",20190
"22113","Vermilion, LA",18405
"22115","Vernon, LA",20015
"22117","Washington, LA",17879
"22119","Webster, LA",20292
"22121","West Baton Rouge, LA",21885
"22123","West Carroll, LA",16230
"22125","West Feliciana, LA",15708
"22127","Winn, LA",15114
"23001","Androscoggin, ME",23971
"23003","Aroostook, ME",20544
"23005","Cumberland, ME",31585
"23007","Franklin, ME",21127
"23009","Hancock, ME",27500
"23011","Kennebec, ME",25436
"23013","Knox, ME",26579
"23015","Lincoln, ME",26978
"23017","Oxford, ME",20950
"23019","Penobscot, ME",23061
"23021","Piscataquis, ME",20505
"23023","Sagadahoc, ME",25968
"23025","Somerset, ME",20627
"23027","Waldo, ME",21376
"23029","Washington, ME",21182
"23031","York, ME",26752
"24001","Allegany, MD",20025
"24003","Anne Arundel, MD",35209
"24005","Baltimore, MD",34744
"24009","Calvert, MD",29714
"24011","Caroline, MD",21674
"24013","Carroll, MD",30455
"24015","Cecil, MD",27315
"24017","Charles, MD",29253
"24019","Dorchester, MD",22414
"24021","Frederick, MD",30308
"24023","Garrett, MD",21589
"24025","Harford, MD",30069
"24027","Howard, MD",41849
"24029","Kent, MD",29835
"24031","Montgomery, MD",47257
"24033","Prince George's, MD",28132
"24035","Queen Anne's, MD",32763
"24037","St. Mary's, MD",28463
"24039","Somerset, MD",18627
"24041","Talbot, MD",37302
"24043","Washington, MD",23448
"24045","Wicomico, MD",23944
"24047","Worcester, MD",28224
"24510","Baltimore (Independent City), MD",24736
"25001","Barnstable, MA",35188
"25003","Berkshire, MA",28455
"25005","Bristol, MA",26721
"25007","Dukes, MA",36117
"25009","Essex, MA",34060
"25011","Franklin, MA",27085
"25013","Hampden, MA",26214
"25015","Hampshire, MA",26133
"25017","Middlesex, MA",41888
"25019","Nantucket, MA",46262
"25021","Norfolk, MA",43114
"25023","Plymouth, MA",32015
"25025","Suffolk, MA",36170
"25027","Worcester, MA",29678
"26001","Alcona, MI",20450
"26003","Alger, MI",18454
"26005","Allegan, MI",26315
"26007","Alpena, MI",23380
"26009","Antrim, MI",25423
"26011","Arenac, MI",20473
"26013","Baraga, MI",19899
"26015","Barry, MI",28010
"26017","Bay, MI",25146
"26019","Benzie, MI",24176
"26021","Berrien, MI",25970
"26023","Branch, MI",20812
"26025","Calhoun, MI",24703
"26027","Cass, MI",24562
"26029","Charlevoix, MI",26502
"26031","Cheboygan, MI",22052
"26033","Chippewa, MI",19204
"26035","Clare, MI",19481
"26037","Clinton, MI",28314
"26039","Crawford, MI",19794
"26041","Delta, MI",22996
"26043","Dickinson, MI",24620
"26045","Eaton, MI",26544
"26047","Emmet, MI",27649
"26049","Genesee, MI",25696
"26051","Gladwin, MI",19690
"26053","Gogebic, MI",20458
"26055","Grand Traverse, MI",29408
"26057","Gratiot, MI",22271
"26059","Hillsdale, MI",22848
"26061","Houghton, MI",19749
"26063","Huron, MI",25144
"26065","Ingham, MI",26159
"26067","Ionia, MI",20938
"26069","Iosco, MI",19843
"26071","Iron, MI",20859
"26073","Isabella, MI",20536
"26075","Jackson, MI",24438
"26077","Kalamazoo, MI",27741
"26079","Kalkaska, MI",18512
"26081","Kent, MI",29813
"26083","Keweenaw, MI",21490
"26085","Lake, MI",18702
"26087","Lapeer, MI",26858
"26089","Leelanau, MI",28746
"26091","Lenawee, MI",24977
"26093","Livingston, MI",33996
"26095","Luce, MI",17826
"26097","Mackinac, MI",25057
"26099","Macomb, MI",31078
"26101","Manistee, MI",21640
"26103","Marquette, MI",23030
"26105","Mason, MI",23107
"26107","Mecosta, MI",18871
"26109","Menominee, MI",22718
"26111","Midland, MI",30585
"26113","Missaukee, MI",20173
"26115","Monroe, MI",28527
"26117","Montcalm, MI",19090
"26119","Montmorency, MI",18728
"26121","Muskegon, MI",22922
"26123","Newaygo, MI",21162
"26125","Oakland, MI",44785
"26127","Oceana, MI",19500
"26129","Ogemaw, MI",18370
"26131","Ontonagon, MI",20749
"26133","Osceola, MI",19868
"26135","Oscoda, MI",15323
"26137","Otsego, MI",23355
"26139","Ottawa, MI",28092
"26141","Presque Isle, MI",19925
"26143","Roscommon, MI",19853
"26145","Saginaw, MI",24666
"26147","St. Clair, MI",26820
"26149","St. Joseph, MI",22892
"26151","Sanilac, MI",22966
"26153","Schoolcraft, MI",20700
"26155","Shiawassee, MI",22879
"26157","Tuscola, MI",21235
"26159","Van Buren, MI",22048
"26161","Washtenaw, MI",34138
"26163","Wayne, MI",26026
"26165","Wexford, MI",21823
"27001","Aitkin, MN",20697
"27003","Anoka, MN",28393
"27005","Becker, MN",22243
"27007","Beltrami, MN",20178
"27009","Benton, MN",24036
"27011","Big Stone, MN",22028
"27013","Blue Earth, MN",25692
"27015","Brown, MN",24547
"27017","Carlton, MN",22842
"27019","Carver, MN",35864
"27021","Cass, MN",22807
"27023","Chippewa, MN",25503
"27025","Chisago, MN",27210
"27027","Clay, MN",21575
"27029","Clearwater, MN",18492
"27031","Cook, MN",26468
"27033","Cottonwood, MN",23149
"27035","Crow Wing, MN",22514
"27037","Dakota, MN",34234
"27039","Dodge, MN",25319
"27041","Douglas, MN",23624
"27043","Faribault, MN",22676
"27045","Fillmore, MN",22435
"27047","Freeborn, MN",22713
"27049","Goodhue, MN",26519
"27051","Grant, MN",23547
"27053","Hennepin, MN",40456
"27055","Houston, MN",25330
"27057","Hubbard, MN",20860
"27059","Isanti, MN",24373
"27061","Itasca, MN",21431
"27063","Jackson, MN",22275
"27065","Kanabec, MN",20687
"27067","Kandiyohi, MN",25542
"27069","Kittson, MN",23438
"27071","Koochiching, MN",23159
"27073","Lac qui Parle, MN",22765
"27075","Lake, MN",23298
"27077","Lake of the Woods, MN",18466
"27079","Le Sueur, MN",25947
"27081","Lincoln, MN",20985
"27083","Lyon, MN",25614
"27085","McLeod, MN",26564
"27087","Mahnomen, MN",18764
"27089","Marshall, MN",20810
"27091","Martin, MN",24295
"27093","Meeker, MN",22892
"27095","Mille Lacs, MN",21398
"27097","Morrison, MN",20623
"27099","Mower, MN",24576
"27101","Murray, MN",24104
"27103","Nicollet, MN",24919
"27105","Nobles, MN",22685
"27107","Norman, MN",24211
"27109","Olmsted, MN",30697
"27111","Otter Tail, MN",22188
"27113","Pennington, MN",24679
"27115","Pine, MN",20024
"27117","Pipestone, MN",21511
"27119","Polk, MN",21776
"27121","Pope, MN",22721
"27123","Ramsey, MN",30916
"27125","Red Lake, MN",19157
"27127","Redwood, MN",23786
"27129","Renville, MN",23426
"27131","Rice, MN",22963
"27133","Rock, MN",23351
"27135","Roseau, MN",23476
"27137","St. Louis, MN",24911
"27139","Scott, MN",30570
"27141","Sherburne, MN",24489
"27143","Sibley, MN",21789
"27145","Stearns, MN",23847
"27147","Steele, MN",26296
"27149","Stevens, MN",23633
"27151","Swift, MN",19597
"27153","Todd, MN",18480
"27155","Traverse, MN",22281
"27157","Wabasha, MN",25665
"27159","Wadena, MN",18862
"27161","Waseca, MN",22655
"27163","Washington, MN",33827
"27165","Watonwan, MN",22204
"27167","Wilkin, MN",23882
"27169","Winona, MN",23525
"27171","Wright, MN",25783
"27173","Yellow Medicine, MN",22308
"28001","Adams, MS",20564
"28003","Alcorn, MS",18968
"28005","Amite, MS",16611
"28007","Attala, MS",17221
"28009","Benton, MS",14912
"28011","Bolivar, MS",17017
"28013","Calhoun, MS",19156
"28015","Carroll, MS",18757
"28017","Chickasaw, MS",17517
"28019","Choctaw, MS",13947
"28021","Claiborne, MS",15635
"28023","Clarke, MS",17108
"28025","Clay, MS",19151
"28027","Coahoma, MS",19059
"28029","Copiah, MS",16490
"28031","Covington, MS",17067
"28033","DeSoto, MS",24850
"28035","Forrest, MS",20899
"28037","Franklin, MS",15099
"28039","George, MS",18244
"28041","Greene, MS",13604
"28043","Grenada, MS",19440
"28045","Hancock, MS",20695
"28047","Harrison, MS",24132
"28049","Hinds, MS",24078
"28051","Holmes, MS",13574
"28053","Humphreys, MS",17834
"28055","Issaquena, MS",12197
"28057","Itawamba, MS",18988
"28059","Jackson, MS",22470
"28061","Jasper, MS",16313
"28063","Jefferson, MS",11882
"28065","Jefferson Davis, MS",15004
"28067","Jones, MS",20850
"28069","Kemper, MS",16060
"28071","Lafayette, MS",20029
"28073","Lamar, MS",20985
"28075","Lauderdale, MS",21795
"28077","Lawrence, MS",19282
"28079","Leake, MS",18272
"28081","Lee, MS",24542
"28083","Leflore, MS",17606
"28085","Lincoln, MS",19064
"28087","Lowndes, MS",21126
"28089","Madison, MS",30564
"28091","Marion, MS",16662
"28093","Marshall, MS",16919
"28095","Monroe, MS",18616
"28097","Montgomery, MS",17194
"28099","Neshoba, MS",21601
"28101","Newton, MS",19114
"28103","Noxubee, MS",16233
"28105","Oktibbeha, MS",18426
"28107","Panola, MS",16602
"28109","Pearl River, MS",17433
"28111","Perry, MS",14829
"28113","Pike, MS",17904
"28115","Pontotoc, MS",18201
"28117","Prentiss, MS",16073
"28119","Quitman, MS",14803
"28121","Rankin, MS",25731
"28123","Scott, MS",17869
"28125","Sharkey, MS",15333
"28127","Simpson, MS",18430
"28129","Smith, MS",20136
"28131","Stone, MS",18699
"28133","Sunflower, MS",15536
"28135","Tallahatchie, MS",14950
"28137","Tate, MS",19858
"28139","Tippah, MS",18716
"28141","Tishomingo, MS",17693
"28143","Tunica, MS",17298
"28145","Union, MS",19429
"28147","Walthall, MS",15775
"28149","Warren, MS",24647
"28151","Washington, MS",18414
"28153","Wayne, MS",16664
"28155","Webster, MS",17867
"28157","Wilkinson, MS",13789
"28159","Winston, MS",17713
"28161","Yalobusha, MS",18320
"28163","Yazoo, MS",17311
"29001","Adair, MO",19174
"29003","Andrew, MO",24857
"29005","Atchison, MO",23194
"29007","Audrain, MO",21077
"29009","Barry, MO",19445
"29011","Barton, MO",19284
"29013","Bates, MO",20568
"29015","Benton, MO",18563
"29017","Bollinger, MO",16891
"29019","Boone, MO",26385
"29021","Buchanan, MO",23045
"29023","Butler, MO",21616
"29025","Caldwell, MO",22009
"29027","Callaway, MO",20370
"29029","Camden, MO",23474
"29031","Cape Girardeau, MO",24424
"29033","Carroll, MO",20820
"29035","Carter, MO",17296
"29037","Cass, MO",26118
"29039","Cedar, MO",16797
"29041","Chariton, MO",21467
"29043","Christian, MO",22661
"29045","Clark, MO",18174
"29047","Clay, MO",28332
"29049","Clinton, MO",23144
"29051","Cole, MO",27649
"29053","Cooper, MO",19718
"29055","Crawford, MO",20059
"29057","Dade, MO",18323
"29059","Dallas, MO",18917
"29061","Daviess, MO",19096
"29063","DeKalb, MO",15159
"29065","Dent, MO",18568
"29067","Douglas, MO",15989
"29069","Dunklin, MO",18740
"29071","Franklin, MO",24511
"29073","Gasconade, MO",21856
"29075","Gentry, MO",19928
"29077","Greene, MO",25290
"29079","Grundy, MO",19588
"29081","Harrison, MO",18597
"29083","Henry, MO",21182
"29085","Hickory, MO",15748
"29087","Holt, MO",22029
"29089","Howard, MO",21244
"29091","Howell, MO",18110
"29093","Iron, MO",18134
"29095","Jackson, MO",28440
"29097","Jasper, MO",22168
"29099","Jefferson, MO",23418
"29101","Johnson, MO",19733
"29103","Knox, MO",17056
"29105","Laclede, MO",18967
"29107","Lafayette, MO",23467
"29109","Lawrence, MO",17991
"29111","Lewis, MO",16962
"29113","Lincoln, MO",21497
"29115","Linn, MO",20745
"29117","Livingston, MO",22658
"29119","McDonald, MO",17653
"29121","Macon, MO",20091
"29123","Madison, MO",17065
"29125","Maries, MO",19466
"29127","Marion, MO",21552
"29129","Mercer, MO",19493
"29131","Miller, MO",18199
"29133","Mississippi, MO",17319
"29135","Moniteau, MO",20029
"29137","Monroe, MO",19341
"29139","Montgomery, MO",20932
"29141","Morgan, MO",18676
"29143","New Madrid, MO",18078
"29145","Newton, MO",22380
"29147","Nodaway, MO",18302
"29149","Oregon, MO",15179
"29151","Osage, MO",22765
"29153","Ozark, MO",15898
"29155","Pemiscot, MO",19077
"29157","Perry, MO",21020
"29159","Pettis, MO",22310
"29161","Phelps, MO",20912
"29163","Pike, MO",17637
"29165","Platte, MO",31728
"29167","Polk, MO",17062
"29169","Pulaski, MO",22132
"29171","Putnam, MO",16316
"29173","Ralls, MO",21051
"29175","Randolph, MO",19214
"29177","Ray, MO",22468
"29179","Reynolds, MO",17713
"29181","Ripley, MO",15460
"29183","St. Charles, MO",28433
"29185","St. Clair, MO",17169
"29186","Ste. Genevieve, MO",21901
"29187","St. Francois, MO",19716
"29189","St. Louis, MO",38639
"29195","Saline, MO",22247
"29197","Schuyler, MO",17524
"29199","Scotland, MO",18899
"29201","Scott, MO",21391
"29203","Shannon, MO",15217
"29205","Shelby, MO",19629
"29207","Stoddard, MO",19459
"29209","Stone, MO",21618
"29211","Sullivan, MO",19673
"29213","Taney, MO",22095
"29215","Texas, MO",15663
"29217","Vernon, MO",19753
"29219","Warren, MO",23114
"29221","Washington, MO",16077
"29223","Wayne, MO",15612
"29225","Webster, MO",17568
"29227","Worth, MO",17930
"29229","Wright, MO",16519
"29510","St. Louis (Independent City), MO",23973
"30001","Beaverhead, MT",20197
"30003","Big Horn, MT",14857
"30005","Blaine, MT",15929
"30007","Broadwater, MT",19236
"30009","Carbon, MT",23249
"30011","Carter, MT",19329
"30013","Cascade, MT",23718
"30015","Chouteau, MT",21568
"30017","Custer, MT",20750
"30019","Daniels, MT",28230
"30021","Dawson, MT",20443
"30023","Deer Lodge, MT",18827
"30025","Fallon, MT",20565
"30027","Fergus, MT",20416
"30029","Flathead, MT",22793
"30031","Gallatin, MT",23939
"30033","Garfield, MT",20519
"30035","Glacier, MT",15230
"30037","Golden Valley, MT",17112
"30039","Granite, MT",19154
"30041","Hill, MT",21547
"30043","Jefferson, MT",23074
"30045","Judith Basin, MT",18762
"30047","Lake, MT",18204
"30049","Lewis and Clark, MT",24415
"30051","Liberty, MT",19724
"30053","Lincoln, MT",16705
"30055","McCone, MT",20286
"30057","Madison, MT",19243
"30059","Meagher, MT",20217
"30061","Mineral, MT",16055
"30063","Missoula, MT",23452
"30065","Musselshell, MT",14872
"30067","Park, MT",20598
"30069","Petroleum, MT",17036
"30071","Phillips, MT",17880
"30073","Pondera, MT",19906
"30075","Powder River, MT",19100
"30077","Powell, MT",16947
"30079","Prairie, MT",20755
"30081","Ravalli, MT",19498
"30083","Richland, MT",20649
"30085","Roosevelt, MT",17533
"30087","Rosebud, MT",20810
"30089","Sanders, MT",16269
"30091","Sheridan, MT",23545
"30093","Silver Bow, MT",22417
"30095","Stillwater, MT",23719
"30097","Sweet Grass, MT",19826
"30099","Teton, MT",20678
"30101","Toole, MT",21154
"30103","Treasure, MT",16987
"30105","Valley, MT",23180
"30107","Wheatland, MT",15548
"30109","Wibaux, MT",18057
"30111","Yellowstone, MT",24795
"31001","Adams, NE",24771
"31003","Antelope, NE",23412
"31005","Arthur, NE",16171
"31007","Banner, NE",19660
"31009","Blaine, NE",14568
"31011","Boone, NE",22425
"31013","Box Butte, NE",24424
"31015","Boyd, NE",20083
"31017","Brown, NE",19539
"31019","Buffalo, NE",23094
"31021","Burt, NE",24217
"31023","Butler, NE",24062
"31025","Cass, NE",27391
"31027","Cedar, NE",23503
"31029","Chase, NE",26264
"31031","Cherry, NE",21173
"31033","Cheyenne, NE",23852
"31035","Clay, NE",25388
"31037","Colfax, NE",23992
"31039","Cuming, NE",29582
"31041","Custer, NE",22826
"31043","Dakota, NE",21184
"31045","Dawes, NE",18860
"31047","Dawson, NE",22647
"31049","Deuel, NE",25957
"31051","Dixon, NE",22514
"31053","Dodge, NE",24527
"31055","Douglas, NE",34086
"31057","Dundy, NE",28619
"31059","Fillmore, NE",28026
"31061","Franklin, NE",21856
"31063","Frontier, NE",24700
"31065","Furnas, NE",24667
"31067","Gage, NE",25762
"31069","Garden, NE",22614
"31071","Garfield, NE",24115
"31073","Gosper, NE",26345
"31075","Grant, NE",15714
"31077","Greeley, NE",20115
"31079","Hall, NE",24523
"31081","Hamilton, NE",23123
"31083","Harlan, NE",22822
"31085","Hayes, NE",21331
"31087","Hitchcock, NE",20810
"31089","Holt, NE",21491
"31091","Hooker, NE",17408
"31093","Howard, NE",21558
"31095","Jefferson, NE",23409
"31097","Johnson, NE",21984
"31099","Kearney, NE",25905
"31101","Keith, NE",21578
"31103","Keya Paha, NE",14312
"31105","Kimball, NE",22440
"31107","Knox, NE",20533
"31109","Lancaster, NE",28478
"31111","Lincoln, NE",24480
"31113","Logan, NE",22001
"31115","Loup, NE",9242
"31117","McPherson, NE",11629
"31119","Madison, NE",23353
"31121","Merrick, NE",21006
"31123","Morrill, NE",18774
"31125","Nance, NE",22071
"31127","Nemaha, NE",25387
"31129","Nuckolls, NE",23757
"31131","Otoe, NE",23822
"31133","Pawnee, NE",22020
"31135","Perkins, NE",28719
"31137","Phelps, NE",27755
"31139","Pierce, NE",22300
"31141","Platte, NE",24281
"31143","Polk, NE",24658
"31145","Red Willow, NE",23442
"31147","Richardson, NE",22577
"31149","Rock, NE",20342
"31151","Saline, NE",22443
"31153","Sarpy, NE",26672
"31155","Saunders, NE",24891
"31157","Scotts Bluff, NE",23934
"31159","Seward, NE",25236
"31161","Sheridan, NE",20847
"31163","Sherman, NE",18643
"31165","Sioux, NE",15430
"31167","Stanton, NE",21877
"31169","Thayer, NE",24785
"31171","Thomas, NE",18656
"31173","Thurston, NE",18620
"31175","Valley, NE",21603
"31177","Washington, NE",28560
"31179","Wayne, NE",20721
"31181","Webster, NE",22662
"31183","Wheeler, NE",28420
"31185","York, NE",25931
"32001","Churchill, NV",24753
"32003","Clark, NV",29619
"32005","Douglas, NV",40180
"32007","Elko, NV",26283
"32009","Esmeralda, NV",22913
"32011","Eureka, NV",24124
"32013","Humboldt, NV",25810
"32015","Lander, NV",27230
"32017","Lincoln, NV",18827
"32019","Lyon, NV",22515
"32021","Mineral, NV",24536
"32023","Nye, NV",22804
"32027","Pershing, NV",17940
"32029","Storey, NV",26199
"32031","Washoe, NV",35012
"32033","White Pine, NV",25456
"32510","Carson City (Independent City), NV",30164
"33001","Belknap, NH",29647
"33003","Carroll, NH",30420
"33005","Cheshire, NH",27821
"33007","Coos, NH",24891
"33009","Grafton, NH",30511
"33011","Hillsborough, NH",34627
"33013","Merrimack, NH",29723
"33015","Rockingham, NH",35549
"33017","Strafford, NH",25770
"33019","Sullivan, NH",27107
"34001","Atlantic, NJ",30290
"34003","Bergen, NJ",48092
"34005","Burlington, NJ",33012
"34007","Camden, NJ",28824
"34009","Cape May, NJ",31024
"34011","Cumberland, NJ",22828
"34013","Essex, NJ",35377
"34015","Gloucester, NJ",26970
"34017","Hudson, NJ",27457
"34019","Hunterdon, NJ",49109
"34021","Mercer, NJ",37407
"34023","Middlesex, NJ",34693
"34025","Monmouth, NJ",39995
"34027","Morris, NJ",50168
"34029","Ocean, NJ",29095
"34031","Passaic, NJ",28868
"34033","Salem, NJ",26233
"34035","Somerset, NJ",51746
"34037","Sussex, NJ",34269
"34039","Union, NJ",36447
"34041","Warren, NJ",31133
"35001","Bernalillo, NM",26119
"35003","Catron, NM",15484
"35005","Chaves, NM",19103
"35006","Cibola, NM*",13986
"35007","Colfax, NM",19917
"35009","Curry, NM",20763
"35011","De Baca, NM",18137
"35013","Doa Ana, NM",17544
"35015","Eddy, NM",20626
"35017","Grant, NM",18015
"35019","Guadalupe, NM",14409
"35021","Harding, NM",24614
"35023","Hidalgo, NM",16318
"35025","Lea, NM",17513
"35027","Lincoln, NM",19280
"35028","Los Alamos, NM",42851
"35029","Luna, NM",14288
"35031","McKinley, NM",13708
"35033","Mora, NM",13979
"35035","Otero, NM",17263
"35037","Quay, NM",18783
"35039","Rio Arriba, NM",16522
"35041","Roosevelt, NM",18933
"35043","Sandoval, NM",22761
"35045","San Juan, NM",18052
"35047","San Miguel, NM",16124
"35049","Santa Fe, NM",28676
"35051","Sierra, NM",16823
"35053","Socorro, NM",15290
"35055","Taos, NM",17955
"35057","Torrance, NM",16991
"35059","Union, NM",25875
"35061","Valencia, NM*",18232
"36001","Albany, NY",33078
"36003","Allegany, NY",18966
"36005","Bronx, NY",18841
"36007","Broome, NY",24609
"36009","Cattaraugus, NY",21034
"36011","Cayuga, NY",22467
"36013","Chautauqua, NY",21174
"36015","Chemung, NY",23738
"36017","Chenango, NY",21342
"36019","Clinton, NY",22724
"36021","Columbia, NY",27443
"36023","Cortland, NY",21324
"36025","Delaware, NY",21542
"36027","Dutchess, NY",30142
"36029","Erie, NY",27054
"36031","Essex, NY",21983
"36033","Franklin, NY",18825
"36035","Fulton, NY",23404
"36037","Genesee, NY",24196
"36039","Greene, NY",23145
"36041","Hamilton, NY",23826
"36043","Herkimer, NY",21681
"36045","Jefferson, NY",22627
"36047","Kings, NY",23815
"36049","Lewis, NY",19772
"36051","Livingston, NY",23041
"36053","Madison, NY",25000
"36055","Monroe, NY",30452
"36057","Montgomery, NY",23307
"36059","Nassau, NY",45733
"36061","New York, NY",81258
"36063","Niagara, NY",24113
"36065","Oneida, NY",24296
"36067","Onondaga, NY",27875
"36069","Ontario, NY",27991
"36071","Orange, NY",27363
"36073","Orleans, NY",20421
"36075","Oswego, NY",21049
"36077","Otsego, NY",21967
"36079","Putnam, NY",37140
"36081","Queens, NY",26681
"36083","Rensselaer, NY",26891
"36085","Richmond, NY",32427
"36087","Rockland, NY",39183
"36089","St. Lawrence, NY",19795
"36091","Saratoga, NY",30457
"36093","Schenectady, NY",28452
"36095","Schoharie, NY",22903
"36097","Schuyler, NY",20876
"36099","Seneca, NY",22948
"36101","Steuben, NY",24310
"36103","Suffolk, NY",34914
"36105","Sullivan, NY",24329
"36107","Tioga, NY",23298
"36109","Tompkins, NY",23181
"36111","Ulster, NY",24895
"36113","Warren, NY",25999
"36115","Washington, NY",20651
"36117","Wayne, NY",24513
"36119","Westchester, NY",53938
"36121","Wyoming, NY",19701
"36123","Yates, NY",19839
"37001","Alamance, NC",25466
"37003","Alexander, NC",23467
"37005","Alleghany, NC",25210
"37007","Anson, NC",20878
"37009","Ashe, NC",22172
"37011","Avery, NC",22466
"37013","Beaufort, NC",21757
"37015","Bertie, NC",19733
"37017","Bladen, NC",20049
"37019","Brunswick, NC",21844
"37021","Buncombe, NC",26131
"37023","Burke, NC",22430
"37025","Cabarrus, NC",27986
"37027","Caldwell, NC",23443
"37029","Camden, NC",23897
"37031","Carteret, NC",25527
"37033","Caswell, NC",21134
"37035","Catawba, NC",26785
"37037","Chatham, NC",32489
"37039","Cherokee, NC",17965
"37041","Chowan, NC",21841
"37043","Clay, NC",20560
"37045","Cleveland, NC",22312
"37047","Columbus, NC",20232
"37049","Craven, NC",25311
"37051","Cumberland, NC",23983
"37053","Currituck, NC",24419
"37055","Dare, NC",26098
"37057","Davidson, NC",25600
"37059","Davie, NC",28073
"37061","Duplin, NC",18598
"37063","Durham, NC",29314
"37065","Edgecombe, NC",20817
"37067","Forsyth, NC",29786
"37069","Franklin, NC",23750
"37071","Gaston, NC",25536
"37073","Gates, NC",19664
"37075","Graham, NC",18543
"37077","Granville, NC",21273
"37079","Greene, NC",19495
"37081","Guilford, NC",29934
"37083","Halifax, NC",19328
"37085","Harnett, NC",21106
"37087","Haywood, NC",22535
"37089","Henderson, NC",26642
"37091","Hertford, NC",18885
"37093","Hoke, NC",16432
"37095","Hyde, NC",18633
"37097","Iredell, NC",26563
"37099","Jackson, NC",20497
"37101","Johnston, NC",24503
"37103","Jones, NC",18297
"37105","Lee, NC",25355
"37107","Lenoir, NC",22528
"37109","Lincoln, NC",22376
"37111","McDowell, NC",20474
"37113","Macon, NC",21973
"37115","Madison, NC",20079
"37117","Martin, NC",19968
"37119","Mecklenburg, NC",35746
"37121","Mitchell, NC",19202
"37123","Montgomery, NC",21189
"37125","Moore, NC",30504
"37127","Nash, NC",24971
"37129","New Hanover, NC",27378
"37131","Northampton, NC",19376
"37133","Onslow, NC",23376
"37135","Orange, NC",29117
"37137","Pamlico, NC",23047
"37139","Pasquotank, NC",20716
"37141","Pender, NC",20377
"37143","Perquimans, NC",19780
"37145","Person, NC",22218
"37147","Pitt, NC",23405
"37149","Polk, NC",30513
"37151","Randolph, NC",23404
"37153","Richmond, NC",19498
"37155","Robeson, NC",17607
"37157","Rockingham, NC",21528
"37159","Rowan, NC",23205
"37161","Rutherford, NC",20841
"37163","Sampson, NC",18394
"37165","Scotland, NC",20577
"37167","Stanly, NC",22439
"37169","Stokes, NC",22325
"37171","Surry, NC",22861
"37173","Swain, NC",17737
"37175","Transylvania, NC",25104
"37177","Tyrrell, NC",16780
"37179","Union, NC",25362
"37181","Vance, NC",20741
"37183","Wake, NC",34150
"37185","Warren, NC",16738
"37187","Washington, NC",19974
"37189","Watauga, NC",21836
"37191","Wayne, NC",21826
"37193","Wilkes, NC",23179
"37195","Wilson, NC",23182
"37197","Yadkin, NC",22400
"37199","Yancey, NC",19199
"38001","Adams, ND",21762
"38003","Barnes, ND",21066
"38005","Benson, ND",15610
"38007","Billings, ND",16373
"38009","Bottineau, ND",18030
"38011","Bowman, ND",22822
"38013","Burke, ND",21409
"38015","Burleigh, ND",25853
"38017","Cass, ND",28235
"38019","Cavalier, ND",30300
"38021","Dickey, ND",21453
"38023","Divide, ND",24362
"38025","Dunn, ND",17996
"38027","Eddy, ND",20147
"38029","Emmons, ND",18578
"38031","Foster, ND",23854
"38033","Golden Valley, ND",16691
"38035","Grand Forks, ND",23583
"38037","Grant, ND",18516
"38039","Griggs, ND",22790
"38041","Hettinger, ND",25563
"38043","Kidder, ND",20432
"38045","LaMoure, ND",20060
"38047","Logan, ND",21773
"38049","McHenry, ND",17046
"38051","McIntosh, ND",22798
"38053","McKenzie, ND",22028
"38055","McLean, ND",22094
"38057","Mercer, ND",24573
"38059","Morton, ND",20772
"38061","Mountrail, ND",20077
"38063","Nelson, ND",23139
"38065","Oliver, ND",20298
"38067","Pembina, ND",32443
"38069","Pierce, ND",20651
"38071","Ramsey, ND",23390
"38073","Ransom, ND",23031
"38075","Renville, ND",18895
"38077","Richland, ND",23831
"38079","Rolette, ND",16377
"38081","Sargent, ND",28772
"38083","Sheridan, ND",19329
"38085","Sioux, ND",13155
"38087","Slope, ND",19466
"38089","Stark, ND",21158
"38091","Steele, ND",23584
"38093","Stutsman, ND",22762
"38095","Towner, ND",22293
"38097","Traill, ND",24274
"38099","Walsh, ND",23607
"38101","Ward, ND",23667
"38103","Wells, ND",22565
"38105","Williams, ND",21342
"39001","Adams, OH",18812
"39003","Allen, OH",23605
"39005","Ashland, OH",21727
"39007","Ashtabula, OH",21739
"39009","Athens, OH",17788
"39011","Auglaize, OH",26324
"39013","Belmont, OH",21179
"39015","Brown, OH",21140
"39017","Butler, OH",27806
"39019","Carroll, OH",21760
"39021","Champaign, OH",24205
"39023","Clark, OH",25190
"39025","Clermont, OH",27709
"39027","Clinton, OH",25229
"39029","Columbiana, OH",21213
"39031","Coshocton, OH",22355
"39033","Crawford, OH",22322
"39035","Cuyahoga, OH",31060
"39037","Darke, OH",24599
"39039","Defiance, OH",25413
"39041","Delaware, OH",40162
"39043","Erie, OH",27971
"39045","Fairfield, OH",26906
"39047","Fayette, OH",21390
"39049","Franklin, OH",29992
"39051","Fulton, OH",25572
"39053","Gallia, OH",21544
"39055","Geauga, OH",36978
"39057","Greene, OH",28315
"39059","Guernsey, OH",19418
"39061","Hamilton, OH",32715
"39063","Hancock, OH",27822
"39065","Hardin, OH",20511
"39067","Harrison, OH",20765
"39069","Henry, OH",24554
"39071","Highland, OH",19944
"39073","Hocking, OH",19866
"39075","Holmes, OH",17884
"39077","Huron, OH",23608
"39079","Jackson, OH",19369
"39081","Jefferson, OH",21387
"39083","Knox, OH",22178
"39085","Lake, OH",29352
"39087","Lawrence, OH",18583
"39089","Licking, OH",26022
"39091","Logan, OH",24410
"39093","Lorain, OH",25609
"39095","Lucas, OH",26833
"39097","Madison, OH",22633
"39099","Mahoning, OH",24056
"39101","Marion, OH",21968
"39103","Medina, OH",29589
"39105","Meigs, OH",19238
"39107","Mercer, OH",24489
"39109","Miami, OH",26812
"39111","Monroe, OH",18418
"39113","Montgomery, OH",27929
"39115","Morgan, OH",19317
"39117","Morrow, OH",20769
"39119","Muskingum, OH",22130
"39121","Noble, OH",15220
"39123","Ottawa, OH",27875
"39125","Paulding, OH",21657
"39127","Perry, OH",17628
"39129","Pickaway, OH",20678
"39131","Pike, OH",19452
"39133","Portage, OH",25189
"39135","Preble, OH",22775
"39137","Putnam, OH",25272
"39139","Richland, OH",22798
"39141","Ross, OH",21468
"39143","Sandusky, OH",23619
"39145","Scioto, OH",19383
"39147","Seneca, OH",22623
"39149","Shelby, OH",25169
"39151","Stark, OH",25805
"39153","Summit, OH",28980
"39155","Trumbull, OH",24386
"39157","Tuscarawas, OH",22184
"39159","Union, OH",25360
"39161","Van Wert, OH",24084
"39163","Vinton, OH",16619
"39165","Warren, OH",29842
"39167","Washington, OH",22019
"39169","Wayne, OH",23613
"39171","Williams, OH",24241
"39173","Wood, OH",26667
"39175","Wyandot, OH",22665
"40001","Adair, OK",14993
"40003","Alfalfa, OK",18619
"40005","Atoka, OK",14630
"40007","Beaver, OK",23197
"40009","Beckham, OK",16654
"40011","Blaine, OK",17184
"40013","Bryan, OK",18549
"40015","Caddo, OK",17269
"40017","Canadian, OK",24191
"40019","Carter, OK",20837
"40021","Cherokee, OK",16208
"40023","Choctaw, OK",16094
"40025","Cimarron, OK",24783
"40027","Cleveland, OK",22872
"40029","Coal, OK",14573
"40031","Comanche, OK",20857
"40033","Cotton, OK",19995
"40035","Craig, OK",18390
"40037","Creek, OK",19615
"40039","Custer, OK",19174
"40041","Delaware, OK",18941
"40043","Dewey, OK",19909
"40045","Ellis, OK",20868
"40047","Garfield, OK",22743
"40049","Garvin, OK",19527
"40051","Grady, OK",19205
"40053","Grant, OK",22330
"40055","Greer, OK",19968
"40057","Harmon, OK",18992
"40059","Harper, OK",25515
"40061","Haskell, OK",18025
"40063","Hughes, OK",14517
"40065","Jackson, OK",20522
"40067","Jefferson, OK",17149
"40069","Johnston, OK",15307
"40071","Kay, OK",20379
"40073","Kingfisher, OK",21198
"40075","Kiowa, OK",19199
"40077","Latimer, OK",17635
"40079","Le Flore, OK",17767
"40081","Lincoln, OK",18533
"40083","Logan, OK",19010
"40085","Love, OK",17470
"40087","McClain, OK",21077
"40089","McCurtain, OK",17626
"40091","McIntosh, OK",17050
"40093","Major, OK",19437
"40095","Marshall, OK",17421
"40097","Mayes, OK",18784
"40099","Murray, OK",17382
"40101","Muskogee, OK",19032
"40103","Noble, OK",19729
"40105","Nowata, OK",15932
"40107","Okfuskee, OK",13682
"40109","Oklahoma, OK",25610
"40111","Okmulgee, OK",16231
"40113","Osage, OK",18740
"40115","Ottawa, OK",17668
"40117","Pawnee, OK",18526
"40119","Payne, OK",19602
"40121","Pittsburg, OK",18070
"40123","Pontotoc, OK",19108
"40125","Pottawatomie, OK",18905
"40127","Pushmataha, OK",14677
"40129","Roger Mills, OK",19921
"40131","Rogers, OK",22410
"40133","Seminole, OK",16094
"40135","Sequoyah, OK",16885
"40137","Stephens, OK",19381
"40139","Texas, OK",27044
"40141","Tillman, OK",16971
"40143","Tulsa, OK",28520
"40145","Wagoner, OK",20255
"40147","Washington, OK",25421
"40149","Washita, OK",16560
"40151","Woods, OK",19666
"40153","Woodward, OK",18616
"41001","Baker, OR",19615
"41003","Benton, OR",27920
"41005","Clackamas, OR",33752
"41007","Clatsop, OR",23745
"41009","Columbia, OR",24840
"41011","Coos, OR",21601
"41013","Crook, OR",20352
"41015","Curry, OR",22806
"41017","Deschutes, OR",26446
"41019","Douglas, OR",22101
"41021","Gilliam, OR",16825
"41023","Grant, OR",20836
"41025","Harney, OR",20180
"41027","Hood River, OR",22685
"41029","Jackson, OR",24342
"41031","Jefferson, OR",19891
"41033","Josephine, OR",21324
"41035","Klamath, OR",20573
"41037","Lake, OR",19803
"41039","Lane, OR",24650
"41041","Lincoln, OR",23781
"41043","Linn, OR",22078
"41045","Malheur, OR",17961
"41047","Marion, OR",24145
"41049","Morrow, OR",18656
"41051","Multnomah, OR",30275
"41053","Polk, OR",23469
"41055","Sherman, OR",16984
"41057","Tillamook, OR",23064
"41059","Umatilla, OR",20997
"41061","Union, OR",21758
"41063","Wallowa, OR",21018
"41065","Wasco, OR",23054
"41067","Washington, OR",31140
"41069","Wheeler, OR",18672
"41071","Yamhill, OR",23711
"42001","Adams, PA",24586
"42003","Allegheny, PA",32255
"42005","Armstrong, PA",22702
"42007","Beaver, PA",23803
"42009","Bedford, PA",21032
"42011","Berks, PA",27887
"42013","Blair, PA",23734
"42015","Bradford, PA",21349
"42017","Bucks, PA",36124
"42019","Butler, PA",27236
"42021","Cambria, PA",22230
"42023","Cameron, PA",22320
"42025","Carbon, PA",22779
"42027","Centre, PA",24044
"42029","Chester, PA",43226
"42031","Clarion, PA",21269
"42033","Clearfield, PA",21423
"42035","Clinton, PA",21066
"42037","Columbia, PA",21808
"42039","Crawford, PA",21530
"42041","Cumberland, PA",30806
"42043","Dauphin, PA",29576
"42045","Delaware, PA",35271
"42047","Elk, PA",25065
"42049","Erie, PA",24250
"42051","Fayette, PA",21151
"42053","Forest, PA",19864
"42055","Franklin, PA",24565
"42057","Fulton, PA",22104
"42059","Greene, PA",19555
"42061","Huntingdon, PA",19244
"42063","Indiana, PA",21849
"42065","Jefferson, PA",21948
"42067","Juniata, PA",21663
"42069","Lackawanna, PA",25755
"42071","Lancaster, PA",27072
"42073","Lawrence, PA",21947
"42075","Lebanon, PA",25728
"42077","Lehigh, PA",29253
"42079","Luzerne, PA",24834
"42081","Lycoming, PA",22275
"42083","McKean, PA",23041
"42085","Mercer, PA",22311
"42087","Mifflin, PA",20483
"42089","Monroe, PA",23521
"42091","Montgomery, PA",45138
"42093","Montour, PA",24457
"42095","Northampton, PA",27686
"42097","Northumberland, PA",21986
"42099","Perry, PA",24226
"42101","Philadelphia, PA",23584
"42103","Pike, PA",23128
"42105","Potter, PA",21826
"42107","Schuylkill, PA",22199
"42109","Snyder, PA",23930
"42111","Somerset, PA",20749
"42113","Sullivan, PA",21646
"42115","Susquehanna, PA",22762
"42117","Tioga, PA",19906
"42119","Union, PA",21640
"42121","Venango, PA",22774
"42123","Warren, PA",22634
"42125","Washington, PA",26706
"42127","Wayne, PA",22455
"42129","Westmoreland, PA",25620
"42131","Wyoming, PA",21345
"42133","York, PA",27367
"44001","Bristol, RI",36742
"44003","Kent, RI",29978
"44005","Newport, RI",34838
"44007","Providence, RI",25678
"44009","Washington, RI",32022
"45001","Abbeville, SC",21881
"45003","Aiken, SC",23825
"45005","Allendale, SC",15411
"45007","Anderson, SC",23258
"45009","Bamberg, SC",17194
"45011","Barnwell, SC",22937
"45013","Beaufort, SC",32487
"45015","Berkeley, SC",19186
"45017","Calhoun, SC",20974
"45019","Charleston, SC",27789
"45021","Cherokee, SC",19447
"45023","Chester, SC",19202
"45025","Chesterfield, SC",19225
"45027","Clarendon, SC",17291
"45029","Colleton, SC",18745
"45031","Darlington, SC",21370
"45033","Dillon, SC",17363
"45035","Dorchester, SC",21196
"45037","Edgefield, SC",18640
"45039","Fairfield, SC",19677
"45041","Florence, SC",22815
"45043","Georgetown, SC",22778
"45045","Greenville, SC",28006
"45047","Greenwood, SC",22210
"45049","Hampton, SC",17927
"45051","Horry, SC",23635
"45053","Jasper, SC",17069
"45055","Kershaw, SC",22876
"45057","Lancaster, SC",19891
"45059","Laurens, SC",19851
"45061","Lee, SC",16327
"45063","Lexington, SC",27708
"45065","McCormick, SC",16598
"45067","Marion, SC",17238
"45069","Marlboro, SC",16418
"45071","Newberry, SC",19782
"45073","Oconee, SC",23079
"45075","Orangeburg, SC",19234
"45077","Pickens, SC",20251
"45079","Richland, SC",26362
"45081","Saluda, SC",20900
"45083","Spartanburg, SC",23599
"45085","Sumter, SC",20311
"45087","Union, SC",19690
"45089","Williamsburg, SC",14994
"45091","York, SC",24836
"46003","Aurora, SD",23219
"46005","Beadle, SD",26824
"46007","Bennett, SD",18969
"46009","Bon Homme, SD",21748
"46011","Brookings, SD",23037
"46013","Brown, SD",26943
"46015","Brule, SD",23773
"46017","Buffalo, SD",13214
"46019","Butte, SD",19959
"46021","Campbell, SD",25540
"46023","Charles Mix, SD",22797
"46025","Clark, SD",24209
"46027","Clay, SD",22617
"46029","Codington, SD",25141
"46031","Corson, SD",17005
"46033","Custer, SD",22234
"46035","Davison, SD",26580
"46037","Day, SD",21977
"46039","Deuel, SD",24799
"46041","Dewey, SD",16177
"46043","Douglas, SD",21821
"46045","Edmunds, SD",24504
"46047","Fall River, SD",21021
"46049","Faulk, SD",23287
"46051","Grant, SD",24195
"46053","Gregory, SD",21927
"46055","Haakon, SD",32421
"46057","Hamlin, SD",21423
"46059","Hand, SD",29244
"46061","Hanson, SD",21772
"46063","Harding, SD",19776
"46065","Hughes, SD",27067
"46067","Hutchinson, SD",22847
"46069","Hyde, SD",24530
"46071","Jackson, SD",16521
"46073","Jerauld, SD",26349
"46075","Jones, SD",27499
"46077","Kingsbury, SD",26563
"46079","Lake, SD",23585
"46081","Lawrence, SD",21817
"46083","Lincoln, SD",28338
"46085","Lyman, SD",23315
"46087","McCook, SD",25555
"46089","McPherson, SD",21145
"46091","Marshall, SD",23753
"46093","Meade, SD",23497
"46095","Mellette, SD",16199
"46097","Miner, SD",23869
"46099","Minnehaha, SD",29891
"46101","Moody, SD",24688
"46102","Oglala Lakota, SD*",12236
"46103","Pennington, SD",26062
"46105","Perkins, SD",23784
"46107","Potter, SD",31156
"46109","Roberts, SD",19647
"46111","Sanborn, SD",26644
"46115","Spink, SD",28712
"46117","Stanley, SD",29088
"46119","Sully, SD",44553
"46121","Todd, SD",12610
"46123","Tripp, SD",21573
"46125","Turner, SD",26273
"46127","Union, SD",37412
"46129","Walworth, SD",23361
"46135","Yankton, SD",24012
"46137","Ziebach, SD",11622
"47001","Anderson, TN",24576
"47003","Bedford, TN",22294
"47005","Benton, TN",19199
"47007","Bledsoe, TN",17603
"47009","Blount, TN",23607
"47011","Bradley, TN",24022
"47013","Campbell, TN",17579
"47015","Cannon, TN",20906
"47017","Carroll, TN",20729
"47019","Carter, TN",18134
"47021","Cheatham, TN",24283
"47023","Chester, TN",19237
"47025","Claiborne, TN",19234
"47027","Clay, TN",17158
"47029","Cocke, TN",17757
"47031","Coffee, TN",22651
"47033","Crockett, TN",22102
"47035","Cumberland, TN",21187
"47037","Davidson, TN",33694
"47039","Decatur, TN",19462
"47041","DeKalb, TN",19825
"47043","Dickson, TN",23038
"47045","Dyer, TN",22626
"47047","Fayette, TN",24838
"47049","Fentress, TN",19116
"47051","Franklin, TN",20742
"47053","Gibson, TN",22185
"47055","Giles, TN",22992
"47057","Grainger, TN",18774
"47059","Greene, TN",22519
"47061","Grundy, TN",17336
"47063","Hamblen, TN",22958
"47065","Hamilton, TN",29589
"47067","Hancock, TN",14310
"47069","Hardeman, TN",16102
"47071","Hardin, TN",20525
"47073","Hawkins, TN",19764
"47075","Haywood, TN",20125
"47077","Henderson, TN",20637
"47079","Henry, TN",22048
"47081","Hickman, TN",17642
"47083","Houston, TN",17907
"47085","Humphreys, TN",20385
"47087","Jackson, TN",18297
"47089","Jefferson, TN",20551
"47091","Johnson, TN",14993
"47093","Knox, TN",27622
"47095","Lake, TN",12726
"47097","Lauderdale, TN",18057
"47099","Lawrence, TN",20301
"47101","Lewis, TN",17794
"47103","Lincoln, TN",21315
"47105","Loudon, TN",24713
"47107","McMinn, TN",20313
"47109","McNairy, TN",20531
"47111","Macon, TN",19354
"47113","Madison, TN",24846
"47115","Marion, TN",20898
"47117","Marshall, TN",23655
"47119","Maury, TN",25104
"47121","Meigs, TN",17541
"47123","Monroe, TN",17490
"47125","Montgomery, TN",23484
"47127","Moore, TN",20014
"47129","Morgan, TN",15986
"47131","Obion, TN",24509
"47133","Overton, TN",17748
"47135","Perry, TN",20576
"47137","Pickett, TN",16988
"47139","Polk, TN",19466
"47141","Putnam, TN",22924
"47143","Rhea, TN",19338
"47145","Roane, TN",21476
"47147","Robertson, TN",24721
"47149","Rutherford, TN",25831
"47151","Scott, TN",16416
"47153","Sequatchie, TN",18912
"47155","Sevier, TN",23074
"47157","Shelby, TN",31081
"47159","Smith, TN",21330
"47161","Stewart, TN",18538
"47163","Sullivan, TN",24092
"47165","Sumner, TN",26229
"47167","Tipton, TN",22173
"47169","Trousdale, TN",20431
"47171","Unicoi, TN",20623
"47173","Union, TN",17085
"47175","Van Buren, TN",17562
"47177","Warren, TN",20852
"47179","Washington, TN",23153
"47181","Wayne, TN",14669
"47183","Weakley, TN",20082
"47185","White, TN",18721
"47187","Williamson, TN",40376
"47189","Wilson, TN",28209
"48001","Anderson, TX",16790
"48003","Andrews, TX",18393
"48005","Angelina, TX",21088
"48007","Aransas, TX",22372
"48009","Archer, TX",25071
"48011","Armstrong, TX",24699
"48013","Atascosa, TX",18031
"48015","Austin, TX",25462
"48017","Bailey, TX",24808
"48019","Bandera, TX",24106
"48021","Bastrop, TX",21423
"48023","Baylor, TX",21101
"48025","Bee, TX",14634
"48027","Bell, TX",24008
"48029","Bexar, TX",25272
"48031","Blanco, TX",25582
"48033","Borden, TX",16159
"48035","Bosque, TX",20819
"48037","Bowie, TX",21607
"48039","Brazoria, TX",24934
"48041","Brazos, TX",18870
"48043","Brewster, TX",21367
"48045","Briscoe, TX",21609
"48047","Brooks, TX",13757
"48049","Brown, TX",19238
"48051","Burleson, TX",20195
"48053","Burnet, TX",22971
"48055","Caldwell, TX",18944
"48057","Calhoun, TX",20573
"48059","Callahan, TX",20439
"48061","Cameron, TX",14469
"48063","Camp, TX",23438
"48065","Carson, TX",29071
"48067","Cass, TX",20146
"48069","Castro, TX",26148
"48071","Chambers, TX",25488
"48073","Cherokee, TX",20864
"48075","Childress, TX",15726
"48077","Clay, TX",21544
"48079","Cochran, TX",22090
"48081","Coke, TX",18571
"48083","Coleman, TX",19441
"48085","Collin, TX",42787
"48087","Collingsworth, TX",21110
"48089","Colorado, TX",22558
"48091","Comal, TX",27231
"48093","Comanche, TX",19769
"48095","Concho, TX",16994
"48097","Cooke, TX",22156
"48099","Coryell, TX",18811
"48101","Cottle, TX",22304
"48103","Crane, TX",17647
"48105","Crockett, TX",16800
"48107","Crosby, TX",20503
"48109","Culberson, TX",15239
"48111","Dallam, TX",30717
"48113","Dallas, TX",32367
"48115","Dawson, TX",19033
"48117","Deaf Smith, TX",27088
"48119","Delta, TX",18724
"48121","Denton, TX",29775
"48123","DeWitt, TX",19559
"48125","Dickens, TX",15696
"48127","Dimmit, TX",12371
"48129","Donley, TX",24192
"48131","Duval, TX",14394
"48133","Eastland, TX",20515
"48135","Ector, TX",19361
"48137","Edwards, TX",16570
"48139","Ellis, TX",24974
"48141","El Paso, TX",17972
"48143","Erath, TX",21734
"48145","Falls, TX",16955
"48147","Fannin, TX",19667
"48149","Fayette, TX",23710
"48151","Fisher, TX",19628
"48153","Floyd, TX",24046
"48155","Foard, TX",22867
"48157","Fort Bend, TX",29998
"48159","Franklin, TX",22398
"48161","Freestone, TX",17626
"48163","Frio, TX",14767
"48165","Gaines, TX",20192
"48167","Galveston, TX",27172
"48169","Garza, TX",17868
"48171","Gillespie, TX",24628
"48173","Glasscock, TX",21322
"48175","Goliad, TX",19973
"48177","Gonzales, TX",21728
"48179","Gray, TX",23009
"48181","Grayson, TX",21938
"48183","Gregg, TX",25299
"48185","Grimes, TX",16983
"48187","Guadalupe, TX",22621
"48189","Hale, TX",20454
"48191","Hall, TX",18324
"48193","Hamilton, TX",23942
"48195","Hansford, TX",34300
"48197","Hardeman, TX",21442
"48199","Hardin, TX",21188
"48201","Harris, TX",32082
"48203","Harrison, TX",21119
"48205","Hartley, TX",30543
"48207","Haskell, TX",20077
"48209","Hays, TX",22429
"48211","Hemphill, TX",31953
"48213","Henderson, TX",22049
"48215","Hidalgo, TX",13260
"48217","Hill, TX",19596
"48219","Hockley, TX",20332
"48221","Hood, TX",25384
"48223","Hopkins, TX",22427
"48225","Houston, TX",19666
"48227","Howard, TX",19288
"48229","Hudspeth, TX",14169
"48231","Hunt, TX",21879
"48233","Hutchinson, TX",21742
"48235","Irion, TX",22967
"48237","Jack, TX",17888
"48239","Jackson, TX",22773
"48241","Jasper, TX",19770
"48243","Jeff Davis, TX",18958
"48245","Jefferson, TX",22896
"48247","Jim Hogg, TX",16271
"48249","Jim Wells, TX",17716
"48251","Johnson, TX",22918
"48253","Jones, TX",16131
"48255","Karnes, TX",14730
"48257","Kaufman, TX",23815
"48259","Kendall, TX",28471
"48261","Kenedy, TX",27262
"48263","Kent, TX",20042
"48265","Kerr, TX",25087
"48267","Kimble, TX",19286
"48269","King, TX",17500
"48271","Kinney, TX",16204
"48273","Kleberg, TX",17903
"48275","Knox, TX",19948
"48277","Lamar, TX",22395
"48279","Lamb, TX",21095
"48281","Lampasas, TX",22172
"48283","La Salle, TX",13874
"48285","Lavaca, TX",21537
"48287","Lee, TX",20884
"48289","Leon, TX",21218
"48291","Liberty, TX",19866
"48293","Limestone, TX",18726
"48295","Lipscomb, TX",24466
"48297","Live Oak, TX",16895
"48299","Llano, TX",22214
"48301","Loving, TX",51805
"48303","Lubbock, TX",23083
"48305","Lynn, TX",19686
"48307","McCulloch, TX",19657
"48309","McLennan, TX",22287
"48311","McMullen, TX",23845
"48313","Madison, TX",17776
"48315","Marion, TX",16515
"48317","Martin, TX",19876
"48319","Mason, TX",17348
"48321","Matagorda, TX",20715
"48323","Maverick, TX",11501
"48325","Medina, TX",18773
"48327","Menard, TX",16772
"48329","Midland, TX",29091
"48331","Milam, TX",21413
"48333","Mills, TX",20502
"48335","Mitchell, TX",14617
"48337","Montague, TX",20478
"48339","Montgomery, TX",29618
"48341","Moore, TX",22338
"48343","Morris, TX",20565
"48345","Motley, TX",19965
"48347","Nacogdoches, TX",19659
"48349","Navarro, TX",20450
"48351","Newton, TX",15076
"48353","Nolan, TX",19332
"48355","Nueces, TX",23396
"48357","Ochiltree, TX",27887
"48359","Oldham, TX",29191
"48361","Orange, TX",21690
"48363","Palo Pinto, TX",20977
"48365","Panola, TX",19909
"48367","Parker, TX",26838
"48369","Parmer, TX",25951
"48371","Pecos, TX",13589
"48373","Polk, TX",22722
"48375","Potter, TX",21471
"48377","Presidio, TX",14486
"48379","Rains, TX",18483
"48381","Randall, TX",24438
"48383","Reagan, TX",15629
"48385","Real, TX",17789
"48387","Red River, TX",17960
"48389","Reeves, TX",14566
"48391","Refugio, TX",25091
"48393","Roberts, TX",22000
"48395","Robertson, TX",19215
"48397","Rockwall, TX",35253
"48399","Runnels, TX",18819
"48401","Rusk, TX",19497
"48403","Sabine, TX",19545
"48405","San Augustine, TX",17964
"48407","San Jacinto, TX",19146
"48409","San Patricio, TX",18872
"48411","San Saba, TX",17965
"48413","Schleicher, TX",17365
"48415","Scurry, TX",19596
"48417","Shackelford, TX",22708
"48419","Shelby, TX",21859
"48421","Sherman, TX",36543
"48423","Smith, TX",25192
"48425","Somervell, TX",22978
"48427","Starr, TX",9724
"48429","Stephens, TX",19504
"48431","Sterling, TX",17255
"48433","Stonewall, TX",21986
"48435","Sutton, TX",19274
"48437","Swisher, TX",25070
"48439","Tarrant, TX",28652
"48441","Taylor, TX",23671
"48443","Terrell, TX",23121
"48445","Terry, TX",21098
"48447","Throckmorton, TX",24694
"48449","Titus, TX",20994
"48451","Tom Green, TX",23092
"48453","Travis, TX",34245
"48455","Trinity, TX",17743
"48457","Tyler, TX",17358
"48459","Upshur, TX",19977
"48461","Upton, TX",19119
"48463","Uvalde, TX",18430
"48465","Val Verde, TX",16833
"48467","Van Zandt, TX",20431
"48469","Victoria, TX",24599
"48471","Walker, TX",15754
"48473","Waller, TX",19130
"48475","Ward, TX",17271
"48477","Washington, TX",25916
"48479","Webb, TX",14792
"48481","Wharton, TX",21702
"48483","Wheeler, TX",27394
"48485","Wichita, TX",23628
"48487","Wilbarger, TX",22072
"48489","Willacy, TX",13734
"48491","Williamson, TX",30049
"48493","Wilson, TX",21266
"48495","Winkler, TX",17304
"48497","Wise, TX",22751
"48499","Wood, TX",18811
"48501","Yoakum, TX",22833
"48503","Young, TX",22968
"48505","Zapata, TX",11773
"48507","Zavala, TX",11193
"49001","Beaver, UT",19735
"49003","Box Elder, UT",20276
"49005","Cache, UT",18758
"49007","Carbon, UT",21066
"49009","Daggett, UT",16371
"49011","Davis, UT",24055
"49013","Duchesne, UT",17427
"49015","Emery, UT",17416
"49017","Garfield, UT",18752
"49019","Grand, UT",20538
"49021","Iron, UT",16412
"49023","Juab, UT",17485
"49025","Kane, UT",20570
"49027","Millard, UT",17298
"49029","Morgan, UT",21113
"49031","Piute, UT",16671
"49033","Rich, UT",20980
"49035","Salt Lake, UT",26209
"49037","San Juan, UT",13742
"49039","Sanpete, UT",15078
"49041","Sevier, UT",17366
"49043","Summit, UT",44072
"49045","Tooele, UT",19846
"49047","Uintah, UT",16340
"49049","Utah, UT",19019
"49051","Wasatch, UT",21023
"49053","Washington, UT",18530
"49055","Wayne, UT",18129
"49057","Weber, UT",22741
"50001","Addison, VT",24909
"50003","Bennington, VT",28330
"50005","Caledonia, VT",22051
"50007","Chittenden, VT",31378
"50009","Essex, VT",18473
"50011","Franklin, VT",23031
"50013","Grand Isle, VT",26891
"50015","Lamoille, VT",25989
"50017","Orange, VT",23469
"50019","Orleans, VT",20906
"50021","Rutland, VT",25344
"50023","Washington, VT",27353
"50025","Windham, VT",27049
"50027","Windsor, VT",28810
"51001","Accomack, VA",19050
"51007","Amelia, VA",23203
"51009","Amherst, VA",20348
"51011","Appomattox, VA",22734
"51013","Arlington, VA",48412
"51017","Bath, VA",24940
"51019","Bedford, VA*",27588
"51021","Bland, VA",17452
"51023","Botetourt, VA",28084
"51025","Brunswick, VA",17082
"51027","Buchanan, VA",19093
"51029","Buckingham, VA",16043
"51033","Caroline, VA",23497
"51036","Charles City, VA",23091
"51037","Charlotte, VA",18982
"51041","Chesterfield, VA",31121
"51043","Clarke, VA",28352
"51045","Craig, VA",21155
"51047","Culpeper, VA",24575
"51049","Cumberland, VA",20058
"51051","Dickenson, VA",17104
"51057","Essex, VA",21900
"51061","Fauquier, VA",38023
"51063","Floyd, VA",19634
"51065","Fluvanna, VA",22398
"51067","Franklin, VA",22634
"51071","Giles, VA",21285
"51073","Gloucester, VA",24652
"51075","Goochland, VA",40875
"51077","Grayson, VA",17532
"51079","Greene, VA",21448
"51083","Halifax, VA",19382
"51085","Hanover, VA",30508
"51087","Henrico, VA",34133
"51091","Highland, VA",22250
"51093","Isle of Wight, VA",26103
"51097","King and Queen, VA",23111
"51099","King George, VA",26979
"51101","King William, VA",25910
"51103","Lancaster, VA",30130
"51105","Lee, VA",17508
"51107","Loudoun, VA",40506
"51109","Louisa, VA",24933
"51111","Lunenburg, VA",17249
"51113","Madison, VA",23058
"51115","Mathews, VA",28753
"51117","Mecklenburg, VA",20144
"51119","Middlesex, VA",25545
"51125","Nelson, VA",24213
"51127","New Kent, VA",26695
"51131","Northampton, VA",20754
"51133","Northumberland, VA",24372
"51135","Nottoway, VA",21063
"51137","Orange, VA",24446
"51139","Page, VA",20670
"51141","Patrick, VA",18239
"51145","Powhatan, VA",26272
"51147","Prince Edward, VA",16557
"51155","Pulaski, VA",22274
"51157","Rappahannock, VA",25867
"51159","Richmond, VA",17212
"51167","Russell, VA",17876
"51169","Scott, VA",17397
"51171","Shenandoah, VA",23411
"51173","Smyth, VA",19848
"51179","Stafford, VA",27421
"51181","Surry, VA",20050
"51183","Sussex, VA",18245
"51185","Tazewell, VA",19836
"51187","Warren, VA",24707
"51193","Westmoreland, VA",22875
"51197","Wythe, VA",20080
"51510","Alexandria (Independent City), VA",48871
"51550","Chesapeake (Independent City), VA",26746
"51650","Hampton (Independent City), VA",24256
"51700","Newport News (Independent City), VA",22000
"51710","Norfolk (Independent City), VA",23814
"51740","Portsmouth (Independent City), VA",21072
"51760","Richmond (Independent City), VA",29765
"51770","Roanoke (Independent City), VA",24204
"51800","Suffolk (Independent City), VA",24572
"51810","Virginia Beach (Independent City), VA",30551
"51901","Albemarle + Charlottesville, VA*",33452
"51903","Alleghany + Covington, VA*",21971
"51907","Augusta, Staunton + Waynesboro, VA*",23607
"51911","Campbell + Lynchburg, VA*",23246
"51913","Carroll + Galax, VA*",19940
"51918","Dinwiddie, Colonial Heights + Petersburg, VA*",24926
"51919","Fairfax, Fairfax City + Falls Church, VA*",49834
"51921","Frederick + Winchester, VA*",26356
"51923","Greensville + Emporia, VA*",17461
"51929","Henry + Martinsville, VA*",21491
"51931","James City + Williamsburg, VA*",34555
"51933","Montgomery + Radford, VA*",18962
"51939","Pittsylvania + Danville, VA*",20959
"51941","Prince George + Hopewell, VA*",22745
"51942","Prince William, Manassas + Manassas Park, VA*",29198
"51944","Roanoke + Salem, VA*",30280
"51945","Rockbridge, Buena Vista + Lexington, VA*",21295
"51947","Rockingham + Harrisonburg, VA*",21820
"51949","Southampton + Franklin, VA*",22830
"51951","Spotsylvania + Fredericksburg, VA*",26683
"51953","Washington + Bristol, VA*",22752
"51955","Wise + Norton, VA*",18977
"51958","York + Poquoson, VA*",29963
"53001","Adams, WA",20620
"53003","Asotin, WA",23536
"53005","Benton, WA",25850
"53007","Chelan, WA",24715
"53009","Clallam, WA",24226
"53011","Clark, WA",27715
"53013","Columbia, WA",25404
"53015","Cowlitz, WA",22969
"53017","Douglas, WA",20408
"53019","Ferry, WA",17666
"53021","Franklin, WA",19031
"53023","Garfield, WA",21724
"53025","Grant, WA",20115
"53027","Grays Harbor, WA",21300
"53029","Island, WA",27914
"53031","Jefferson, WA",28308
"53033","King, WA",43645
"53035","Kitsap, WA",28232
"53037","Kittitas, WA",22975
"53039","Klickitat, WA",21890
"53041","Lewis, WA",22067
"53043","Lincoln, WA",22075
"53045","Mason, WA",22554
"53047","Okanogan, WA",20528
"53049","Pacific, WA",20608
"53051","Pend Oreille, WA",19938
"53053","Pierce, WA",27081
"53055","San Juan, WA",39865
"53057","Skagit, WA",26896
"53059","Skamania, WA",22426
"53061","Snohomish, WA",29190
"53063","Spokane, WA",24943
"53065","Stevens, WA",18995
"53067","Thurston, WA",27962
"53069","Wahkiakum, WA",22135
"53071","Walla Walla, WA",22104
"53073","Whatcom, WA",24054
"53075","Whitman, WA",18688
"53077","Yakima, WA",21363
"54001","Barbour, WV",16054
"54003","Berkeley, WV",21663
"54005","Boone, WV",18016
"54007","Braxton, WV",15122
"54009","Brooke, WV",20946
"54011","Cabell, WV",22900
"54013","Calhoun, WV",14382
"54015","Clay, WV",13196
"54017","Doddridge, WV",16077
"54019","Fayette, WV",17727
"54021","Gilmer, WV",16510
"54023","Grant, WV",19978
"54025","Greenbrier, WV",20469
"54027","Hampshire, WV",17791
"54029","Hancock, WV",21068
"54031","Hardy, WV",19392
"54033","Harrison, WV",23205
"54035","Jackson, WV",19224
"54037","Jefferson, WV",25134
"54039","Kanawha, WV",27501
"54041","Lewis, WV",17925
"54043","Lincoln, WV",14254
"54045","Logan, WV",18782
"54047","McDowell, WV",14285
"54049","Marion, WV",20963
"54051","Marshall, WV",19795
"54053","Mason, WV",18020
"54055","Mercer, WV",20953
"54057","Mineral, WV",19538
"54059","Mingo, WV",18382
"54061","Monongalia, WV",22402
"54063","Monroe, WV",16077
"54065","Morgan, WV",21954
"54067","Nicholas, WV",18337
"54069","Ohio, WV",26922
"54071","Pendleton, WV",20323
"54073","Pleasants, WV",20067
"54075","Pocahontas, WV",19553
"54077","Preston, WV",17037
"54079","Putnam, WV",24054
"54081","Raleigh, WV",21145
"54083","Randolph, WV",19660
"54085","Ritchie, WV",17486
"54087","Roane, WV",15771
"54089","Summers, WV",15688
"54091","Taylor, WV",16180
"54093","Tucker, WV",17791
"54095","Tyler, WV",16478
"54097","Upshur, WV",16778
"54099","Wayne, WV",16619
"54101","Webster, WV",13453
"54103","Wetzel, WV",20112
"54105","Wirt, WV",15194
"54107","Wood, WV",23177
"54109","Wyoming, WV",15955
"55001","Adams, WI",21547
"55003","Ashland, WI",21201
"55005","Barron, WI",23406
"55007","Bayfield, WI",21529
"55009","Brown, WI",29272
"55011","Buffalo, WI",27172
"55013","Burnett, WI",21012
"55015","Calumet, WI",28391
"55017","Chippewa, WI",24845
"55019","Clark, WI",21095
"55021","Columbia, WI",28027
"55023","Crawford, WI",20160
"55025","Dane, WI",32638
"55027","Dodge, WI",24408
"55029","Door, WI",29128
"55031","Douglas, WI",22333
"55033","Dunn, WI",21708
"55035","Eau Claire, WI",25587
"55037","Florence, WI",21063
"55039","Fond du Lac, WI",27203
"55041","Forest, WI",19872
"55043","Grant, WI",22107
"55045","Green, WI",26632
"55047","Green Lake, WI",26084
"55049","Iowa, WI",24815
"55051","Iron, WI",20439
"55053","Jackson, WI",23948
"55055","Jefferson, WI",27450
"55057","Juneau, WI",21125
"55059","Kenosha, WI",26614
"55061","Kewaunee, WI",24484
"55063","La Crosse, WI",26124
"55065","Lafayette, WI",21618
"55067","Langlade, WI",21874
"55069","Lincoln, WI",22845
"55071","Manitowoc, WI",25699
"55073","Marathon, WI",26433
"55075","Marinette, WI",22639
"55077","Marquette, WI",18921
"55078","Menominee, WI*",16306
"55079","Milwaukee, WI",27793
"55081","Monroe, WI",21405
"55083","Oconto, WI",23751
"55085","Oneida, WI",25550
"55087","Outagamie, WI",28058
"55089","Ozaukee, WI",45305
"55091","Pepin, WI",22919
"55093","Pierce, WI",25174
"55095","Polk, WI",23029
"55097","Portage, WI",24569
"55099","Price, WI",22459
"55101","Racine, WI",27969
"55103","Richland, WI",21008
"55105","Rock, WI",25770
"55107","Rusk, WI",19243
"55109","St. Croix, WI",29606
"55111","Sauk, WI",26065
"55113","Sawyer, WI",22050
"55115","Shawano, WI*",22367
"55117","Sheboygan, WI",28106
"55119","Taylor, WI",21021
"55121","Trempealeau, WI",23791
"55123","Vernon, WI",19218
"55125","Vilas, WI",24577
"55127","Walworth, WI",26038
"55129","Washburn, WI",21387
"55131","Washington, WI",32480
"55133","Waukesha, WI",39657
"55135","Waupaca, WI",24981
"55137","Waushara, WI",20604
"55139","Winnebago, WI",27568
"55141","Wood, WI",27008
"55901","Shawano (includes Menominee), WI","(NA)"
"56001","Albany, WY",21809
"56003","Big Horn, WY",20336
"56005","Campbell, WY",25754
"56007","Carbon, WY",22753
"56009","Converse, WY",24624
"56011","Crook, WY",24589
"56013","Fremont, WY",22300
"56015","Goshen, WY",22307
"56017","Hot Springs, WY",22395
"56019","Johnson, WY",24910
"56021","Laramie, WY",27195
"56023","Lincoln, WY",22897
"56025","Natrona, WY",28517
"56027","Niobrara, WY",24555
"56029","Park, WY",26661
"56031","Platte, WY",24269
"56033","Sheridan, WY",30917
"56035","Sublette, WY",26783
"56037","Sweetwater, WY",27258
"56039","Teton, WY",68138
"56041","Uinta, WY",22267
"56043","Washakie, WY",24961
"56045","Weston, WY",24751
"Legend / Footnotes:"
"2/ Per capita personal income was computed using Census Bureau midyear population estimates. Estimates for 2010-2015 reflect county population estimates available as of March 2016."
"* Cibola, NM was separated from Valencia in June 1981, but in these estimates, Valencia includes Cibola through the end of 1981."
"* La Paz County, AZ was separated from Yuma County on January 1, 1983. The Yuma, AZ MSA contains the area that became La Paz County, AZ through 1982 and excludes it beginning with 1983."
"* Shawano, WI and Menominee, WI are combined as Shawano (incl. Menominee), WI for the years prior to 1989."
"* Broomfield County, CO, was created from parts of Adams, Boulder, Jefferson, and Weld counties effective November 15, 2001. Estimates for Broomfield county begin with 2002."
"* Estimates for 1979 forward reflect Alaska Census Areas as defined by the Census Bureau; those for prior years reflect Alaska Census Divisions as defined in the 1970 Decennial Census. Estimates from 1988 forward separate Aleutian Islands Census Area into Aleutians East Borough and Aleutians West Census Area. Estimates for 1991 forward separate Denali Borough from Yukon-Koyukuk Census Area and Lake and Peninsula Borough from Dillingham Census Area. Estimates from 1993 forward separate Skagway-Yakutat-Angoon Census Area into Skagway-Hoonah-Angoon Census Area and Yakutat Borough. Estimates from 2008 forward separate Skagway-Hoonah-Angoon Census Area into Skagway Municipality and Hoonah-Angoon Census Area. Estimates from 2009 forward separate Wrangell-Petersburg Census Area into Petersburg Census Area and Wrangell City and Borough. In addition, a part of the Prince of Wales-Outer Ketchikan Census Area was annexed by Ketchikan Gateway Borough and part (Meyers Chuck Area) was included in the new Wrangell City and Borough. The remainder of the Prince of Wales-Outer Ketchikan Census Area was renamed Prince of Wales-Hyder Census Area. Petersburg Borough was created from part of former Petersburg Census Area and part of Hoonah-Angoon Census Area for 2013 forward. Prince of Wales-Hyder Census Area added part of the former Petersburg Census Area beginning in 2013. For years 2009-2012, Petersburg Borough reflects the geographic boundaries of the former Petersburg Census Area. Wade Hampton Census Area was renamed Kusilvak Census Area on July 1, 2015."
"* Virginia combination areas consist of one or two independent cities with 1980 populations of less than 100,000 combined with an adjacent county. The county name appears first, followed by the city name(s). Separate estimates for the jurisdictions making up the combination area are not available. Bedford County, VA includes the independent city of Bedford for all years."
"* Shannon County, SD was renamed to Oglala Lakota County, SD on May 1, 2015."
"Note-- All dollar estimates are in current dollars (not adjusted for inflation)."
"(NA) Data not available for this year."
"Last updated: November 17, 2016-- new estimates for 2015; revised estimates for 1998-2014."
