"CA1 Personal Income Summary: Personal Income, Population, Per Capita Personal Income"
"Per capita personal income (dollars) 2/" 
"Bureau of Economic Analysis" 
"County"
"GeoFips","GeoName","2002"
"01001","Autauga, AL",24280
"01003","Baldwin, AL",27599
"01005","Barbour, AL",20108
"01007","Bibb, AL",17919
"01009","Blount, AL",20667
"01011","Bullock, AL",17967
"01013","Butler, AL",21871
"01015","Calhoun, AL",24091
"01017","Chambers, AL",22137
"01019","Cherokee, AL",20036
"01021","Chilton, AL",21145
"01023","Choctaw, AL",20624
"01025","Clarke, AL",20461
"01027","Clay, AL",20744
"01029","Cleburne, AL",20983
"01031","Coffee, AL",26506
"01033","Colbert, AL",22212
"01035","Conecuh, AL",20174
"01037","Coosa, AL",19394
"01039","Covington, AL",22390
"01041","Crenshaw, AL",21040
"01043","Cullman, AL",23432
"01045","Dale, AL",22689
"01047","Dallas, AL",20840
"01049","DeKalb, AL",21342
"01051","Elmore, AL",25317
"01053","Escambia, AL",18897
"01055","Etowah, AL",23269
"01057","Fayette, AL",18994
"01059","Franklin, AL",21147
"01061","Geneva, AL",22229
"01063","Greene, AL",18817
"01065","Hale, AL",18372
"01067","Henry, AL",22835
"01069","Houston, AL",27541
"01071","Jackson, AL",21954
"01073","Jefferson, AL",31935
"01075","Lamar, AL",20405
"01077","Lauderdale, AL",23499
"01079","Lawrence, AL",19328
"01081","Lee, AL",22250
"01083","Limestone, AL",23711
"01085","Lowndes, AL",17094
"01087","Macon, AL",17402
"01089","Madison, AL",30510
"01091","Marengo, AL",22494
"01093","Marion, AL",19640
"01095","Marshall, AL",23958
"01097","Mobile, AL",23453
"01099","Monroe, AL",19943
"01101","Montgomery, AL",29378
"01103","Morgan, AL",25350
"01105","Perry, AL",18156
"01107","Pickens, AL",20427
"01109","Pike, AL",22997
"01111","Randolph, AL",19861
"01113","Russell, AL",21152
"01115","St. Clair, AL",23149
"01117","Shelby, AL",35130
"01119","Sumter, AL",18211
"01121","Talladega, AL",21786
"01123","Tallapoosa, AL",21606
"01125","Tuscaloosa, AL",25733
"01127","Walker, AL",23721
"01129","Washington, AL",18593
"01131","Wilcox, AL",17641
"01133","Winston, AL",21304
"02010","Aleutian Islands Census Area, AK*","(NA)"
"02013","Aleutians East Borough, AK*",27310
"02016","Aleutians West Census Area, AK*",24694
"02020","Anchorage Municipality, AK",39082
"02050","Bethel Census Area, AK*",25706
"02060","Bristol Bay Borough, AK",32743
"02068","Denali Borough, AK*",38983
"02070","Dillingham Census Area, AK*",26941
"02090","Fairbanks North Star Borough, AK",30963
"02100","Haines Borough, AK",30850
"02105","Hoonah-Angoon Census Area, AK*","(NA)"
"02110","Juneau City and Borough, AK",38650
"02122","Kenai Peninsula Borough, AK",30599
"02130","Ketchikan Gateway Borough, AK*",38937
"02150","Kodiak Island Borough, AK",30965
"02158","Kusilvak Census Area, AK*",17822
"02164","Lake and Peninsula Borough, AK*",29713
"02170","Matanuska-Susitna Borough, AK",30711
"02180","Nome Census Area, AK*",26134
"02185","North Slope Borough, AK",29574
"02188","Northwest Arctic Borough, AK",25492
"02195","Petersburg Borough, AK*","(NA)"
"02198","Prince of Wales-Hyder Census Area, AK*","(NA)"
"02201","Prince of Wales-Outer Ketchikan Census Area, AK*",22322
"02220","Sitka City and Borough, AK",33314
"02230","Skagway Municipality, AK*","(NA)"
"02231","Skagway-Yakutat-Angoon Census Area, AK*","(NA)"
"02232","Skagway-Hoonah-Angoon Census Area, AK*",32321
"02240","Southeast Fairbanks Census Area, AK*",25029
"02261","Valdez-Cordova Census Area, AK*",34335
"02275","Wrangell City and Borough, AK*","(NA)"
"02280","Wrangell-Petersburg Census Area, AK*",35762
"02282","Yakutat City and Borough, AK*",31805
"02290","Yukon-Koyukuk Census Area, AK*",23510
"02901","Aleutian Islands Division, AK*","(NA)"
"02903","Angoon Division, AK*","(NA)"
"02904","Barrow-North Slope Division, AK*","(NA)"
"02905","Bethel Division, AK*","(NA)"
"02907","Bristol Bay Division, AK*","(NA)"
"02908","Cordova-McCarthy Division, AK*","(NA)"
"02910","Haines Division, AK*","(NA)"
"02912","Kenai-Cook Inlet Division, AK*","(NA)"
"02916","Kuskokwim Division, AK*","(NA)"
"02919","Outer Ketchikan Division, AK*","(NA)"
"02920","Prince of Wales Division, AK*","(NA)"
"02921","Seward Division, AK*","(NA)"
"02922","Sitka Division, AK*","(NA)"
"02923","Skagway-Yakutat Division, AK*","(NA)"
"02924","Southeast Fairbanks Division, AK*","(NA)"
"02925","Upper Yukon Division, AK*","(NA)"
"02926","Valdez-Chitina-Whittier Division, AK*","(NA)"
"02928","Wrangell-Petersburg Division, AK*","(NA)"
"02929","Yukon-Koyukuk Division, AK*","(NA)"
"04001","Apache, AZ",17025
"04003","Cochise, AZ",23339
"04005","Coconino, AZ",25276
"04007","Gila, AZ",20757
"04009","Graham, AZ",16265
"04011","Greenlee, AZ",20099
"04012","La Paz, AZ*",18556
"04013","Maricopa, AZ",29802
"04015","Mohave, AZ",20667
"04017","Navajo, AZ",17463
"04019","Pima, AZ",26639
"04021","Pinal, AZ",19428
"04023","Santa Cruz, AZ",19392
"04025","Yavapai, AZ",22529
"04027","Yuma, AZ*",19987
"05001","Arkansas, AR",23452
"05003","Ashley, AR",21537
"05005","Baxter, AR",23620
"05007","Benton, AR",34314
"05009","Boone, AR",21857
"05011","Bradley, AR",20382
"05013","Calhoun, AR",20623
"05015","Carroll, AR",18950
"05017","Chicot, AR",18470
"05019","Clark, AR",20169
"05021","Clay, AR",19761
"05023","Cleburne, AR",22955
"05025","Cleveland, AR",23182
"05027","Columbia, AR",21684
"05029","Conway, AR",22494
"05031","Craighead, AR",23208
"05033","Crawford, AR",19288
"05035","Crittenden, AR",21294
"05037","Cross, AR",19484
"05039","Dallas, AR",20149
"05041","Desha, AR",19770
"05043","Drew, AR",20594
"05045","Faulkner, AR",23390
"05047","Franklin, AR",20897
"05049","Fulton, AR",17196
"05051","Garland, AR",24561
"05053","Grant, AR",23907
"05055","Greene, AR",19736
"05057","Hempstead, AR",20798
"05059","Hot Spring, AR",19591
"05061","Howard, AR",21135
"05063","Independence, AR",22182
"05065","Izard, AR",19734
"05067","Jackson, AR",21193
"05069","Jefferson, AR",21653
"05071","Johnson, AR",19678
"05073","Lafayette, AR",21064
"05075","Lawrence, AR",19402
"05077","Lee, AR",15509
"05079","Lincoln, AR",15864
"05081","Little River, AR",20583
"05083","Logan, AR",20234
"05085","Lonoke, AR",24606
"05087","Madison, AR",20957
"05089","Marion, AR",17803
"05091","Miller, AR",21998
"05093","Mississippi, AR",30619
"05095","Monroe, AR",18890
"05097","Montgomery, AR",18726
"05099","Nevada, AR",20951
"05101","Newton, AR",17126
"05103","Ouachita, AR",20034
"05105","Perry, AR",22080
"05107","Phillips, AR",18477
"05109","Pike, AR",19687
"05111","Poinsett, AR",20461
"05113","Polk, AR",17694
"05115","Pope, AR",22213
"05117","Prairie, AR",19808
"05119","Pulaski, AR",32747
"05121","Randolph, AR",19017
"05123","St. Francis, AR",17661
"05125","Saline, AR",25221
"05127","Scott, AR",19155
"05129","Searcy, AR",17179
"05131","Sebastian, AR",25567
"05133","Sevier, AR",19869
"05135","Sharp, AR",18041
"05137","Stone, AR",18006
"05139","Union, AR",28823
"05141","Van Buren, AR",19344
"05143","Washington, AR",23517
"05145","White, AR",20291
"05147","Woodruff, AR",18955
"05149","Yell, AR",21006
"06001","Alameda, CA",39905
"06003","Alpine, CA",33036
"06005","Amador, CA",27783
"06007","Butte, CA",25060
"06009","Calaveras, CA",28850
"06011","Colusa, CA",24407
"06013","Contra Costa, CA",45292
"06015","Del Norte, CA",18895
"06017","El Dorado, CA",38647
"06019","Fresno, CA",24596
"06021","Glenn, CA",21789
"06023","Humboldt, CA",26148
"06025","Imperial, CA",22763
"06027","Inyo, CA",29973
"06029","Kern, CA",23262
"06031","Kings, CA",19550
"06033","Lake, CA",26767
"06035","Lassen, CA",20068
"06037","Los Angeles, CA",31374
"06039","Madera, CA",20981
"06041","Marin, CA",74071
"06043","Mariposa, CA",24934
"06045","Mendocino, CA",28322
"06047","Merced, CA",21774
"06049","Modoc, CA",25310
"06051","Mono, CA",31162
"06053","Monterey, CA",31887
"06055","Napa, CA",41394
"06057","Nevada, CA",33823
"06059","Orange, CA",39052
"06061","Placer, CA",39592
"06063","Plumas, CA",29311
"06065","Riverside, CA",25745
"06067","Sacramento, CA",31524
"06069","San Benito, CA",29768
"06071","San Bernardino, CA",24062
"06073","San Diego, CA",35224
"06075","San Francisco, CA",54594
"06077","San Joaquin, CA",26412
"06079","San Luis Obispo, CA",31191
"06081","San Mateo, CA",54069
"06083","Santa Barbara, CA",33509
"06085","Santa Clara, CA",47390
"06087","Santa Cruz, CA",39401
"06089","Shasta, CA",27795
"06091","Sierra, CA",25817
"06093","Siskiyou, CA",25432
"06095","Solano, CA",31182
"06097","Sonoma, CA",38245
"06099","Stanislaus, CA",25418
"06101","Sutter, CA",25619
"06103","Tehama, CA",21949
"06105","Trinity, CA",23299
"06107","Tulare, CA",21683
"06109","Tuolumne, CA",26291
"06111","Ventura, CA",35639
"06113","Yolo, CA",29169
"06115","Yuba, CA",23009
"08001","Adams, CO*",28319
"08003","Alamosa, CO",24364
"08005","Arapahoe, CO",40194
"08007","Archuleta, CO",25056
"08009","Baca, CO",21583
"08011","Bent, CO",18206
"08013","Boulder, CO*",39539
"08014","Broomfield, CO*",55755
"08015","Chaffee, CO",23329
"08017","Cheyenne, CO",26447
"08019","Clear Creek, CO",37884
"08021","Conejos, CO",17769
"08023","Costilla, CO",22057
"08025","Crowley, CO",14714
"08027","Custer, CO",27018
"08029","Delta, CO",22491
"08031","Denver, CO",41510
"08033","Dolores, CO",20290
"08035","Douglas, CO",42845
"08037","Eagle, CO",42966
"08039","Elbert, CO",35485
"08041","El Paso, CO",31468
"08043","Fremont, CO",20097
"08045","Garfield, CO",31049
"08047","Gilpin, CO",46547
"08049","Grand, CO",28535
"08051","Gunnison, CO",26527
"08053","Hinsdale, CO",24603
"08055","Huerfano, CO",20456
"08057","Jackson, CO",25280
"08059","Jefferson, CO*",40340
"08061","Kiowa, CO",26347
"08063","Kit Carson, CO",22940
"08065","Lake, CO",22238
"08067","La Plata, CO",29351
"08069","Larimer, CO",32006
"08071","Las Animas, CO",23159
"08073","Lincoln, CO",18932
"08075","Logan, CO",24766
"08077","Mesa, CO",27763
"08079","Mineral, CO",31851
"08081","Moffat, CO",25336
"08083","Montezuma, CO",23780
"08085","Montrose, CO",24361
"08087","Morgan, CO",23775
"08089","Otero, CO",23718
"08091","Ouray, CO",35393
"08093","Park, CO",30820
"08095","Phillips, CO",24126
"08097","Pitkin, CO",80893
"08099","Prowers, CO",22873
"08101","Pueblo, CO",24692
"08103","Rio Blanco, CO",24793
"08105","Rio Grande, CO",25312
"08107","Routt, CO",47540
"08109","Saguache, CO",20252
"08111","San Juan, CO",37436
"08113","San Miguel, CO",46406
"08115","Sedgwick, CO",24652
"08117","Summit, CO",36138
"08119","Teller, CO",30264
"08121","Washington, CO",20410
"08123","Weld, CO*",25168
"08125","Yuma, CO",30367
"09001","Fairfield, CT",64812
"09003","Hartford, CT",39191
"09005","Litchfield, CT",41746
"09007","Middlesex, CT",40592
"09009","New Haven, CT",37658
"09011","New London, CT",36208
"09013","Tolland, CT",36230
"09015","Windham, CT",30789
"10001","Kent, DE",27963
"10003","New Castle, DE",43253
"10005","Sussex, DE",28998
"11001","District of Columbia, DC",45551
"12001","Alachua, FL",26470
"12003","Baker, FL",21765
"12005","Bay, FL",27959
"12007","Bradford, FL",20265
"12009","Brevard, FL",29052
"12011","Broward, FL",33208
"12013","Calhoun, FL",17602
"12015","Charlotte, FL",26023
"12017","Citrus, FL",23880
"12019","Clay, FL",29201
"12021","Collier, FL",47783
"12023","Columbia, FL",21954
"12027","DeSoto, FL",17225
"12029","Dixie, FL",17207
"12031","Duval, FL",30517
"12033","Escambia, FL",26279
"12035","Flagler, FL",27508
"12037","Franklin, FL",25347
"12039","Gadsden, FL",21921
"12041","Gilchrist, FL",22195
"12043","Glades, FL",18017
"12045","Gulf, FL",19524
"12047","Hamilton, FL",13845
"12049","Hardee, FL",18896
"12051","Hendry, FL",21710
"12053","Hernando, FL",24865
"12055","Highlands, FL",22612
"12057","Hillsborough, FL",30118
"12059","Holmes, FL",18954
"12061","Indian River, FL",42708
"12063","Jackson, FL",21104
"12065","Jefferson, FL",25346
"12067","Lafayette, FL",15078
"12069","Lake, FL",27167
"12071","Lee, FL",32013
"12073","Leon, FL",29570
"12075","Levy, FL",20823
"12077","Liberty, FL",20326
"12079","Madison, FL",18771
"12081","Manatee, FL",32807
"12083","Marion, FL",24585
"12085","Martin, FL",45536
"12086","Miami-Dade, FL",30948
"12087","Monroe, FL",41759
"12089","Nassau, FL",33855
"12091","Okaloosa, FL",32631
"12093","Okeechobee, FL",19166
"12095","Orange, FL",27283
"12097","Osceola, FL",21998
"12099","Palm Beach, FL",46585
"12101","Pasco, FL",25093
"12103","Pinellas, FL",33547
"12105","Polk, FL",25639
"12107","Putnam, FL",20996
"12109","St. Johns, FL",40104
"12111","St. Lucie, FL",24411
"12113","Santa Rosa, FL",26950
"12115","Sarasota, FL",40724
"12117","Seminole, FL",32177
"12119","Sumter, FL",17897
"12121","Suwannee, FL",20871
"12123","Taylor, FL",23223
"12125","Union, FL",14839
"12127","Volusia, FL",26850
"12129","Wakulla, FL",21205
"12131","Walton, FL",23363
"12133","Washington, FL",19380
"13001","Appling, GA",19235
"13003","Atkinson, GA",17846
"13005","Bacon, GA",19455
"13007","Baker, GA",24456
"13009","Baldwin, GA",22908
"13011","Banks, GA",23070
"13013","Barrow, GA",24281
"13015","Bartow, GA",26648
"13017","Ben Hill, GA",22162
"13019","Berrien, GA",22161
"13021","Bibb, GA",29100
"13023","Bleckley, GA",24943
"13025","Brantley, GA",19794
"13027","Brooks, GA",21763
"13029","Bryan, GA",27849
"13031","Bulloch, GA",20689
"13033","Burke, GA",19075
"13035","Butts, GA",23265
"13037","Calhoun, GA",19583
"13039","Camden, GA",23437
"13043","Candler, GA",20955
"13045","Carroll, GA",23253
"13047","Catoosa, GA",23691
"13049","Charlton, GA",16573
"13051","Chatham, GA",29226
"13053","Chattahoochee, GA",16610
"13055","Chattooga, GA",19502
"13057","Cherokee, GA",31477
"13059","Clarke, GA",22459
"13061","Clay, GA",27647
"13063","Clayton, GA",21465
"13065","Clinch, GA",18049
"13067","Cobb, GA",37460
"13069","Coffee, GA",21543
"13071","Colquitt, GA",20448
"13073","Columbia, GA",31216
"13075","Cook, GA",19527
"13077","Coweta, GA",28145
"13079","Crawford, GA",20809
"13081","Crisp, GA",20900
"13083","Dade, GA",22273
"13085","Dawson, GA",27979
"13087","Decatur, GA",22624
"13089","DeKalb, GA",32933
"13091","Dodge, GA",19941
"13093","Dooly, GA",18868
"13095","Dougherty, GA",23414
"13097","Douglas, GA",26588
"13099","Early, GA",23475
"13101","Echols, GA",18890
"13103","Effingham, GA",24758
"13105","Elbert, GA",21744
"13107","Emanuel, GA",20839
"13109","Evans, GA",21880
"13111","Fannin, GA",21774
"13113","Fayette, GA",38567
"13115","Floyd, GA",25724
"13117","Forsyth, GA",36488
"13119","Franklin, GA",23227
"13121","Fulton, GA",52968
"13123","Gilmer, GA",21712
"13125","Glascock, GA",22642
"13127","Glynn, GA",30612
"13129","Gordon, GA",22870
"13131","Grady, GA",21777
"13133","Greene, GA",24078
"13135","Gwinnett, GA",30933
"13137","Habersham, GA",23979
"13139","Hall, GA",25644
"13141","Hancock, GA",15852
"13143","Haralson, GA",22085
"13145","Harris, GA",31321
"13147","Hart, GA",21953
"13149","Heard, GA",19394
"13151","Henry, GA",29107
"13153","Houston, GA",28450
"13155","Irwin, GA",21804
"13157","Jackson, GA",25159
"13159","Jasper, GA",24236
"13161","Jeff Davis, GA",20559
"13163","Jefferson, GA",19867
"13165","Jenkins, GA",19022
"13167","Johnson, GA",17006
"13169","Jones, GA",23659
"13171","Lamar, GA",22840
"13173","Lanier, GA",19308
"13175","Laurens, GA",23088
"13177","Lee, GA",27410
"13179","Liberty, GA",19538
"13181","Lincoln, GA",20511
"13183","Long, GA",17672
"13185","Lowndes, GA",24341
"13187","Lumpkin, GA",22136
"13189","McDuffie, GA",23905
"13191","McIntosh, GA",18675
"13193","Macon, GA",18585
"13195","Madison, GA",24042
"13197","Marion, GA",20366
"13199","Meriwether, GA",20357
"13201","Miller, GA",24680
"13205","Mitchell, GA",22097
"13207","Monroe, GA",25248
"13209","Montgomery, GA",19281
"13211","Morgan, GA",28534
"13213","Murray, GA",20456
"13215","Muscogee, GA",29092
"13217","Newton, GA",23953
"13219","Oconee, GA",32801
"13221","Oglethorpe, GA",22234
"13223","Paulding, GA",24911
"13225","Peach, GA",24006
"13227","Pickens, GA",28515
"13229","Pierce, GA",22161
"13231","Pike, GA",24943
"13233","Polk, GA",20816
"13235","Pulaski, GA",23231
"13237","Putnam, GA",25021
"13239","Quitman, GA",27452
"13241","Rabun, GA",23504
"13243","Randolph, GA",21226
"13245","Richmond, GA",24502
"13247","Rockdale, GA",29382
"13249","Schley, GA",20966
"13251","Screven, GA",19321
"13253","Seminole, GA",23873
"13255","Spalding, GA",23461
"13257","Stephens, GA",23336
"13259","Stewart, GA",19786
"13261","Sumter, GA",21976
"13263","Talbot, GA",21551
"13265","Taliaferro, GA",18010
"13267","Tattnall, GA",18966
"13269","Taylor, GA",20481
"13271","Telfair, GA",18404
"13273","Terrell, GA",22415
"13275","Thomas, GA",25879
"13277","Tift, GA",23459
"13279","Toombs, GA",21616
"13281","Towns, GA",24969
"13283","Treutlen, GA",16893
"13285","Troup, GA",25675
"13287","Turner, GA",20636
"13289","Twiggs, GA",20199
"13291","Union, GA",23159
"13293","Upson, GA",20834
"13295","Walker, GA",22331
"13297","Walton, GA",26316
"13299","Ware, GA",21162
"13301","Warren, GA",18524
"13303","Washington, GA",21292
"13305","Wayne, GA",21367
"13307","Webster, GA",22796
"13309","Wheeler, GA",16298
"13311","White, GA",22252
"13313","Whitfield, GA",40511
"13315","Wilcox, GA",19836
"13317","Wilkes, GA",21028
"13319","Wilkinson, GA",20976
"13321","Worth, GA",22277
"15001","Hawaii, HI",23987
"15003","Honolulu, HI",33587
"15007","Kauai, HI",26475
"15901","Maui + Kalawao, HI",27627
"16001","Ada, ID",34020
"16003","Adams, ID",22706
"16005","Bannock, ID",23200
"16007","Bear Lake, ID",19227
"16009","Benewah, ID",22083
"16011","Bingham, ID",20593
"16013","Blaine, ID",48168
"16015","Boise, ID",24873
"16017","Bonner, ID",22569
"16019","Bonneville, ID",28417
"16021","Boundary, ID",19495
"16023","Butte, ID",19045
"16025","Camas, ID",30223
"16027","Canyon, ID",20634
"16029","Caribou, ID",23082
"16031","Cassia, ID",25551
"16033","Clark, ID",26351
"16035","Clearwater, ID",22886
"16037","Custer, ID",21902
"16039","Elmore, ID",25811
"16041","Franklin, ID",19233
"16043","Fremont (includes Yellowstone Park), ID",20594
"16045","Gem, ID",19900
"16047","Gooding, ID",24917
"16049","Idaho, ID",20772
"16051","Jefferson, ID",21500
"16053","Jerome, ID",23238
"16055","Kootenai, ID",25558
"16057","Latah, ID",25017
"16059","Lemhi, ID",20923
"16061","Lewis, ID",25259
"16063","Lincoln, ID",21505
"16065","Madison, ID",15677
"16067","Minidoka, ID",21066
"16069","Nez Perce, ID",26949
"16071","Oneida, ID",17770
"16073","Owyhee, ID",21337
"16075","Payette, ID",22541
"16077","Power, ID",21515
"16079","Shoshone, ID",21023
"16081","Teton, ID",22290
"16083","Twin Falls, ID",24390
"16085","Valley, ID",29184
"16087","Washington, ID",21440
"17001","Adams, IL",27167
"17003","Alexander, IL",17467
"17005","Bond, IL",25069
"17007","Boone, IL",28439
"17009","Brown, IL",17783
"17011","Bureau, IL",28510
"17013","Calhoun, IL",23828
"17015","Carroll, IL",26211
"17017","Cass, IL",24636
"17019","Champaign, IL",28678
"17021","Christian, IL",26008
"17023","Clark, IL",24040
"17025","Clay, IL",22620
"17027","Clinton, IL",28641
"17029","Coles, IL",25022
"17031","Cook, IL",36855
"17033","Crawford, IL",23638
"17035","Cumberland, IL",24006
"17037","DeKalb, IL",26632
"17039","De Witt, IL",27011
"17041","Douglas, IL",26449
"17043","DuPage, IL",45689
"17045","Edgar, IL",22832
"17047","Edwards, IL",23563
"17049","Effingham, IL",27691
"17051","Fayette, IL",19652
"17053","Ford, IL",29502
"17055","Franklin, IL",22623
"17057","Fulton, IL",24469
"17059","Gallatin, IL",21916
"17061","Greene, IL",21741
"17063","Grundy, IL",37656
"17065","Hamilton, IL",21352
"17067","Hancock, IL",25432
"17069","Hardin, IL",19745
"17071","Henderson, IL",23775
"17073","Henry, IL",27545
"17075","Iroquois, IL",25801
"17077","Jackson, IL",24823
"17079","Jasper, IL",22531
"17081","Jefferson, IL",25269
"17083","Jersey, IL",27098
"17085","Jo Daviess, IL",28780
"17087","Johnson, IL",19698
"17089","Kane, IL",32067
"17091","Kankakee, IL",26731
"17093","Kendall, IL",32551
"17095","Knox, IL",26063
"17097","Lake, IL",48784
"17099","LaSalle, IL",26511
"17101","Lawrence, IL",25205
"17103","Lee, IL",25280
"17105","Livingston, IL",28054
"17107","Logan, IL",23464
"17109","McDonough, IL",22731
"17111","McHenry, IL",36053
"17113","McLean, IL",32419
"17115","Macon, IL",30151
"17117","Macoupin, IL",25714
"17119","Madison, IL",28828
"17121","Marion, IL",25369
"17123","Marshall, IL",28068
"17125","Mason, IL",24919
"17127","Massac, IL",22960
"17129","Menard, IL",29043
"17131","Mercer, IL",25969
"17133","Monroe, IL",31850
"17135","Montgomery, IL",22880
"17137","Morgan, IL",25363
"17139","Moultrie, IL",30932
"17141","Ogle, IL",27117
"17143","Peoria, IL",29302
"17145","Perry, IL",20478
"17147","Piatt, IL",30550
"17149","Pike, IL",22437
"17151","Pope, IL",19764
"17153","Pulaski, IL",20240
"17155","Putnam, IL",27124
"17157","Randolph, IL",21815
"17159","Richland, IL",22708
"17161","Rock Island, IL",28586
"17163","St. Clair, IL",28137
"17165","Saline, IL",23612
"17167","Sangamon, IL",32342
"17169","Schuyler, IL",26175
"17171","Scott, IL",21836
"17173","Shelby, IL",22558
"17175","Stark, IL",25291
"17177","Stephenson, IL",28600
"17179","Tazewell, IL",29454
"17181","Union, IL",23357
"17183","Vermilion, IL",24000
"17185","Wabash, IL",23889
"17187","Warren, IL",23725
"17189","Washington, IL",29200
"17191","Wayne, IL",22261
"17193","White, IL",24692
"17195","Whiteside, IL",24662
"17197","Will, IL",32184
"17199","Williamson, IL",25823
"17201","Winnebago, IL",28205
"17203","Woodford, IL",29009
"18001","Adams, IN",25271
"18003","Allen, IN",30180
"18005","Bartholomew, IN",30094
"18007","Benton, IN",27653
"18009","Blackford, IN",23944
"18011","Boone, IN",39827
"18013","Brown, IN",29640
"18015","Carroll, IN",26378
"18017","Cass, IN",25687
"18019","Clark, IN",28193
"18021","Clay, IN",23081
"18023","Clinton, IN",23814
"18025","Crawford, IN",21387
"18027","Daviess, IN",24225
"18029","Dearborn, IN",33479
"18031","Decatur, IN",26840
"18033","DeKalb, IN",26867
"18035","Delaware, IN",25073
"18037","Dubois, IN",32561
"18039","Elkhart, IN",27876
"18041","Fayette, IN",26640
"18043","Floyd, IN",31656
"18045","Fountain, IN",23577
"18047","Franklin, IN",27757
"18049","Fulton, IN",24393
"18051","Gibson, IN",27178
"18053","Grant, IN",25040
"18055","Greene, IN",23812
"18057","Hamilton, IN",45786
"18059","Hancock, IN",34225
"18061","Harrison, IN",28216
"18063","Hendricks, IN",31573
"18065","Henry, IN",26603
"18067","Howard, IN",28363
"18069","Huntington, IN",26215
"18071","Jackson, IN",25099
"18073","Jasper, IN",25898
"18075","Jay, IN",22725
"18077","Jefferson, IN",23710
"18079","Jennings, IN",22313
"18081","Johnson, IN",32040
"18083","Knox, IN",25553
"18085","Kosciusko, IN",28593
"18087","Lagrange, IN",21579
"18089","Lake, IN",27289
"18091","LaPorte, IN",25878
"18093","Lawrence, IN",25031
"18095","Madison, IN",26510
"18097","Marion, IN",32958
"18099","Marshall, IN",25048
"18101","Martin, IN",24582
"18103","Miami, IN",22016
"18105","Monroe, IN",24962
"18107","Montgomery, IN",26494
"18109","Morgan, IN",28756
"18111","Newton, IN",24213
"18113","Noble, IN",23729
"18115","Ohio, IN",46357
"18117","Orange, IN",21697
"18119","Owen, IN",23539
"18121","Parke, IN",22167
"18123","Perry, IN",24418
"18125","Pike, IN",22420
"18127","Porter, IN",32184
"18129","Posey, IN",31010
"18131","Pulaski, IN",23981
"18133","Putnam, IN",23443
"18135","Randolph, IN",24112
"18137","Ripley, IN",27182
"18139","Rush, IN",26035
"18141","St. Joseph, IN",29367
"18143","Scott, IN",22774
"18145","Shelby, IN",28037
"18147","Spencer, IN",25657
"18149","Starke, IN",20373
"18151","Steuben, IN",25787
"18153","Sullivan, IN",21032
"18155","Switzerland, IN",20589
"18157","Tippecanoe, IN",25431
"18159","Tipton, IN",29551
"18161","Union, IN",22847
"18163","Vanderburgh, IN",30446
"18165","Vermillion, IN",24961
"18167","Vigo, IN",25641
"18169","Wabash, IN",25528
"18171","Warren, IN",24504
"18173","Warrick, IN",32532
"18175","Washington, IN",22535
"18177","Wayne, IN",25932
"18179","Wells, IN",26036
"18181","White, IN",23876
"18183","Whitley, IN",27266
"19001","Adair, IA",27756
"19003","Adams, IA",27810
"19005","Allamakee, IA",24727
"19007","Appanoose, IA",22686
"19009","Audubon, IA",27348
"19011","Benton, IA",27986
"19013","Black Hawk, IA",27047
"19015","Boone, IA",29741
"19017","Bremer, IA",27879
"19019","Buchanan, IA",25427
"19021","Buena Vista, IA",26645
"19023","Butler, IA",26238
"19025","Calhoun, IA",25600
"19027","Carroll, IA",28718
"19029","Cass, IA",26779
"19031","Cedar, IA",29381
"19033","Cerro Gordo, IA",28869
"19035","Cherokee, IA",28778
"19037","Chickasaw, IA",24748
"19039","Clarke, IA",21871
"19041","Clay, IA",27493
"19043","Clayton, IA",25464
"19045","Clinton, IA",26347
"19047","Crawford, IA",24394
"19049","Dallas, IA",31802
"19051","Davis, IA",19685
"19053","Decatur, IA",19077
"19055","Delaware, IA",24528
"19057","Des Moines, IA",28384
"19059","Dickinson, IA",33880
"19061","Dubuque, IA",27800
"19063","Emmet, IA",26272
"19065","Fayette, IA",22824
"19067","Floyd, IA",25161
"19069","Franklin, IA",26436
"19071","Fremont, IA",28350
"19073","Greene, IA",26893
"19075","Grundy, IA",28833
"19077","Guthrie, IA",27678
"19079","Hamilton, IA",26987
"19081","Hancock, IA",28256
"19083","Hardin, IA",27122
"19085","Harrison, IA",27276
"19087","Henry, IA",25502
"19089","Howard, IA",26151
"19091","Humboldt, IA",28019
"19093","Ida, IA",28197
"19095","Iowa, IA",32126
"19097","Jackson, IA",24855
"19099","Jasper, IA",29856
"19101","Jefferson, IA",27224
"19103","Johnson, IA",32147
"19105","Jones, IA",24031
"19107","Keokuk, IA",25797
"19109","Kossuth, IA",27109
"19111","Lee, IA",25410
"19113","Linn, IA",32266
"19115","Louisa, IA",26021
"19117","Lucas, IA",22413
"19119","Lyon, IA",24565
"19121","Madison, IA",27617
"19123","Mahaska, IA",25171
"19125","Marion, IA",26280
"19127","Marshall, IA",28173
"19129","Mills, IA",34097
"19131","Mitchell, IA",26053
"19133","Monona, IA",26537
"19135","Monroe, IA",25563
"19137","Montgomery, IA",27215
"19139","Muscatine, IA",28786
"19141","O'Brien, IA",26967
"19143","Osceola, IA",25040
"19145","Page, IA",23659
"19147","Palo Alto, IA",24549
"19149","Plymouth, IA",29119
"19151","Pocahontas, IA",26476
"19153","Polk, IA",35036
"19155","Pottawattamie, IA",28288
"19157","Poweshiek, IA",28824
"19159","Ringgold, IA",21014
"19161","Sac, IA",27241
"19163","Scott, IA",31538
"19165","Shelby, IA",28310
"19167","Sioux, IA",26967
"19169","Story, IA",27281
"19171","Tama, IA",24919
"19173","Taylor, IA",22267
"19175","Union, IA",23681
"19177","Van Buren, IA",21496
"19179","Wapello, IA",24211
"19181","Warren, IA",29120
"19183","Washington, IA",29419
"19185","Wayne, IA",22629
"19187","Webster, IA",27449
"19189","Winnebago, IA",24626
"19191","Winneshiek, IA",26582
"19193","Woodbury, IA",27710
"19195","Worth, IA",22521
"19197","Wright, IA",31459
"20001","Allen, KS",24075
"20003","Anderson, KS",22657
"20005","Atchison, KS",21619
"20007","Barber, KS",25189
"20009","Barton, KS",26200
"20011","Bourbon, KS",25889
"20013","Brown, KS",24603
"20015","Butler, KS",27984
"20017","Chase, KS",23199
"20019","Chautauqua, KS",25188
"20021","Cherokee, KS",20180
"20023","Cheyenne, KS",21742
"20025","Clark, KS",25728
"20027","Clay, KS",24360
"20029","Cloud, KS",22715
"20031","Coffey, KS",27998
"20033","Comanche, KS",25354
"20035","Cowley, KS",24536
"20037","Crawford, KS",24034
"20039","Decatur, KS",24864
"20041","Dickinson, KS",25808
"20043","Doniphan, KS",18744
"20045","Douglas, KS",27255
"20047","Edwards, KS",28410
"20049","Elk, KS",21176
"20051","Ellis, KS",26644
"20053","Ellsworth, KS",24030
"20055","Finney, KS",20709
"20057","Ford, KS",23387
"20059","Franklin, KS",25053
"20061","Geary, KS",27727
"20063","Gove, KS",40749
"20065","Graham, KS",24657
"20067","Grant, KS",22732
"20069","Gray, KS",25383
"20071","Greeley, KS",23092
"20073","Greenwood, KS",22849
"20075","Hamilton, KS",24047
"20077","Harper, KS",26518
"20079","Harvey, KS",25705
"20081","Haskell, KS",29707
"20083","Hodgeman, KS",22446
"20085","Jackson, KS",25879
"20087","Jefferson, KS",25246
"20089","Jewell, KS",23419
"20091","Johnson, KS",42706
"20093","Kearny, KS",21103
"20095","Kingman, KS",23842
"20097","Kiowa, KS",26851
"20099","Labette, KS",24260
"20101","Lane, KS",26051
"20103","Leavenworth, KS",26734
"20105","Lincoln, KS",21623
"20107","Linn, KS",22517
"20109","Logan, KS",24507
"20111","Lyon, KS",22438
"20113","McPherson, KS",28656
"20115","Marion, KS",22114
"20117","Marshall, KS",23566
"20119","Meade, KS",22811
"20121","Miami, KS",28972
"20123","Mitchell, KS",24974
"20125","Montgomery, KS",23195
"20127","Morris, KS",25139
"20129","Morton, KS",21696
"20131","Nemaha, KS",23908
"20133","Neosho, KS",22986
"20135","Ness, KS",27530
"20137","Norton, KS",22184
"20139","Osage, KS",23771
"20141","Osborne, KS",23081
"20143","Ottawa, KS",24741
"20145","Pawnee, KS",23729
"20147","Phillips, KS",24806
"20149","Pottawatomie, KS",26187
"20151","Pratt, KS",25636
"20153","Rawlins, KS",25254
"20155","Reno, KS",25400
"20157","Republic, KS",24727
"20159","Rice, KS",20459
"20161","Riley, KS",25744
"20163","Rooks, KS",23223
"20165","Rush, KS",26815
"20167","Russell, KS",23725
"20169","Saline, KS",28188
"20171","Scott, KS",28323
"20173","Sedgwick, KS",31559
"20175","Seward, KS",21603
"20177","Shawnee, KS",30469
"20179","Sheridan, KS",26199
"20181","Sherman, KS",22805
"20183","Smith, KS",24377
"20185","Stafford, KS",25149
"20187","Stanton, KS",25962
"20189","Stevens, KS",23511
"20191","Sumner, KS",24295
"20193","Thomas, KS",24133
"20195","Trego, KS",23227
"20197","Wabaunsee, KS",27672
"20199","Wallace, KS",20730
"20201","Washington, KS",21797
"20203","Wichita, KS",29294
"20205","Wilson, KS",22688
"20207","Woodson, KS",19551
"20209","Wyandotte, KS",21185
"21001","Adair, KY",18150
"21003","Allen, KY",20483
"21005","Anderson, KY",25700
"21007","Ballard, KY",24386
"21009","Barren, KY",24271
"21011","Bath, KY",20302
"21013","Bell, KY",18487
"21015","Boone, KY",32230
"21017","Bourbon, KY",27514
"21019","Boyd, KY",26487
"21021","Boyle, KY",25817
"21023","Bracken, KY",22316
"21025","Breathitt, KY",19139
"21027","Breckinridge, KY",21058
"21029","Bullitt, KY",23682
"21031","Butler, KY",19479
"21033","Caldwell, KY",22127
"21035","Calloway, KY",23025
"21037","Campbell, KY",27967
"21039","Carlisle, KY",21318
"21041","Carroll, KY",29508
"21043","Carter, KY",18198
"21045","Casey, KY",18583
"21047","Christian, KY",23581
"21049","Clark, KY",27459
"21051","Clay, KY",15525
"21053","Clinton, KY",18794
"21055","Crittenden, KY",20138
"21057","Cumberland, KY",17595
"21059","Daviess, KY",26050
"21061","Edmonson, KY",17662
"21063","Elliott, KY",15015
"21065","Estill, KY",18153
"21067","Fayette, KY",32018
"21069","Fleming, KY",20051
"21071","Floyd, KY",22280
"21073","Franklin, KY",28959
"21075","Fulton, KY",21057
"21077","Gallatin, KY",21125
"21079","Garrard, KY",20613
"21081","Grant, KY",22965
"21083","Graves, KY",22299
"21085","Grayson, KY",19364
"21087","Green, KY",20084
"21089","Greenup, KY",23501
"21091","Hancock, KY",21379
"21093","Hardin, KY",27605
"21095","Harlan, KY",17845
"21097","Harrison, KY",22977
"21099","Hart, KY",18075
"21101","Henderson, KY",26334
"21103","Henry, KY",23467
"21105","Hickman, KY",19621
"21107","Hopkins, KY",22922
"21109","Jackson, KY",16311
"21111","Jefferson, KY",33054
"21113","Jessamine, KY",26880
"21115","Johnson, KY",21511
"21117","Kenton, KY",32925
"21119","Knott, KY",18608
"21121","Knox, KY",17806
"21123","Larue, KY",23554
"21125","Laurel, KY",20813
"21127","Lawrence, KY",17921
"21129","Lee, KY",17063
"21131","Leslie, KY",18155
"21133","Letcher, KY",20021
"21135","Lewis, KY",16704
"21137","Lincoln, KY",19099
"21139","Livingston, KY",23140
"21141","Logan, KY",21427
"21143","Lyon, KY",20168
"21145","McCracken, KY",29633
"21147","McCreary, KY",15194
"21149","McLean, KY",21691
"21151","Madison, KY",21958
"21153","Magoffin, KY",17572
"21155","Marion, KY",21657
"21157","Marshall, KY",24317
"21159","Martin, KY",16857
"21161","Mason, KY",23952
"21163","Meade, KY",20596
"21165","Menifee, KY",15460
"21167","Mercer, KY",23669
"21169","Metcalfe, KY",17532
"21171","Monroe, KY",18972
"21173","Montgomery, KY",21810
"21175","Morgan, KY",15884
"21177","Muhlenberg, KY",20279
"21179","Nelson, KY",26091
"21181","Nicholas, KY",21331
"21183","Ohio, KY",19704
"21185","Oldham, KY",34263
"21187","Owen, KY",20022
"21189","Owsley, KY",18000
"21191","Pendleton, KY",21884
"21193","Perry, KY",22307
"21195","Pike, KY",21473
"21197","Powell, KY",18442
"21199","Pulaski, KY",22968
"21201","Robertson, KY",17969
"21203","Rockcastle, KY",17473
"21205","Rowan, KY",20212
"21207","Russell, KY",18700
"21209","Scott, KY",28584
"21211","Shelby, KY",30310
"21213","Simpson, KY",22188
"21215","Spencer, KY",23707
"21217","Taylor, KY",21089
"21219","Todd, KY",21285
"21221","Trigg, KY",24842
"21223","Trimble, KY",17079
"21225","Union, KY",23473
"21227","Warren, KY",25851
"21229","Washington, KY",21257
"21231","Wayne, KY",17876
"21233","Webster, KY",22541
"21235","Whitley, KY",20543
"21237","Wolfe, KY",17151
"21239","Woodford, KY",38120
"22001","Acadia, LA",21605
"22003","Allen, LA",17670
"22005","Ascension, LA",25031
"22007","Assumption, LA",24629
"22009","Avoyelles, LA",19652
"22011","Beauregard, LA",21755
"22013","Bienville, LA",20382
"22015","Bossier, LA",25362
"22017","Caddo, LA",29635
"22019","Calcasieu, LA",24911
"22021","Caldwell, LA",19963
"22023","Cameron, LA",16530
"22025","Catahoula, LA",17887
"22027","Claiborne, LA",21008
"22029","Concordia, LA",19857
"22031","De Soto, LA",20018
"22033","East Baton Rouge, LA",29277
"22035","East Carroll, LA",16357
"22037","East Feliciana, LA",22631
"22039","Evangeline, LA",19187
"22041","Franklin, LA",18503
"22043","Grant, LA",20568
"22045","Iberia, LA",22745
"22047","Iberville, LA",19843
"22049","Jackson, LA",23441
"22051","Jefferson, LA",33544
"22053","Jefferson Davis, LA",20623
"22055","Lafayette, LA",29854
"22057","Lafourche, LA",25213
"22059","LaSalle, LA",19061
"22061","Lincoln, LA",23359
"22063","Livingston, LA",22277
"22065","Madison, LA",17546
"22067","Morehouse, LA",20116
"22069","Natchitoches, LA",20125
"22071","Orleans, LA",25742
"22073","Ouachita, LA",25056
"22075","Plaquemines, LA",22677
"22077","Pointe Coupee, LA",22778
"22079","Rapides, LA",27068
"22081","Red River, LA",18143
"22083","Richland, LA",19720
"22085","Sabine, LA",19603
"22087","St. Bernard, LA",23630
"22089","St. Charles, LA",26030
"22091","St. Helena, LA",18813
"22093","St. James, LA",20200
"22095","St. John the Baptist, LA",21584
"22097","St. Landry, LA",20819
"22099","St. Martin, LA",19645
"22101","St. Mary, LA",23984
"22103","St. Tammany, LA",32905
"22105","Tangipahoa, LA",21370
"22107","Tensas, LA",18318
"22109","Terrebonne, LA",23915
"22111","Union, LA",22817
"22113","Vermilion, LA",21491
"22115","Vernon, LA",24340
"22117","Washington, LA",19802
"22119","Webster, LA",22465
"22121","West Baton Rouge, LA",24689
"22123","West Carroll, LA",19407
"22125","West Feliciana, LA",18254
"22127","Winn, LA",18195
"23001","Androscoggin, ME",27884
"23003","Aroostook, ME",24325
"23005","Cumberland, ME",35351
"23007","Franklin, ME",24057
"23009","Hancock, ME",32027
"23011","Kennebec, ME",28785
"23013","Knox, ME",33724
"23015","Lincoln, ME",30991
"23017","Oxford, ME",24073
"23019","Penobscot, ME",26481
"23021","Piscataquis, ME",23246
"23023","Sagadahoc, ME",29637
"23025","Somerset, ME",23413
"23027","Waldo, ME",25043
"23029","Washington, ME",24588
"23031","York, ME",30924
"24001","Allegany, MD",26581
"24003","Anne Arundel, MD",40148
"24005","Baltimore, MD",39474
"24009","Calvert, MD",35807
"24011","Caroline, MD",24769
"24013","Carroll, MD",35459
"24015","Cecil, MD",30213
"24017","Charles, MD",34914
"24019","Dorchester, MD",26561
"24021","Frederick, MD",36233
"24023","Garrett, MD",24581
"24025","Harford, MD",35267
"24027","Howard, MD",47564
"24029","Kent, MD",36329
"24031","Montgomery, MD",54769
"24033","Prince George's, MD",31421
"24035","Queen Anne's, MD",39298
"24037","St. Mary's, MD",32232
"24039","Somerset, MD",20769
"24041","Talbot, MD",44310
"24043","Washington, MD",27903
"24045","Wicomico, MD",26917
"24047","Worcester, MD",31884
"24510","Baltimore (Independent City), MD",26130
"25001","Barnstable, MA",40371
"25003","Berkshire, MA",32244
"25005","Bristol, MA",31742
"25007","Dukes, MA",49618
"25009","Essex, MA",39554
"25011","Franklin, MA",31702
"25013","Hampden, MA",30143
"25015","Hampshire, MA",30762
"25017","Middlesex, MA",46330
"25019","Nantucket, MA",66973
"25021","Norfolk, MA",49716
"25023","Plymouth, MA",36960
"25025","Suffolk, MA",41842
"25027","Worcester, MA",34132
"26001","Alcona, MI",21828
"26003","Alger, MI",21541
"26005","Allegan, MI",26218
"26007","Alpena, MI",25549
"26009","Antrim, MI",25851
"26011","Arenac, MI",21334
"26013","Baraga, MI",19935
"26015","Barry, MI",28822
"26017","Bay, MI",27076
"26019","Benzie, MI",26230
"26021","Berrien, MI",28888
"26023","Branch, MI",21875
"26025","Calhoun, MI",26758
"26027","Cass, MI",26195
"26029","Charlevoix, MI",29738
"26031","Cheboygan, MI",22935
"26033","Chippewa, MI",20804
"26035","Clare, MI",20088
"26037","Clinton, MI",30715
"26039","Crawford, MI",20475
"26041","Delta, MI",24753
"26043","Dickinson, MI",28363
"26045","Eaton, MI",28769
"26047","Emmet, MI",30970
"26049","Genesee, MI",26491
"26051","Gladwin, MI",21253
"26053","Gogebic, MI",21917
"26055","Grand Traverse, MI",29166
"26057","Gratiot, MI",21934
"26059","Hillsdale, MI",23949
"26061","Houghton, MI",22198
"26063","Huron, MI",26409
"26065","Ingham, MI",27725
"26067","Ionia, MI",22224
"26069","Iosco, MI",21436
"26071","Iron, MI",23359
"26073","Isabella, MI",22196
"26075","Jackson, MI",25529
"26077","Kalamazoo, MI",31128
"26079","Kalkaska, MI",19095
"26081","Kent, MI",31773
"26083","Keweenaw, MI",26630
"26085","Lake, MI",20334
"26087","Lapeer, MI",27599
"26089","Leelanau, MI",32415
"26091","Lenawee, MI",26618
"26093","Livingston, MI",37386
"26095","Luce, MI",19478
"26097","Mackinac, MI",26356
"26099","Macomb, MI",33042
"26101","Manistee, MI",23635
"26103","Marquette, MI",24451
"26105","Mason, MI",24656
"26107","Mecosta, MI",20076
"26109","Menominee, MI",23071
"26111","Midland, MI",33087
"26113","Missaukee, MI",20141
"26115","Monroe, MI",31088
"26117","Montcalm, MI",21538
"26119","Montmorency, MI",20461
"26121","Muskegon, MI",24181
"26123","Newaygo, MI",21467
"26125","Oakland, MI",49764
"26127","Oceana, MI",21555
"26129","Ogemaw, MI",20238
"26131","Ontonagon, MI",22634
"26133","Osceola, MI",21717
"26135","Oscoda, MI",18284
"26137","Otsego, MI",24739
"26139","Ottawa, MI",29914
"26141","Presque Isle, MI",22518
"26143","Roscommon, MI",22639
"26145","Saginaw, MI",25506
"26147","St. Clair, MI",28816
"26149","St. Joseph, MI",24130
"26151","Sanilac, MI",24492
"26153","Schoolcraft, MI",22124
"26155","Shiawassee, MI",24186
"26157","Tuscola, MI",21895
"26159","Van Buren, MI",24723
"26161","Washtenaw, MI",38132
"26163","Wayne, MI",27097
"26165","Wexford, MI",23726
"27001","Aitkin, MN",23351
"27003","Anoka, MN",32697
"27005","Becker, MN",25769
"27007","Beltrami, MN",23155
"27009","Benton, MN",26643
"27011","Big Stone, MN",25089
"27013","Blue Earth, MN",30054
"27015","Brown, MN",28044
"27017","Carlton, MN",25849
"27019","Carver, MN",41080
"27021","Cass, MN",26377
"27023","Chippewa, MN",28596
"27025","Chisago, MN",29911
"27027","Clay, MN",25674
"27029","Clearwater, MN",21794
"27031","Cook, MN",31178
"27033","Cottonwood, MN",25804
"27035","Crow Wing, MN",26555
"27037","Dakota, MN",38746
"27039","Dodge, MN",29301
"27041","Douglas, MN",27721
"27043","Faribault, MN",28304
"27045","Fillmore, MN",26240
"27047","Freeborn, MN",25495
"27049","Goodhue, MN",30317
"27051","Grant, MN",25803
"27053","Hennepin, MN",43245
"27055","Houston, MN",28759
"27057","Hubbard, MN",26663
"27059","Isanti, MN",27522
"27061","Itasca, MN",24286
"27063","Jackson, MN",25485
"27065","Kanabec, MN",23557
"27067","Kandiyohi, MN",28750
"27069","Kittson, MN",25550
"27071","Koochiching, MN",26857
"27073","Lac qui Parle, MN",24796
"27075","Lake, MN",28145
"27077","Lake of the Woods, MN",21969
"27079","Le Sueur, MN",28272
"27081","Lincoln, MN",23108
"27083","Lyon, MN",27785
"27085","McLeod, MN",28004
"27087","Mahnomen, MN",20592
"27089","Marshall, MN",25628
"27091","Martin, MN",28038
"27093","Meeker, MN",25193
"27095","Mille Lacs, MN",25055
"27097","Morrison, MN",22912
"27099","Mower, MN",28406
"27101","Murray, MN",26711
"27103","Nicollet, MN",27785
"27105","Nobles, MN",26261
"27107","Norman, MN",24838
"27109","Olmsted, MN",34860
"27111","Otter Tail, MN",25119
"27113","Pennington, MN",27705
"27115","Pine, MN",22571
"27117","Pipestone, MN",25585
"27119","Polk, MN",24566
"27121","Pope, MN",26421
"27123","Ramsey, MN",35185
"27125","Red Lake, MN",22022
"27127","Redwood, MN",26647
"27129","Renville, MN",26692
"27131","Rice, MN",26676
"27133","Rock, MN",28001
"27135","Roseau, MN",27504
"27137","St. Louis, MN",28033
"27139","Scott, MN",35083
"27141","Sherburne, MN",28271
"27143","Sibley, MN",26467
"27145","Stearns, MN",27460
"27147","Steele, MN",28584
"27149","Stevens, MN",29612
"27151","Swift, MN",27076
"27153","Todd, MN",21120
"27155","Traverse, MN",26154
"27157","Wabasha, MN",30976
"27159","Wadena, MN",22294
"27161","Waseca, MN",25812
"27163","Washington, MN",38940
"27165","Watonwan, MN",24923
"27167","Wilkin, MN",30000
"27169","Winona, MN",26383
"27171","Wright, MN",30279
"27173","Yellow Medicine, MN",24688
"28001","Adams, MS",23074
"28003","Alcorn, MS",20826
"28005","Amite, MS",18891
"28007","Attala, MS",24027
"28009","Benton, MS",17814
"28011","Bolivar, MS",19530
"28013","Calhoun, MS",20026
"28015","Carroll, MS",20039
"28017","Chickasaw, MS",20537
"28019","Choctaw, MS",16372
"28021","Claiborne, MS",17218
"28023","Clarke, MS",20350
"28025","Clay, MS",20602
"28027","Coahoma, MS",20883
"28029","Copiah, MS",18946
"28031","Covington, MS",19193
"28033","DeSoto, MS",27481
"28035","Forrest, MS",23808
"28037","Franklin, MS",18702
"28039","George, MS",20023
"28041","Greene, MS",14986
"28043","Grenada, MS",22614
"28045","Hancock, MS",22798
"28047","Harrison, MS",26063
"28049","Hinds, MS",26942
"28051","Holmes, MS",14941
"28053","Humphreys, MS",17682
"28055","Issaquena, MS",13187
"28057","Itawamba, MS",21470
"28059","Jackson, MS",23622
"28061","Jasper, MS",18914
"28063","Jefferson, MS",15460
"28065","Jefferson Davis, MS",17139
"28067","Jones, MS",23170
"28069","Kemper, MS",17673
"28071","Lafayette, MS",23501
"28073","Lamar, MS",24170
"28075","Lauderdale, MS",24732
"28077","Lawrence, MS",21592
"28079","Leake, MS",19117
"28081","Lee, MS",27872
"28083","Leflore, MS",20137
"28085","Lincoln, MS",22871
"28087","Lowndes, MS",23162
"28089","Madison, MS",34934
"28091","Marion, MS",20045
"28093","Marshall, MS",19228
"28095","Monroe, MS",20753
"28097","Montgomery, MS",18697
"28099","Neshoba, MS",25031
"28101","Newton, MS",21190
"28103","Noxubee, MS",18419
"28105","Oktibbeha, MS",21332
"28107","Panola, MS",18962
"28109","Pearl River, MS",20284
"28111","Perry, MS",18215
"28113","Pike, MS",20868
"28115","Pontotoc, MS",20701
"28117","Prentiss, MS",19085
"28119","Quitman, MS",16922
"28121","Rankin, MS",27677
"28123","Scott, MS",19003
"28125","Sharkey, MS",17115
"28127","Simpson, MS",21396
"28129","Smith, MS",22625
"28131","Stone, MS",21310
"28133","Sunflower, MS",16049
"28135","Tallahatchie, MS",16947
"28137","Tate, MS",22320
"28139","Tippah, MS",20328
"28141","Tishomingo, MS",19823
"28143","Tunica, MS",17682
"28145","Union, MS",22301
"28147","Walthall, MS",17221
"28149","Warren, MS",27896
"28151","Washington, MS",19772
"28153","Wayne, MS",18521
"28155","Webster, MS",18175
"28157","Wilkinson, MS",17024
"28159","Winston, MS",18853
"28161","Yalobusha, MS",20830
"28163","Yazoo, MS",19130
"29001","Adair, MO",21112
"29003","Andrew, MO",26938
"29005","Atchison, MO",25402
"29007","Audrain, MO",22380
"29009","Barry, MO",21934
"29011","Barton, MO",21910
"29013","Bates, MO",21948
"29015","Benton, MO",20784
"29017","Bollinger, MO",18996
"29019","Boone, MO",29452
"29021","Buchanan, MO",25687
"29023","Butler, MO",23857
"29025","Caldwell, MO",23292
"29027","Callaway, MO",21928
"29029","Camden, MO",25365
"29031","Cape Girardeau, MO",27915
"29033","Carroll, MO",23857
"29035","Carter, MO",20374
"29037","Cass, MO",28825
"29039","Cedar, MO",19012
"29041","Chariton, MO",24811
"29043","Christian, MO",24675
"29045","Clark, MO",20488
"29047","Clay, MO",34526
"29049","Clinton, MO",25721
"29051","Cole, MO",30063
"29053","Cooper, MO",21971
"29055","Crawford, MO",22174
"29057","Dade, MO",19729
"29059","Dallas, MO",21219
"29061","Daviess, MO",21239
"29063","DeKalb, MO",15115
"29065","Dent, MO",20773
"29067","Douglas, MO",16784
"29069","Dunklin, MO",21421
"29071","Franklin, MO",28013
"29073","Gasconade, MO",23221
"29075","Gentry, MO",22702
"29077","Greene, MO",29148
"29079","Grundy, MO",22642
"29081","Harrison, MO",23693
"29083","Henry, MO",23968
"29085","Hickory, MO",17638
"29087","Holt, MO",27824
"29089","Howard, MO",24544
"29091","Howell, MO",20927
"29093","Iron, MO",19369
"29095","Jackson, MO",28921
"29097","Jasper, MO",25078
"29099","Jefferson, MO",26225
"29101","Johnson, MO",22680
"29103","Knox, MO",21737
"29105","Laclede, MO",21577
"29107","Lafayette, MO",25875
"29109","Lawrence, MO",20987
"29111","Lewis, MO",19395
"29113","Lincoln, MO",23876
"29115","Linn, MO",22088
"29117","Livingston, MO",24231
"29119","McDonald, MO",19674
"29121","Macon, MO",23713
"29123","Madison, MO",19530
"29125","Maries, MO",20834
"29127","Marion, MO",24153
"29129","Mercer, MO",18778
"29131","Miller, MO",20472
"29133","Mississippi, MO",19966
"29135","Moniteau, MO",20791
"29137","Monroe, MO",21991
"29139","Montgomery, MO",23865
"29141","Morgan, MO",22149
"29143","New Madrid, MO",21648
"29145","Newton, MO",24182
"29147","Nodaway, MO",20302
"29149","Oregon, MO",18051
"29151","Osage, MO",25473
"29153","Ozark, MO",20158
"29155","Pemiscot, MO",21556
"29157","Perry, MO",23409
"29159","Pettis, MO",24412
"29161","Phelps, MO",24219
"29163","Pike, MO",19991
"29165","Platte, MO",35547
"29167","Polk, MO",19749
"29169","Pulaski, MO",25011
"29171","Putnam, MO",17734
"29173","Ralls, MO",24564
"29175","Randolph, MO",22317
"29177","Ray, MO",24475
"29179","Reynolds, MO",19981
"29181","Ripley, MO",18988
"29183","St. Charles, MO",32179
"29185","St. Clair, MO",20249
"29186","Ste. Genevieve, MO",23193
"29187","St. Francois, MO",21629
"29189","St. Louis, MO",42470
"29195","Saline, MO",24382
"29197","Schuyler, MO",20367
"29199","Scotland, MO",20573
"29201","Scott, MO",24219
"29203","Shannon, MO",17714
"29205","Shelby, MO",21429
"29207","Stoddard, MO",22204
"29209","Stone, MO",22584
"29211","Sullivan, MO",19238
"29213","Taney, MO",23976
"29215","Texas, MO",17876
"29217","Vernon, MO",21951
"29219","Warren, MO",25264
"29221","Washington, MO",17806
"29223","Wayne, MO",18383
"29225","Webster, MO",19912
"29227","Worth, MO",21286
"29229","Wright, MO",18884
"29510","St. Louis (Independent City), MO",27182
"30001","Beaverhead, MT",23201
"30003","Big Horn, MT",17010
"30005","Blaine, MT",16082
"30007","Broadwater, MT",21001
"30009","Carbon, MT",25473
"30011","Carter, MT",18775
"30013","Cascade, MT",27286
"30015","Chouteau, MT",21331
"30017","Custer, MT",23820
"30019","Daniels, MT",27340
"30021","Dawson, MT",22515
"30023","Deer Lodge, MT",21229
"30025","Fallon, MT",23265
"30027","Fergus, MT",23063
"30029","Flathead, MT",26586
"30031","Gallatin, MT",25484
"30033","Garfield, MT",20811
"30035","Glacier, MT",18559
"30037","Golden Valley, MT",19114
"30039","Granite, MT",19847
"30041","Hill, MT",24916
"30043","Jefferson, MT",26324
"30045","Judith Basin, MT",18762
"30047","Lake, MT",19890
"30049","Lewis and Clark, MT",28768
"30051","Liberty, MT",20679
"30053","Lincoln, MT",19451
"30055","McCone, MT",19392
"30057","Madison, MT",23017
"30059","Meagher, MT",20728
"30061","Mineral, MT",20155
"30063","Missoula, MT",26412
"30065","Musselshell, MT",18741
"30067","Park, MT",24429
"30069","Petroleum, MT",14360
"30071","Phillips, MT",20505
"30073","Pondera, MT",21723
"30075","Powder River, MT",17372
"30077","Powell, MT",19198
"30079","Prairie, MT",22072
"30081","Ravalli, MT",22359
"30083","Richland, MT",22642
"30085","Roosevelt, MT",19398
"30087","Rosebud, MT",23855
"30089","Sanders, MT",18940
"30091","Sheridan, MT",23703
"30093","Silver Bow, MT",25859
"30095","Stillwater, MT",26408
"30097","Sweet Grass, MT",23130
"30099","Teton, MT",23093
"30101","Toole, MT",22852
"30103","Treasure, MT",18086
"30105","Valley, MT",26134
"30107","Wheatland, MT",16454
"30109","Wibaux, MT",20126
"30111","Yellowstone, MT",27850
"31001","Adams, NE",27924
"31003","Antelope, NE",24745
"31005","Arthur, NE",23202
"31007","Banner, NE",24135
"31009","Blaine, NE",32922
"31011","Boone, NE",26105
"31013","Box Butte, NE",24831
"31015","Boyd, NE",22003
"31017","Brown, NE",22029
"31019","Buffalo, NE",26706
"31021","Burt, NE",25777
"31023","Butler, NE",24066
"31025","Cass, NE",30407
"31027","Cedar, NE",24443
"31029","Chase, NE",27439
"31031","Cherry, NE",25328
"31033","Cheyenne, NE",27507
"31035","Clay, NE",26690
"31037","Colfax, NE",26603
"31039","Cuming, NE",30869
"31041","Custer, NE",24354
"31043","Dakota, NE",22750
"31045","Dawes, NE",21315
"31047","Dawson, NE",23639
"31049","Deuel, NE",26327
"31051","Dixon, NE",24312
"31053","Dodge, NE",27909
"31055","Douglas, NE",37514
"31057","Dundy, NE",30131
"31059","Fillmore, NE",31051
"31061","Franklin, NE",23823
"31063","Frontier, NE",22193
"31065","Furnas, NE",23633
"31067","Gage, NE",27763
"31069","Garden, NE",26401
"31071","Garfield, NE",26265
"31073","Gosper, NE",24364
"31075","Grant, NE",20515
"31077","Greeley, NE",22364
"31079","Hall, NE",27840
"31081","Hamilton, NE",25791
"31083","Harlan, NE",21625
"31085","Hayes, NE",17303
"31087","Hitchcock, NE",21052
"31089","Holt, NE",24014
"31091","Hooker, NE",27631
"31093","Howard, NE",24500
"31095","Jefferson, NE",26716
"31097","Johnson, NE",24969
"31099","Kearney, NE",27906
"31101","Keith, NE",24019
"31103","Keya Paha, NE",20332
"31105","Kimball, NE",24070
"31107","Knox, NE",22745
"31109","Lancaster, NE",31669
"31111","Lincoln, NE",27734
"31113","Logan, NE",25459
"31115","Loup, NE",16636
"31117","McPherson, NE",19574
"31119","Madison, NE",27149
"31121","Merrick, NE",23538
"31123","Morrill, NE",23696
"31125","Nance, NE",22472
"31127","Nemaha, NE",27171
"31129","Nuckolls, NE",23898
"31131","Otoe, NE",26414
"31133","Pawnee, NE",21783
"31135","Perkins, NE",25126
"31137","Phelps, NE",30164
"31139","Pierce, NE",24476
"31141","Platte, NE",26599
"31143","Polk, NE",25744
"31145","Red Willow, NE",24890
"31147","Richardson, NE",25045
"31149","Rock, NE",25394
"31151","Saline, NE",24808
"31153","Sarpy, NE",31679
"31155","Saunders, NE",27049
"31157","Scotts Bluff, NE",26475
"31159","Seward, NE",27952
"31161","Sheridan, NE",24681
"31163","Sherman, NE",21215
"31165","Sioux, NE",22137
"31167","Stanton, NE",22629
"31169","Thayer, NE",26537
"31171","Thomas, NE",26499
"31173","Thurston, NE",22220
"31175","Valley, NE",25015
"31177","Washington, NE",31895
"31179","Wayne, NE",22965
"31181","Webster, NE",25222
"31183","Wheeler, NE",32111
"31185","York, NE",25960
"32001","Churchill, NV",26295
"32003","Clark, NV",31882
"32005","Douglas, NV",41401
"32007","Elko, NV",25676
"32009","Esmeralda, NV",28204
"32011","Eureka, NV",24373
"32013","Humboldt, NV",24419
"32015","Lander, NV",26942
"32017","Lincoln, NV",22359
"32019","Lyon, NV",24028
"32021","Mineral, NV",25847
"32023","Nye, NV",25318
"32027","Pershing, NV",16280
"32029","Storey, NV",35529
"32031","Washoe, NV",39401
"32033","White Pine, NV",27869
"32510","Carson City (Independent City), NV",20006
"33001","Belknap, NH",34169
"33003","Carroll, NH",37060
"33005","Cheshire, NH",30498
"33007","Coos, NH",27290
"33009","Grafton, NH",36205
"33011","Hillsborough, NH",38215
"33013","Merrimack, NH",41642
"33015","Rockingham, NH",40830
"33017","Strafford, NH",30267
"33019","Sullivan, NH",31275
"34001","Atlantic, NJ",29887
"34003","Bergen, NJ",53359
"34005","Burlington, NJ",37421
"34007","Camden, NJ",32958
"34009","Cape May, NJ",37073
"34011","Cumberland, NJ",26395
"34013","Essex, NJ",40452
"34015","Gloucester, NJ",31761
"34017","Hudson, NJ",33949
"34019","Hunterdon, NJ",59924
"34021","Mercer, NJ",45901
"34023","Middlesex, NJ",38422
"34025","Monmouth, NJ",46647
"34027","Morris, NJ",57299
"34029","Ocean, NJ",34380
"34031","Passaic, NJ",32572
"34033","Salem, NJ",30707
"34035","Somerset, NJ",54758
"34037","Sussex, NJ",39791
"34039","Union, NJ",43485
"34041","Warren, NJ",36446
"35001","Bernalillo, NM",29485
"35003","Catron, NM",20002
"35005","Chaves, NM",21898
"35006","Cibola, NM*",16411
"35007","Colfax, NM",22758
"35009","Curry, NM",24574
"35011","De Baca, NM",24020
"35013","Doa Ana, NM",21425
"35015","Eddy, NM",26337
"35017","Grant, NM",19685
"35019","Guadalupe, NM",15887
"35021","Harding, NM",33870
"35023","Hidalgo, NM",17518
"35025","Lea, NM",21703
"35027","Lincoln, NM",23789
"35028","Los Alamos, NM",52512
"35029","Luna, NM",18335
"35031","McKinley, NM",17357
"35033","Mora, NM",17803
"35035","Otero, NM",21051
"35037","Quay, NM",20645
"35039","Rio Arriba, NM",20528
"35041","Roosevelt, NM",22351
"35043","Sandoval, NM",25298
"35045","San Juan, NM",20432
"35047","San Miguel, NM",20450
"35049","Santa Fe, NM",33407
"35051","Sierra, NM",19454
"35053","Socorro, NM",19291
"35055","Taos, NM",21076
"35057","Torrance, NM",19805
"35059","Union, NM",28450
"35061","Valencia, NM*",20974
"36001","Albany, NY",35011
"36003","Allegany, NY",20601
"36005","Bronx, NY",22195
"36007","Broome, NY",27036
"36009","Cattaraugus, NY",23889
"36011","Cayuga, NY",25005
"36013","Chautauqua, NY",22585
"36015","Chemung, NY",25356
"36017","Chenango, NY",23185
"36019","Clinton, NY",25980
"36021","Columbia, NY",29776
"36023","Cortland, NY",23059
"36025","Delaware, NY",22987
"36027","Dutchess, NY",33415
"36029","Erie, NY",29467
"36031","Essex, NY",24683
"36033","Franklin, NY",21653
"36035","Fulton, NY",25436
"36037","Genesee, NY",25556
"36039","Greene, NY",26934
"36041","Hamilton, NY",27273
"36043","Herkimer, NY",23831
"36045","Jefferson, NY",25826
"36047","Kings, NY",26690
"36049","Lewis, NY",23097
"36051","Livingston, NY",24295
"36053","Madison, NY",26434
"36055","Monroe, NY",32799
"36057","Montgomery, NY",26916
"36059","Nassau, NY",50905
"36061","New York, NY",89316
"36063","Niagara, NY",26471
"36065","Oneida, NY",25938
"36067","Onondaga, NY",30371
"36069","Ontario, NY",29303
"36071","Orange, NY",30197
"36073","Orleans, NY",22646
"36075","Oswego, NY",23439
"36077","Otsego, NY",23578
"36079","Putnam, NY",41852
"36081","Queens, NY",30086
"36083","Rensselaer, NY",29817
"36085","Richmond, NY",35631
"36087","Rockland, NY",40985
"36089","St. Lawrence, NY",21557
"36091","Saratoga, NY",33812
"36093","Schenectady, NY",38110
"36095","Schoharie, NY",24268
"36097","Schuyler, NY",23406
"36099","Seneca, NY",23199
"36101","Steuben, NY",26416
"36103","Suffolk, NY",38317
"36105","Sullivan, NY",27006
"36107","Tioga, NY",24690
"36109","Tompkins, NY",26357
"36111","Ulster, NY",27670
"36113","Warren, NY",28830
"36115","Washington, NY",22897
"36117","Wayne, NY",26449
"36119","Westchester, NY",56256
"36121","Wyoming, NY",22644
"36123","Yates, NY",22455
"37001","Alamance, NC",26500
"37003","Alexander, NC",23802
"37005","Alleghany, NC",24779
"37007","Anson, NC",21681
"37009","Ashe, NC",23485
"37011","Avery, NC",22431
"37013","Beaufort, NC",23341
"37015","Bertie, NC",21024
"37017","Bladen, NC",21280
"37019","Brunswick, NC",23324
"37021","Buncombe, NC",27762
"37023","Burke, NC",23480
"37025","Cabarrus, NC",29479
"37027","Caldwell, NC",24465
"37029","Camden, NC",27169
"37031","Carteret, NC",28235
"37033","Caswell, NC",21498
"37035","Catawba, NC",28022
"37037","Chatham, NC",33558
"37039","Cherokee, NC",20752
"37041","Chowan, NC",24463
"37043","Clay, NC",22694
"37045","Cleveland, NC",23511
"37047","Columbus, NC",21775
"37049","Craven, NC",26863
"37051","Cumberland, NC",26879
"37053","Currituck, NC",28340
"37055","Dare, NC",32740
"37057","Davidson, NC",26089
"37059","Davie, NC",28872
"37061","Duplin, NC",21343
"37063","Durham, NC",30064
"37065","Edgecombe, NC",22489
"37067","Forsyth, NC",32034
"37069","Franklin, NC",23699
"37071","Gaston, NC",26874
"37073","Gates, NC",22453
"37075","Graham, NC",20991
"37077","Granville, NC",22751
"37079","Greene, NC",19832
"37081","Guilford, NC",31229
"37083","Halifax, NC",20791
"37085","Harnett, NC",22617
"37087","Haywood, NC",24694
"37089","Henderson, NC",28486
"37091","Hertford, NC",21542
"37093","Hoke, NC",19040
"37095","Hyde, NC",20389
"37097","Iredell, NC",29003
"37099","Jackson, NC",22789
"37101","Johnston, NC",26132
"37103","Jones, NC",23141
"37105","Lee, NC",27186
"37107","Lenoir, NC",24625
"37109","Lincoln, NC",24952
"37111","McDowell, NC",21227
"37113","Macon, NC",24938
"37115","Madison, NC",21167
"37117","Martin, NC",23660
"37119","Mecklenburg, NC",32959
"37121","Mitchell, NC",20653
"37123","Montgomery, NC",22567
"37125","Moore, NC",31304
"37127","Nash, NC",26723
"37129","New Hanover, NC",29445
"37131","Northampton, NC",21158
"37133","Onslow, NC",25255
"37135","Orange, NC",35577
"37137","Pamlico, NC",24748
"37139","Pasquotank, NC",23223
"37141","Pender, NC",23008
"37143","Perquimans, NC",22880
"37145","Person, NC",24609
"37147","Pitt, NC",26174
"37149","Polk, NC",31280
"37151","Randolph, NC",24482
"37153","Richmond, NC",21129
"37155","Robeson, NC",19082
"37157","Rockingham, NC",23614
"37159","Rowan, NC",25594
"37161","Rutherford, NC",22745
"37163","Sampson, NC",21892
"37165","Scotland, NC",22228
"37167","Stanly, NC",23559
"37169","Stokes, NC",24103
"37171","Surry, NC",24297
"37173","Swain, NC",20266
"37175","Transylvania, NC",25794
"37177","Tyrrell, NC",20388
"37179","Union, NC",28393
"37181","Vance, NC",22925
"37183","Wake, NC",37183
"37185","Warren, NC",17902
"37187","Washington, NC",21799
"37189","Watauga, NC",23579
"37191","Wayne, NC",24824
"37193","Wilkes, NC",23626
"37195","Wilson, NC",25561
"37197","Yadkin, NC",23793
"37199","Yancey, NC",21039
"38001","Adams, ND",22876
"38003","Barnes, ND",25681
"38005","Benson, ND",19513
"38007","Billings, ND",18111
"38009","Bottineau, ND",26211
"38011","Bowman, ND",26418
"38013","Burke, ND",22898
"38015","Burleigh, ND",30214
"38017","Cass, ND",31047
"38019","Cavalier, ND",28684
"38021","Dickey, ND",25403
"38023","Divide, ND",27381
"38025","Dunn, ND",18493
"38027","Eddy, ND",25317
"38029","Emmons, ND",19259
"38031","Foster, ND",27000
"38033","Golden Valley, ND",18421
"38035","Grand Forks, ND",27124
"38037","Grant, ND",22344
"38039","Griggs, ND",26133
"38041","Hettinger, ND",24100
"38043","Kidder, ND",22324
"38045","LaMoure, ND",25542
"38047","Logan, ND",21919
"38049","McHenry, ND",20877
"38051","McIntosh, ND",25230
"38053","McKenzie, ND",23258
"38055","McLean, ND",25113
"38057","Mercer, ND",27685
"38059","Morton, ND",24115
"38061","Mountrail, ND",22799
"38063","Nelson, ND",29792
"38065","Oliver, ND",21786
"38067","Pembina, ND",31486
"38069","Pierce, ND",22011
"38071","Ramsey, ND",25938
"38073","Ransom, ND",25922
"38075","Renville, ND",24931
"38077","Richland, ND",26182
"38079","Rolette, ND",20349
"38081","Sargent, ND",31131
"38083","Sheridan, ND",19097
"38085","Sioux, ND",14897
"38087","Slope, ND",14153
"38089","Stark, ND",24531
"38091","Steele, ND",27528
"38093","Stutsman, ND",26478
"38095","Towner, ND",29023
"38097","Traill, ND",26713
"38099","Walsh, ND",26525
"38101","Ward, ND",28844
"38103","Wells, ND",26384
"38105","Williams, ND",26454
"39001","Adams, OH",20266
"39003","Allen, OH",25517
"39005","Ashland, OH",24036
"39007","Ashtabula, OH",23954
"39009","Athens, OH",20967
"39011","Auglaize, OH",27993
"39013","Belmont, OH",24263
"39015","Brown, OH",22301
"39017","Butler, OH",30183
"39019","Carroll, OH",21931
"39021","Champaign, OH",25025
"39023","Clark, OH",26510
"39025","Clermont, OH",30386
"39027","Clinton, OH",26155
"39029","Columbiana, OH",23614
"39031","Coshocton, OH",22903
"39033","Crawford, OH",24756
"39035","Cuyahoga, OH",31848
"39037","Darke, OH",26690
"39039","Defiance, OH",27215
"39041","Delaware, OH",45625
"39043","Erie, OH",44404
"39045","Fairfield, OH",30070
"39047","Fayette, OH",24621
"39049","Franklin, OH",32136
"39051","Fulton, OH",27908
"39053","Gallia, OH",24946
"39055","Geauga, OH",40407
"39057","Greene, OH",31737
"39059","Guernsey, OH",22763
"39061","Hamilton, OH",35708
"39063","Hancock, OH",31952
"39065","Hardin, OH",22039
"39067","Harrison, OH",23270
"39069","Henry, OH",26080
"39071","Highland, OH",22395
"39073","Hocking, OH",22030
"39075","Holmes, OH",20590
"39077","Huron, OH",24970
"39079","Jackson, OH",21723
"39081","Jefferson, OH",24600
"39083","Knox, OH",25040
"39085","Lake, OH",30886
"39087","Lawrence, OH",20881
"39089","Licking, OH",28239
"39091","Logan, OH",26129
"39093","Lorain, OH",27208
"39095","Lucas, OH",29302
"39097","Madison, OH",25979
"39099","Mahoning, OH",27817
"39101","Marion, OH",23767
"39103","Medina, OH",32571
"39105","Meigs, OH",18497
"39107","Mercer, OH",26788
"39109","Miami, OH",29161
"39111","Monroe, OH",20994
"39113","Montgomery, OH",30688
"39115","Morgan, OH",19812
"39117","Morrow, OH",22822
"39119","Muskingum, OH",25502
"39121","Noble, OH",19123
"39123","Ottawa, OH",30221
"39125","Paulding, OH",22807
"39127","Perry, OH",21211
"39129","Pickaway, OH",23525
"39131","Pike, OH",20119
"39133","Portage, OH",27668
"39135","Preble, OH",24619
"39137","Putnam, OH",28468
"39139","Richland, OH",26053
"39141","Ross, OH",24179
"39143","Sandusky, OH",25719
"39145","Scioto, OH",21841
"39147","Seneca, OH",24779
"39149","Shelby, OH",26556
"39151","Stark, OH",27982
"39153","Summit, OH",31413
"39155","Trumbull, OH",26269
"39157","Tuscarawas, OH",24869
"39159","Union, OH",28992
"39161","Van Wert, OH",24461
"39163","Vinton, OH",20944
"39165","Warren, OH",32895
"39167","Washington, OH",26067
"39169","Wayne, OH",26313
"39171","Williams, OH",25611
"39173","Wood, OH",28535
"39175","Wyandot, OH",26620
"40001","Adair, OK",17757
"40003","Alfalfa, OK",21603
"40005","Atoka, OK",17961
"40007","Beaver, OK",23528
"40009","Beckham, OK",19503
"40011","Blaine, OK",18956
"40013","Bryan, OK",21183
"40015","Caddo, OK",20560
"40017","Canadian, OK",26755
"40019","Carter, OK",22854
"40021","Cherokee, OK",18329
"40023","Choctaw, OK",19317
"40025","Cimarron, OK",24968
"40027","Cleveland, OK",26701
"40029","Coal, OK",17828
"40031","Comanche, OK",25498
"40033","Cotton, OK",21848
"40035","Craig, OK",21843
"40037","Creek, OK",22817
"40039","Custer, OK",21474
"40041","Delaware, OK",21780
"40043","Dewey, OK",23882
"40045","Ellis, OK",23231
"40047","Garfield, OK",26353
"40049","Garvin, OK",22795
"40051","Grady, OK",22947
"40053","Grant, OK",25232
"40055","Greer, OK",21210
"40057","Harmon, OK",20608
"40059","Harper, OK",33605
"40061","Haskell, OK",22272
"40063","Hughes, OK",18194
"40065","Jackson, OK",24900
"40067","Jefferson, OK",19979
"40069","Johnston, OK",19945
"40071","Kay, OK",25364
"40073","Kingfisher, OK",26262
"40075","Kiowa, OK",22947
"40077","Latimer, OK",19630
"40079","Le Flore, OK",20027
"40081","Lincoln, OK",20526
"40083","Logan, OK",23720
"40085","Love, OK",22098
"40087","McClain, OK",23962
"40089","McCurtain, OK",19541
"40091","McIntosh, OK",19896
"40093","Major, OK",22463
"40095","Marshall, OK",20404
"40097","Mayes, OK",21171
"40099","Murray, OK",20386
"40101","Muskogee, OK",22648
"40103","Noble, OK",20732
"40105","Nowata, OK",19233
"40107","Okfuskee, OK",17151
"40109","Oklahoma, OK",30561
"40111","Okmulgee, OK",19474
"40113","Osage, OK",22470
"40115","Ottawa, OK",19689
"40117","Pawnee, OK",21219
"40119","Payne, OK",21905
"40121","Pittsburg, OK",21951
"40123","Pontotoc, OK",22732
"40125","Pottawatomie, OK",25039
"40127","Pushmataha, OK",18786
"40129","Roger Mills, OK",23570
"40131","Rogers, OK",25317
"40133","Seminole, OK",19541
"40135","Sequoyah, OK",18853
"40137","Stephens, OK",23162
"40139","Texas, OK",25826
"40141","Tillman, OK",19868
"40143","Tulsa, OK",30180
"40145","Wagoner, OK",23327
"40147","Washington, OK",32991
"40149","Washita, OK",20607
"40151","Woods, OK",21541
"40153","Woodward, OK",22129
"41001","Baker, OR",21324
"41003","Benton, OR",30410
"41005","Clackamas, OR",34747
"41007","Clatsop, OR",27138
"41009","Columbia, OR",27004
"41011","Coos, OR",25446
"41013","Crook, OR",22684
"41015","Curry, OR",24510
"41017","Deschutes, OR",29222
"41019","Douglas, OR",24484
"41021","Gilliam, OR",19862
"41023","Grant, OR",24059
"41025","Harney, OR",21297
"41027","Hood River, OR",25086
"41029","Jackson, OR",27231
"41031","Jefferson, OR",21093
"41033","Josephine, OR",23330
"41035","Klamath, OR",23561
"41037","Lake, OR",22522
"41039","Lane, OR",27140
"41041","Lincoln, OR",26299
"41043","Linn, OR",24967
"41045","Malheur, OR",19274
"41047","Marion, OR",24583
"41049","Morrow, OR",21244
"41051","Multnomah, OR",32834
"41053","Polk, OR",25773
"41055","Sherman, OR",24202
"41057","Tillamook, OR",25426
"41059","Umatilla, OR",23584
"41061","Union, OR",24618
"41063","Wallowa, OR",23852
"41065","Wasco, OR",24476
"41067","Washington, OR",32560
"41069","Wheeler, OR",21998
"41071","Yamhill, OR",26562
"42001","Adams, PA",28704
"42003","Allegheny, PA",35323
"42005","Armstrong, PA",25540
"42007","Beaver, PA",26639
"42009","Bedford, PA",23304
"42011","Berks, PA",30917
"42013","Blair, PA",26060
"42015","Bradford, PA",24233
"42017","Bucks, PA",40977
"42019","Butler, PA",30426
"42021","Cambria, PA",25041
"42023","Cameron, PA",25886
"42025","Carbon, PA",25720
"42027","Centre, PA",26769
"42029","Chester, PA",47696
"42031","Clarion, PA",24942
"42033","Clearfield, PA",24999
"42035","Clinton, PA",22488
"42037","Columbia, PA",25234
"42039","Crawford, PA",23761
"42041","Cumberland, PA",34567
"42043","Dauphin, PA",32640
"42045","Delaware, PA",38718
"42047","Elk, PA",26890
"42049","Erie, PA",26556
"42051","Fayette, PA",24626
"42053","Forest, PA",19947
"42055","Franklin, PA",27174
"42057","Fulton, PA",23174
"42059","Greene, PA",21382
"42061","Huntingdon, PA",21741
"42063","Indiana, PA",24187
"42065","Jefferson, PA",24771
"42067","Juniata, PA",25050
"42069","Lackawanna, PA",29002
"42071","Lancaster, PA",30561
"42073","Lawrence, PA",24450
"42075","Lebanon, PA",28843
"42077","Lehigh, PA",34482
"42079","Luzerne, PA",28089
"42081","Lycoming, PA",25657
"42083","McKean, PA",24931
"42085","Mercer, PA",24922
"42087","Mifflin, PA",22389
"42089","Monroe, PA",26962
"42091","Montgomery, PA",50484
"42093","Montour, PA",28404
"42095","Northampton, PA",31379
"42097","Northumberland, PA",25209
"42099","Perry, PA",26213
"42101","Philadelphia, PA",26474
"42103","Pike, PA",28045
"42105","Potter, PA",25019
"42107","Schuylkill, PA",25345
"42109","Snyder, PA",25898
"42111","Somerset, PA",22741
"42113","Sullivan, PA",25152
"42115","Susquehanna, PA",24851
"42117","Tioga, PA",22130
"42119","Union, PA",24590
"42121","Venango, PA",25454
"42123","Warren, PA",24982
"42125","Washington, PA",29771
"42127","Wayne, PA",26749
"42129","Westmoreland, PA",29554
"42131","Wyoming, PA",25238
"42133","York, PA",29928
"44001","Bristol, RI",42605
"44003","Kent, RI",35039
"44005","Newport, RI",39312
"44007","Providence, RI",29366
"44009","Washington, RI",37930
"45001","Abbeville, SC",21249
"45003","Aiken, SC",26323
"45005","Allendale, SC",16501
"45007","Anderson, SC",24639
"45009","Bamberg, SC",18555
"45011","Barnwell, SC",19362
"45013","Beaufort, SC",34575
"45015","Berkeley, SC",22669
"45017","Calhoun, SC",23043
"45019","Charleston, SC",30355
"45021","Cherokee, SC",20648
"45023","Chester, SC",21383
"45025","Chesterfield, SC",20594
"45027","Clarendon, SC",18897
"45029","Colleton, SC",21094
"45031","Darlington, SC",23548
"45033","Dillon, SC",19061
"45035","Dorchester, SC",25500
"45037","Edgefield, SC",21451
"45039","Fairfield, SC",22944
"45041","Florence, SC",25717
"45043","Georgetown, SC",25637
"45045","Greenville, SC",30888
"45047","Greenwood, SC",24225
"45049","Hampton, SC",19634
"45051","Horry, SC",24876
"45053","Jasper, SC",18687
"45055","Kershaw, SC",25355
"45057","Lancaster, SC",22355
"45059","Laurens, SC",21111
"45061","Lee, SC",17944
"45063","Lexington, SC",29636
"45065","McCormick, SC",18566
"45067","Marion, SC",18989
"45069","Marlboro, SC",17961
"45071","Newberry, SC",21766
"45073","Oconee, SC",25331
"45075","Orangeburg, SC",21752
"45077","Pickens, SC",23108
"45079","Richland, SC",28910
"45081","Saluda, SC",22423
"45083","Spartanburg, SC",25941
"45085","Sumter, SC",22939
"45087","Union, SC",21501
"45089","Williamsburg, SC",16894
"45091","York, SC",28049
"46003","Aurora, SD",24565
"46005","Beadle, SD",27378
"46007","Bennett, SD",19024
"46009","Bon Homme, SD",22596
"46011","Brookings, SD",24766
"46013","Brown, SD",30931
"46015","Brule, SD",24243
"46017","Buffalo, SD",12746
"46019","Butte, SD",22647
"46021","Campbell, SD",20457
"46023","Charles Mix, SD",22936
"46025","Clark, SD",23323
"46027","Clay, SD",23672
"46029","Codington, SD",27519
"46031","Corson, SD",16791
"46033","Custer, SD",26558
"46035","Davison, SD",29241
"46037","Day, SD",23837
"46039","Deuel, SD",25615
"46041","Dewey, SD",18972
"46043","Douglas, SD",23418
"46045","Edmunds, SD",24854
"46047","Fall River, SD",25803
"46049","Faulk, SD",23641
"46051","Grant, SD",26550
"46053","Gregory, SD",24029
"46055","Haakon, SD",29870
"46057","Hamlin, SD",23509
"46059","Hand, SD",26055
"46061","Hanson, SD",21329
"46063","Harding, SD",23463
"46065","Hughes, SD",30367
"46067","Hutchinson, SD",25224
"46069","Hyde, SD",20682
"46071","Jackson, SD",16981
"46073","Jerauld, SD",26139
"46075","Jones, SD",22675
"46077","Kingsbury, SD",29524
"46079","Lake, SD",26060
"46081","Lawrence, SD",25640
"46083","Lincoln, SD",32807
"46085","Lyman, SD",21375
"46087","McCook, SD",27737
"46089","McPherson, SD",22790
"46091","Marshall, SD",23657
"46093","Meade, SD",25494
"46095","Mellette, SD",18524
"46097","Miner, SD",23775
"46099","Minnehaha, SD",32291
"46101","Moody, SD",25924
"46102","Oglala Lakota, SD*",14659
"46103","Pennington, SD",30817
"46105","Perkins, SD",24325
"46107","Potter, SD",32707
"46109","Roberts, SD",21327
"46111","Sanborn, SD",29970
"46115","Spink, SD",27702
"46117","Stanley, SD",31465
"46119","Sully, SD",24464
"46121","Todd, SD",14524
"46123","Tripp, SD",22598
"46125","Turner, SD",27862
"46127","Union, SD",42405
"46129","Walworth, SD",23947
"46135","Yankton, SD",26629
"46137","Ziebach, SD",14155
"47001","Anderson, TN",29008
"47003","Bedford, TN",23354
"47005","Benton, TN",19708
"47007","Bledsoe, TN",17267
"47009","Blount, TN",25402
"47011","Bradley, TN",24202
"47013","Campbell, TN",19677
"47015","Cannon, TN",23273
"47017","Carroll, TN",22580
"47019","Carter, TN",20478
"47021","Cheatham, TN",27897
"47023","Chester, TN",19599
"47025","Claiborne, TN",21109
"47027","Clay, TN",19477
"47029","Cocke, TN",19362
"47031","Coffee, TN",24692
"47033","Crockett, TN",22562
"47035","Cumberland, TN",21994
"47037","Davidson, TN",37512
"47039","Decatur, TN",20923
"47041","DeKalb, TN",21986
"47043","Dickson, TN",23295
"47045","Dyer, TN",24222
"47047","Fayette, TN",28190
"47049","Fentress, TN",19800
"47051","Franklin, TN",22266
"47053","Gibson, TN",22914
"47055","Giles, TN",22827
"47057","Grainger, TN",20576
"47059","Greene, TN",24400
"47061","Grundy, TN",19007
"47063","Hamblen, TN",24678
"47065","Hamilton, TN",30823
"47067","Hancock, TN",15208
"47069","Hardeman, TN",17516
"47071","Hardin, TN",21849
"47073","Hawkins, TN",21561
"47075","Haywood, TN",20170
"47077","Henderson, TN",21475
"47079","Henry, TN",22602
"47081","Hickman, TN",18793
"47083","Houston, TN",20241
"47085","Humphreys, TN",22692
"47087","Jackson, TN",21092
"47089","Jefferson, TN",21848
"47091","Johnson, TN",18022
"47093","Knox, TN",29938
"47095","Lake, TN",13897
"47097","Lauderdale, TN",17351
"47099","Lawrence, TN",21742
"47101","Lewis, TN",18261
"47103","Lincoln, TN",23298
"47105","Loudon, TN",27053
"47107","McMinn, TN",21957
"47109","McNairy, TN",22680
"47111","Macon, TN",20322
"47113","Madison, TN",25294
"47115","Marion, TN",22312
"47117","Marshall, TN",26083
"47119","Maury, TN",27748
"47121","Meigs, TN",18244
"47123","Monroe, TN",20039
"47125","Montgomery, TN",26753
"47127","Moore, TN",21702
"47129","Morgan, TN",18242
"47131","Obion, TN",25402
"47133","Overton, TN",19746
"47135","Perry, TN",20680
"47137","Pickett, TN",17267
"47139","Polk, TN",22366
"47141","Putnam, TN",24824
"47143","Rhea, TN",21656
"47145","Roane, TN",23993
"47147","Robertson, TN",25929
"47149","Rutherford, TN",26355
"47151","Scott, TN",18323
"47153","Sequatchie, TN",20641
"47155","Sevier, TN",25366
"47157","Shelby, TN",34148
"47159","Smith, TN",22896
"47161","Stewart, TN",22879
"47163","Sullivan, TN",26167
"47165","Sumner, TN",28108
"47167","Tipton, TN",24079
"47169","Trousdale, TN",21005
"47171","Unicoi, TN",23252
"47173","Union, TN",19360
"47175","Van Buren, TN",17241
"47177","Warren, TN",21025
"47179","Washington, TN",25880
"47181","Wayne, TN",16742
"47183","Weakley, TN",22158
"47185","White, TN",20565
"47187","Williamson, TN",43570
"47189","Wilson, TN",29775
"48001","Anderson, TX",18817
"48003","Andrews, TX",22946
"48005","Angelina, TX",24084
"48007","Aransas, TX",24771
"48009","Archer, TX",28799
"48011","Armstrong, TX",29499
"48013","Atascosa, TX",20434
"48015","Austin, TX",27782
"48017","Bailey, TX",23390
"48019","Bandera, TX",26602
"48021","Bastrop, TX",23757
"48023","Baylor, TX",25095
"48025","Bee, TX",16013
"48027","Bell, TX",27222
"48029","Bexar, TX",28085
"48031","Blanco, TX",30234
"48033","Borden, TX",27898
"48035","Bosque, TX",23570
"48037","Bowie, TX",25726
"48039","Brazoria, TX",28428
"48041","Brazos, TX",21299
"48043","Brewster, TX",27196
"48045","Briscoe, TX",24062
"48047","Brooks, TX",17366
"48049","Brown, TX",21820
"48051","Burleson, TX",23340
"48053","Burnet, TX",26946
"48055","Caldwell, TX",21310
"48057","Calhoun, TX",20759
"48059","Callahan, TX",23337
"48061","Cameron, TX",17457
"48063","Camp, TX",25629
"48065","Carson, TX",26914
"48067","Cass, TX",21167
"48069","Castro, TX",30043
"48071","Chambers, TX",27616
"48073","Cherokee, TX",22003
"48075","Childress, TX",17165
"48077","Clay, TX",22918
"48079","Cochran, TX",21969
"48081","Coke, TX",22830
"48083","Coleman, TX",21334
"48085","Collin, TX",41828
"48087","Collingsworth, TX",27162
"48089","Colorado, TX",25657
"48091","Comal, TX",31350
"48093","Comanche, TX",24391
"48095","Concho, TX",16485
"48097","Cooke, TX",23526
"48099","Coryell, TX",21734
"48101","Cottle, TX",32160
"48103","Crane, TX",21319
"48105","Crockett, TX",23273
"48107","Crosby, TX",22080
"48109","Culberson, TX",16162
"48111","Dallam, TX",33970
"48113","Dallas, TX",36451
"48115","Dawson, TX",19229
"48117","Deaf Smith, TX",22386
"48119","Delta, TX",21289
"48121","Denton, TX",33276
"48123","DeWitt, TX",21833
"48125","Dickens, TX",17703
"48127","Dimmit, TX",15870
"48129","Donley, TX",25683
"48131","Duval, TX",18676
"48133","Eastland, TX",24198
"48135","Ector, TX",23020
"48137","Edwards, TX",23138
"48139","Ellis, TX",27813
"48141","El Paso, TX",20292
"48143","Erath, TX",23612
"48145","Falls, TX",19626
"48147","Fannin, TX",21038
"48149","Fayette, TX",28105
"48151","Fisher, TX",22464
"48153","Floyd, TX",23473
"48155","Foard, TX",22760
"48157","Fort Bend, TX",36252
"48159","Franklin, TX",27847
"48161","Freestone, TX",19943
"48163","Frio, TX",17431
"48165","Gaines, TX",23946
"48167","Galveston, TX",30745
"48169","Garza, TX",19474
"48171","Gillespie, TX",28725
"48173","Glasscock, TX",20560
"48175","Goliad, TX",23205
"48177","Gonzales, TX",25320
"48179","Gray, TX",26148
"48181","Grayson, TX",24272
"48183","Gregg, TX",28432
"48185","Grimes, TX",18798
"48187","Guadalupe, TX",26099
"48189","Hale, TX",21832
"48191","Hall, TX",19342
"48193","Hamilton, TX",27685
"48195","Hansford, TX",33846
"48197","Hardeman, TX",22741
"48199","Hardin, TX",23635
"48201","Harris, TX",33527
"48203","Harrison, TX",23527
"48205","Hartley, TX",33680
"48207","Haskell, TX",22311
"48209","Hays, TX",25268
"48211","Hemphill, TX",32415
"48213","Henderson, TX",24343
"48215","Hidalgo, TX",15499
"48217","Hill, TX",20913
"48219","Hockley, TX",22670
"48221","Hood, TX",29190
"48223","Hopkins, TX",23500
"48225","Houston, TX",21573
"48227","Howard, TX",21863
"48229","Hudspeth, TX",16569
"48231","Hunt, TX",23627
"48233","Hutchinson, TX",22396
"48235","Irion, TX",30489
"48237","Jack, TX",20259
"48239","Jackson, TX",24059
"48241","Jasper, TX",20661
"48243","Jeff Davis, TX",28057
"48245","Jefferson, TX",25444
"48247","Jim Hogg, TX",22709
"48249","Jim Wells, TX",21114
"48251","Johnson, TX",25245
"48253","Jones, TX",18132
"48255","Karnes, TX",17782
"48257","Kaufman, TX",26767
"48259","Kendall, TX",39348
"48261","Kenedy, TX",28580
"48263","Kent, TX",24860
"48265","Kerr, TX",28978
"48267","Kimble, TX",23920
"48269","King, TX",39276
"48271","Kinney, TX",20217
"48273","Kleberg, TX",21241
"48275","Knox, TX",23332
"48277","Lamar, TX",23512
"48279","Lamb, TX",22064
"48281","Lampasas, TX",28748
"48283","La Salle, TX",15067
"48285","Lavaca, TX",26081
"48287","Lee, TX",24316
"48289","Leon, TX",23959
"48291","Liberty, TX",21822
"48293","Limestone, TX",20581
"48295","Lipscomb, TX",26620
"48297","Live Oak, TX",19599
"48299","Llano, TX",24754
"48301","Loving, TX",52427
"48303","Lubbock, TX",25185
"48305","Lynn, TX",20489
"48307","McCulloch, TX",23091
"48309","McLennan, TX",24312
"48311","McMullen, TX",32726
"48313","Madison, TX",20784
"48315","Marion, TX",17979
"48317","Martin, TX",20928
"48319","Mason, TX",23527
"48321","Matagorda, TX",22348
"48323","Maverick, TX",13882
"48325","Medina, TX",21704
"48327","Menard, TX",21987
"48329","Midland, TX",49443
"48331","Milam, TX",22666
"48333","Mills, TX",24222
"48335","Mitchell, TX",16359
"48337","Montague, TX",23654
"48339","Montgomery, TX",33720
"48341","Moore, TX",23144
"48343","Morris, TX",22329
"48345","Motley, TX",24786
"48347","Nacogdoches, TX",23718
"48349","Navarro, TX",22490
"48351","Newton, TX",16927
"48353","Nolan, TX",21675
"48355","Nueces, TX",26539
"48357","Ochiltree, TX",28243
"48359","Oldham, TX",28142
"48361","Orange, TX",24128
"48363","Palo Pinto, TX",22210
"48365","Panola, TX",22077
"48367","Parker, TX",29280
"48369","Parmer, TX",26560
"48371","Pecos, TX",16469
"48373","Polk, TX",24158
"48375","Potter, TX",23785
"48377","Presidio, TX",17154
"48379","Rains, TX",19882
"48381","Randall, TX",29135
"48383","Reagan, TX",21938
"48385","Real, TX",21727
"48387","Red River, TX",19467
"48389","Reeves, TX",17095
"48391","Refugio, TX",25029
"48393","Roberts, TX",26422
"48395","Robertson, TX",22539
"48397","Rockwall, TX",38039
"48399","Runnels, TX",20368
"48401","Rusk, TX",22766
"48403","Sabine, TX",21951
"48405","San Augustine, TX",20091
"48407","San Jacinto, TX",20423
"48409","San Patricio, TX",22479
"48411","San Saba, TX",20176
"48413","Schleicher, TX",21816
"48415","Scurry, TX",26098
"48417","Shackelford, TX",38594
"48419","Shelby, TX",23522
"48421","Sherman, TX",33608
"48423","Smith, TX",28533
"48425","Somervell, TX",26959
"48427","Starr, TX",13085
"48429","Stephens, TX",28925
"48431","Sterling, TX",25657
"48433","Stonewall, TX",28287
"48435","Sutton, TX",29055
"48437","Swisher, TX",25355
"48439","Tarrant, TX",31896
"48441","Taylor, TX",25759
"48443","Terrell, TX",27331
"48445","Terry, TX",21829
"48447","Throckmorton, TX",30316
"48449","Titus, TX",23883
"48451","Tom Green, TX",27086
"48453","Travis, TX",37452
"48455","Trinity, TX",20272
"48457","Tyler, TX",19663
"48459","Upshur, TX",22136
"48461","Upton, TX",22810
"48463","Uvalde, TX",20677
"48465","Val Verde, TX",20085
"48467","Van Zandt, TX",23934
"48469","Victoria, TX",28507
"48471","Walker, TX",17769
"48473","Waller, TX",22342
"48475","Ward, TX",21436
"48477","Washington, TX",34810
"48479","Webb, TX",19349
"48481","Wharton, TX",25064
"48483","Wheeler, TX",27134
"48485","Wichita, TX",27733
"48487","Wilbarger, TX",24881
"48489","Willacy, TX",15424
"48491","Williamson, TX",27581
"48493","Wilson, TX",26222
"48495","Winkler, TX",20565
"48497","Wise, TX",25204
"48499","Wood, TX",22107
"48501","Yoakum, TX",26165
"48503","Young, TX",27710
"48505","Zapata, TX",14581
"48507","Zavala, TX",13020
"49001","Beaver, UT",22428
"49003","Box Elder, UT",21496
"49005","Cache, UT",20548
"49007","Carbon, UT",23112
"49009","Daggett, UT",24115
"49011","Davis, UT",27674
"49013","Duchesne, UT",21938
"49015","Emery, UT",19415
"49017","Garfield, UT",20023
"49019","Grand, UT",21733
"49021","Iron, UT",18822
"49023","Juab, UT",20327
"49025","Kane, UT",25012
"49027","Millard, UT",21165
"49029","Morgan, UT",22283
"49031","Piute, UT",16987
"49033","Rich, UT",23361
"49035","Salt Lake, UT",28307
"49037","San Juan, UT",15038
"49039","Sanpete, UT",16738
"49041","Sevier, UT",19400
"49043","Summit, UT",45271
"49045","Tooele, UT",21420
"49047","Uintah, UT",20744
"49049","Utah, UT",20158
"49051","Wasatch, UT",24233
"49053","Washington, UT",20185
"49055","Wayne, UT",22778
"49057","Weber, UT",25562
"50001","Addison, VT",29188
"50003","Bennington, VT",32154
"50005","Caledonia, VT",24736
"50007","Chittenden, VT",35539
"50009","Essex, VT",19928
"50011","Franklin, VT",26386
"50013","Grand Isle, VT",31525
"50015","Lamoille, VT",32202
"50017","Orange, VT",27668
"50019","Orleans, VT",24206
"50021","Rutland, VT",29969
"50023","Washington, VT",32124
"50025","Windham, VT",31496
"50027","Windsor, VT",32622
"51001","Accomack, VA",22265
"51007","Amelia, VA",24814
"51009","Amherst, VA",23180
"51011","Appomattox, VA",24349
"51013","Arlington, VA",57721
"51017","Bath, VA",30520
"51019","Bedford, VA*",30130
"51021","Bland, VA",20372
"51023","Botetourt, VA",31681
"51025","Brunswick, VA",19304
"51027","Buchanan, VA",20187
"51029","Buckingham, VA",18326
"51033","Caroline, VA",25354
"51036","Charles City, VA",30294
"51037","Charlotte, VA",20574
"51041","Chesterfield, VA",35388
"51043","Clarke, VA",35207
"51045","Craig, VA",24444
"51047","Culpeper, VA",28261
"51049","Cumberland, VA",22495
"51051","Dickenson, VA",18430
"51057","Essex, VA",24676
"51061","Fauquier, VA",43517
"51063","Floyd, VA",22799
"51065","Fluvanna, VA",26264
"51067","Franklin, VA",26274
"51071","Giles, VA",22689
"51073","Gloucester, VA",29133
"51075","Goochland, VA",51310
"51077","Grayson, VA",22093
"51079","Greene, VA",26388
"51083","Halifax, VA",21496
"51085","Hanover, VA",35672
"51087","Henrico, VA",38517
"51091","Highland, VA",27636
"51093","Isle of Wight, VA",30877
"51097","King and Queen, VA",25205
"51099","King George, VA",31117
"51101","King William, VA",30221
"51103","Lancaster, VA",35697
"51105","Lee, VA",19943
"51107","Loudoun, VA",38173
"51109","Louisa, VA",26694
"51111","Lunenburg, VA",20021
"51113","Madison, VA",26216
"51115","Mathews, VA",36637
"51117","Mecklenburg, VA",21672
"51119","Middlesex, VA",30668
"51125","Nelson, VA",28560
"51127","New Kent, VA",31948
"51131","Northampton, VA",25905
"51133","Northumberland, VA",27396
"51135","Nottoway, VA",23094
"51137","Orange, VA",29775
"51139","Page, VA",23446
"51141","Patrick, VA",20663
"51145","Powhatan, VA",29613
"51147","Prince Edward, VA",18850
"51155","Pulaski, VA",24713
"51157","Rappahannock, VA",31720
"51159","Richmond, VA",18475
"51167","Russell, VA",21184
"51169","Scott, VA",20235
"51171","Shenandoah, VA",26667
"51173","Smyth, VA",22145
"51179","Stafford, VA",31581
"51181","Surry, VA",23381
"51183","Sussex, VA",20625
"51185","Tazewell, VA",24005
"51187","Warren, VA",27694
"51193","Westmoreland, VA",25758
"51197","Wythe, VA",21792
"51510","Alexandria (Independent City), VA",56131
"51550","Chesapeake (Independent City), VA",30876
"51650","Hampton (Independent City), VA",29221
"51700","Newport News (Independent City), VA",24920
"51710","Norfolk (Independent City), VA",28313
"51740","Portsmouth (Independent City), VA",25738
"51760","Richmond (Independent City), VA",34245
"51770","Roanoke (Independent City), VA",27805
"51800","Suffolk (Independent City), VA",28355
"51810","Virginia Beach (Independent City), VA",33810
"51901","Albemarle + Charlottesville, VA*",37156
"51903","Alleghany + Covington, VA*",24392
"51907","Augusta, Staunton + Waynesboro, VA*",25511
"51911","Campbell + Lynchburg, VA*",24793
"51913","Carroll + Galax, VA*",21989
"51918","Dinwiddie, Colonial Heights + Petersburg, VA*",27668
"51919","Fairfax, Fairfax City + Falls Church, VA*",52628
"51921","Frederick + Winchester, VA*",29554
"51923","Greensville + Emporia, VA*",18978
"51929","Henry + Martinsville, VA*",24067
"51931","James City + Williamsburg, VA*",38576
"51933","Montgomery + Radford, VA*",21564
"51939","Pittsylvania + Danville, VA*",24171
"51941","Prince George + Hopewell, VA*",24570
"51942","Prince William, Manassas + Manassas Park, VA*",34296
"51944","Roanoke + Salem, VA*",34312
"51945","Rockbridge, Buena Vista + Lexington, VA*",24800
"51947","Rockingham + Harrisonburg, VA*",24060
"51949","Southampton + Franklin, VA*",25628
"51951","Spotsylvania + Fredericksburg, VA*",30737
"51953","Washington + Bristol, VA*",28297
"51955","Wise + Norton, VA*",21049
"51958","York + Poquoson, VA*",34269
"53001","Adams, WA",22481
"53003","Asotin, WA",26386
"53005","Benton, WA",29718
"53007","Chelan, WA",26963
"53009","Clallam, WA",27029
"53011","Clark, WA",29358
"53013","Columbia, WA",27908
"53015","Cowlitz, WA",24672
"53017","Douglas, WA",23461
"53019","Ferry, WA",18906
"53021","Franklin, WA",21762
"53023","Garfield, WA",25232
"53025","Grant, WA",22271
"53027","Grays Harbor, WA",23872
"53029","Island, WA",30860
"53031","Jefferson, WA",30627
"53033","King, WA",45400
"53035","Kitsap, WA",32994
"53037","Kittitas, WA",25038
"53039","Klickitat, WA",24250
"53041","Lewis, WA",24413
"53043","Lincoln, WA",24979
"53045","Mason, WA",25298
"53047","Okanogan, WA",21949
"53049","Pacific, WA",23170
"53051","Pend Oreille, WA",22168
"53053","Pierce, WA",30404
"53055","San Juan, WA",41161
"53057","Skagit, WA",28882
"53059","Skamania, WA",23995
"53061","Snohomish, WA",32547
"53063","Spokane, WA",26987
"53065","Stevens, WA",21413
"53067","Thurston, WA",32697
"53069","Wahkiakum, WA",24286
"53071","Walla Walla, WA",24705
"53073","Whatcom, WA",26292
"53075","Whitman, WA",20756
"53077","Yakima, WA",23239
"54001","Barbour, WV",18966
"54003","Berkeley, WV",25502
"54005","Boone, WV",19344
"54007","Braxton, WV",17743
"54009","Brooke, WV",24031
"54011","Cabell, WV",26469
"54013","Calhoun, WV",17381
"54015","Clay, WV",17216
"54017","Doddridge, WV",17945
"54019","Fayette, WV",20764
"54021","Gilmer, WV",18088
"54023","Grant, WV",22466
"54025","Greenbrier, WV",23010
"54027","Hampshire, WV",20781
"54029","Hancock, WV",25930
"54031","Hardy, WV",21320
"54033","Harrison, WV",26915
"54035","Jackson, WV",21198
"54037","Jefferson, WV",30446
"54039","Kanawha, WV",31417
"54041","Lewis, WV",21290
"54043","Lincoln, WV",17289
"54045","Logan, WV",22515
"54047","McDowell, WV",17038
"54049","Marion, WV",26069
"54051","Marshall, WV",22213
"54053","Mason, WV",19685
"54055","Mercer, WV",24258
"54057","Mineral, WV",23449
"54059","Mingo, WV",20614
"54061","Monongalia, WV",26298
"54063","Monroe, WV",20237
"54065","Morgan, WV",26418
"54067","Nicholas, WV",21160
"54069","Ohio, WV",34898
"54071","Pendleton, WV",22540
"54073","Pleasants, WV",22444
"54075","Pocahontas, WV",22585
"54077","Preston, WV",20449
"54079","Putnam, WV",27771
"54081","Raleigh, WV",24910
"54083","Randolph, WV",23051
"54085","Ritchie, WV",20253
"54087","Roane, WV",17070
"54089","Summers, WV",18469
"54091","Taylor, WV",18930
"54093","Tucker, WV",21309
"54095","Tyler, WV",20004
"54097","Upshur, WV",19857
"54099","Wayne, WV",18985
"54101","Webster, WV",17351
"54103","Wetzel, WV",22944
"54105","Wirt, WV",18637
"54107","Wood, WV",25853
"54109","Wyoming, WV",19303
"55001","Adams, WI",23373
"55003","Ashland, WI",23661
"55005","Barron, WI",26003
"55007","Bayfield, WI",25191
"55009","Brown, WI",32301
"55011","Buffalo, WI",28975
"55013","Burnett, WI",23878
"55015","Calumet, WI",30318
"55017","Chippewa, WI",27808
"55019","Clark, WI",23353
"55021","Columbia, WI",31290
"55023","Crawford, WI",22594
"55025","Dane, WI",38134
"55027","Dodge, WI",26217
"55029","Door, WI",31859
"55031","Douglas, WI",24088
"55033","Dunn, WI",24529
"55035","Eau Claire, WI",27957
"55037","Florence, WI",27998
"55039","Fond du Lac, WI",30529
"55041","Forest, WI",21882
"55043","Grant, WI",24978
"55045","Green, WI",29874
"55047","Green Lake, WI",29629
"55049","Iowa, WI",32485
"55051","Iron, WI",27025
"55053","Jackson, WI",24965
"55055","Jefferson, WI",29842
"55057","Juneau, WI",23862
"55059","Kenosha, WI",29337
"55061","Kewaunee, WI",26064
"55063","La Crosse, WI",28663
"55065","Lafayette, WI",22951
"55067","Langlade, WI",24280
"55069","Lincoln, WI",26114
"55071","Manitowoc, WI",28694
"55073","Marathon, WI",30323
"55075","Marinette, WI",25782
"55077","Marquette, WI",24010
"55078","Menominee, WI*",19218
"55079","Milwaukee, WI",31236
"55081","Monroe, WI",23950
"55083","Oconto, WI",26062
"55085","Oneida, WI",29166
"55087","Outagamie, WI",32040
"55089","Ozaukee, WI",49976
"55091","Pepin, WI",26755
"55093","Pierce, WI",28816
"55095","Polk, WI",26044
"55097","Portage, WI",27754
"55099","Price, WI",26833
"55101","Racine, WI",31836
"55103","Richland, WI",24018
"55105","Rock, WI",28048
"55107","Rusk, WI",21580
"55109","St. Croix, WI",32433
"55111","Sauk, WI",30661
"55113","Sawyer, WI",26376
"55115","Shawano, WI*",24390
"55117","Sheboygan, WI",32250
"55119","Taylor, WI",24256
"55121","Trempealeau, WI",28219
"55123","Vernon, WI",22866
"55125","Vilas, WI",28636
"55127","Walworth, WI",29124
"55129","Washburn, WI",24844
"55131","Washington, WI",37022
"55133","Waukesha, WI",44320
"55135","Waupaca, WI",28510
"55137","Waushara, WI",22450
"55139","Winnebago, WI",30583
"55141","Wood, WI",31168
"55901","Shawano (includes Menominee), WI","(NA)"
"56001","Albany, WY",26888
"56003","Big Horn, WY",23141
"56005","Campbell, WY",31182
"56007","Carbon, WY",26128
"56009","Converse, WY",27441
"56011","Crook, WY",29437
"56013","Fremont, WY",25209
"56015","Goshen, WY",22471
"56017","Hot Springs, WY",25988
"56019","Johnson, WY",29463
"56021","Laramie, WY",31666
"56023","Lincoln, WY",25963
"56025","Natrona, WY",31867
"56027","Niobrara, WY",29961
"56029","Park, WY",29629
"56031","Platte, WY",26088
"56033","Sheridan, WY",36744
"56035","Sublette, WY",30929
"56037","Sweetwater, WY",30052
"56039","Teton, WY",80090
"56041","Uinta, WY",28026
"56043","Washakie, WY",29344
"56045","Weston, WY",26422
"Legend / Footnotes:"
"2/ Per capita personal income was computed using Census Bureau midyear population estimates. Estimates for 2010-2015 reflect county population estimates available as of March 2016."
"* Cibola, NM was separated from Valencia in June 1981, but in these estimates, Valencia includes Cibola through the end of 1981."
"* La Paz County, AZ was separated from Yuma County on January 1, 1983. The Yuma, AZ MSA contains the area that became La Paz County, AZ through 1982 and excludes it beginning with 1983."
"* Shawano, WI and Menominee, WI are combined as Shawano (incl. Menominee), WI for the years prior to 1989."
"* Broomfield County, CO, was created from parts of Adams, Boulder, Jefferson, and Weld counties effective November 15, 2001. Estimates for Broomfield county begin with 2002."
"* Estimates for 1979 forward reflect Alaska Census Areas as defined by the Census Bureau; those for prior years reflect Alaska Census Divisions as defined in the 1970 Decennial Census. Estimates from 1988 forward separate Aleutian Islands Census Area into Aleutians East Borough and Aleutians West Census Area. Estimates for 1991 forward separate Denali Borough from Yukon-Koyukuk Census Area and Lake and Peninsula Borough from Dillingham Census Area. Estimates from 1993 forward separate Skagway-Yakutat-Angoon Census Area into Skagway-Hoonah-Angoon Census Area and Yakutat Borough. Estimates from 2008 forward separate Skagway-Hoonah-Angoon Census Area into Skagway Municipality and Hoonah-Angoon Census Area. Estimates from 2009 forward separate Wrangell-Petersburg Census Area into Petersburg Census Area and Wrangell City and Borough. In addition, a part of the Prince of Wales-Outer Ketchikan Census Area was annexed by Ketchikan Gateway Borough and part (Meyers Chuck Area) was included in the new Wrangell City and Borough. The remainder of the Prince of Wales-Outer Ketchikan Census Area was renamed Prince of Wales-Hyder Census Area. Petersburg Borough was created from part of former Petersburg Census Area and part of Hoonah-Angoon Census Area for 2013 forward. Prince of Wales-Hyder Census Area added part of the former Petersburg Census Area beginning in 2013. For years 2009-2012, Petersburg Borough reflects the geographic boundaries of the former Petersburg Census Area. Wade Hampton Census Area was renamed Kusilvak Census Area on July 1, 2015."
"* Virginia combination areas consist of one or two independent cities with 1980 populations of less than 100,000 combined with an adjacent county. The county name appears first, followed by the city name(s). Separate estimates for the jurisdictions making up the combination area are not available. Bedford County, VA includes the independent city of Bedford for all years."
"* Shannon County, SD was renamed to Oglala Lakota County, SD on May 1, 2015."
"Note-- All dollar estimates are in current dollars (not adjusted for inflation)."
"(NA) Data not available for this year."
"Last updated: November 17, 2016-- new estimates for 2015; revised estimates for 1998-2014."
