"CA1 Personal Income Summary: Personal Income, Population, Per Capita Personal Income"
"Per capita personal income (dollars) 2/" 
"Bureau of Economic Analysis" 
"County"
"GeoFips","GeoName","2000"
"01001","Autauga, AL",23537
"01003","Baldwin, AL",26678
"01005","Barbour, AL",18882
"01007","Bibb, AL",17617
"01009","Blount, AL",20228
"01011","Bullock, AL",15728
"01013","Butler, AL",19048
"01015","Calhoun, AL",22061
"01017","Chambers, AL",20280
"01019","Cherokee, AL",18518
"01021","Chilton, AL",19595
"01023","Choctaw, AL",19553
"01025","Clarke, AL",20280
"01027","Clay, AL",18936
"01029","Cleburne, AL",18630
"01031","Coffee, AL",24223
"01033","Colbert, AL",21432
"01035","Conecuh, AL",19607
"01037","Coosa, AL",18589
"01039","Covington, AL",19922
"01041","Crenshaw, AL",21806
"01043","Cullman, AL",22135
"01045","Dale, AL",21457
"01047","Dallas, AL",19595
"01049","DeKalb, AL",20674
"01051","Elmore, AL",23944
"01053","Escambia, AL",19015
"01055","Etowah, AL",21710
"01057","Fayette, AL",19090
"01059","Franklin, AL",20195
"01061","Geneva, AL",20248
"01063","Greene, AL",17892
"01065","Hale, AL",16421
"01067","Henry, AL",19665
"01069","Houston, AL",24861
"01071","Jackson, AL",22051
"01073","Jefferson, AL",31201
"01075","Lamar, AL",19138
"01077","Lauderdale, AL",22340
"01079","Lawrence, AL",19937
"01081","Lee, AL",20806
"01083","Limestone, AL",22511
"01085","Lowndes, AL",17764
"01087","Macon, AL",16066
"01089","Madison, AL",29676
"01091","Marengo, AL",21742
"01093","Marion, AL",18697
"01095","Marshall, AL",21937
"01097","Mobile, AL",21989
"01099","Monroe, AL",19438
"01101","Montgomery, AL",28223
"01103","Morgan, AL",25235
"01105","Perry, AL",17402
"01107","Pickens, AL",19097
"01109","Pike, AL",21076
"01111","Randolph, AL",18414
"01113","Russell, AL",19866
"01115","St. Clair, AL",21535
"01117","Shelby, AL",32952
"01119","Sumter, AL",17218
"01121","Talladega, AL",19111
"01123","Tallapoosa, AL",21781
"01125","Tuscaloosa, AL",24796
"01127","Walker, AL",21581
"01129","Washington, AL",18321
"01131","Wilcox, AL",16208
"01133","Winston, AL",19232
"02010","Aleutian Islands Census Area, AK*","(NA)"
"02013","Aleutians East Borough, AK*",21826
"02016","Aleutians West Census Area, AK*",21131
"02020","Anchorage Municipality, AK",35718
"02050","Bethel Census Area, AK*",21081
"02060","Bristol Bay Borough, AK",36463
"02068","Denali Borough, AK*",39037
"02070","Dillingham Census Area, AK*",28435
"02090","Fairbanks North Star Borough, AK",29453
"02100","Haines Borough, AK",34514
"02105","Hoonah-Angoon Census Area, AK*","(NA)"
"02110","Juneau City and Borough, AK",37701
"02122","Kenai Peninsula Borough, AK",29724
"02130","Ketchikan Gateway Borough, AK*",36963
"02150","Kodiak Island Borough, AK",29025
"02158","Kusilvak Census Area, AK*",15322
"02164","Lake and Peninsula Borough, AK*",23021
"02170","Matanuska-Susitna Borough, AK",26779
"02180","Nome Census Area, AK*",22864
"02185","North Slope Borough, AK",28334
"02188","Northwest Arctic Borough, AK",24592
"02195","Petersburg Borough, AK*","(NA)"
"02198","Prince of Wales-Hyder Census Area, AK*","(NA)"
"02201","Prince of Wales-Outer Ketchikan Census Area, AK*",22562
"02220","Sitka City and Borough, AK",30817
"02230","Skagway Municipality, AK*","(NA)"
"02231","Skagway-Yakutat-Angoon Census Area, AK*","(NA)"
"02232","Skagway-Hoonah-Angoon Census Area, AK*",31534
"02240","Southeast Fairbanks Census Area, AK*",23760
"02261","Valdez-Cordova Census Area, AK*",32400
"02275","Wrangell City and Borough, AK*","(NA)"
"02280","Wrangell-Petersburg Census Area, AK*",30449
"02282","Yakutat City and Borough, AK*",29383
"02290","Yukon-Koyukuk Census Area, AK*",20766
"02901","Aleutian Islands Division, AK*","(NA)"
"02903","Angoon Division, AK*","(NA)"
"02904","Barrow-North Slope Division, AK*","(NA)"
"02905","Bethel Division, AK*","(NA)"
"02907","Bristol Bay Division, AK*","(NA)"
"02908","Cordova-McCarthy Division, AK*","(NA)"
"02910","Haines Division, AK*","(NA)"
"02912","Kenai-Cook Inlet Division, AK*","(NA)"
"02916","Kuskokwim Division, AK*","(NA)"
"02919","Outer Ketchikan Division, AK*","(NA)"
"02920","Prince of Wales Division, AK*","(NA)"
"02921","Seward Division, AK*","(NA)"
"02922","Sitka Division, AK*","(NA)"
"02923","Skagway-Yakutat Division, AK*","(NA)"
"02924","Southeast Fairbanks Division, AK*","(NA)"
"02925","Upper Yukon Division, AK*","(NA)"
"02926","Valdez-Chitina-Whittier Division, AK*","(NA)"
"02928","Wrangell-Petersburg Division, AK*","(NA)"
"02929","Yukon-Koyukuk Division, AK*","(NA)"
"04001","Apache, AZ",14273
"04003","Cochise, AZ",20695
"04005","Coconino, AZ",23760
"04007","Gila, AZ",19585
"04009","Graham, AZ",14915
"04011","Greenlee, AZ",23732
"04012","La Paz, AZ*",15760
"04013","Maricopa, AZ",29517
"04015","Mohave, AZ",19115
"04017","Navajo, AZ",15096
"04019","Pima, AZ",24799
"04021","Pinal, AZ",17421
"04023","Santa Cruz, AZ",17253
"04025","Yavapai, AZ",21801
"04027","Yuma, AZ*",17941
"05001","Arkansas, AR",23052
"05003","Ashley, AR",21746
"05005","Baxter, AR",22373
"05007","Benton, AR",31656
"05009","Boone, AR",21265
"05011","Bradley, AR",18239
"05013","Calhoun, AR",19061
"05015","Carroll, AR",18664
"05017","Chicot, AR",18558
"05019","Clark, AR",18963
"05021","Clay, AR",20075
"05023","Cleburne, AR",22043
"05025","Cleveland, AR",21580
"05027","Columbia, AR",21191
"05029","Conway, AR",22427
"05031","Craighead, AR",22448
"05033","Crawford, AR",19029
"05035","Crittenden, AR",20274
"05037","Cross, AR",19032
"05039","Dallas, AR",20350
"05041","Desha, AR",18637
"05043","Drew, AR",20018
"05045","Faulkner, AR",22766
"05047","Franklin, AR",19805
"05049","Fulton, AR",17131
"05051","Garland, AR",23864
"05053","Grant, AR",22644
"05055","Greene, AR",19834
"05057","Hempstead, AR",19527
"05059","Hot Spring, AR",18611
"05061","Howard, AR",21541
"05063","Independence, AR",21194
"05065","Izard, AR",17943
"05067","Jackson, AR",20568
"05069","Jefferson, AR",20020
"05071","Johnson, AR",18349
"05073","Lafayette, AR",19451
"05075","Lawrence, AR",18788
"05077","Lee, AR",15779
"05079","Lincoln, AR",16036
"05081","Little River, AR",20156
"05083","Logan, AR",18645
"05085","Lonoke, AR",22856
"05087","Madison, AR",19352
"05089","Marion, AR",17423
"05091","Miller, AR",21799
"05093","Mississippi, AR",18748
"05095","Monroe, AR",18390
"05097","Montgomery, AR",18264
"05099","Nevada, AR",19111
"05101","Newton, AR",15189
"05103","Ouachita, AR",19471
"05105","Perry, AR",20644
"05107","Phillips, AR",17603
"05109","Pike, AR",18007
"05111","Poinsett, AR",18765
"05113","Polk, AR",17646
"05115","Pope, AR",21229
"05117","Prairie, AR",19992
"05119","Pulaski, AR",30427
"05121","Randolph, AR",17646
"05123","St. Francis, AR",16760
"05125","Saline, AR",23408
"05127","Scott, AR",18657
"05129","Searcy, AR",15895
"05131","Sebastian, AR",25742
"05133","Sevier, AR",20113
"05135","Sharp, AR",16807
"05137","Stone, AR",17382
"05139","Union, AR",25679
"05141","Van Buren, AR",17931
"05143","Washington, AR",22116
"05145","White, AR",19326
"05147","Woodruff, AR",18693
"05149","Yell, AR",19886
"06001","Alameda, CA",38835
"06003","Alpine, CA",27832
"06005","Amador, CA",24374
"06007","Butte, CA",22969
"06009","Calaveras, CA",26017
"06011","Colusa, CA",26040
"06013","Contra Costa, CA",44952
"06015","Del Norte, CA",18717
"06017","El Dorado, CA",36962
"06019","Fresno, CA",22788
"06021","Glenn, CA",19793
"06023","Humboldt, CA",23773
"06025","Imperial, CA",18818
"06027","Inyo, CA",25557
"06029","Kern, CA",21197
"06031","Kings, CA",17255
"06033","Lake, CA",23881
"06035","Lassen, CA",18310
"06037","Los Angeles, CA",29771
"06039","Madera, CA",18833
"06041","Marin, CA",69448
"06043","Mariposa, CA",22552
"06045","Mendocino, CA",25341
"06047","Merced, CA",19749
"06049","Modoc, CA",20654
"06051","Mono, CA",26472
"06053","Monterey, CA",31556
"06055","Napa, CA",38282
"06057","Nevada, CA",31369
"06059","Orange, CA",37818
"06061","Placer, CA",37405
"06063","Plumas, CA",25826
"06065","Riverside, CA",24222
"06067","Sacramento, CA",29484
"06069","San Benito, CA",29177
"06071","San Bernardino, CA",22476
"06073","San Diego, CA",33560
"06075","San Francisco, CA",56326
"06077","San Joaquin, CA",24889
"06079","San Luis Obispo, CA",28119
"06081","San Mateo, CA",60755
"06083","Santa Barbara, CA",33422
"06085","Santa Clara, CA",54510
"06087","Santa Cruz, CA",39764
"06089","Shasta, CA",25338
"06091","Sierra, CA",23359
"06093","Siskiyou, CA",22930
"06095","Solano, CA",28104
"06097","Sonoma, CA",36677
"06099","Stanislaus, CA",24044
"06101","Sutter, CA",25747
"06103","Tehama, CA",19478
"06105","Trinity, CA",20560
"06107","Tulare, CA",19843
"06109","Tuolumne, CA",23860
"06111","Ventura, CA",33872
"06113","Yolo, CA",27245
"06115","Yuba, CA",19933
"08001","Adams, CO*",27040
"08003","Alamosa, CO",22302
"08005","Arapahoe, CO",42708
"08007","Archuleta, CO",20142
"08009","Baca, CO",24648
"08011","Bent, CO",19559
"08013","Boulder, CO*",41536
"08014","Broomfield, CO*","(NA)"
"08015","Chaffee, CO",22536
"08017","Cheyenne, CO",28706
"08019","Clear Creek, CO",35668
"08021","Conejos, CO",16231
"08023","Costilla, CO",19204
"08025","Crowley, CO",16017
"08027","Custer, CO",22400
"08029","Delta, CO",21757
"08031","Denver, CO",39345
"08033","Dolores, CO",20355
"08035","Douglas, CO",44074
"08037","Eagle, CO",40180
"08039","Elbert, CO",31998
"08041","El Paso, CO",30783
"08043","Fremont, CO",19347
"08045","Garfield, CO",31236
"08047","Gilpin, CO",35105
"08049","Grand, CO",29013
"08051","Gunnison, CO",23869
"08053","Hinsdale, CO",23138
"08055","Huerfano, CO",17980
"08057","Jackson, CO",21297
"08059","Jefferson, CO*",38513
"08061","Kiowa, CO",30989
"08063","Kit Carson, CO",25518
"08065","Lake, CO",20901
"08067","La Plata, CO",28490
"08069","Larimer, CO",30799
"08071","Las Animas, CO",20827
"08073","Lincoln, CO",18363
"08075","Logan, CO",24229
"08077","Mesa, CO",25694
"08079","Mineral, CO",23383
"08081","Moffat, CO",23478
"08083","Montezuma, CO",23024
"08085","Montrose, CO",23134
"08087","Morgan, CO",22135
"08089","Otero, CO",23012
"08091","Ouray, CO",27255
"08093","Park, CO",30023
"08095","Phillips, CO",26075
"08097","Pitkin, CO",81727
"08099","Prowers, CO",22425
"08101","Pueblo, CO",23667
"08103","Rio Blanco, CO",24860
"08105","Rio Grande, CO",23158
"08107","Routt, CO",34594
"08109","Saguache, CO",18075
"08111","San Juan, CO",25363
"08113","San Miguel, CO",37976
"08115","Sedgwick, CO",24981
"08117","Summit, CO",35960
"08119","Teller, CO",30952
"08121","Washington, CO",22439
"08123","Weld, CO*",25455
"08125","Yuma, CO",26832
"09001","Fairfield, CT",62928
"09003","Hartford, CT",38524
"09005","Litchfield, CT",39350
"09007","Middlesex, CT",39070
"09009","New Haven, CT",35440
"09011","New London, CT",33871
"09013","Tolland, CT",33846
"09015","Windham, CT",27779
"10001","Kent, DE",27493
"10003","New Castle, DE",38407
"10005","Sussex, DE",27351
"11001","District of Columbia, DC",42903
"12001","Alachua, FL",24990
"12003","Baker, FL",20005
"12005","Bay, FL",24878
"12007","Bradford, FL",19505
"12009","Brevard, FL",27967
"12011","Broward, FL",31505
"12013","Calhoun, FL",16567
"12015","Charlotte, FL",26556
"12017","Citrus, FL",22879
"12019","Clay, FL",27521
"12021","Collier, FL",43012
"12023","Columbia, FL",19443
"12027","DeSoto, FL",17319
"12029","Dixie, FL",16143
"12031","Duval, FL",30126
"12033","Escambia, FL",24478
"12035","Flagler, FL",24339
"12037","Franklin, FL",22152
"12039","Gadsden, FL",20305
"12041","Gilchrist, FL",20570
"12043","Glades, FL",17528
"12045","Gulf, FL",17120
"12047","Hamilton, FL",14637
"12049","Hardee, FL",18048
"12051","Hendry, FL",20591
"12053","Hernando, FL",24363
"12055","Highlands, FL",20929
"12057","Hillsborough, FL",29406
"12059","Holmes, FL",18278
"12061","Indian River, FL",39755
"12063","Jackson, FL",18950
"12065","Jefferson, FL",24999
"12067","Lafayette, FL",15565
"12069","Lake, FL",26321
"12071","Lee, FL",29489
"12073","Leon, FL",27361
"12075","Levy, FL",19115
"12077","Liberty, FL",17780
"12079","Madison, FL",17493
"12081","Manatee, FL",31967
"12083","Marion, FL",23603
"12085","Martin, FL",44684
"12086","Miami-Dade, FL",26934
"12087","Monroe, FL",41240
"12089","Nassau, FL",31120
"12091","Okaloosa, FL",29349
"12093","Okeechobee, FL",17769
"12095","Orange, FL",27979
"12097","Osceola, FL",20727
"12099","Palm Beach, FL",46533
"12101","Pasco, FL",22996
"12103","Pinellas, FL",32689
"12105","Polk, FL",24342
"12107","Putnam, FL",18986
"12109","St. Johns, FL",39289
"12111","St. Lucie, FL",22656
"12113","Santa Rosa, FL",25001
"12115","Sarasota, FL",40798
"12117","Seminole, FL",31848
"12119","Sumter, FL",15574
"12121","Suwannee, FL",19872
"12123","Taylor, FL",19621
"12125","Union, FL",14135
"12127","Volusia, FL",24009
"12129","Wakulla, FL",23166
"12131","Walton, FL",20495
"12133","Washington, FL",18157
"13001","Appling, GA",19699
"13003","Atkinson, GA",18046
"13005","Bacon, GA",19666
"13007","Baker, GA",20530
"13009","Baldwin, GA",22899
"13011","Banks, GA",22255
"13013","Barrow, GA",23771
"13015","Bartow, GA",26828
"13017","Ben Hill, GA",21052
"13019","Berrien, GA",21982
"13021","Bibb, GA",27677
"13023","Bleckley, GA",22415
"13025","Brantley, GA",18010
"13027","Brooks, GA",21202
"13029","Bryan, GA",25421
"13031","Bulloch, GA",20479
"13033","Burke, GA",17865
"13035","Butts, GA",22203
"13037","Calhoun, GA",17080
"13039","Camden, GA",21885
"13043","Candler, GA",19930
"13045","Carroll, GA",22270
"13047","Catoosa, GA",23040
"13049","Charlton, GA",15570
"13051","Chatham, GA",28363
"13053","Chattahoochee, GA",19755
"13055","Chattooga, GA",18610
"13057","Cherokee, GA",31912
"13059","Clarke, GA",21672
"13061","Clay, GA",20471
"13063","Clayton, GA",22068
"13065","Clinch, GA",17382
"13067","Cobb, GA",37385
"13069","Coffee, GA",21312
"13071","Colquitt, GA",20205
"13073","Columbia, GA",30613
"13075","Cook, GA",18764
"13077","Coweta, GA",27292
"13079","Crawford, GA",20883
"13081","Crisp, GA",20219
"13083","Dade, GA",21469
"13085","Dawson, GA",27213
"13087","Decatur, GA",21195
"13089","DeKalb, GA",32480
"13091","Dodge, GA",19054
"13093","Dooly, GA",19640
"13095","Dougherty, GA",22572
"13097","Douglas, GA",26673
"13099","Early, GA",21134
"13101","Echols, GA",17764
"13103","Effingham, GA",22970
"13105","Elbert, GA",21283
"13107","Emanuel, GA",19540
"13109","Evans, GA",20019
"13111","Fannin, GA",21645
"13113","Fayette, GA",37487
"13115","Floyd, GA",23833
"13117","Forsyth, GA",36336
"13119","Franklin, GA",23149
"13121","Fulton, GA",47629
"13123","Gilmer, GA",20574
"13125","Glascock, GA",20073
"13127","Glynn, GA",29850
"13129","Gordon, GA",22394
"13131","Grady, GA",19841
"13133","Greene, GA",23887
"13135","Gwinnett, GA",32240
"13137","Habersham, GA",22626
"13139","Hall, GA",25343
"13141","Hancock, GA",13681
"13143","Haralson, GA",21346
"13145","Harris, GA",30921
"13147","Hart, GA",21265
"13149","Heard, GA",18870
"13151","Henry, GA",27569
"13153","Houston, GA",25426
"13155","Irwin, GA",20160
"13157","Jackson, GA",23637
"13159","Jasper, GA",22640
"13161","Jeff Davis, GA",20657
"13163","Jefferson, GA",18902
"13165","Jenkins, GA",18362
"13167","Johnson, GA",18464
"13169","Jones, GA",23851
"13171","Lamar, GA",21448
"13173","Lanier, GA",19099
"13175","Laurens, GA",22415
"13177","Lee, GA",23661
"13179","Liberty, GA",18250
"13181","Lincoln, GA",20027
"13183","Long, GA",15469
"13185","Lowndes, GA",22158
"13187","Lumpkin, GA",22301
"13189","McDuffie, GA",22973
"13191","McIntosh, GA",18171
"13193","Macon, GA",18417
"13195","Madison, GA",23471
"13197","Marion, GA",19917
"13199","Meriwether, GA",21433
"13201","Miller, GA",22945
"13205","Mitchell, GA",18697
"13207","Monroe, GA",24582
"13209","Montgomery, GA",18657
"13211","Morgan, GA",26735
"13213","Murray, GA",20134
"13215","Muscogee, GA",26480
"13217","Newton, GA",23805
"13219","Oconee, GA",30590
"13221","Oglethorpe, GA",22464
"13223","Paulding, GA",24233
"13225","Peach, GA",22546
"13227","Pickens, GA",26673
"13229","Pierce, GA",20843
"13231","Pike, GA",23148
"13233","Polk, GA",19357
"13235","Pulaski, GA",23758
"13237","Putnam, GA",24222
"13239","Quitman, GA",18901
"13241","Rabun, GA",23717
"13243","Randolph, GA",18300
"13245","Richmond, GA",22946
"13247","Rockdale, GA",28042
"13249","Schley, GA",20417
"13251","Screven, GA",18463
"13253","Seminole, GA",22784
"13255","Spalding, GA",23029
"13257","Stephens, GA",22676
"13259","Stewart, GA",19743
"13261","Sumter, GA",20920
"13263","Talbot, GA",18099
"13265","Taliaferro, GA",15922
"13267","Tattnall, GA",18767
"13269","Taylor, GA",18975
"13271","Telfair, GA",17443
"13273","Terrell, GA",19613
"13275","Thomas, GA",23768
"13277","Tift, GA",22700
"13279","Toombs, GA",20817
"13281","Towns, GA",23803
"13283","Treutlen, GA",15864
"13285","Troup, GA",24736
"13287","Turner, GA",18541
"13289","Twiggs, GA",17809
"13291","Union, GA",21967
"13293","Upson, GA",20475
"13295","Walker, GA",22188
"13297","Walton, GA",23789
"13299","Ware, GA",20073
"13301","Warren, GA",18008
"13303","Washington, GA",20742
"13305","Wayne, GA",20628
"13307","Webster, GA",20679
"13309","Wheeler, GA",15255
"13311","White, GA",23249
"13313","Whitfield, GA",25538
"13315","Wilcox, GA",19223
"13317","Wilkes, GA",20833
"13319","Wilkinson, GA",20364
"13321","Worth, GA",21035
"15001","Hawaii, HI",22257
"15003","Honolulu, HI",31454
"15007","Kauai, HI",25087
"15901","Maui + Kalawao, HI",25690
"16001","Ada, ID",34555
"16003","Adams, ID",22114
"16005","Bannock, ID",21532
"16007","Bear Lake, ID",17117
"16009","Benewah, ID",20351
"16011","Bingham, ID",19947
"16013","Blaine, ID",48026
"16015","Boise, ID",21950
"16017","Bonner, ID",21192
"16019","Bonneville, ID",25086
"16021","Boundary, ID",17976
"16023","Butte, ID",21689
"16025","Camas, ID",23237
"16027","Canyon, ID",20350
"16029","Caribou, ID",20826
"16031","Cassia, ID",22478
"16033","Clark, ID",22844
"16035","Clearwater, ID",20344
"16037","Custer, ID",21613
"16039","Elmore, ID",21897
"16041","Franklin, ID",18715
"16043","Fremont (includes Yellowstone Park), ID",19102
"16045","Gem, ID",19937
"16047","Gooding, ID",23696
"16049","Idaho, ID",20038
"16051","Jefferson, ID",20100
"16053","Jerome, ID",23037
"16055","Kootenai, ID",23934
"16057","Latah, ID",22860
"16059","Lemhi, ID",20614
"16061","Lewis, ID",24532
"16063","Lincoln, ID",20664
"16065","Madison, ID",14840
"16067","Minidoka, ID",18880
"16069","Nez Perce, ID",25991
"16071","Oneida, ID",17632
"16073","Owyhee, ID",18207
"16075","Payette, ID",19835
"16077","Power, ID",22635
"16079","Shoshone, ID",20279
"16081","Teton, ID",19171
"16083","Twin Falls, ID",22601
"16085","Valley, ID",29284
"16087","Washington, ID",18918
"17001","Adams, IL",25333
"17003","Alexander, IL",17232
"17005","Bond, IL",23833
"17007","Boone, IL",28436
"17009","Brown, IL",16597
"17011","Bureau, IL",26230
"17013","Calhoun, IL",23387
"17015","Carroll, IL",25876
"17017","Cass, IL",24465
"17019","Champaign, IL",26695
"17021","Christian, IL",24641
"17023","Clark, IL",22941
"17025","Clay, IL",22261
"17027","Clinton, IL",26811
"17029","Coles, IL",23442
"17031","Cook, IL",35238
"17033","Crawford, IL",22360
"17035","Cumberland, IL",24097
"17037","DeKalb, IL",26533
"17039","De Witt, IL",26443
"17041","Douglas, IL",25571
"17043","DuPage, IL",47743
"17045","Edgar, IL",25570
"17047","Edwards, IL",21498
"17049","Effingham, IL",25382
"17051","Fayette, IL",19490
"17053","Ford, IL",28751
"17055","Franklin, IL",20388
"17057","Fulton, IL",22431
"17059","Gallatin, IL",21109
"17061","Greene, IL",19838
"17063","Grundy, IL",29070
"17065","Hamilton, IL",19994
"17067","Hancock, IL",24593
"17069","Hardin, IL",18906
"17071","Henderson, IL",23824
"17073","Henry, IL",26055
"17075","Iroquois, IL",24851
"17077","Jackson, IL",22280
"17079","Jasper, IL",22653
"17081","Jefferson, IL",21841
"17083","Jersey, IL",25820
"17085","Jo Daviess, IL",28600
"17087","Johnson, IL",17496
"17089","Kane, IL",30975
"17091","Kankakee, IL",25246
"17093","Kendall, IL",31299
"17095","Knox, IL",24063
"17097","Lake, IL",47898
"17099","LaSalle, IL",26178
"17101","Lawrence, IL",24307
"17103","Lee, IL",23768
"17105","Livingston, IL",26308
"17107","Logan, IL",23085
"17109","McDonough, IL",21927
"17111","McHenry, IL",33870
"17113","McLean, IL",30051
"17115","Macon, IL",27886
"17117","Macoupin, IL",24186
"17119","Madison, IL",26650
"17121","Marion, IL",22931
"17123","Marshall, IL",26681
"17125","Mason, IL",24889
"17127","Massac, IL",21247
"17129","Menard, IL",28353
"17131","Mercer, IL",24696
"17133","Monroe, IL",30709
"17135","Montgomery, IL",22608
"17137","Morgan, IL",23831
"17139","Moultrie, IL",24448
"17141","Ogle, IL",26487
"17143","Peoria, IL",28630
"17145","Perry, IL",18208
"17147","Piatt, IL",31276
"17149","Pike, IL",21188
"17151","Pope, IL",18689
"17153","Pulaski, IL",17941
"17155","Putnam, IL",24250
"17157","Randolph, IL",19840
"17159","Richland, IL",23140
"17161","Rock Island, IL",27434
"17163","St. Clair, IL",25709
"17165","Saline, IL",21112
"17167","Sangamon, IL",30919
"17169","Schuyler, IL",23709
"17171","Scott, IL",21651
"17173","Shelby, IL",22883
"17175","Stark, IL",25786
"17177","Stephenson, IL",27188
"17179","Tazewell, IL",28559
"17181","Union, IL",20715
"17183","Vermilion, IL",22432
"17185","Wabash, IL",22440
"17187","Warren, IL",22048
"17189","Washington, IL",26030
"17191","Wayne, IL",21750
"17193","White, IL",23789
"17195","Whiteside, IL",25177
"17197","Will, IL",30357
"17199","Williamson, IL",22979
"17201","Winnebago, IL",27535
"17203","Woodford, IL",27079
"18001","Adams, IN",24011
"18003","Allen, IN",30000
"18005","Bartholomew, IN",31182
"18007","Benton, IN",26084
"18009","Blackford, IN",22196
"18011","Boone, IN",38479
"18013","Brown, IN",30059
"18015","Carroll, IN",28372
"18017","Cass, IN",25264
"18019","Clark, IN",26810
"18021","Clay, IN",23791
"18023","Clinton, IN",22821
"18025","Crawford, IN",20547
"18027","Daviess, IN",23927
"18029","Dearborn, IN",27798
"18031","Decatur, IN",26681
"18033","DeKalb, IN",26048
"18035","Delaware, IN",25147
"18037","Dubois, IN",31531
"18039","Elkhart, IN",27540
"18041","Fayette, IN",25284
"18043","Floyd, IN",31038
"18045","Fountain, IN",24336
"18047","Franklin, IN",26677
"18049","Fulton, IN",23813
"18051","Gibson, IN",24497
"18053","Grant, IN",23072
"18055","Greene, IN",22203
"18057","Hamilton, IN",45817
"18059","Hancock, IN",34659
"18061","Harrison, IN",26429
"18063","Hendricks, IN",32008
"18065","Henry, IN",25691
"18067","Howard, IN",28327
"18069","Huntington, IN",26057
"18071","Jackson, IN",23925
"18073","Jasper, IN",26261
"18075","Jay, IN",21571
"18077","Jefferson, IN",22386
"18079","Jennings, IN",22304
"18081","Johnson, IN",30761
"18083","Knox, IN",24452
"18085","Kosciusko, IN",27297
"18087","Lagrange, IN",20085
"18089","Lake, IN",27088
"18091","LaPorte, IN",25268
"18093","Lawrence, IN",24407
"18095","Madison, IN",25500
"18097","Marion, IN",32271
"18099","Marshall, IN",24842
"18101","Martin, IN",23831
"18103","Miami, IN",22344
"18105","Monroe, IN",24460
"18107","Montgomery, IN",25052
"18109","Morgan, IN",27276
"18111","Newton, IN",22961
"18113","Noble, IN",23754
"18115","Ohio, IN",24685
"18117","Orange, IN",22125
"18119","Owen, IN",22073
"18121","Parke, IN",21581
"18123","Perry, IN",23071
"18125","Pike, IN",21890
"18127","Porter, IN",31813
"18129","Posey, IN",28347
"18131","Pulaski, IN",23731
"18133","Putnam, IN",22791
"18135","Randolph, IN",23781
"18137","Ripley, IN",24100
"18139","Rush, IN",25975
"18141","St. Joseph, IN",27596
"18143","Scott, IN",21948
"18145","Shelby, IN",27732
"18147","Spencer, IN",24727
"18149","Starke, IN",19722
"18151","Steuben, IN",26537
"18153","Sullivan, IN",20345
"18155","Switzerland, IN",21547
"18157","Tippecanoe, IN",25038
"18159","Tipton, IN",28935
"18161","Union, IN",23795
"18163","Vanderburgh, IN",29182
"18165","Vermillion, IN",24319
"18167","Vigo, IN",23080
"18169","Wabash, IN",25825
"18171","Warren, IN",23987
"18173","Warrick, IN",29510
"18175","Washington, IN",23014
"18177","Wayne, IN",25126
"18179","Wells, IN",26875
"18181","White, IN",24813
"18183","Whitley, IN",27043
"19001","Adair, IA",25951
"19003","Adams, IA",27024
"19005","Allamakee, IA",22730
"19007","Appanoose, IA",20969
"19009","Audubon, IA",25687
"19011","Benton, IA",27048
"19013","Black Hawk, IA",25044
"19015","Boone, IA",28062
"19017","Bremer, IA",26519
"19019","Buchanan, IA",24262
"19021","Buena Vista, IA",25073
"19023","Butler, IA",24383
"19025","Calhoun, IA",23780
"19027","Carroll, IA",27076
"19029","Cass, IA",25651
"19031","Cedar, IA",28907
"19033","Cerro Gordo, IA",27053
"19035","Cherokee, IA",25601
"19037","Chickasaw, IA",25058
"19039","Clarke, IA",21195
"19041","Clay, IA",27647
"19043","Clayton, IA",24364
"19045","Clinton, IA",24686
"19047","Crawford, IA",23321
"19049","Dallas, IA",30583
"19051","Davis, IA",19804
"19053","Decatur, IA",18313
"19055","Delaware, IA",24035
"19057","Des Moines, IA",26735
"19059","Dickinson, IA",31409
"19061","Dubuque, IA",26642
"19063","Emmet, IA",24963
"19065","Fayette, IA",21815
"19067","Floyd, IA",23308
"19069","Franklin, IA",26975
"19071","Fremont, IA",27733
"19073","Greene, IA",24157
"19075","Grundy, IA",27169
"19077","Guthrie, IA",25015
"19079","Hamilton, IA",26848
"19081","Hancock, IA",27337
"19083","Hardin, IA",25472
"19085","Harrison, IA",26382
"19087","Henry, IA",24318
"19089","Howard, IA",25086
"19091","Humboldt, IA",27076
"19093","Ida, IA",26072
"19095","Iowa, IA",30418
"19097","Jackson, IA",22956
"19099","Jasper, IA",26772
"19101","Jefferson, IA",28071
"19103","Johnson, IA",30342
"19105","Jones, IA",22836
"19107","Keokuk, IA",24067
"19109","Kossuth, IA",26436
"19111","Lee, IA",24075
"19113","Linn, IA",31932
"19115","Louisa, IA",24194
"19117","Lucas, IA",22147
"19119","Lyon, IA",24725
"19121","Madison, IA",25712
"19123","Mahaska, IA",25578
"19125","Marion, IA",27100
"19127","Marshall, IA",26193
"19129","Mills, IA",30902
"19131","Mitchell, IA",25063
"19133","Monona, IA",25079
"19135","Monroe, IA",24950
"19137","Montgomery, IA",26655
"19139","Muscatine, IA",26897
"19141","O'Brien, IA",26418
"19143","Osceola, IA",25761
"19145","Page, IA",24430
"19147","Palo Alto, IA",25103
"19149","Plymouth, IA",27704
"19151","Pocahontas, IA",25300
"19153","Polk, IA",33516
"19155","Pottawattamie, IA",26760
"19157","Poweshiek, IA",27661
"19159","Ringgold, IA",21531
"19161","Sac, IA",25045
"19163","Scott, IA",29210
"19165","Shelby, IA",25791
"19167","Sioux, IA",24978
"19169","Story, IA",26246
"19171","Tama, IA",23368
"19173","Taylor, IA",21577
"19175","Union, IA",22649
"19177","Van Buren, IA",20754
"19179","Wapello, IA",22156
"19181","Warren, IA",26384
"19183","Washington, IA",28475
"19185","Wayne, IA",21529
"19187","Webster, IA",25086
"19189","Winnebago, IA",22886
"19191","Winneshiek, IA",25098
"19193","Woodbury, IA",26226
"19195","Worth, IA",23265
"19197","Wright, IA",29250
"20001","Allen, KS",21101
"20003","Anderson, KS",21615
"20005","Atchison, KS",21079
"20007","Barber, KS",21600
"20009","Barton, KS",24230
"20011","Bourbon, KS",20674
"20013","Brown, KS",23738
"20015","Butler, KS",27287
"20017","Chase, KS",27583
"20019","Chautauqua, KS",20768
"20021","Cherokee, KS",20235
"20023","Cheyenne, KS",23160
"20025","Clark, KS",23960
"20027","Clay, KS",25155
"20029","Cloud, KS",21092
"20031","Coffey, KS",25597
"20033","Comanche, KS",24993
"20035","Cowley, KS",23065
"20037","Crawford, KS",21528
"20039","Decatur, KS",25202
"20041","Dickinson, KS",23874
"20043","Doniphan, KS",19988
"20045","Douglas, KS",24747
"20047","Edwards, KS",26186
"20049","Elk, KS",20225
"20051","Ellis, KS",24644
"20053","Ellsworth, KS",22004
"20055","Finney, KS",20973
"20057","Ford, KS",21697
"20059","Franklin, KS",23491
"20061","Geary, KS",25419
"20063","Gove, KS",25364
"20065","Graham, KS",27308
"20067","Grant, KS",22874
"20069","Gray, KS",26155
"20071","Greeley, KS",30788
"20073","Greenwood, KS",21019
"20075","Hamilton, KS",24289
"20077","Harper, KS",23738
"20079","Harvey, KS",25394
"20081","Haskell, KS",30119
"20083","Hodgeman, KS",25094
"20085","Jackson, KS",25112
"20087","Jefferson, KS",23288
"20089","Jewell, KS",21514
"20091","Johnson, KS",44500
"20093","Kearny, KS",20131
"20095","Kingman, KS",23200
"20097","Kiowa, KS",24905
"20099","Labette, KS",21804
"20101","Lane, KS",25428
"20103","Leavenworth, KS",25443
"20105","Lincoln, KS",21514
"20107","Linn, KS",21230
"20109","Logan, KS",22709
"20111","Lyon, KS",21024
"20113","McPherson, KS",26195
"20115","Marion, KS",20028
"20117","Marshall, KS",25061
"20119","Meade, KS",24797
"20121","Miami, KS",26466
"20123","Mitchell, KS",24240
"20125","Montgomery, KS",21467
"20127","Morris, KS",22058
"20129","Morton, KS",25663
"20131","Nemaha, KS",25192
"20133","Neosho, KS",21328
"20135","Ness, KS",28844
"20137","Norton, KS",25288
"20139","Osage, KS",22122
"20141","Osborne, KS",22409
"20143","Ottawa, KS",22995
"20145","Pawnee, KS",23410
"20147","Phillips, KS",25500
"20149","Pottawatomie, KS",24301
"20151","Pratt, KS",25907
"20153","Rawlins, KS",24721
"20155","Reno, KS",24210
"20157","Republic, KS",21222
"20159","Rice, KS",22102
"20161","Riley, KS",22855
"20163","Rooks, KS",22251
"20165","Rush, KS",25001
"20167","Russell, KS",23033
"20169","Saline, KS",28272
"20171","Scott, KS",31403
"20173","Sedgwick, KS",29909
"20175","Seward, KS",22253
"20177","Shawnee, KS",28471
"20179","Sheridan, KS",24631
"20181","Sherman, KS",25725
"20183","Smith, KS",22884
"20185","Stafford, KS",23662
"20187","Stanton, KS",26132
"20189","Stevens, KS",28218
"20191","Sumner, KS",24108
"20193","Thomas, KS",24265
"20195","Trego, KS",21526
"20197","Wabaunsee, KS",27275
"20199","Wallace, KS",24973
"20201","Washington, KS",22079
"20203","Wichita, KS",27681
"20205","Wilson, KS",21213
"20207","Woodson, KS",18444
"20209","Wyandotte, KS",20023
"21001","Adair, KY",17911
"21003","Allen, KY",20805
"21005","Anderson, KY",24610
"21007","Ballard, KY",25236
"21009","Barren, KY",22273
"21011","Bath, KY",19682
"21013","Bell, KY",17054
"21015","Boone, KY",30442
"21017","Bourbon, KY",30014
"21019","Boyd, KY",24583
"21021","Boyle, KY",24345
"21023","Bracken, KY",22260
"21025","Breathitt, KY",16483
"21027","Breckinridge, KY",19978
"21029","Bullitt, KY",24064
"21031","Butler, KY",18884
"21033","Caldwell, KY",21750
"21035","Calloway, KY",23992
"21037","Campbell, KY",26851
"21039","Carlisle, KY",22929
"21041","Carroll, KY",22443
"21043","Carter, KY",17121
"21045","Casey, KY",17981
"21047","Christian, KY",22277
"21049","Clark, KY",26589
"21051","Clay, KY",14411
"21053","Clinton, KY",17040
"21055","Crittenden, KY",19485
"21057","Cumberland, KY",17201
"21059","Daviess, KY",24898
"21061","Edmonson, KY",16050
"21063","Elliott, KY",14063
"21065","Estill, KY",17065
"21067","Fayette, KY",31553
"21069","Fleming, KY",19563
"21071","Floyd, KY",17965
"21073","Franklin, KY",28258
"21075","Fulton, KY",20804
"21077","Gallatin, KY",20705
"21079","Garrard, KY",21002
"21081","Grant, KY",21500
"21083","Graves, KY",21893
"21085","Grayson, KY",18510
"21087","Green, KY",17471
"21089","Greenup, KY",21557
"21091","Hancock, KY",20278
"21093","Hardin, KY",25631
"21095","Harlan, KY",16651
"21097","Harrison, KY",22438
"21099","Hart, KY",17153
"21101","Henderson, KY",24299
"21103","Henry, KY",23543
"21105","Hickman, KY",22699
"21107","Hopkins, KY",22144
"21109","Jackson, KY",15064
"21111","Jefferson, KY",31891
"21113","Jessamine, KY",26251
"21115","Johnson, KY",18814
"21117","Kenton, KY",30976
"21119","Knott, KY",16528
"21121","Knox, KY",16708
"21123","Larue, KY",23609
"21125","Laurel, KY",20421
"21127","Lawrence, KY",15515
"21129","Lee, KY",16224
"21131","Leslie, KY",17015
"21133","Letcher, KY",17787
"21135","Lewis, KY",14563
"21137","Lincoln, KY",18430
"21139","Livingston, KY",21319
"21141","Logan, KY",21159
"21143","Lyon, KY",18872
"21145","McCracken, KY",28142
"21147","McCreary, KY",13794
"21149","McLean, KY",22538
"21151","Madison, KY",20460
"21153","Magoffin, KY",16310
"21155","Marion, KY",19733
"21157","Marshall, KY",24595
"21159","Martin, KY",16645
"21161","Mason, KY",22616
"21163","Meade, KY",20733
"21165","Menifee, KY",14766
"21167","Mercer, KY",23563
"21169","Metcalfe, KY",15966
"21171","Monroe, KY",17372
"21173","Montgomery, KY",21005
"21175","Morgan, KY",14594
"21177","Muhlenberg, KY",20031
"21179","Nelson, KY",24794
"21181","Nicholas, KY",21395
"21183","Ohio, KY",19222
"21185","Oldham, KY",33201
"21187","Owen, KY",19602
"21189","Owsley, KY",17018
"21191","Pendleton, KY",20758
"21193","Perry, KY",19522
"21195","Pike, KY",20105
"21197","Powell, KY",17572
"21199","Pulaski, KY",21035
"21201","Robertson, KY",18785
"21203","Rockcastle, KY",16110
"21205","Rowan, KY",17662
"21207","Russell, KY",17902
"21209","Scott, KY",29977
"21211","Shelby, KY",28987
"21213","Simpson, KY",23031
"21215","Spencer, KY",22646
"21217","Taylor, KY",19789
"21219","Todd, KY",20958
"21221","Trigg, KY",23338
"21223","Trimble, KY",16125
"21225","Union, KY",22848
"21227","Warren, KY",24485
"21229","Washington, KY",20673
"21231","Wayne, KY",16159
"21233","Webster, KY",21227
"21235","Whitley, KY",18706
"21237","Wolfe, KY",15760
"21239","Woodford, KY",37231
"22001","Acadia, LA",19491
"22003","Allen, LA",16410
"22005","Ascension, LA",24052
"22007","Assumption, LA",19613
"22009","Avoyelles, LA",17568
"22011","Beauregard, LA",19650
"22013","Bienville, LA",18101
"22015","Bossier, LA",23500
"22017","Caddo, LA",25572
"22019","Calcasieu, LA",23150
"22021","Caldwell, LA",18045
"22023","Cameron, LA",19111
"22025","Catahoula, LA",18391
"22027","Claiborne, LA",18352
"22029","Concordia, LA",16841
"22031","De Soto, LA",19347
"22033","East Baton Rouge, LA",27228
"22035","East Carroll, LA",15243
"22037","East Feliciana, LA",20049
"22039","Evangeline, LA",16422
"22041","Franklin, LA",17654
"22043","Grant, LA",18398
"22045","Iberia, LA",20423
"22047","Iberville, LA",18681
"22049","Jackson, LA",22886
"22051","Jefferson, LA",28376
"22053","Jefferson Davis, LA",17985
"22055","Lafayette, LA",27807
"22057","Lafourche, LA",23485
"22059","LaSalle, LA",17292
"22061","Lincoln, LA",20372
"22063","Livingston, LA",21521
"22065","Madison, LA",14973
"22067","Morehouse, LA",19443
"22069","Natchitoches, LA",18885
"22071","Orleans, LA",26386
"22073","Ouachita, LA",23531
"22075","Plaquemines, LA",21536
"22077","Pointe Coupee, LA",21701
"22079","Rapides, LA",23850
"22081","Red River, LA",16774
"22083","Richland, LA",18498
"22085","Sabine, LA",18146
"22087","St. Bernard, LA",22345
"22089","St. Charles, LA",24634
"22091","St. Helena, LA",16821
"22093","St. James, LA",18722
"22095","St. John the Baptist, LA",20002
"22097","St. Landry, LA",17718
"22099","St. Martin, LA",17912
"22101","St. Mary, LA",21602
"22103","St. Tammany, LA",29945
"22105","Tangipahoa, LA",19557
"22107","Tensas, LA",18703
"22109","Terrebonne, LA",20821
"22111","Union, LA",20128
"22113","Vermilion, LA",19226
"22115","Vernon, LA",21084
"22117","Washington, LA",18081
"22119","Webster, LA",20779
"22121","West Baton Rouge, LA",22906
"22123","West Carroll, LA",17106
"22125","West Feliciana, LA",16771
"22127","Winn, LA",15471
"23001","Androscoggin, ME",25348
"23003","Aroostook, ME",21929
"23005","Cumberland, ME",33487
"23007","Franklin, ME",22567
"23009","Hancock, ME",29583
"23011","Kennebec, ME",27028
"23013","Knox, ME",28654
"23015","Lincoln, ME",28661
"23017","Oxford, ME",22313
"23019","Penobscot, ME",24719
"23021","Piscataquis, ME",21832
"23023","Sagadahoc, ME",27660
"23025","Somerset, ME",22054
"23027","Waldo, ME",23340
"23029","Washington, ME",22259
"23031","York, ME",28760
"24001","Allegany, MD",21128
"24003","Anne Arundel, MD",38251
"24005","Baltimore, MD",37046
"24009","Calvert, MD",31878
"24011","Caroline, MD",22905
"24013","Carroll, MD",33180
"24015","Cecil, MD",28821
"24017","Charles, MD",31604
"24019","Dorchester, MD",24427
"24021","Frederick, MD",32937
"24023","Garrett, MD",23318
"24025","Harford, MD",32065
"24027","Howard, MD",45191
"24029","Kent, MD",31702
"24031","Montgomery, MD",51797
"24033","Prince George's, MD",30024
"24035","Queen Anne's, MD",35785
"24037","St. Mary's, MD",30379
"24039","Somerset, MD",19686
"24041","Talbot, MD",40230
"24043","Washington, MD",25200
"24045","Wicomico, MD",25022
"24047","Worcester, MD",29462
"24510","Baltimore (Independent City), MD",25390
"25001","Barnstable, MA",36549
"25003","Berkshire, MA",30509
"25005","Bristol, MA",28732
"25007","Dukes, MA",37225
"25009","Essex, MA",38118
"25011","Franklin, MA",28799
"25013","Hampden, MA",27901
"25015","Hampshire, MA",27991
"25017","Middlesex, MA",47279
"25019","Nantucket, MA",48861
"25021","Norfolk, MA",48584
"25023","Plymouth, MA",34887
"25025","Suffolk, MA",39727
"25027","Worcester, MA",32912
"26001","Alcona, MI",21504
"26003","Alger, MI",19437
"26005","Allegan, MI",27734
"26007","Alpena, MI",24822
"26009","Antrim, MI",25595
"26011","Arenac, MI",21520
"26013","Baraga, MI",19752
"26015","Barry, MI",29338
"26017","Bay, MI",26518
"26019","Benzie, MI",24826
"26021","Berrien, MI",27126
"26023","Branch, MI",21744
"26025","Calhoun, MI",25196
"26027","Cass, MI",25701
"26029","Charlevoix, MI",27573
"26031","Cheboygan, MI",22464
"26033","Chippewa, MI",19861
"26035","Clare, MI",19869
"26037","Clinton, MI",29662
"26039","Crawford, MI",20589
"26041","Delta, MI",23991
"26043","Dickinson, MI",25974
"26045","Eaton, MI",27687
"26047","Emmet, MI",29190
"26049","Genesee, MI",26841
"26051","Gladwin, MI",20409
"26053","Gogebic, MI",21165
"26055","Grand Traverse, MI",30232
"26057","Gratiot, MI",21064
"26059","Hillsdale, MI",23436
"26061","Houghton, MI",20571
"26063","Huron, MI",25744
"26065","Ingham, MI",27384
"26067","Ionia, MI",21752
"26069","Iosco, MI",20823
"26071","Iron, MI",21545
"26073","Isabella, MI",21548
"26075","Jackson, MI",25502
"26077","Kalamazoo, MI",28699
"26079","Kalkaska, MI",18748
"26081","Kent, MI",31965
"26083","Keweenaw, MI",22336
"26085","Lake, MI",19413
"26087","Lapeer, MI",28477
"26089","Leelanau, MI",29048
"26091","Lenawee, MI",26281
"26093","Livingston, MI",36072
"26095","Luce, MI",18264
"26097","Mackinac, MI",26351
"26099","Macomb, MI",33206
"26101","Manistee, MI",22986
"26103","Marquette, MI",23985
"26105","Mason, MI",23846
"26107","Mecosta, MI",19351
"26109","Menominee, MI",23450
"26111","Midland, MI",31901
"26113","Missaukee, MI",20316
"26115","Monroe, MI",29767
"26117","Montcalm, MI",19795
"26119","Montmorency, MI",19049
"26121","Muskegon, MI",23969
"26123","Newaygo, MI",22051
"26125","Oakland, MI",48648
"26127","Oceana, MI",19996
"26129","Ogemaw, MI",19000
"26131","Ontonagon, MI",21698
"26133","Osceola, MI",20224
"26135","Oscoda, MI",16530
"26137","Otsego, MI",25271
"26139","Ottawa, MI",28890
"26141","Presque Isle, MI",21097
"26143","Roscommon, MI",20549
"26145","Saginaw, MI",25891
"26147","St. Clair, MI",28269
"26149","St. Joseph, MI",23719
"26151","Sanilac, MI",23737
"26153","Schoolcraft, MI",20947
"26155","Shiawassee, MI",23785
"26157","Tuscola, MI",21815
"26159","Van Buren, MI",23019
"26161","Washtenaw, MI",36061
"26163","Wayne, MI",27926
"26165","Wexford, MI",22788
"27001","Aitkin, MN",21980
"27003","Anoka, MN",30611
"27005","Becker, MN",24337
"27007","Beltrami, MN",21571
"27009","Benton, MN",25599
"27011","Big Stone, MN",23273
"27013","Blue Earth, MN",26195
"27015","Brown, MN",25932
"27017","Carlton, MN",24178
"27019","Carver, MN",39073
"27021","Cass, MN",24970
"27023","Chippewa, MN",26375
"27025","Chisago, MN",28245
"27027","Clay, MN",22836
"27029","Clearwater, MN",21055
"27031","Cook, MN",27354
"27033","Cottonwood, MN",24396
"27035","Crow Wing, MN",23801
"27037","Dakota, MN",36373
"27039","Dodge, MN",26464
"27041","Douglas, MN",25780
"27043","Faribault, MN",24351
"27045","Fillmore, MN",23483
"27047","Freeborn, MN",24285
"27049","Goodhue, MN",27638
"27051","Grant, MN",25833
"27053","Hennepin, MN",43750
"27055","Houston, MN",26622
"27057","Hubbard, MN",21356
"27059","Isanti, MN",26622
"27061","Itasca, MN",22643
"27063","Jackson, MN",23908
"27065","Kanabec, MN",22008
"27067","Kandiyohi, MN",26783
"27069","Kittson, MN",25642
"27071","Koochiching, MN",24435
"27073","Lac qui Parle, MN",23628
"27075","Lake, MN",25308
"27077","Lake of the Woods, MN",20463
"27079","Le Sueur, MN",27849
"27081","Lincoln, MN",22946
"27083","Lyon, MN",26244
"27085","McLeod, MN",26795
"27087","Mahnomen, MN",20656
"27089","Marshall, MN",26424
"27091","Martin, MN",26692
"27093","Meeker, MN",23647
"27095","Mille Lacs, MN",22003
"27097","Morrison, MN",21861
"27099","Mower, MN",25406
"27101","Murray, MN",25530
"27103","Nicollet, MN",26694
"27105","Nobles, MN",24192
"27107","Norman, MN",26029
"27109","Olmsted, MN",32159
"27111","Otter Tail, MN",23231
"27113","Pennington, MN",26603
"27115","Pine, MN",21022
"27117","Pipestone, MN",24759
"27119","Polk, MN",23629
"27121","Pope, MN",23799
"27123","Ramsey, MN",33177
"27125","Red Lake, MN",22468
"27127","Redwood, MN",25153
"27129","Renville, MN",24211
"27131","Rice, MN",23954
"27133","Rock, MN",25217
"27135","Roseau, MN",27113
"27137","St. Louis, MN",26393
"27139","Scott, MN",33652
"27141","Sherburne, MN",25624
"27143","Sibley, MN",23212
"27145","Stearns, MN",25097
"27147","Steele, MN",27434
"27149","Stevens, MN",25230
"27151","Swift, MN",20553
"27153","Todd, MN",19846
"27155","Traverse, MN",23797
"27157","Wabasha, MN",26472
"27159","Wadena, MN",19146
"27161","Waseca, MN",23866
"27163","Washington, MN",36309
"27165","Watonwan, MN",23615
"27167","Wilkin, MN",23954
"27169","Winona, MN",24562
"27171","Wright, MN",27560
"27173","Yellow Medicine, MN",23753
"28001","Adams, MS",21488
"28003","Alcorn, MS",19954
"28005","Amite, MS",17923
"28007","Attala, MS",17922
"28009","Benton, MS",15692
"28011","Bolivar, MS",17572
"28013","Calhoun, MS",19026
"28015","Carroll, MS",18778
"28017","Chickasaw, MS",18425
"28019","Choctaw, MS",14735
"28021","Claiborne, MS",15733
"28023","Clarke, MS",17916
"28025","Clay, MS",19661
"28027","Coahoma, MS",20142
"28029","Copiah, MS",16953
"28031","Covington, MS",17312
"28033","DeSoto, MS",26480
"28035","Forrest, MS",22158
"28037","Franklin, MS",15844
"28039","George, MS",18985
"28041","Greene, MS",14031
"28043","Grenada, MS",20436
"28045","Hancock, MS",22024
"28047","Harrison, MS",25504
"28049","Hinds, MS",25329
"28051","Holmes, MS",13579
"28053","Humphreys, MS",18370
"28055","Issaquena, MS",13062
"28057","Itawamba, MS",19839
"28059","Jackson, MS",23224
"28061","Jasper, MS",17132
"28063","Jefferson, MS",12464
"28065","Jefferson Davis, MS",15543
"28067","Jones, MS",21521
"28069","Kemper, MS",16811
"28071","Lafayette, MS",21794
"28073","Lamar, MS",20928
"28075","Lauderdale, MS",23023
"28077","Lawrence, MS",21110
"28079","Leake, MS",18392
"28081","Lee, MS",25767
"28083","Leflore, MS",18172
"28085","Lincoln, MS",20257
"28087","Lowndes, MS",21996
"28089","Madison, MS",32863
"28091","Marion, MS",17483
"28093","Marshall, MS",17758
"28095","Monroe, MS",19588
"28097","Montgomery, MS",18058
"28099","Neshoba, MS",21593
"28101","Newton, MS",19139
"28103","Noxubee, MS",16902
"28105","Oktibbeha, MS",19355
"28107","Panola, MS",17540
"28109","Pearl River, MS",18748
"28111","Perry, MS",14993
"28113","Pike, MS",18784
"28115","Pontotoc, MS",18792
"28117","Prentiss, MS",16800
"28119","Quitman, MS",15016
"28121","Rankin, MS",26909
"28123","Scott, MS",18012
"28125","Sharkey, MS",15948
"28127","Simpson, MS",18618
"28129","Smith, MS",20214
"28131","Stone, MS",19725
"28133","Sunflower, MS",16167
"28135","Tallahatchie, MS",15613
"28137","Tate, MS",21447
"28139","Tippah, MS",19527
"28141","Tishomingo, MS",18589
"28143","Tunica, MS",17102
"28145","Union, MS",20034
"28147","Walthall, MS",16310
"28149","Warren, MS",25658
"28151","Washington, MS",18912
"28153","Wayne, MS",17056
"28155","Webster, MS",18794
"28157","Wilkinson, MS",14667
"28159","Winston, MS",18574
"28161","Yalobusha, MS",18811
"28163","Yazoo, MS",17863
"29001","Adair, MO",20360
"29003","Andrew, MO",26093
"29005","Atchison, MO",25984
"29007","Audrain, MO",23167
"29009","Barry, MO",20920
"29011","Barton, MO",20257
"29013","Bates, MO",21879
"29015","Benton, MO",19737
"29017","Bollinger, MO",18663
"29019","Boone, MO",27776
"29021","Buchanan, MO",24672
"29023","Butler, MO",22795
"29025","Caldwell, MO",25052
"29027","Callaway, MO",21259
"29029","Camden, MO",25591
"29031","Cape Girardeau, MO",25919
"29033","Carroll, MO",22372
"29035","Carter, MO",18292
"29037","Cass, MO",27034
"29039","Cedar, MO",18238
"29041","Chariton, MO",23913
"29043","Christian, MO",23678
"29045","Clark, MO",21009
"29047","Clay, MO",30527
"29049","Clinton, MO",24581
"29051","Cole, MO",28982
"29053","Cooper, MO",21211
"29055","Crawford, MO",21271
"29057","Dade, MO",19120
"29059","Dallas, MO",19699
"29061","Daviess, MO",21863
"29063","DeKalb, MO",14680
"29065","Dent, MO",19729
"29067","Douglas, MO",17118
"29069","Dunklin, MO",19947
"29071","Franklin, MO",25960
"29073","Gasconade, MO",22901
"29075","Gentry, MO",22448
"29077","Greene, MO",26104
"29079","Grundy, MO",21203
"29081","Harrison, MO",20858
"29083","Henry, MO",22427
"29085","Hickory, MO",16957
"29087","Holt, MO",25038
"29089","Howard, MO",22588
"29091","Howell, MO",18996
"29093","Iron, MO",19039
"29095","Jackson, MO",29963
"29097","Jasper, MO",23559
"29099","Jefferson, MO",24877
"29101","Johnson, MO",20472
"29103","Knox, MO",21111
"29105","Laclede, MO",20187
"29107","Lafayette, MO",24777
"29109","Lawrence, MO",18931
"29111","Lewis, MO",18975
"29113","Lincoln, MO",22859
"29115","Linn, MO",21764
"29117","Livingston, MO",24892
"29119","McDonald, MO",18212
"29121","Macon, MO",21881
"29123","Madison, MO",17745
"29125","Maries, MO",19965
"29127","Marion, MO",22914
"29129","Mercer, MO",20372
"29131","Miller, MO",19089
"29133","Mississippi, MO",19336
"29135","Moniteau, MO",20992
"29137","Monroe, MO",22341
"29139","Montgomery, MO",22676
"29141","Morgan, MO",19259
"29143","New Madrid, MO",21119
"29145","Newton, MO",22514
"29147","Nodaway, MO",19967
"29149","Oregon, MO",16112
"29151","Osage, MO",24113
"29153","Ozark, MO",16764
"29155","Pemiscot, MO",19924
"29157","Perry, MO",22359
"29159","Pettis, MO",23504
"29161","Phelps, MO",22305
"29163","Pike, MO",19563
"29165","Platte, MO",33702
"29167","Polk, MO",18127
"29169","Pulaski, MO",24147
"29171","Putnam, MO",17595
"29173","Ralls, MO",23519
"29175","Randolph, MO",20538
"29177","Ray, MO",23894
"29179","Reynolds, MO",18604
"29181","Ripley, MO",16659
"29183","St. Charles, MO",30128
"29185","St. Clair, MO",17875
"29186","Ste. Genevieve, MO",22767
"29187","St. Francois, MO",20432
"29189","St. Louis, MO",41247
"29195","Saline, MO",23631
"29197","Schuyler, MO",18599
"29199","Scotland, MO",20639
"29201","Scott, MO",22922
"29203","Shannon, MO",16402
"29205","Shelby, MO",24591
"29207","Stoddard, MO",20841
"29209","Stone, MO",22989
"29211","Sullivan, MO",20565
"29213","Taney, MO",23543
"29215","Texas, MO",16892
"29217","Vernon, MO",21723
"29219","Warren, MO",24145
"29221","Washington, MO",16670
"29223","Wayne, MO",16626
"29225","Webster, MO",18350
"29227","Worth, MO",19087
"29229","Wright, MO",17184
"29510","St. Louis (Independent City), MO",25396
"30001","Beaverhead, MT",21334
"30003","Big Horn, MT",16237
"30005","Blaine, MT",16369
"30007","Broadwater, MT",19761
"30009","Carbon, MT",24233
"30011","Carter, MT",19706
"30013","Cascade, MT",24877
"30015","Chouteau, MT",19851
"30017","Custer, MT",22145
"30019","Daniels, MT",27961
"30021","Dawson, MT",20445
"30023","Deer Lodge, MT",20195
"30025","Fallon, MT",21050
"30027","Fergus, MT",21530
"30029","Flathead, MT",24543
"30031","Gallatin, MT",25626
"30033","Garfield, MT",19407
"30035","Glacier, MT",16475
"30037","Golden Valley, MT",18701
"30039","Granite, MT",19500
"30041","Hill, MT",22563
"30043","Jefferson, MT",25108
"30045","Judith Basin, MT",18959
"30047","Lake, MT",19050
"30049","Lewis and Clark, MT",25849
"30051","Liberty, MT",19544
"30053","Lincoln, MT",17877
"30055","McCone, MT",20214
"30057","Madison, MT",20207
"30059","Meagher, MT",20004
"30061","Mineral, MT",17134
"30063","Missoula, MT",25219
"30065","Musselshell, MT",15744
"30067","Park, MT",21216
"30069","Petroleum, MT",15278
"30071","Phillips, MT",19121
"30073","Pondera, MT",20301
"30075","Powder River, MT",18410
"30077","Powell, MT",17692
"30079","Prairie, MT",20725
"30081","Ravalli, MT",20854
"30083","Richland, MT",20956
"30085","Roosevelt, MT",18177
"30087","Rosebud, MT",21830
"30089","Sanders, MT",17477
"30091","Sheridan, MT",23999
"30093","Silver Bow, MT",23304
"30095","Stillwater, MT",27500
"30097","Sweet Grass, MT",20553
"30099","Teton, MT",20771
"30101","Toole, MT",21025
"30103","Treasure, MT",17505
"30105","Valley, MT",24244
"30107","Wheatland, MT",16187
"30109","Wibaux, MT",18705
"30111","Yellowstone, MT",26372
"31001","Adams, NE",25709
"31003","Antelope, NE",25254
"31005","Arthur, NE",17946
"31007","Banner, NE",19391
"31009","Blaine, NE",17317
"31011","Boone, NE",24731
"31013","Box Butte, NE",24811
"31015","Boyd, NE",20071
"31017","Brown, NE",21184
"31019","Buffalo, NE",24163
"31021","Burt, NE",24934
"31023","Butler, NE",24709
"31025","Cass, NE",28928
"31027","Cedar, NE",24973
"31029","Chase, NE",27329
"31031","Cherry, NE",22736
"31033","Cheyenne, NE",25977
"31035","Clay, NE",27365
"31037","Colfax, NE",25683
"31039","Cuming, NE",31192
"31041","Custer, NE",23091
"31043","Dakota, NE",21606
"31045","Dawes, NE",19832
"31047","Dawson, NE",23382
"31049","Deuel, NE",23468
"31051","Dixon, NE",23800
"31053","Dodge, NE",26080
"31055","Douglas, NE",35853
"31057","Dundy, NE",27346
"31059","Fillmore, NE",29733
"31061","Franklin, NE",23595
"31063","Frontier, NE",22477
"31065","Furnas, NE",23675
"31067","Gage, NE",26573
"31069","Garden, NE",22225
"31071","Garfield, NE",25924
"31073","Gosper, NE",24802
"31075","Grant, NE",17115
"31077","Greeley, NE",21974
"31079","Hall, NE",25635
"31081","Hamilton, NE",24590
"31083","Harlan, NE",22486
"31085","Hayes, NE",16859
"31087","Hitchcock, NE",18845
"31089","Holt, NE",23624
"31091","Hooker, NE",19207
"31093","Howard, NE",22725
"31095","Jefferson, NE",24185
"31097","Johnson, NE",22581
"31099","Kearney, NE",27588
"31101","Keith, NE",22473
"31103","Keya Paha, NE",17485
"31105","Kimball, NE",24021
"31107","Knox, NE",21566
"31109","Lancaster, NE",30514
"31111","Lincoln, NE",25105
"31113","Logan, NE",21207
"31115","Loup, NE",11358
"31117","McPherson, NE",14045
"31119","Madison, NE",24689
"31121","Merrick, NE",22610
"31123","Morrill, NE",20165
"31125","Nance, NE",21702
"31127","Nemaha, NE",28115
"31129","Nuckolls, NE",22542
"31131","Otoe, NE",25048
"31133","Pawnee, NE",23998
"31135","Perkins, NE",26292
"31137","Phelps, NE",28761
"31139","Pierce, NE",22930
"31141","Platte, NE",25241
"31143","Polk, NE",25239
"31145","Red Willow, NE",23665
"31147","Richardson, NE",24172
"31149","Rock, NE",20359
"31151","Saline, NE",22818
"31153","Sarpy, NE",28472
"31155","Saunders, NE",26459
"31157","Scotts Bluff, NE",24527
"31159","Seward, NE",26511
"31161","Sheridan, NE",22327
"31163","Sherman, NE",19284
"31165","Sioux, NE",17124
"31167","Stanton, NE",22407
"31169","Thayer, NE",24851
"31171","Thomas, NE",19634
"31173","Thurston, NE",18875
"31175","Valley, NE",22077
"31177","Washington, NE",30479
"31179","Wayne, NE",21170
"31181","Webster, NE",23578
"31183","Wheeler, NE",32129
"31185","York, NE",26919
"32001","Churchill, NV",26138
"32003","Clark, NV",31017
"32005","Douglas, NV",41776
"32007","Elko, NV",27278
"32009","Esmeralda, NV",24478
"32011","Eureka, NV",26462
"32013","Humboldt, NV",26729
"32015","Lander, NV",28833
"32017","Lincoln, NV",18921
"32019","Lyon, NV",23482
"32021","Mineral, NV",25520
"32023","Nye, NV",24482
"32027","Pershing, NV",18553
"32029","Storey, NV",28460
"32031","Washoe, NV",37741
"32033","White Pine, NV",27887
"32510","Carson City (Independent City), NV",32960
"33001","Belknap, NH",31710
"33003","Carroll, NH",33155
"33005","Cheshire, NH",29940
"33007","Coos, NH",26979
"33009","Grafton, NH",33243
"33011","Hillsborough, NH",38717
"33013","Merrimack, NH",32399
"33015","Rockingham, NH",40580
"33017","Strafford, NH",28341
"33019","Sullivan, NH",28873
"34001","Atlantic, NJ",31752
"34003","Bergen, NJ",52801
"34005","Burlington, NJ",35851
"34007","Camden, NJ",30232
"34009","Cape May, NJ",33138
"34011","Cumberland, NJ",23716
"34013","Essex, NJ",39155
"34015","Gloucester, NJ",28527
"34017","Hudson, NJ",29854
"34019","Hunterdon, NJ",54020
"34021","Mercer, NJ",41072
"34023","Middlesex, NJ",37425
"34025","Monmouth, NJ",44244
"34027","Morris, NJ",56422
"34029","Ocean, NJ",31391
"34031","Passaic, NJ",31087
"34033","Salem, NJ",27600
"34035","Somerset, NJ",57351
"34037","Sussex, NJ",37710
"34039","Union, NJ",40572
"34041","Warren, NJ",33331
"35001","Bernalillo, NM",27869
"35003","Catron, NM",16165
"35005","Chaves, NM",19674
"35006","Cibola, NM*",15048
"35007","Colfax, NM",21904
"35009","Curry, NM",21190
"35011","De Baca, NM",20215
"35013","Doa Ana, NM",18423
"35015","Eddy, NM",22357
"35017","Grant, NM",20076
"35019","Guadalupe, NM",15272
"35021","Harding, NM",30421
"35023","Hidalgo, NM",16939
"35025","Lea, NM",20138
"35027","Lincoln, NM",20593
"35028","Los Alamos, NM",44090
"35029","Luna, NM",15339
"35031","McKinley, NM",13912
"35033","Mora, NM",15489
"35035","Otero, NM",18070
"35037","Quay, NM",20172
"35039","Rio Arriba, NM",17983
"35041","Roosevelt, NM",18734
"35043","Sandoval, NM",24123
"35045","San Juan, NM",19001
"35047","San Miguel, NM",17595
"35049","Santa Fe, NM",31587
"35051","Sierra, NM",18572
"35053","Socorro, NM",16176
"35055","Taos, NM",19380
"35057","Torrance, NM",17935
"35059","Union, NM",26500
"35061","Valencia, NM*",21071
"36001","Albany, NY",35476
"36003","Allegany, NY",19782
"36005","Bronx, NY",19965
"36007","Broome, NY",26164
"36009","Cattaraugus, NY",21868
"36011","Cayuga, NY",23428
"36013","Chautauqua, NY",22020
"36015","Chemung, NY",25155
"36017","Chenango, NY",22269
"36019","Clinton, NY",24022
"36021","Columbia, NY",29560
"36023","Cortland, NY",23241
"36025","Delaware, NY",22634
"36027","Dutchess, NY",32189
"36029","Erie, NY",28626
"36031","Essex, NY",23166
"36033","Franklin, NY",20305
"36035","Fulton, NY",24949
"36037","Genesee, NY",25066
"36039","Greene, NY",24719
"36041","Hamilton, NY",24407
"36043","Herkimer, NY",22533
"36045","Jefferson, NY",23950
"36047","Kings, NY",25136
"36049","Lewis, NY",20519
"36051","Livingston, NY",23708
"36053","Madison, NY",26167
"36055","Monroe, NY",31835
"36057","Montgomery, NY",24768
"36059","Nassau, NY",48641
"36061","New York, NY",88640
"36063","Niagara, NY",25086
"36065","Oneida, NY",25456
"36067","Onondaga, NY",29410
"36069","Ontario, NY",29103
"36071","Orange, NY",28693
"36073","Orleans, NY",21717
"36075","Oswego, NY",22297
"36077","Otsego, NY",22438
"36079","Putnam, NY",39560
"36081","Queens, NY",28516
"36083","Rensselaer, NY",28659
"36085","Richmond, NY",34676
"36087","Rockland, NY",42208
"36089","St. Lawrence, NY",20769
"36091","Saratoga, NY",32626
"36093","Schenectady, NY",29950
"36095","Schoharie, NY",24503
"36097","Schuyler, NY",22744
"36099","Seneca, NY",23933
"36101","Steuben, NY",29221
"36103","Suffolk, NY",37792
"36105","Sullivan, NY",26244
"36107","Tioga, NY",24562
"36109","Tompkins, NY",24431
"36111","Ulster, NY",26449
"36113","Warren, NY",27762
"36115","Washington, NY",22404
"36117","Wayne, NY",25692
"36119","Westchester, NY",57151
"36121","Wyoming, NY",20549
"36123","Yates, NY",21144
"37001","Alamance, NC",26191
"37003","Alexander, NC",24324
"37005","Alleghany, NC",25162
"37007","Anson, NC",21840
"37009","Ashe, NC",22908
"37011","Avery, NC",23230
"37013","Beaufort, NC",23329
"37015","Bertie, NC",20237
"37017","Bladen, NC",22026
"37019","Brunswick, NC",22782
"37021","Buncombe, NC",26975
"37023","Burke, NC",23054
"37025","Cabarrus, NC",29235
"37027","Caldwell, NC",23961
"37029","Camden, NC",26191
"37031","Carteret, NC",26561
"37033","Caswell, NC",21962
"37035","Catawba, NC",27707
"37037","Chatham, NC",34200
"37039","Cherokee, NC",18802
"37041","Chowan, NC",23537
"37043","Clay, NC",21534
"37045","Cleveland, NC",23122
"37047","Columbus, NC",21831
"37049","Craven, NC",26597
"37051","Cumberland, NC",24984
"37053","Currituck, NC",26078
"37055","Dare, NC",27343
"37057","Davidson, NC",26717
"37059","Davie, NC",29535
"37061","Duplin, NC",21603
"37063","Durham, NC",30702
"37065","Edgecombe, NC",22563
"37067","Forsyth, NC",31153
"37069","Franklin, NC",24394
"37071","Gaston, NC",26439
"37073","Gates, NC",20268
"37075","Graham, NC",19701
"37077","Granville, NC",22506
"37079","Greene, NC",21529
"37081","Guilford, NC",31005
"37083","Halifax, NC",20264
"37085","Harnett, NC",22059
"37087","Haywood, NC",23300
"37089","Henderson, NC",27827
"37091","Hertford, NC",20511
"37093","Hoke, NC",17271
"37095","Hyde, NC",20640
"37097","Iredell, NC",27185
"37099","Jackson, NC",21251
"37101","Johnston, NC",25659
"37103","Jones, NC",21077
"37105","Lee, NC",25398
"37107","Lenoir, NC",23707
"37109","Lincoln, NC",23301
"37111","McDowell, NC",20936
"37113","Macon, NC",23173
"37115","Madison, NC",20857
"37117","Martin, NC",20905
"37119","Mecklenburg, NC",37399
"37121","Mitchell, NC",19797
"37123","Montgomery, NC",21485
"37125","Moore, NC",31702
"37127","Nash, NC",25684
"37129","New Hanover, NC",28822
"37131","Northampton, NC",20910
"37133","Onslow, NC",23977
"37135","Orange, NC",31358
"37137","Pamlico, NC",24222
"37139","Pasquotank, NC",21669
"37141","Pender, NC",21475
"37143","Perquimans, NC",20954
"37145","Person, NC",23086
"37147","Pitt, NC",24785
"37149","Polk, NC",30683
"37151","Randolph, NC",23642
"37153","Richmond, NC",20029
"37155","Robeson, NC",18281
"37157","Rockingham, NC",22243
"37159","Rowan, NC",24238
"37161","Rutherford, NC",21426
"37163","Sampson, NC",21004
"37165","Scotland, NC",21114
"37167","Stanly, NC",23221
"37169","Stokes, NC",23124
"37171","Surry, NC",23172
"37173","Swain, NC",17700
"37175","Transylvania, NC",26018
"37177","Tyrrell, NC",18568
"37179","Union, NC",26665
"37181","Vance, NC",21348
"37183","Wake, NC",36515
"37185","Warren, NC",17419
"37187","Washington, NC",21536
"37189","Watauga, NC",22625
"37191","Wayne, NC",22875
"37193","Wilkes, NC",23950
"37195","Wilson, NC",23986
"37197","Yadkin, NC",22847
"37199","Yancey, NC",19759
"38001","Adams, ND",25032
"38003","Barnes, ND",24790
"38005","Benson, ND",17680
"38007","Billings, ND",18454
"38009","Bottineau, ND",26212
"38011","Bowman, ND",25432
"38013","Burke, ND",25696
"38015","Burleigh, ND",27668
"38017","Cass, ND",30797
"38019","Cavalier, ND",33228
"38021","Dickey, ND",25670
"38023","Divide, ND",26965
"38025","Dunn, ND",21469
"38027","Eddy, ND",20952
"38029","Emmons, ND",21762
"38031","Foster, ND",26036
"38033","Golden Valley, ND",17419
"38035","Grand Forks, ND",24820
"38037","Grant, ND",23931
"38039","Griggs, ND",26033
"38041","Hettinger, ND",31416
"38043","Kidder, ND",22524
"38045","LaMoure, ND",26459
"38047","Logan, ND",26603
"38049","McHenry, ND",19656
"38051","McIntosh, ND",26294
"38053","McKenzie, ND",23124
"38055","McLean, ND",22943
"38057","Mercer, ND",26792
"38059","Morton, ND",22768
"38061","Mountrail, ND",22854
"38063","Nelson, ND",23897
"38065","Oliver, ND",22337
"38067","Pembina, ND",32576
"38069","Pierce, ND",24045
"38071","Ramsey, ND",24225
"38073","Ransom, ND",25512
"38075","Renville, ND",27536
"38077","Richland, ND",24181
"38079","Rolette, ND",17915
"38081","Sargent, ND",30636
"38083","Sheridan, ND",19091
"38085","Sioux, ND",14307
"38087","Slope, ND",29408
"38089","Stark, ND",22864
"38091","Steele, ND",28076
"38093","Stutsman, ND",25375
"38095","Towner, ND",29710
"38097","Traill, ND",25736
"38099","Walsh, ND",25153
"38101","Ward, ND",25758
"38103","Wells, ND",22547
"38105","Williams, ND",22960
"39001","Adams, OH",20392
"39003","Allen, OH",24636
"39005","Ashland, OH",22737
"39007","Ashtabula, OH",22552
"39009","Athens, OH",18198
"39011","Auglaize, OH",28237
"39013","Belmont, OH",21878
"39015","Brown, OH",22227
"39017","Butler, OH",28889
"39019","Carroll, OH",22236
"39021","Champaign, OH",25702
"39023","Clark, OH",26172
"39025","Clermont, OH",29397
"39027","Clinton, OH",26447
"39029","Columbiana, OH",22116
"39031","Coshocton, OH",23632
"39033","Crawford, OH",23799
"39035","Cuyahoga, OH",32662
"39037","Darke, OH",25912
"39039","Defiance, OH",26148
"39041","Delaware, OH",42561
"39043","Erie, OH",28832
"39045","Fairfield, OH",28437
"39047","Fayette, OH",22889
"39049","Franklin, OH",32032
"39051","Fulton, OH",26700
"39053","Gallia, OH",22763
"39055","Geauga, OH",38148
"39057","Greene, OH",29522
"39059","Guernsey, OH",20283
"39061","Hamilton, OH",34023
"39063","Hancock, OH",29076
"39065","Hardin, OH",21425
"39067","Harrison, OH",21728
"39069","Henry, OH",25579
"39071","Highland, OH",20882
"39073","Hocking, OH",20524
"39075","Holmes, OH",18859
"39077","Huron, OH",24532
"39079","Jackson, OH",19984
"39081","Jefferson, OH",22462
"39083","Knox, OH",23643
"39085","Lake, OH",30703
"39087","Lawrence, OH",19300
"39089","Licking, OH",27340
"39091","Logan, OH",25373
"39093","Lorain, OH",26875
"39095","Lucas, OH",27865
"39097","Madison, OH",24134
"39099","Mahoning, OH",25127
"39101","Marion, OH",23114
"39103","Medina, OH",30967
"39105","Meigs, OH",20122
"39107","Mercer, OH",25459
"39109","Miami, OH",28136
"39111","Monroe, OH",19040
"39113","Montgomery, OH",29454
"39115","Morgan, OH",19583
"39117","Morrow, OH",22111
"39119","Muskingum, OH",23612
"39121","Noble, OH",16049
"39123","Ottawa, OH",29155
"39125","Paulding, OH",22991
"39127","Perry, OH",18535
"39129","Pickaway, OH",22055
"39131","Pike, OH",20097
"39133","Portage, OH",26371
"39135","Preble, OH",24017
"39137","Putnam, OH",26471
"39139","Richland, OH",23838
"39141","Ross, OH",22511
"39143","Sandusky, OH",24118
"39145","Scioto, OH",20149
"39147","Seneca, OH",23631
"39149","Shelby, OH",26154
"39151","Stark, OH",27231
"39153","Summit, OH",30589
"39155","Trumbull, OH",24928
"39157","Tuscarawas, OH",22926
"39159","Union, OH",26577
"39161","Van Wert, OH",25201
"39163","Vinton, OH",17339
"39165","Warren, OH",30840
"39167","Washington, OH",22717
"39169","Wayne, OH",24268
"39171","Williams, OH",24969
"39173","Wood, OH",27592
"39175","Wyandot, OH",24223
"40001","Adair, OK",15486
"40003","Alfalfa, OK",20684
"40005","Atoka, OK",15632
"40007","Beaver, OK",24358
"40009","Beckham, OK",18240
"40011","Blaine, OK",17578
"40013","Bryan, OK",19535
"40015","Caddo, OK",18334
"40017","Canadian, OK",25379
"40019","Carter, OK",22092
"40021","Cherokee, OK",16717
"40023","Choctaw, OK",16482
"40025","Cimarron, OK",22642
"40027","Cleveland, OK",25533
"40029","Coal, OK",15149
"40031","Comanche, OK",22023
"40033","Cotton, OK",20508
"40035","Craig, OK",19556
"40037","Creek, OK",20744
"40039","Custer, OK",20497
"40041","Delaware, OK",20517
"40043","Dewey, OK",20937
"40045","Ellis, OK",21705
"40047","Garfield, OK",24104
"40049","Garvin, OK",20142
"40051","Grady, OK",20725
"40053","Grant, OK",23570
"40055","Greer, OK",21466
"40057","Harmon, OK",18491
"40059","Harper, OK",29385
"40061","Haskell, OK",19090
"40063","Hughes, OK",15999
"40065","Jackson, OK",22014
"40067","Jefferson, OK",17640
"40069","Johnston, OK",16431
"40071","Kay, OK",21944
"40073","Kingfisher, OK",23232
"40075","Kiowa, OK",20253
"40077","Latimer, OK",19439
"40079","Le Flore, OK",18253
"40081","Lincoln, OK",19267
"40083","Logan, OK",22167
"40085","Love, OK",18834
"40087","McClain, OK",22162
"40089","McCurtain, OK",18182
"40091","McIntosh, OK",17951
"40093","Major, OK",21467
"40095","Marshall, OK",18219
"40097","Mayes, OK",19928
"40099","Murray, OK",18736
"40101","Muskogee, OK",19828
"40103","Noble, OK",21717
"40105","Nowata, OK",17017
"40107","Okfuskee, OK",14341
"40109","Oklahoma, OK",27971
"40111","Okmulgee, OK",17197
"40113","Osage, OK",20571
"40115","Ottawa, OK",18129
"40117","Pawnee, OK",19447
"40119","Payne, OK",21254
"40121","Pittsburg, OK",19135
"40123","Pontotoc, OK",20208
"40125","Pottawatomie, OK",20398
"40127","Pushmataha, OK",15629
"40129","Roger Mills, OK",20703
"40131","Rogers, OK",24079
"40133","Seminole, OK",16993
"40135","Sequoyah, OK",17953
"40137","Stephens, OK",21323
"40139","Texas, OK",29737
"40141","Tillman, OK",17468
"40143","Tulsa, OK",30815
"40145","Wagoner, OK",21198
"40147","Washington, OK",26696
"40149","Washita, OK",17499
"40151","Woods, OK",20600
"40153","Woodward, OK",20177
"41001","Baker, OR",20937
"41003","Benton, OR",29375
"41005","Clackamas, OR",36838
"41007","Clatsop, OR",24828
"41009","Columbia, OR",26602
"41011","Coos, OR",22427
"41013","Crook, OR",21257
"41015","Curry, OR",24283
"41017","Deschutes, OR",27926
"41019","Douglas, OR",23073
"41021","Gilliam, OR",20051
"41023","Grant, OR",21329
"41025","Harney, OR",20845
"41027","Hood River, OR",23259
"41029","Jackson, OR",25591
"41031","Jefferson, OR",20755
"41033","Josephine, OR",22355
"41035","Klamath, OR",21619
"41037","Lake, OR",22057
"41039","Lane, OR",26036
"41041","Lincoln, OR",25164
"41043","Linn, OR",23061
"41045","Malheur, OR",19671
"41047","Marion, OR",24936
"41049","Morrow, OR",21091
"41051","Multnomah, OR",32785
"41053","Polk, OR",24711
"41055","Sherman, OR",21612
"41057","Tillamook, OR",24062
"41059","Umatilla, OR",21916
"41061","Union, OR",23340
"41063","Wallowa, OR",22295
"41065","Wasco, OR",24138
"41067","Washington, OR",33727
"41069","Wheeler, OR",19693
"41071","Yamhill, OR",24754
"42001","Adams, PA",26262
"42003","Allegheny, PA",34375
"42005","Armstrong, PA",23562
"42007","Beaver, PA",25141
"42009","Bedford, PA",21917
"42011","Berks, PA",29586
"42013","Blair, PA",24852
"42015","Bradford, PA",22489
"42017","Bucks, PA",38990
"42019","Butler, PA",29256
"42021","Cambria, PA",23098
"42023","Cameron, PA",23785
"42025","Carbon, PA",24682
"42027","Centre, PA",25079
"42029","Chester, PA",47106
"42031","Clarion, PA",22363
"42033","Clearfield, PA",22255
"42035","Clinton, PA",21710
"42037","Columbia, PA",23170
"42039","Crawford, PA",23182
"42041","Cumberland, PA",32303
"42043","Dauphin, PA",30754
"42045","Delaware, PA",37376
"42047","Elk, PA",26157
"42049","Erie, PA",25361
"42051","Fayette, PA",22370
"42053","Forest, PA",20396
"42055","Franklin, PA",25779
"42057","Fulton, PA",23552
"42059","Greene, PA",20620
"42061","Huntingdon, PA",20123
"42063","Indiana, PA",22317
"42065","Jefferson, PA",22566
"42067","Juniata, PA",22627
"42069","Lackawanna, PA",27586
"42071","Lancaster, PA",29069
"42073","Lawrence, PA",23092
"42075","Lebanon, PA",26923
"42077","Lehigh, PA",31395
"42079","Luzerne, PA",26659
"42081","Lycoming, PA",23555
"42083","McKean, PA",24493
"42085","Mercer, PA",23847
"42087","Mifflin, PA",21176
"42089","Monroe, PA",25338
"42091","Montgomery, PA",48995
"42093","Montour, PA",26704
"42095","Northampton, PA",29409
"42097","Northumberland, PA",23023
"42099","Perry, PA",25206
"42101","Philadelphia, PA",25254
"42103","Pike, PA",25153
"42105","Potter, PA",24413
"42107","Schuylkill, PA",23491
"42109","Snyder, PA",25639
"42111","Somerset, PA",21518
"42113","Sullivan, PA",22747
"42115","Susquehanna, PA",23770
"42117","Tioga, PA",21331
"42119","Union, PA",22694
"42121","Venango, PA",23863
"42123","Warren, PA",23954
"42125","Washington, PA",28265
"42127","Wayne, PA",23818
"42129","Westmoreland, PA",27423
"42131","Wyoming, PA",22967
"42133","York, PA",29139
"44001","Bristol, RI",39338
"44003","Kent, RI",31679
"44005","Newport, RI",37124
"44007","Providence, RI",27479
"44009","Washington, RI",34054
"45001","Abbeville, SC",23275
"45003","Aiken, SC",25164
"45005","Allendale, SC",15993
"45007","Anderson, SC",24493
"45009","Bamberg, SC",17572
"45011","Barnwell, SC",22081
"45013","Beaufort, SC",33558
"45015","Berkeley, SC",20906
"45017","Calhoun, SC",22500
"45019","Charleston, SC",29770
"45021","Cherokee, SC",20627
"45023","Chester, SC",20147
"45025","Chesterfield, SC",19867
"45027","Clarendon, SC",18358
"45029","Colleton, SC",19573
"45031","Darlington, SC",22580
"45033","Dillon, SC",18272
"45035","Dorchester, SC",22556
"45037","Edgefield, SC",19638
"45039","Fairfield, SC",20528
"45041","Florence, SC",24311
"45043","Georgetown, SC",24554
"45045","Greenville, SC",29732
"45047","Greenwood, SC",23344
"45049","Hampton, SC",18713
"45051","Horry, SC",24517
"45053","Jasper, SC",18256
"45055","Kershaw, SC",24278
"45057","Lancaster, SC",20869
"45059","Laurens, SC",20666
"45061","Lee, SC",17938
"45063","Lexington, SC",29340
"45065","McCormick, SC",17655
"45067","Marion, SC",18168
"45069","Marlboro, SC",17313
"45071","Newberry, SC",20904
"45073","Oconee, SC",24511
"45075","Orangeburg, SC",20118
"45077","Pickens, SC",21397
"45079","Richland, SC",27825
"45081","Saluda, SC",21450
"45083","Spartanburg, SC",24980
"45085","Sumter, SC",21281
"45087","Union, SC",20466
"45089","Williamsburg, SC",16125
"45091","York, SC",26370
"46003","Aurora, SD",26013
"46005","Beadle, SD",28357
"46007","Bennett, SD",20254
"46009","Bon Homme, SD",23048
"46011","Brookings, SD",24602
"46013","Brown, SD",28608
"46015","Brule, SD",24754
"46017","Buffalo, SD",12592
"46019","Butte, SD",21281
"46021","Campbell, SD",26970
"46023","Charles Mix, SD",23497
"46025","Clark, SD",25981
"46027","Clay, SD",24597
"46029","Codington, SD",26933
"46031","Corson, SD",18793
"46033","Custer, SD",23376
"46035","Davison, SD",27848
"46037","Day, SD",22961
"46039","Deuel, SD",24826
"46041","Dewey, SD",17370
"46043","Douglas, SD",25569
"46045","Edmunds, SD",27112
"46047","Fall River, SD",22227
"46049","Faulk, SD",27257
"46051","Grant, SD",25395
"46053","Gregory, SD",23340
"46055","Haakon, SD",34671
"46057","Hamlin, SD",22456
"46059","Hand, SD",30073
"46061","Hanson, SD",23167
"46063","Harding, SD",22895
"46065","Hughes, SD",28723
"46067","Hutchinson, SD",24991
"46069","Hyde, SD",25094
"46071","Jackson, SD",17044
"46073","Jerauld, SD",29598
"46075","Jones, SD",27243
"46077","Kingsbury, SD",28287
"46079","Lake, SD",25182
"46081","Lawrence, SD",23475
"46083","Lincoln, SD",29249
"46085","Lyman, SD",22924
"46087","McCook, SD",28318
"46089","McPherson, SD",24207
"46091","Marshall, SD",23470
"46093","Meade, SD",25018
"46095","Mellette, SD",16744
"46097","Miner, SD",25834
"46099","Minnehaha, SD",31336
"46101","Moody, SD",26354
"46102","Oglala Lakota, SD*",12551
"46103","Pennington, SD",27086
"46105","Perkins, SD",26054
"46107","Potter, SD",34608
"46109","Roberts, SD",20542
"46111","Sanborn, SD",29833
"46115","Spink, SD",30834
"46117","Stanley, SD",30568
"46119","Sully, SD",45218
"46121","Todd, SD",13441
"46123","Tripp, SD",22310
"46125","Turner, SD",27924
"46127","Union, SD",40644
"46129","Walworth, SD",24959
"46135","Yankton, SD",25196
"46137","Ziebach, SD",13441
"47001","Anderson, TN",25663
"47003","Bedford, TN",23125
"47005","Benton, TN",20155
"47007","Bledsoe, TN",17887
"47009","Blount, TN",24689
"47011","Bradley, TN",24025
"47013","Campbell, TN",18437
"47015","Cannon, TN",22589
"47017","Carroll, TN",21510
"47019","Carter, TN",19374
"47021","Cheatham, TN",26204
"47023","Chester, TN",20676
"47025","Claiborne, TN",20100
"47027","Clay, TN",19022
"47029","Cocke, TN",18402
"47031","Coffee, TN",23857
"47033","Crockett, TN",23953
"47035","Cumberland, TN",22401
"47037","Davidson, TN",36052
"47039","Decatur, TN",20897
"47041","DeKalb, TN",20575
"47043","Dickson, TN",24135
"47045","Dyer, TN",23269
"47047","Fayette, TN",26713
"47049","Fentress, TN",19921
"47051","Franklin, TN",21524
"47053","Gibson, TN",22647
"47055","Giles, TN",23460
"47057","Grainger, TN",19725
"47059","Greene, TN",23639
"47061","Grundy, TN",18259
"47063","Hamblen, TN",23270
"47065","Hamilton, TN",31019
"47067","Hancock, TN",14475
"47069","Hardeman, TN",17004
"47071","Hardin, TN",21481
"47073","Hawkins, TN",20819
"47075","Haywood, TN",20831
"47077","Henderson, TN",22141
"47079","Henry, TN",22914
"47081","Hickman, TN",17677
"47083","Houston, TN",19315
"47085","Humphreys, TN",22318
"47087","Jackson, TN",18856
"47089","Jefferson, TN",21690
"47091","Johnson, TN",15554
"47093","Knox, TN",29942
"47095","Lake, TN",13489
"47097","Lauderdale, TN",18160
"47099","Lawrence, TN",21002
"47101","Lewis, TN",18150
"47103","Lincoln, TN",22172
"47105","Loudon, TN",25803
"47107","McMinn, TN",20998
"47109","McNairy, TN",22099
"47111","Macon, TN",21251
"47113","Madison, TN",26357
"47115","Marion, TN",21924
"47117","Marshall, TN",24393
"47119","Maury, TN",26976
"47121","Meigs, TN",18230
"47123","Monroe, TN",17909
"47125","Montgomery, TN",25201
"47127","Moore, TN",21120
"47129","Morgan, TN",17597
"47131","Obion, TN",25604
"47133","Overton, TN",18663
"47135","Perry, TN",22049
"47137","Pickett, TN",17784
"47139","Polk, TN",20493
"47141","Putnam, TN",23345
"47143","Rhea, TN",20169
"47145","Roane, TN",22841
"47147","Robertson, TN",26181
"47149","Rutherford, TN",27138
"47151","Scott, TN",17330
"47153","Sequatchie, TN",20101
"47155","Sevier, TN",23179
"47157","Shelby, TN",31733
"47159","Smith, TN",22419
"47161","Stewart, TN",19787
"47163","Sullivan, TN",25145
"47165","Sumner, TN",27732
"47167","Tipton, TN",23533
"47169","Trousdale, TN",20813
"47171","Unicoi, TN",22260
"47173","Union, TN",17889
"47175","Van Buren, TN",19092
"47177","Warren, TN",21174
"47179","Washington, TN",24213
"47181","Wayne, TN",15378
"47183","Weakley, TN",21026
"47185","White, TN",19291
"47187","Williamson, TN",42025
"47189","Wilson, TN",30892
"48001","Anderson, TX",17944
"48003","Andrews, TX",20442
"48005","Angelina, TX",22372
"48007","Aransas, TX",23838
"48009","Archer, TX",25625
"48011","Armstrong, TX",22857
"48013","Atascosa, TX",19726
"48015","Austin, TX",26682
"48017","Bailey, TX",23997
"48019","Bandera, TX",26788
"48021","Bastrop, TX",22516
"48023","Baylor, TX",21424
"48025","Bee, TX",15154
"48027","Bell, TX",24751
"48029","Bexar, TX",27328
"48031","Blanco, TX",27708
"48033","Borden, TX",19256
"48035","Bosque, TX",21700
"48037","Bowie, TX",22830
"48039","Brazoria, TX",26754
"48041","Brazos, TX",19810
"48043","Brewster, TX",23008
"48045","Briscoe, TX",21849
"48047","Brooks, TX",15381
"48049","Brown, TX",20384
"48051","Burleson, TX",21665
"48053","Burnet, TX",24242
"48055","Caldwell, TX",19639
"48057","Calhoun, TX",21330
"48059","Callahan, TX",20820
"48061","Cameron, TX",15315
"48063","Camp, TX",23885
"48065","Carson, TX",27699
"48067","Cass, TX",21002
"48069","Castro, TX",27612
"48071","Chambers, TX",27015
"48073","Cherokee, TX",21482
"48075","Childress, TX",15015
"48077","Clay, TX",21970
"48079","Cochran, TX",18176
"48081","Coke, TX",19853
"48083","Coleman, TX",20359
"48085","Collin, TX",45184
"48087","Collingsworth, TX",23045
"48089","Colorado, TX",23446
"48091","Comal, TX",29226
"48093","Comanche, TX",20836
"48095","Concho, TX",15073
"48097","Cooke, TX",24028
"48099","Coryell, TX",19437
"48101","Cottle, TX",24861
"48103","Crane, TX",18991
"48105","Crockett, TX",19271
"48107","Crosby, TX",21777
"48109","Culberson, TX",14259
"48111","Dallam, TX",34132
"48113","Dallas, TX",35493
"48115","Dawson, TX",17407
"48117","Deaf Smith, TX",26169
"48119","Delta, TX",19139
"48121","Denton, TX",32685
"48123","DeWitt, TX",20709
"48125","Dickens, TX",16181
"48127","Dimmit, TX",13361
"48129","Donley, TX",25432
"48131","Duval, TX",15854
"48133","Eastland, TX",21937
"48135","Ector, TX",21216
"48137","Edwards, TX",18756
"48139","Ellis, TX",26066
"48141","El Paso, TX",18993
"48143","Erath, TX",22158
"48145","Falls, TX",17420
"48147","Fannin, TX",19964
"48149","Fayette, TX",25384
"48151","Fisher, TX",18149
"48153","Floyd, TX",22868
"48155","Foard, TX",22020
"48157","Fort Bend, TX",33332
"48159","Franklin, TX",23985
"48161","Freestone, TX",19150
"48163","Frio, TX",15583
"48165","Gaines, TX",18896
"48167","Galveston, TX",29337
"48169","Garza, TX",20048
"48171","Gillespie, TX",25526
"48173","Glasscock, TX",18699
"48175","Goliad, TX",20923
"48177","Gonzales, TX",22739
"48179","Gray, TX",24465
"48181","Grayson, TX",23402
"48183","Gregg, TX",27534
"48185","Grimes, TX",17832
"48187","Guadalupe, TX",23315
"48189","Hale, TX",20955
"48191","Hall, TX",16605
"48193","Hamilton, TX",24485
"48195","Hansford, TX",34637
"48197","Hardeman, TX",21365
"48199","Hardin, TX",22395
"48201","Harris, TX",34478
"48203","Harrison, TX",21852
"48205","Hartley, TX",31234
"48207","Haskell, TX",19376
"48209","Hays, TX",23343
"48211","Hemphill, TX",33536
"48213","Henderson, TX",23095
"48215","Hidalgo, TX",14068
"48217","Hill, TX",19770
"48219","Hockley, TX",20489
"48221","Hood, TX",27665
"48223","Hopkins, TX",22976
"48225","Houston, TX",21547
"48227","Howard, TX",20051
"48229","Hudspeth, TX",15151
"48231","Hunt, TX",23113
"48233","Hutchinson, TX",23025
"48235","Irion, TX",24726
"48237","Jack, TX",19156
"48239","Jackson, TX",23323
"48241","Jasper, TX",20841
"48243","Jeff Davis, TX",19330
"48245","Jefferson, TX",24263
"48247","Jim Hogg, TX",17423
"48249","Jim Wells, TX",18970
"48251","Johnson, TX",24231
"48253","Jones, TX",16062
"48255","Karnes, TX",15281
"48257","Kaufman, TX",25182
"48259","Kendall, TX",30721
"48261","Kenedy, TX",27652
"48263","Kent, TX",21834
"48265","Kerr, TX",26166
"48267","Kimble, TX",19683
"48269","King, TX",20936
"48271","Kinney, TX",17999
"48273","Kleberg, TX",18628
"48275","Knox, TX",19330
"48277","Lamar, TX",22692
"48279","Lamb, TX",21149
"48281","Lampasas, TX",23333
"48283","La Salle, TX",14834
"48285","Lavaca, TX",22328
"48287","Lee, TX",21924
"48289","Leon, TX",22457
"48291","Liberty, TX",20798
"48293","Limestone, TX",19333
"48295","Lipscomb, TX",25455
"48297","Live Oak, TX",17484
"48299","Llano, TX",23685
"48301","Loving, TX",67723
"48303","Lubbock, TX",24329
"48305","Lynn, TX",18446
"48307","McCulloch, TX",20808
"48309","McLennan, TX",22933
"48311","McMullen, TX",26109
"48313","Madison, TX",17938
"48315","Marion, TX",17142
"48317","Martin, TX",17247
"48319","Mason, TX",19040
"48321","Matagorda, TX",21417
"48323","Maverick, TX",12130
"48325","Medina, TX",19835
"48327","Menard, TX",17078
"48329","Midland, TX",32920
"48331","Milam, TX",22645
"48333","Mills, TX",21645
"48335","Mitchell, TX",14607
"48337","Montague, TX",22052
"48339","Montgomery, TX",32669
"48341","Moore, TX",22924
"48343","Morris, TX",21651
"48345","Motley, TX",18027
"48347","Nacogdoches, TX",20169
"48349","Navarro, TX",20959
"48351","Newton, TX",15173
"48353","Nolan, TX",19592
"48355","Nueces, TX",24342
"48357","Ochiltree, TX",27936
"48359","Oldham, TX",26687
"48361","Orange, TX",22730
"48363","Palo Pinto, TX",21917
"48365","Panola, TX",21476
"48367","Parker, TX",28965
"48369","Parmer, TX",27442
"48371","Pecos, TX",14299
"48373","Polk, TX",23841
"48375","Potter, TX",22655
"48377","Presidio, TX",16313
"48379","Rains, TX",19443
"48381","Randall, TX",25090
"48383","Reagan, TX",17269
"48385","Real, TX",18489
"48387","Red River, TX",18242
"48389","Reeves, TX",15399
"48391","Refugio, TX",26374
"48393","Roberts, TX",24050
"48395","Robertson, TX",20483
"48397","Rockwall, TX",36885
"48399","Runnels, TX",18614
"48401","Rusk, TX",21343
"48403","Sabine, TX",20739
"48405","San Augustine, TX",18729
"48407","San Jacinto, TX",19822
"48409","San Patricio, TX",19771
"48411","San Saba, TX",18951
"48413","Schleicher, TX",19233
"48415","Scurry, TX",20584
"48417","Shackelford, TX",25442
"48419","Shelby, TX",22542
"48421","Sherman, TX",37658
"48423","Smith, TX",27139
"48425","Somervell, TX",24702
"48427","Starr, TX",10156
"48429","Stephens, TX",20564
"48431","Sterling, TX",19332
"48433","Stonewall, TX",22598
"48435","Sutton, TX",21714
"48437","Swisher, TX",23445
"48439","Tarrant, TX",30484
"48441","Taylor, TX",24254
"48443","Terrell, TX",28057
"48445","Terry, TX",20881
"48447","Throckmorton, TX",23924
"48449","Titus, TX",21578
"48451","Tom Green, TX",24138
"48453","Travis, TX",35924
"48455","Trinity, TX",18392
"48457","Tyler, TX",18220
"48459","Upshur, TX",21222
"48461","Upton, TX",20662
"48463","Uvalde, TX",19254
"48465","Val Verde, TX",17667
"48467","Van Zandt, TX",21802
"48469","Victoria, TX",26771
"48471","Walker, TX",16995
"48473","Waller, TX",19925
"48475","Ward, TX",18483
"48477","Washington, TX",27340
"48479","Webb, TX",15666
"48481","Wharton, TX",22585
"48483","Wheeler, TX",28126
"48485","Wichita, TX",24752
"48487","Wilbarger, TX",22210
"48489","Willacy, TX",15111
"48491","Williamson, TX",30995
"48493","Wilson, TX",22043
"48495","Winkler, TX",18740
"48497","Wise, TX",23834
"48499","Wood, TX",19234
"48501","Yoakum, TX",21038
"48503","Young, TX",24419
"48505","Zapata, TX",12866
"48507","Zavala, TX",10939
"49001","Beaver, UT",22374
"49003","Box Elder, UT",20499
"49005","Cache, UT",19147
"49007","Carbon, UT",21650
"49009","Daggett, UT",15781
"49011","Davis, UT",25408
"49013","Duchesne, UT",18356
"49015","Emery, UT",18031
"49017","Garfield, UT",18857
"49019","Grand, UT",20150
"49021","Iron, UT",16591
"49023","Juab, UT",17878
"49025","Kane, UT",21751
"49027","Millard, UT",17206
"49029","Morgan, UT",21896
"49031","Piute, UT",16125
"49033","Rich, UT",21634
"49035","Salt Lake, UT",27802
"49037","San Juan, UT",13294
"49039","Sanpete, UT",15515
"49041","Sevier, UT",17793
"49043","Summit, UT",46853
"49045","Tooele, UT",19983
"49047","Uintah, UT",17519
"49049","Utah, UT",20015
"49051","Wasatch, UT",21298
"49053","Washington, UT",19142
"49055","Wayne, UT",18023
"49057","Weber, UT",23660
"50001","Addison, VT",26712
"50003","Bennington, VT",30233
"50005","Caledonia, VT",24284
"50007","Chittenden, VT",33683
"50009","Essex, VT",19669
"50011","Franklin, VT",24791
"50013","Grand Isle, VT",29397
"50015","Lamoille, VT",26978
"50017","Orange, VT",24389
"50019","Orleans, VT",22789
"50021","Rutland, VT",26990
"50023","Washington, VT",29823
"50025","Windham, VT",29268
"50027","Windsor, VT",30519
"51001","Accomack, VA",19801
"51007","Amelia, VA",24051
"51009","Amherst, VA",21706
"51011","Appomattox, VA",24744
"51013","Arlington, VA",52707
"51017","Bath, VA",26964
"51019","Bedford, VA*",28933
"51021","Bland, VA",18410
"51023","Botetourt, VA",29709
"51025","Brunswick, VA",18440
"51027","Buchanan, VA",20432
"51029","Buckingham, VA",17240
"51033","Caroline, VA",25099
"51036","Charles City, VA",25230
"51037","Charlotte, VA",20267
"51041","Chesterfield, VA",33327
"51043","Clarke, VA",31598
"51045","Craig, VA",22923
"51047","Culpeper, VA",26975
"51049","Cumberland, VA",21066
"51051","Dickenson, VA",17580
"51057","Essex, VA",23473
"51061","Fauquier, VA",41304
"51063","Floyd, VA",21327
"51065","Fluvanna, VA",24128
"51067","Franklin, VA",23943
"51071","Giles, VA",21519
"51073","Gloucester, VA",26119
"51075","Goochland, VA",43335
"51077","Grayson, VA",19197
"51079","Greene, VA",22937
"51083","Halifax, VA",20303
"51085","Hanover, VA",32232
"51087","Henrico, VA",36147
"51091","Highland, VA",23936
"51093","Isle of Wight, VA",28111
"51097","King and Queen, VA",24484
"51099","King George, VA",29019
"51101","King William, VA",28043
"51103","Lancaster, VA",31813
"51105","Lee, VA",18312
"51107","Loudoun, VA",42129
"51109","Louisa, VA",27115
"51111","Lunenburg, VA",18667
"51113","Madison, VA",24700
"51115","Mathews, VA",32091
"51117","Mecklenburg, VA",21308
"51119","Middlesex, VA",27716
"51125","Nelson, VA",26268
"51127","New Kent, VA",28288
"51131","Northampton, VA",23208
"51133","Northumberland, VA",25761
"51135","Nottoway, VA",21697
"51137","Orange, VA",25966
"51139","Page, VA",22217
"51141","Patrick, VA",18798
"51145","Powhatan, VA",28049
"51147","Prince Edward, VA",17476
"51155","Pulaski, VA",23724
"51157","Rappahannock, VA",29616
"51159","Richmond, VA",18518
"51167","Russell, VA",19213
"51169","Scott, VA",18554
"51171","Shenandoah, VA",24653
"51173","Smyth, VA",20645
"51179","Stafford, VA",29463
"51181","Surry, VA",22028
"51183","Sussex, VA",19495
"51185","Tazewell, VA",20946
"51187","Warren, VA",26522
"51193","Westmoreland, VA",24570
"51197","Wythe, VA",21074
"51510","Alexandria (Independent City), VA",51092
"51550","Chesapeake (Independent City), VA",28193
"51650","Hampton (Independent City), VA",25713
"51700","Newport News (Independent City), VA",23323
"51710","Norfolk (Independent City), VA",25187
"51740","Portsmouth (Independent City), VA",22153
"51760","Richmond (Independent City), VA",32222
"51770","Roanoke (Independent City), VA",25187
"51800","Suffolk (Independent City), VA",26439
"51810","Virginia Beach (Independent City), VA",32331
"51901","Albemarle + Charlottesville, VA*",35684
"51903","Alleghany + Covington, VA*",23047
"51907","Augusta, Staunton + Waynesboro, VA*",24935
"51911","Campbell + Lynchburg, VA*",24579
"51913","Carroll + Galax, VA*",20881
"51918","Dinwiddie, Colonial Heights + Petersburg, VA*",25957
"51919","Fairfax, Fairfax City + Falls Church, VA*",53284
"51921","Frederick + Winchester, VA*",28307
"51923","Greensville + Emporia, VA*",18306
"51929","Henry + Martinsville, VA*",22260
"51931","James City + Williamsburg, VA*",36699
"51933","Montgomery + Radford, VA*",19929
"51939","Pittsylvania + Danville, VA*",22278
"51941","Prince George + Hopewell, VA*",23941
"51942","Prince William, Manassas + Manassas Park, VA*",32216
"51944","Roanoke + Salem, VA*",31504
"51945","Rockbridge, Buena Vista + Lexington, VA*",22795
"51947","Rockingham + Harrisonburg, VA*",23174
"51949","Southampton + Franklin, VA*",23837
"51951","Spotsylvania + Fredericksburg, VA*",29195
"51953","Washington + Bristol, VA*",24421
"51955","Wise + Norton, VA*",19291
"51958","York + Poquoson, VA*",31750
"53001","Adams, WA",21523
"53003","Asotin, WA",24732
"53005","Benton, WA",27291
"53007","Chelan, WA",25914
"53009","Clallam, WA",25310
"53011","Clark, WA",29815
"53013","Columbia, WA",29002
"53015","Cowlitz, WA",23897
"53017","Douglas, WA",21812
"53019","Ferry, WA",17941
"53021","Franklin, WA",20063
"53023","Garfield, WA",25746
"53025","Grant, WA",21185
"53027","Grays Harbor, WA",22508
"53029","Island, WA",28217
"53031","Jefferson, WA",29050
"53033","King, WA",46074
"53035","Kitsap, WA",30459
"53037","Kittitas, WA",24066
"53039","Klickitat, WA",23120
"53041","Lewis, WA",22789
"53043","Lincoln, WA",23884
"53045","Mason, WA",23319
"53047","Okanogan, WA",21064
"53049","Pacific, WA",21571
"53051","Pend Oreille, WA",21133
"53053","Pierce, WA",28579
"53055","San Juan, WA",40817
"53057","Skagit, WA",28215
"53059","Skamania, WA",23012
"53061","Snohomish, WA",30976
"53063","Spokane, WA",26737
"53065","Stevens, WA",20072
"53067","Thurston, WA",30461
"53069","Wahkiakum, WA",22924
"53071","Walla Walla, WA",24199
"53073","Whatcom, WA",24976
"53075","Whitman, WA",20997
"53077","Yakima, WA",22472
"54001","Barbour, WV",17104
"54003","Berkeley, WV",23482
"54005","Boone, WV",18644
"54007","Braxton, WV",16201
"54009","Brooke, WV",23182
"54011","Cabell, WV",24034
"54013","Calhoun, WV",15560
"54015","Clay, WV",13766
"54017","Doddridge, WV",17289
"54019","Fayette, WV",18439
"54021","Gilmer, WV",17642
"54023","Grant, WV",21414
"54025","Greenbrier, WV",21727
"54027","Hampshire, WV",19339
"54029","Hancock, WV",22627
"54031","Hardy, WV",20461
"54033","Harrison, WV",24385
"54035","Jackson, WV",20139
"54037","Jefferson, WV",26877
"54039","Kanawha, WV",29392
"54041","Lewis, WV",18949
"54043","Lincoln, WV",15279
"54045","Logan, WV",19295
"54047","McDowell, WV",14863
"54049","Marion, WV",23044
"54051","Marshall, WV",21169
"54053","Mason, WV",18768
"54055","Mercer, WV",22116
"54057","Mineral, WV",20676
"54059","Mingo, WV",19807
"54061","Monongalia, WV",24163
"54063","Monroe, WV",18629
"54065","Morgan, WV",23832
"54067","Nicholas, WV",19668
"54069","Ohio, WV",27950
"54071","Pendleton, WV",21603
"54073","Pleasants, WV",21453
"54075","Pocahontas, WV",20312
"54077","Preston, WV",18458
"54079","Putnam, WV",25224
"54081","Raleigh, WV",22212
"54083","Randolph, WV",21102
"54085","Ritchie, WV",19003
"54087","Roane, WV",16691
"54089","Summers, WV",15104
"54091","Taylor, WV",17196
"54093","Tucker, WV",19025
"54095","Tyler, WV",17247
"54097","Upshur, WV",18145
"54099","Wayne, WV",17407
"54101","Webster, WV",14310
"54103","Wetzel, WV",20664
"54105","Wirt, WV",16086
"54107","Wood, WV",24235
"54109","Wyoming, WV",16726
"55001","Adams, WI",21581
"55003","Ashland, WI",22344
"55005","Barron, WI",24485
"55007","Bayfield, WI",22852
"55009","Brown, WI",31102
"55011","Buffalo, WI",29167
"55013","Burnett, WI",23020
"55015","Calumet, WI",29555
"55017","Chippewa, WI",26269
"55019","Clark, WI",21766
"55021","Columbia, WI",29826
"55023","Crawford, WI",21379
"55025","Dane, WI",35162
"55027","Dodge, WI",26494
"55029","Door, WI",30838
"55031","Douglas, WI",23906
"55033","Dunn, WI",22795
"55035","Eau Claire, WI",27346
"55037","Florence, WI",22632
"55039","Fond du Lac, WI",28767
"55041","Forest, WI",20294
"55043","Grant, WI",23479
"55045","Green, WI",28147
"55047","Green Lake, WI",26889
"55049","Iowa, WI",26581
"55051","Iron, WI",21753
"55053","Jackson, WI",24546
"55055","Jefferson, WI",28987
"55057","Juneau, WI",22344
"55059","Kenosha, WI",28469
"55061","Kewaunee, WI",25776
"55063","La Crosse, WI",27346
"55065","Lafayette, WI",21929
"55067","Langlade, WI",23744
"55069","Lincoln, WI",24107
"55071","Manitowoc, WI",27031
"55073","Marathon, WI",28163
"55075","Marinette, WI",23623
"55077","Marquette, WI",21500
"55078","Menominee, WI*",16286
"55079","Milwaukee, WI",29211
"55081","Monroe, WI",22641
"55083","Oconto, WI",25167
"55085","Oneida, WI",27948
"55087","Outagamie, WI",30153
"55089","Ozaukee, WI",47895
"55091","Pepin, WI",23669
"55093","Pierce, WI",26667
"55095","Polk, WI",24637
"55097","Portage, WI",26222
"55099","Price, WI",22723
"55101","Racine, WI",29414
"55103","Richland, WI",21863
"55105","Rock, WI",26798
"55107","Rusk, WI",20081
"55109","St. Croix, WI",31487
"55111","Sauk, WI",27668
"55113","Sawyer, WI",23835
"55115","Shawano, WI*",22880
"55117","Sheboygan, WI",29837
"55119","Taylor, WI",21972
"55121","Trempealeau, WI",24659
"55123","Vernon, WI",20087
"55125","Vilas, WI",26015
"55127","Walworth, WI",28645
"55129","Washburn, WI",22653
"55131","Washington, WI",34525
"55133","Waukesha, WI",42353
"55135","Waupaca, WI",25492
"55137","Waushara, WI",22185
"55139","Winnebago, WI",29046
"55141","Wood, WI",28374
"55901","Shawano (includes Menominee), WI","(NA)"
"56001","Albany, WY",23708
"56003","Big Horn, WY",21056
"56005","Campbell, WY",27228
"56007","Carbon, WY",24010
"56009","Converse, WY",25645
"56011","Crook, WY",25452
"56013","Fremont, WY",23072
"56015","Goshen, WY",22538
"56017","Hot Springs, WY",24268
"56019","Johnson, WY",25703
"56021","Laramie, WY",28697
"56023","Lincoln, WY",23791
"56025","Natrona, WY",32009
"56027","Niobrara, WY",25622
"56029","Park, WY",27456
"56031","Platte, WY",25994
"56033","Sheridan, WY",33127
"56035","Sublette, WY",28541
"56037","Sweetwater, WY",28795
"56039","Teton, WY",72597
"56041","Uinta, WY",23665
"56043","Washakie, WY",25887
"56045","Weston, WY",27031
"Legend / Footnotes:"
"2/ Per capita personal income was computed using Census Bureau midyear population estimates. Estimates for 2010-2015 reflect county population estimates available as of March 2016."
"* Cibola, NM was separated from Valencia in June 1981, but in these estimates, Valencia includes Cibola through the end of 1981."
"* La Paz County, AZ was separated from Yuma County on January 1, 1983. The Yuma, AZ MSA contains the area that became La Paz County, AZ through 1982 and excludes it beginning with 1983."
"* Shawano, WI and Menominee, WI are combined as Shawano (incl. Menominee), WI for the years prior to 1989."
"* Broomfield County, CO, was created from parts of Adams, Boulder, Jefferson, and Weld counties effective November 15, 2001. Estimates for Broomfield county begin with 2002."
"* Estimates for 1979 forward reflect Alaska Census Areas as defined by the Census Bureau; those for prior years reflect Alaska Census Divisions as defined in the 1970 Decennial Census. Estimates from 1988 forward separate Aleutian Islands Census Area into Aleutians East Borough and Aleutians West Census Area. Estimates for 1991 forward separate Denali Borough from Yukon-Koyukuk Census Area and Lake and Peninsula Borough from Dillingham Census Area. Estimates from 1993 forward separate Skagway-Yakutat-Angoon Census Area into Skagway-Hoonah-Angoon Census Area and Yakutat Borough. Estimates from 2008 forward separate Skagway-Hoonah-Angoon Census Area into Skagway Municipality and Hoonah-Angoon Census Area. Estimates from 2009 forward separate Wrangell-Petersburg Census Area into Petersburg Census Area and Wrangell City and Borough. In addition, a part of the Prince of Wales-Outer Ketchikan Census Area was annexed by Ketchikan Gateway Borough and part (Meyers Chuck Area) was included in the new Wrangell City and Borough. The remainder of the Prince of Wales-Outer Ketchikan Census Area was renamed Prince of Wales-Hyder Census Area. Petersburg Borough was created from part of former Petersburg Census Area and part of Hoonah-Angoon Census Area for 2013 forward. Prince of Wales-Hyder Census Area added part of the former Petersburg Census Area beginning in 2013. For years 2009-2012, Petersburg Borough reflects the geographic boundaries of the former Petersburg Census Area. Wade Hampton Census Area was renamed Kusilvak Census Area on July 1, 2015."
"* Virginia combination areas consist of one or two independent cities with 1980 populations of less than 100,000 combined with an adjacent county. The county name appears first, followed by the city name(s). Separate estimates for the jurisdictions making up the combination area are not available. Bedford County, VA includes the independent city of Bedford for all years."
"* Shannon County, SD was renamed to Oglala Lakota County, SD on May 1, 2015."
"Note-- All dollar estimates are in current dollars (not adjusted for inflation)."
"(NA) Data not available for this year."
"Last updated: November 17, 2016-- new estimates for 2015; revised estimates for 1998-2014."
