"CA1 Personal Income Summary: Personal Income, Population, Per Capita Personal Income"
"Per capita personal income (dollars) 2/" 
"Bureau of Economic Analysis" 
"County"
"GeoFips","GeoName","2010"
"01001","Autauga, AL",33452
"01003","Baldwin, AL",36090
"01005","Barbour, AL",27923
"01007","Bibb, AL",25003
"01009","Blount, AL",27600
"01011","Bullock, AL",23235
"01013","Butler, AL",28394
"01015","Calhoun, AL",30677
"01017","Chambers, AL",27330
"01019","Cherokee, AL",27818
"01021","Chilton, AL",27429
"01023","Choctaw, AL",26278
"01025","Clarke, AL",27910
"01027","Clay, AL",28854
"01029","Cleburne, AL",27286
"01031","Coffee, AL",35272
"01033","Colbert, AL",31755
"01035","Conecuh, AL",26308
"01037","Coosa, AL",23683
"01039","Covington, AL",29286
"01041","Crenshaw, AL",29596
"01043","Cullman, AL",30454
"01045","Dale, AL",32782
"01047","Dallas, AL",28172
"01049","DeKalb, AL",26892
"01051","Elmore, AL",33954
"01053","Escambia, AL",26435
"01055","Etowah, AL",30404
"01057","Fayette, AL",26026
"01059","Franklin, AL",28428
"01061","Geneva, AL",28934
"01063","Greene, AL",27195
"01065","Hale, AL",29583
"01067","Henry, AL",30968
"01069","Houston, AL",35427
"01071","Jackson, AL",29460
"01073","Jefferson, AL",42248
"01075","Lamar, AL",26491
"01077","Lauderdale, AL",31161
"01079","Lawrence, AL",27542
"01081","Lee, AL",29011
"01083","Limestone, AL",33470
"01085","Lowndes, AL",31030
"01087","Macon, AL",25712
"01089","Madison, AL",41570
"01091","Marengo, AL",30416
"01093","Marion, AL",25404
"01095","Marshall, AL",29654
"01097","Mobile, AL",31785
"01099","Monroe, AL",27478
"01101","Montgomery, AL",35593
"01103","Morgan, AL",32285
"01105","Perry, AL",26618
"01107","Pickens, AL",29248
"01109","Pike, AL",32040
"01111","Randolph, AL",28432
"01113","Russell, AL",27956
"01115","St. Clair, AL",29497
"01117","Shelby, AL",41572
"01119","Sumter, AL",26811
"01121","Talladega, AL",27691
"01123","Tallapoosa, AL",32502
"01125","Tuscaloosa, AL",31982
"01127","Walker, AL",32728
"01129","Washington, AL",29807
"01131","Wilcox, AL",25420
"01133","Winston, AL",27909
"02010","Aleutian Islands Census Area, AK*","(NA)"
"02013","Aleutians East Borough, AK*",35949
"02016","Aleutians West Census Area, AK*",41086
"02020","Anchorage Municipality, AK",55887
"02050","Bethel Census Area, AK*",33373
"02060","Bristol Bay Borough, AK",53850
"02068","Denali Borough, AK*",56612
"02070","Dillingham Census Area, AK*",43144
"02090","Fairbanks North Star Borough, AK",45379
"02100","Haines Borough, AK",39121
"02105","Hoonah-Angoon Census Area, AK*",41187
"02110","Juneau City and Borough, AK",53978
"02122","Kenai Peninsula Borough, AK",43780
"02130","Ketchikan Gateway Borough, AK*",53595
"02150","Kodiak Island Borough, AK",49729
"02158","Kusilvak Census Area, AK*",25270
"02164","Lake and Peninsula Borough, AK*",42307
"02170","Matanuska-Susitna Borough, AK",39822
"02180","Nome Census Area, AK*",40246
"02185","North Slope Borough, AK",30658
"02188","Northwest Arctic Borough, AK",40181
"02195","Petersburg Borough, AK*",50355
"02198","Prince of Wales-Hyder Census Area, AK*",34792
"02201","Prince of Wales-Outer Ketchikan Census Area, AK*","(NA)"
"02220","Sitka City and Borough, AK",51810
"02230","Skagway Municipality, AK*",72172
"02231","Skagway-Yakutat-Angoon Census Area, AK*","(NA)"
"02232","Skagway-Hoonah-Angoon Census Area, AK*","(NA)"
"02240","Southeast Fairbanks Census Area, AK*",38148
"02261","Valdez-Cordova Census Area, AK*",51544
"02275","Wrangell City and Borough, AK*",38720
"02280","Wrangell-Petersburg Census Area, AK*","(NA)"
"02282","Yakutat City and Borough, AK*",46228
"02290","Yukon-Koyukuk Census Area, AK*",42827
"02901","Aleutian Islands Division, AK*","(NA)"
"02903","Angoon Division, AK*","(NA)"
"02904","Barrow-North Slope Division, AK*","(NA)"
"02905","Bethel Division, AK*","(NA)"
"02907","Bristol Bay Division, AK*","(NA)"
"02908","Cordova-McCarthy Division, AK*","(NA)"
"02910","Haines Division, AK*","(NA)"
"02912","Kenai-Cook Inlet Division, AK*","(NA)"
"02916","Kuskokwim Division, AK*","(NA)"
"02919","Outer Ketchikan Division, AK*","(NA)"
"02920","Prince of Wales Division, AK*","(NA)"
"02921","Seward Division, AK*","(NA)"
"02922","Sitka Division, AK*","(NA)"
"02923","Skagway-Yakutat Division, AK*","(NA)"
"02924","Southeast Fairbanks Division, AK*","(NA)"
"02925","Upper Yukon Division, AK*","(NA)"
"02926","Valdez-Chitina-Whittier Division, AK*","(NA)"
"02928","Wrangell-Petersburg Division, AK*","(NA)"
"02929","Yukon-Koyukuk Division, AK*","(NA)"
"04001","Apache, AZ",26415
"04003","Cochise, AZ",34954
"04005","Coconino, AZ",33894
"04007","Gila, AZ",30455
"04009","Graham, AZ",24324
"04011","Greenlee, AZ",30922
"04012","La Paz, AZ*",25368
"04013","Maricopa, AZ",36030
"04015","Mohave, AZ",25626
"04017","Navajo, AZ",24731
"04019","Pima, AZ",33978
"04021","Pinal, AZ",23140
"04023","Santa Cruz, AZ",30115
"04025","Yavapai, AZ",29088
"04027","Yuma, AZ*",27049
"05001","Arkansas, AR",34095
"05003","Ashley, AR",29653
"05005","Baxter, AR",28962
"05007","Benton, AR",48553
"05009","Boone, AR",27945
"05011","Bradley, AR",27018
"05013","Calhoun, AR",25733
"05015","Carroll, AR",24539
"05017","Chicot, AR",28029
"05019","Clark, AR",27090
"05021","Clay, AR",28643
"05023","Cleburne, AR",28791
"05025","Cleveland, AR",28456
"05027","Columbia, AR",28954
"05029","Conway, AR",29726
"05031","Craighead, AR",29976
"05033","Crawford, AR",26801
"05035","Crittenden, AR",28962
"05037","Cross, AR",29987
"05039","Dallas, AR",27595
"05041","Desha, AR",32269
"05043","Drew, AR",30355
"05045","Faulkner, AR",30732
"05047","Franklin, AR",24994
"05049","Fulton, AR",22618
"05051","Garland, AR",32038
"05053","Grant, AR",30602
"05055","Greene, AR",27607
"05057","Hempstead, AR",25172
"05059","Hot Spring, AR",25436
"05061","Howard, AR",25039
"05063","Independence, AR",29070
"05065","Izard, AR",24401
"05067","Jackson, AR",25714
"05069","Jefferson, AR",28718
"05071","Johnson, AR",22488
"05073","Lafayette, AR",25185
"05075","Lawrence, AR",25157
"05077","Lee, AR",24263
"05079","Lincoln, AR",21201
"05081","Little River, AR",28861
"05083","Logan, AR",27459
"05085","Lonoke, AR",31903
"05087","Madison, AR",23854
"05089","Marion, AR",23751
"05091","Miller, AR",28394
"05093","Mississippi, AR",28867
"05095","Monroe, AR",27532
"05097","Montgomery, AR",23125
"05099","Nevada, AR",28352
"05101","Newton, AR",22464
"05103","Ouachita, AR",30105
"05105","Perry, AR",28742
"05107","Phillips, AR",27052
"05109","Pike, AR",24865
"05111","Poinsett, AR",27739
"05113","Polk, AR",23700
"05115","Pope, AR",28489
"05117","Prairie, AR",28069
"05119","Pulaski, AR",40577
"05121","Randolph, AR",26254
"05123","St. Francis, AR",22875
"05125","Saline, AR",32955
"05127","Scott, AR",21981
"05129","Searcy, AR",24300
"05131","Sebastian, AR",32462
"05133","Sevier, AR",22148
"05135","Sharp, AR",26584
"05137","Stone, AR",23808
"05139","Union, AR",37886
"05141","Van Buren, AR",24521
"05143","Washington, AR",28492
"05145","White, AR",29294
"05147","Woodruff, AR",27840
"05149","Yell, AR",24625
"06001","Alameda, CA",47692
"06003","Alpine, CA",40834
"06005","Amador, CA",34276
"06007","Butte, CA",33093
"06009","Calaveras, CA",37409
"06011","Colusa, CA",41099
"06013","Contra Costa, CA",53750
"06015","Del Norte, CA",26870
"06017","El Dorado, CA",47935
"06019","Fresno, CA",31607
"06021","Glenn, CA",32027
"06023","Humboldt, CA",35425
"06025","Imperial, CA",28911
"06027","Inyo, CA",41774
"06029","Kern, CA",30705
"06031","Kings, CA",26641
"06033","Lake, CA",30463
"06035","Lassen, CA",27946
"06037","Los Angeles, CA",43234
"06039","Madera, CA",28252
"06041","Marin, CA",83232
"06043","Mariposa, CA",36496
"06045","Mendocino, CA",37122
"06047","Merced, CA",28191
"06049","Modoc, CA",34739
"06051","Mono, CA",40012
"06053","Monterey, CA",41418
"06055","Napa, CA",46396
"06057","Nevada, CA",45174
"06059","Orange, CA",49534
"06061","Placer, CA",47412
"06063","Plumas, CA",38825
"06065","Riverside, CA",30380
"06067","Sacramento, CA",38443
"06069","San Benito, CA",35556
"06071","San Bernardino, CA",29266
"06073","San Diego, CA",43995
"06075","San Francisco, CA",76114
"06077","San Joaquin, CA",32314
"06079","San Luis Obispo, CA",39935
"06081","San Mateo, CA",73460
"06083","Santa Barbara, CA",45198
"06085","Santa Clara, CA",61186
"06087","Santa Cruz, CA",47729
"06089","Shasta, CA",34181
"06091","Sierra, CA",31086
"06093","Siskiyou, CA",31896
"06095","Solano, CA",37324
"06097","Sonoma, CA",42548
"06099","Stanislaus, CA",31918
"06101","Sutter, CA",34629
"06103","Tehama, CA",28293
"06105","Trinity, CA",27940
"06107","Tulare, CA",29936
"06109","Tuolumne, CA",33908
"06111","Ventura, CA",45566
"06113","Yolo, CA",39567
"06115","Yuba, CA",31428
"08001","Adams, CO*",30299
"08003","Alamosa, CO",28432
"08005","Arapahoe, CO",39598
"08007","Archuleta, CO",30161
"08009","Baca, CO",39204
"08011","Bent, CO",23009
"08013","Boulder, CO*",49513
"08014","Broomfield, CO*",70094
"08015","Chaffee, CO",29994
"08017","Cheyenne, CO",53943
"08019","Clear Creek, CO",43237
"08021","Conejos, CO",24346
"08023","Costilla, CO",25186
"08025","Crowley, CO",17666
"08027","Custer, CO",31533
"08029","Delta, CO",27875
"08031","Denver, CO",47786
"08033","Dolores, CO",23002
"08035","Douglas, CO",53243
"08037","Eagle, CO",42684
"08039","Elbert, CO",38954
"08041","El Paso, CO",37699
"08043","Fremont, CO",25453
"08045","Garfield, CO",36387
"08047","Gilpin, CO",34953
"08049","Grand, CO",29595
"08051","Gunnison, CO",33115
"08053","Hinsdale, CO",33923
"08055","Huerfano, CO",29732
"08057","Jackson, CO",36058
"08059","Jefferson, CO*",43189
"08061","Kiowa, CO",43334
"08063","Kit Carson, CO",34430
"08065","Lake, CO",26436
"08067","La Plata, CO",40552
"08069","Larimer, CO",36955
"08071","Las Animas, CO",28319
"08073","Lincoln, CO",28778
"08075","Logan, CO",34367
"08077","Mesa, CO",33584
"08079","Mineral, CO",37456
"08081","Moffat, CO",31880
"08083","Montezuma, CO",30290
"08085","Montrose, CO",29218
"08087","Morgan, CO",30313
"08089","Otero, CO",28751
"08091","Ouray, CO",37732
"08093","Park, CO",31764
"08095","Phillips, CO",36482
"08097","Pitkin, CO",87976
"08099","Prowers, CO",31554
"08101","Pueblo, CO",29326
"08103","Rio Blanco, CO",36600
"08105","Rio Grande, CO",30993
"08107","Routt, CO",49847
"08109","Saguache, CO",26209
"08111","San Juan, CO",32722
"08113","San Miguel, CO",46117
"08115","Sedgwick, CO",39634
"08117","Summit, CO",41827
"08119","Teller, CO",38085
"08121","Washington, CO",35120
"08123","Weld, CO*",32467
"08125","Yuma, CO",38255
"09001","Fairfield, CT",105272
"09003","Hartford, CT",50609
"09005","Litchfield, CT",49014
"09007","Middlesex, CT",52643
"09009","New Haven, CT",44494
"09011","New London, CT",45888
"09013","Tolland, CT",44587
"09015","Windham, CT",37325
"10001","Kent, DE",33831
"10003","New Castle, DE",44937
"10005","Sussex, DE",36591
"11001","District of Columbia, DC",61866
"12001","Alachua, FL",35477
"12003","Baker, FL",25441
"12005","Bay, FL",36648
"12007","Bradford, FL",23789
"12009","Brevard, FL",36806
"12011","Broward, FL",40713
"12013","Calhoun, FL",22673
"12015","Charlotte, FL",32216
"12017","Citrus, FL",30809
"12019","Clay, FL",33792
"12021","Collier, FL",63677
"12023","Columbia, FL",28265
"12027","DeSoto, FL",21933
"12029","Dixie, FL",21284
"12031","Duval, FL",36651
"12033","Escambia, FL",34415
"12035","Flagler, FL",33114
"12037","Franklin, FL",29653
"12039","Gadsden, FL",27401
"12041","Gilchrist, FL",26045
"12043","Glades, FL",19716
"12045","Gulf, FL",26199
"12047","Hamilton, FL",21823
"12049","Hardee, FL",22617
"12051","Hendry, FL",26195
"12053","Hernando, FL",30350
"12055","Highlands, FL",28881
"12057","Hillsborough, FL",39594
"12059","Holmes, FL",24538
"12061","Indian River, FL",53668
"12063","Jackson, FL",28041
"12065","Jefferson, FL",31279
"12067","Lafayette, FL",19056
"12069","Lake, FL",32337
"12071","Lee, FL",39117
"12073","Leon, FL",36387
"12075","Levy, FL",27914
"12077","Liberty, FL",23310
"12079","Madison, FL",24367
"12081","Manatee, FL",37946
"12083","Marion, FL",30281
"12085","Martin, FL",55051
"12086","Miami-Dade, FL",38162
"12087","Monroe, FL",62358
"12089","Nassau, FL",43369
"12091","Okaloosa, FL",41084
"12093","Okeechobee, FL",24229
"12095","Orange, FL",33821
"12097","Osceola, FL",26319
"12099","Palm Beach, FL",55555
"12101","Pasco, FL",32052
"12103","Pinellas, FL",42136
"12105","Polk, FL",30686
"12107","Putnam, FL",26233
"12109","St. Johns, FL",52798
"12111","St. Lucie, FL",30300
"12113","Santa Rosa, FL",36169
"12115","Sarasota, FL",45964
"12117","Seminole, FL",36660
"12119","Sumter, FL",29833
"12121","Suwannee, FL",27520
"12123","Taylor, FL",27537
"12125","Union, FL",16737
"12127","Volusia, FL",33386
"12129","Wakulla, FL",28617
"12131","Walton, FL",39562
"12133","Washington, FL",25820
"13001","Appling, GA",25181
"13003","Atkinson, GA",21765
"13005","Bacon, GA",24344
"13007","Baker, GA",30762
"13009","Baldwin, GA",25870
"13011","Banks, GA",26000
"13013","Barrow, GA",26112
"13015","Bartow, GA",27697
"13017","Ben Hill, GA",24581
"13019","Berrien, GA",25353
"13021","Bibb, GA",33943
"13023","Bleckley, GA",29147
"13025","Brantley, GA",21617
"13027","Brooks, GA",27701
"13029","Bryan, GA",41562
"13031","Bulloch, GA",26005
"13033","Burke, GA",27897
"13035","Butts, GA",25034
"13037","Calhoun, GA",21949
"13039","Camden, GA",28743
"13043","Candler, GA",24857
"13045","Carroll, GA",28489
"13047","Catoosa, GA",27737
"13049","Charlton, GA",20935
"13051","Chatham, GA",37886
"13053","Chattahoochee, GA",31590
"13055","Chattooga, GA",24070
"13057","Cherokee, GA",36256
"13059","Clarke, GA",25219
"13061","Clay, GA",26532
"13063","Clayton, GA",24634
"13065","Clinch, GA",24688
"13067","Cobb, GA",41671
"13069","Coffee, GA",24610
"13071","Colquitt, GA",26514
"13073","Columbia, GA",39746
"13075","Cook, GA",25076
"13077","Coweta, GA",33069
"13079","Crawford, GA",26783
"13081","Crisp, GA",23838
"13083","Dade, GA",25356
"13085","Dawson, GA",30949
"13087","Decatur, GA",29764
"13089","DeKalb, GA",36863
"13091","Dodge, GA",24829
"13093","Dooly, GA",19550
"13095","Dougherty, GA",29683
"13097","Douglas, GA",28400
"13099","Early, GA",31095
"13101","Echols, GA",19787
"13103","Effingham, GA",32597
"13105","Elbert, GA",26795
"13107","Emanuel, GA",25545
"13109","Evans, GA",26058
"13111","Fannin, GA",25171
"13113","Fayette, GA",44582
"13115","Floyd, GA",30395
"13117","Forsyth, GA",45945
"13119","Franklin, GA",27121
"13121","Fulton, GA",62112
"13123","Gilmer, GA",24894
"13125","Glascock, GA",24573
"13127","Glynn, GA",35844
"13129","Gordon, GA",26304
"13131","Grady, GA",27604
"13133","Greene, GA",38405
"13135","Gwinnett, GA",31533
"13137","Habersham, GA",25488
"13139","Hall, GA",30401
"13141","Hancock, GA",20503
"13143","Haralson, GA",26924
"13145","Harris, GA",36015
"13147","Hart, GA",27606
"13149","Heard, GA",23717
"13151","Henry, GA",30133
"13153","Houston, GA",35687
"13155","Irwin, GA",26779
"13157","Jackson, GA",28578
"13159","Jasper, GA",27852
"13161","Jeff Davis, GA",24324
"13163","Jefferson, GA",26137
"13165","Jenkins, GA",25536
"13167","Johnson, GA",20194
"13169","Jones, GA",29662
"13171","Lamar, GA",25883
"13173","Lanier, GA",21206
"13175","Laurens, GA",29212
"13177","Lee, GA",35743
"13179","Liberty, GA",29328
"13181","Lincoln, GA",28068
"13183","Long, GA",20359
"13185","Lowndes, GA",29934
"13187","Lumpkin, GA",26605
"13189","McDuffie, GA",27727
"13191","McIntosh, GA",22147
"13193","Macon, GA",21295
"13195","Madison, GA",27234
"13197","Marion, GA",20020
"13199","Meriwether, GA",27120
"13201","Miller, GA",30986
"13205","Mitchell, GA",26307
"13207","Monroe, GA",32879
"13209","Montgomery, GA",24816
"13211","Morgan, GA",33303
"13213","Murray, GA",23046
"13215","Muscogee, GA",34527
"13217","Newton, GA",26185
"13219","Oconee, GA",44505
"13221","Oglethorpe, GA",26895
"13223","Paulding, GA",27691
"13225","Peach, GA",28865
"13227","Pickens, GA",34202
"13229","Pierce, GA",28530
"13231","Pike, GA",28203
"13233","Polk, GA",25686
"13235","Pulaski, GA",23216
"13237","Putnam, GA",29620
"13239","Quitman, GA",23109
"13241","Rabun, GA",30404
"13243","Randolph, GA",26160
"13245","Richmond, GA",30478
"13247","Rockdale, GA",29258
"13249","Schley, GA",24666
"13251","Screven, GA",24458
"13253","Seminole, GA",30362
"13255","Spalding, GA",27078
"13257","Stephens, GA",27622
"13259","Stewart, GA",19820
"13261","Sumter, GA",26980
"13263","Talbot, GA",25609
"13265","Taliaferro, GA",21139
"13267","Tattnall, GA",24707
"13269","Taylor, GA",22878
"13271","Telfair, GA",17063
"13273","Terrell, GA",30877
"13275","Thomas, GA",33359
"13277","Tift, GA",29479
"13279","Toombs, GA",28852
"13281","Towns, GA",27391
"13283","Treutlen, GA",24318
"13285","Troup, GA",29503
"13287","Turner, GA",27299
"13289","Twiggs, GA",27543
"13291","Union, GA",29142
"13293","Upson, GA",26899
"13295","Walker, GA",25795
"13297","Walton, GA",29307
"13299","Ware, GA",27113
"13301","Warren, GA",26137
"13303","Washington, GA",25074
"13305","Wayne, GA",28322
"13307","Webster, GA",22210
"13309","Wheeler, GA",14360
"13311","White, GA",25890
"13313","Whitfield, GA",26595
"13315","Wilcox, GA",20983
"13317","Wilkes, GA",25411
"13319","Wilkinson, GA",26022
"13321","Worth, GA",27598
"15001","Hawaii, HI",31334
"15003","Honolulu, HI",45216
"15007","Kauai, HI",35063
"15901","Maui + Kalawao, HI",35476
"16001","Ada, ID",37998
"16003","Adams, ID",27994
"16005","Bannock, ID",28684
"16007","Bear Lake, ID",28818
"16009","Benewah, ID",27238
"16011","Bingham, ID",28905
"16013","Blaine, ID",60411
"16015","Boise, ID",30386
"16017","Bonner, ID",29365
"16019","Bonneville, ID",34513
"16021","Boundary, ID",25966
"16023","Butte, ID",27821
"16025","Camas, ID",26566
"16027","Canyon, ID",24584
"16029","Caribou, ID",31256
"16031","Cassia, ID",32574
"16033","Clark, ID",23907
"16035","Clearwater, ID",29323
"16037","Custer, ID",34071
"16039","Elmore, ID",27940
"16041","Franklin, ID",25820
"16043","Fremont (includes Yellowstone Park), ID",26113
"16045","Gem, ID",27022
"16047","Gooding, ID",36515
"16049","Idaho, ID",25414
"16051","Jefferson, ID",27225
"16053","Jerome, ID",28709
"16055","Kootenai, ID",31646
"16057","Latah, ID",32253
"16059","Lemhi, ID",29058
"16061","Lewis, ID",43664
"16063","Lincoln, ID",29453
"16065","Madison, ID",18577
"16067","Minidoka, ID",28873
"16069","Nez Perce, ID",34291
"16071","Oneida, ID",27496
"16073","Owyhee, ID",25592
"16075","Payette, ID",29960
"16077","Power, ID",30210
"16079","Shoshone, ID",29582
"16081","Teton, ID",23649
"16083","Twin Falls, ID",29620
"16085","Valley, ID",34896
"16087","Washington, ID",30170
"17001","Adams, IL",36567
"17003","Alexander, IL",26728
"17005","Bond, IL",29441
"17007","Boone, IL",34653
"17009","Brown, IL",24705
"17011","Bureau, IL",33923
"17013","Calhoun, IL",33789
"17015","Carroll, IL",36106
"17017","Cass, IL",32725
"17019","Champaign, IL",36887
"17021","Christian, IL",34313
"17023","Clark, IL",33232
"17025","Clay, IL",32568
"17027","Clinton, IL",36318
"17029","Coles, IL",31461
"17031","Cook, IL",43664
"17033","Crawford, IL",36521
"17035","Cumberland, IL",33121
"17037","DeKalb, IL",30874
"17039","De Witt, IL",37510
"17041","Douglas, IL",38600
"17043","DuPage, IL",52811
"17045","Edgar, IL",33106
"17047","Edwards, IL",30294
"17049","Effingham, IL",38546
"17051","Fayette, IL",27538
"17053","Ford, IL",43074
"17055","Franklin, IL",30135
"17057","Fulton, IL",31317
"17059","Gallatin, IL",33596
"17061","Greene, IL",31943
"17063","Grundy, IL",42874
"17065","Hamilton, IL",33016
"17067","Hancock, IL",35385
"17069","Hardin, IL",28730
"17071","Henderson, IL",31854
"17073","Henry, IL",36531
"17075","Iroquois, IL",36640
"17077","Jackson, IL",30616
"17079","Jasper, IL",34346
"17081","Jefferson, IL",32292
"17083","Jersey, IL",33766
"17085","Jo Daviess, IL",38327
"17087","Johnson, IL",24255
"17089","Kane, IL",38416
"17091","Kankakee, IL",32571
"17093","Kendall, IL",37833
"17095","Knox, IL",34210
"17097","Lake, IL",56648
"17099","LaSalle, IL",34704
"17101","Lawrence, IL",32161
"17103","Lee, IL",32767
"17105","Livingston, IL",35634
"17107","Logan, IL",30017
"17109","McDonough, IL",31498
"17111","McHenry, IL",41291
"17113","McLean, IL",39914
"17115","Macon, IL",38889
"17117","Macoupin, IL",32839
"17119","Madison, IL",36620
"17121","Marion, IL",33913
"17123","Marshall, IL",34450
"17125","Mason, IL",33101
"17127","Massac, IL",30800
"17129","Menard, IL",36892
"17131","Mercer, IL",37262
"17133","Monroe, IL",44258
"17135","Montgomery, IL",30147
"17137","Morgan, IL",33837
"17139","Moultrie, IL",41330
"17141","Ogle, IL",35014
"17143","Peoria, IL",41786
"17145","Perry, IL",28583
"17147","Piatt, IL",41981
"17149","Pike, IL",31038
"17151","Pope, IL",27456
"17153","Pulaski, IL",31915
"17155","Putnam, IL",37256
"17157","Randolph, IL",30806
"17159","Richland, IL",33848
"17161","Rock Island, IL",37171
"17163","St. Clair, IL",36177
"17165","Saline, IL",32943
"17167","Sangamon, IL",38849
"17169","Schuyler, IL",36449
"17171","Scott, IL",32713
"17173","Shelby, IL",32770
"17175","Stark, IL",32671
"17177","Stephenson, IL",33562
"17179","Tazewell, IL",37522
"17181","Union, IL",33885
"17183","Vermilion, IL",32062
"17185","Wabash, IL",35356
"17187","Warren, IL",31794
"17189","Washington, IL",45620
"17191","Wayne, IL",32649
"17193","White, IL",37580
"17195","Whiteside, IL",34868
"17197","Will, IL",39250
"17199","Williamson, IL",36202
"17201","Winnebago, IL",33429
"17203","Woodford, IL",40485
"18001","Adams, IN",27846
"18003","Allen, IN",34313
"18005","Bartholomew, IN",37411
"18007","Benton, IN",33509
"18009","Blackford, IN",31040
"18011","Boone, IN",50756
"18013","Brown, IN",33837
"18015","Carroll, IN",32758
"18017","Cass, IN",29855
"18019","Clark, IN",35765
"18021","Clay, IN",29851
"18023","Clinton, IN",29885
"18025","Crawford, IN",26365
"18027","Daviess, IN",31617
"18029","Dearborn, IN",34985
"18031","Decatur, IN",32920
"18033","DeKalb, IN",31176
"18035","Delaware, IN",27950
"18037","Dubois, IN",39646
"18039","Elkhart, IN",30260
"18041","Fayette, IN",29071
"18043","Floyd, IN",38340
"18045","Fountain, IN",31330
"18047","Franklin, IN",36463
"18049","Fulton, IN",31620
"18051","Gibson, IN",33627
"18053","Grant, IN",30567
"18055","Greene, IN",30897
"18057","Hamilton, IN",53248
"18059","Hancock, IN",38402
"18061","Harrison, IN",33003
"18063","Hendricks, IN",37459
"18065","Henry, IN",28844
"18067","Howard, IN",31069
"18069","Huntington, IN",31579
"18071","Jackson, IN",34424
"18073","Jasper, IN",33417
"18075","Jay, IN",30160
"18077","Jefferson, IN",32443
"18079","Jennings, IN",27916
"18081","Johnson, IN",36707
"18083","Knox, IN",34669
"18085","Kosciusko, IN",33801
"18087","Lagrange, IN",24609
"18089","Lake, IN",33830
"18091","LaPorte, IN",31654
"18093","Lawrence, IN",30542
"18095","Madison, IN",28992
"18097","Marion, IN",41100
"18099","Marshall, IN",30897
"18101","Martin, IN",33325
"18103","Miami, IN",25551
"18105","Monroe, IN",30291
"18107","Montgomery, IN",33358
"18109","Morgan, IN",33843
"18111","Newton, IN",30781
"18113","Noble, IN",28003
"18115","Ohio, IN",43781
"18117","Orange, IN",28819
"18119","Owen, IN",29414
"18121","Parke, IN",27267
"18123","Perry, IN",28532
"18125","Pike, IN",30370
"18127","Porter, IN",38291
"18129","Posey, IN",37397
"18131","Pulaski, IN",33455
"18133","Putnam, IN",27855
"18135","Randolph, IN",29905
"18137","Ripley, IN",34947
"18139","Rush, IN",31755
"18141","St. Joseph, IN",34274
"18143","Scott, IN",27385
"18145","Shelby, IN",31505
"18147","Spencer, IN",33987
"18149","Starke, IN",26899
"18151","Steuben, IN",30420
"18153","Sullivan, IN",28369
"18155","Switzerland, IN",24070
"18157","Tippecanoe, IN",30136
"18159","Tipton, IN",32423
"18161","Union, IN",27993
"18163","Vanderburgh, IN",37717
"18165","Vermillion, IN",31735
"18167","Vigo, IN",31068
"18169","Wabash, IN",31338
"18171","Warren, IN",34356
"18173","Warrick, IN",40422
"18175","Washington, IN",27881
"18177","Wayne, IN",30391
"18179","Wells, IN",33250
"18181","White, IN",32892
"18183","Whitley, IN",32924
"19001","Adair, IA",35137
"19003","Adams, IA",36643
"19005","Allamakee, IA",34095
"19007","Appanoose, IA",30072
"19009","Audubon, IA",40685
"19011","Benton, IA",39424
"19013","Black Hawk, IA",34791
"19015","Boone, IA",38702
"19017","Bremer, IA",38472
"19019","Buchanan, IA",37531
"19021","Buena Vista, IA",37678
"19023","Butler, IA",37941
"19025","Calhoun, IA",39162
"19027","Carroll, IA",40022
"19029","Cass, IA",34703
"19031","Cedar, IA",38802
"19033","Cerro Gordo, IA",38784
"19035","Cherokee, IA",38206
"19037","Chickasaw, IA",38423
"19039","Clarke, IA",30910
"19041","Clay, IA",39264
"19043","Clayton, IA",36097
"19045","Clinton, IA",35164
"19047","Crawford, IA",34933
"19049","Dallas, IA",48876
"19051","Davis, IA",29416
"19053","Decatur, IA",26487
"19055","Delaware, IA",34058
"19057","Des Moines, IA",35397
"19059","Dickinson, IA",43422
"19061","Dubuque, IA",36767
"19063","Emmet, IA",35865
"19065","Fayette, IA",32624
"19067","Floyd, IA",34765
"19069","Franklin, IA",38607
"19071","Fremont, IA",44322
"19073","Greene, IA",39105
"19075","Grundy, IA",42276
"19077","Guthrie, IA",39265
"19079","Hamilton, IA",39025
"19081","Hancock, IA",38786
"19083","Hardin, IA",39372
"19085","Harrison, IA",35512
"19087","Henry, IA",31850
"19089","Howard, IA",36731
"19091","Humboldt, IA",36291
"19093","Ida, IA",40602
"19095","Iowa, IA",39724
"19097","Jackson, IA",34260
"19099","Jasper, IA",33317
"19101","Jefferson, IA",32750
"19103","Johnson, IA",39569
"19105","Jones, IA",34323
"19107","Keokuk, IA",34716
"19109","Kossuth, IA",42333
"19111","Lee, IA",31415
"19113","Linn, IA",41374
"19115","Louisa, IA",31365
"19117","Lucas, IA",32316
"19119","Lyon, IA",39332
"19121","Madison, IA",37387
"19123","Mahaska, IA",32371
"19125","Marion, IA",34726
"19127","Marshall, IA",33655
"19129","Mills, IA",42579
"19131","Mitchell, IA",37342
"19133","Monona, IA",36261
"19135","Monroe, IA",33141
"19137","Montgomery, IA",34249
"19139","Muscatine, IA",36241
"19141","O'Brien, IA",40739
"19143","Osceola, IA",37887
"19145","Page, IA",32850
"19147","Palo Alto, IA",36944
"19149","Plymouth, IA",41697
"19151","Pocahontas, IA",39660
"19153","Polk, IA",41968
"19155","Pottawattamie, IA",33669
"19157","Poweshiek, IA",36021
"19159","Ringgold, IA",32551
"19161","Sac, IA",41155
"19163","Scott, IA",43504
"19165","Shelby, IA",39835
"19167","Sioux, IA",34252
"19169","Story, IA",32233
"19171","Tama, IA",37369
"19173","Taylor, IA",34158
"19175","Union, IA",33131
"19177","Van Buren, IA",30729
"19179","Wapello, IA",31221
"19181","Warren, IA",37808
"19183","Washington, IA",38920
"19185","Wayne, IA",31825
"19187","Webster, IA",34397
"19189","Winnebago, IA",35119
"19191","Winneshiek, IA",35766
"19193","Woodbury, IA",35557
"19195","Worth, IA",35289
"19197","Wright, IA",37999
"20001","Allen, KS",33404
"20003","Anderson, KS",31314
"20005","Atchison, KS",29597
"20007","Barber, KS",37649
"20009","Barton, KS",38779
"20011","Bourbon, KS",32867
"20013","Brown, KS",35111
"20015","Butler, KS",36211
"20017","Chase, KS",31286
"20019","Chautauqua, KS",36103
"20021","Cherokee, KS",30071
"20023","Cheyenne, KS",38293
"20025","Clark, KS",40085
"20027","Clay, KS",43813
"20029","Cloud, KS",29547
"20031","Coffey, KS",40681
"20033","Comanche, KS",37115
"20035","Cowley, KS",31127
"20037","Crawford, KS",31127
"20039","Decatur, KS",38370
"20041","Dickinson, KS",41520
"20043","Doniphan, KS",30316
"20045","Douglas, KS",33286
"20047","Edwards, KS",46116
"20049","Elk, KS",34341
"20051","Ellis, KS",38530
"20053","Ellsworth, KS",32453
"20055","Finney, KS",34461
"20057","Ford, KS",31439
"20059","Franklin, KS",31908
"20061","Geary, KS",39520
"20063","Gove, KS",51682
"20065","Graham, KS",41193
"20067","Grant, KS",37485
"20069","Gray, KS",50687
"20071","Greeley, KS",55795
"20073","Greenwood, KS",33803
"20075","Hamilton, KS",47769
"20077","Harper, KS",36902
"20079","Harvey, KS",33708
"20081","Haskell, KS",54147
"20083","Hodgeman, KS",43320
"20085","Jackson, KS",32329
"20087","Jefferson, KS",34505
"20089","Jewell, KS",35862
"20091","Johnson, KS",53718
"20093","Kearny, KS",44609
"20095","Kingman, KS",34398
"20097","Kiowa, KS",32695
"20099","Labette, KS",34043
"20101","Lane, KS",55417
"20103","Leavenworth, KS",34620
"20105","Lincoln, KS",33613
"20107","Linn, KS",29709
"20109","Logan, KS",42699
"20111","Lyon, KS",29491
"20113","McPherson, KS",40178
"20115","Marion, KS",31159
"20117","Marshall, KS",35807
"20119","Meade, KS",45611
"20121","Miami, KS",36102
"20123","Mitchell, KS",42044
"20125","Montgomery, KS",32390
"20127","Morris, KS",35737
"20129","Morton, KS",40173
"20131","Nemaha, KS",38865
"20133","Neosho, KS",29113
"20135","Ness, KS",43147
"20137","Norton, KS",33929
"20139","Osage, KS",32730
"20141","Osborne, KS",36675
"20143","Ottawa, KS",34186
"20145","Pawnee, KS",33085
"20147","Phillips, KS",36642
"20149","Pottawatomie, KS",42978
"20151","Pratt, KS",37813
"20153","Rawlins, KS",45713
"20155","Reno, KS",33713
"20157","Republic, KS",35868
"20159","Rice, KS",30862
"20161","Riley, KS",36382
"20163","Rooks, KS",35314
"20165","Rush, KS",37770
"20167","Russell, KS",40612
"20169","Saline, KS",37034
"20171","Scott, KS",48388
"20173","Sedgwick, KS",39072
"20175","Seward, KS",28908
"20177","Shawnee, KS",37371
"20179","Sheridan, KS",47235
"20181","Sherman, KS",37354
"20183","Smith, KS",35518
"20185","Stafford, KS",45138
"20187","Stanton, KS",51637
"20189","Stevens, KS",39536
"20191","Sumner, KS",33474
"20193","Thomas, KS",42091
"20195","Trego, KS",39421
"20197","Wabaunsee, KS",39577
"20199","Wallace, KS",44982
"20201","Washington, KS",37414
"20203","Wichita, KS",56888
"20205","Wilson, KS",31598
"20207","Woodson, KS",30865
"20209","Wyandotte, KS",28602
"21001","Adair, KY",24000
"21003","Allen, KY",24505
"21005","Anderson, KY",31833
"21007","Ballard, KY",30263
"21009","Barren, KY",28638
"21011","Bath, KY",24839
"21013","Bell, KY",25766
"21015","Boone, KY",36988
"21017","Bourbon, KY",31336
"21019","Boyd, KY",32823
"21021","Boyle, KY",30401
"21023","Bracken, KY",28975
"21025","Breathitt, KY",26286
"21027","Breckinridge, KY",26469
"21029","Bullitt, KY",31423
"21031","Butler, KY",27068
"21033","Caldwell, KY",28595
"21035","Calloway, KY",30566
"21037","Campbell, KY",36229
"21039","Carlisle, KY",35717
"21041","Carroll, KY",31630
"21043","Carter, KY",25954
"21045","Casey, KY",23129
"21047","Christian, KY",32351
"21049","Clark, KY",32239
"21051","Clay, KY",22996
"21053","Clinton, KY",24015
"21055","Crittenden, KY",28959
"21057","Cumberland, KY",24624
"21059","Daviess, KY",34871
"21061","Edmonson, KY",24878
"21063","Elliott, KY",18373
"21065","Estill, KY",25608
"21067","Fayette, KY",38988
"21069","Fleming, KY",25240
"21071","Floyd, KY",29435
"21073","Franklin, KY",34001
"21075","Fulton, KY",26288
"21077","Gallatin, KY",22330
"21079","Garrard, KY",25487
"21081","Grant, KY",28102
"21083","Graves, KY",30092
"21085","Grayson, KY",25965
"21087","Green, KY",27734
"21089","Greenup, KY",32854
"21091","Hancock, KY",41501
"21093","Hardin, KY",35021
"21095","Harlan, KY",27538
"21097","Harrison, KY",28361
"21099","Hart, KY",26315
"21101","Henderson, KY",31370
"21103","Henry, KY",29947
"21105","Hickman, KY",31284
"21107","Hopkins, KY",31156
"21109","Jackson, KY",21834
"21111","Jefferson, KY",38950
"21113","Jessamine, KY",32275
"21115","Johnson, KY",29943
"21117","Kenton, KY",43347
"21119","Knott, KY",27045
"21121","Knox, KY",24002
"21123","Larue, KY",27915
"21125","Laurel, KY",28544
"21127","Lawrence, KY",25983
"21129","Lee, KY",22328
"21131","Leslie, KY",28569
"21133","Letcher, KY",29926
"21135","Lewis, KY",23817
"21137","Lincoln, KY",24719
"21139","Livingston, KY",30609
"21141","Logan, KY",29218
"21143","Lyon, KY",25410
"21145","McCracken, KY",37523
"21147","McCreary, KY",19365
"21149","McLean, KY",32766
"21151","Madison, KY",29034
"21153","Magoffin, KY",21517
"21155","Marion, KY",26492
"21157","Marshall, KY",32300
"21159","Martin, KY",25658
"21161","Mason, KY",31106
"21163","Meade, KY",30235
"21165","Menifee, KY",24377
"21167","Mercer, KY",29427
"21169","Metcalfe, KY",23980
"21171","Monroe, KY",25679
"21173","Montgomery, KY",28334
"21175","Morgan, KY",21347
"21177","Muhlenberg, KY",26962
"21179","Nelson, KY",31674
"21181","Nicholas, KY",27476
"21183","Ohio, KY",28288
"21185","Oldham, KY",45594
"21187","Owen, KY",28877
"21189","Owsley, KY",23413
"21191","Pendleton, KY",27251
"21193","Perry, KY",31893
"21195","Pike, KY",30778
"21197","Powell, KY",24583
"21199","Pulaski, KY",30248
"21201","Robertson, KY",24151
"21203","Rockcastle, KY",24382
"21205","Rowan, KY",26029
"21207","Russell, KY",28305
"21209","Scott, KY",33644
"21211","Shelby, KY",34500
"21213","Simpson, KY",28079
"21215","Spencer, KY",34255
"21217","Taylor, KY",28308
"21219","Todd, KY",32679
"21221","Trigg, KY",31860
"21223","Trimble, KY",28388
"21225","Union, KY",29921
"21227","Warren, KY",31354
"21229","Washington, KY",30882
"21231","Wayne, KY",22968
"21233","Webster, KY",30046
"21235","Whitley, KY",28522
"21237","Wolfe, KY",21835
"21239","Woodford, KY",37101
"22001","Acadia, LA",30983
"22003","Allen, LA",26196
"22005","Ascension, LA",39416
"22007","Assumption, LA",32771
"22009","Avoyelles, LA",29761
"22011","Beauregard, LA",35110
"22013","Bienville, LA",30475
"22015","Bossier, LA",36714
"22017","Caddo, LA",39953
"22019","Calcasieu, LA",34190
"22021","Caldwell, LA",31329
"22023","Cameron, LA",33629
"22025","Catahoula, LA",28193
"22027","Claiborne, LA",28478
"22029","Concordia, LA",32530
"22031","De Soto, LA",33414
"22033","East Baton Rouge, LA",39651
"22035","East Carroll, LA",28792
"22037","East Feliciana, LA",33122
"22039","Evangeline, LA",31438
"22041","Franklin, LA",27129
"22043","Grant, LA",26128
"22045","Iberia, LA",34986
"22047","Iberville, LA",32342
"22049","Jackson, LA",30737
"22051","Jefferson, LA",42033
"22053","Jefferson Davis, LA",31243
"22055","Lafayette, LA",43379
"22057","Lafourche, LA",40391
"22059","LaSalle, LA",31393
"22061","Lincoln, LA",30321
"22063","Livingston, LA",32621
"22065","Madison, LA",24704
"22067","Morehouse, LA",29978
"22069","Natchitoches, LA",31342
"22071","Orleans, LA",41769
"22073","Ouachita, LA",32819
"22075","Plaquemines, LA",42074
"22077","Pointe Coupee, LA",34894
"22079","Rapides, LA",36021
"22081","Red River, LA",30206
"22083","Richland, LA",29860
"22085","Sabine, LA",29263
"22087","St. Bernard, LA",30112
"22089","St. Charles, LA",39557
"22091","St. Helena, LA",34136
"22093","St. James, LA",38421
"22095","St. John the Baptist, LA",33894
"22097","St. Landry, LA",32982
"22099","St. Martin, LA",32060
"22101","St. Mary, LA",35400
"22103","St. Tammany, LA",46995
"22105","Tangipahoa, LA",32725
"22107","Tensas, LA",29470
"22109","Terrebonne, LA",38788
"22111","Union, LA",29245
"22113","Vermilion, LA",33391
"22115","Vernon, LA",35332
"22117","Washington, LA",28022
"22119","Webster, LA",32494
"22121","West Baton Rouge, LA",37492
"22123","West Carroll, LA",25157
"22125","West Feliciana, LA",27639
"22127","Winn, LA",28287
"23001","Androscoggin, ME",33580
"23003","Aroostook, ME",33092
"23005","Cumberland, ME",45582
"23007","Franklin, ME",30174
"23009","Hancock, ME",39381
"23011","Kennebec, ME",37291
"23013","Knox, ME",37866
"23015","Lincoln, ME",39249
"23017","Oxford, ME",31147
"23019","Penobscot, ME",32991
"23021","Piscataquis, ME",30669
"23023","Sagadahoc, ME",39054
"23025","Somerset, ME",31858
"23027","Waldo, ME",32213
"23029","Washington, ME",31839
"23031","York, ME",39465
"24001","Allegany, MD",32085
"24003","Anne Arundel, MD",53018
"24005","Baltimore, MD",49238
"24009","Calvert, MD",49980
"24011","Caroline, MD",34161
"24013","Carroll, MD",47984
"24015","Cecil, MD",37559
"24017","Charles, MD",47741
"24019","Dorchester, MD",35486
"24021","Frederick, MD",49099
"24023","Garrett, MD",34560
"24025","Harford, MD",46489
"24027","Howard, MD",63828
"24029","Kent, MD",45078
"24031","Montgomery, MD",70837
"24033","Prince George's, MD",40860
"24035","Queen Anne's, MD",48910
"24037","St. Mary's, MD",46770
"24039","Somerset, MD",25378
"24041","Talbot, MD",57157
"24043","Washington, MD",36767
"24045","Wicomico, MD",34331
"24047","Worcester, MD",44379
"24510","Baltimore (Independent City), MD",37707
"25001","Barnstable, MA",52369
"25003","Berkshire, MA",41228
"25005","Bristol, MA",40583
"25007","Dukes, MA",63384
"25009","Essex, MA",51887
"25011","Franklin, MA",40464
"25013","Hampden, MA",38989
"25015","Hampshire, MA",38654
"25017","Middlesex, MA",60794
"25019","Nantucket, MA",77666
"25021","Norfolk, MA",65935
"25023","Plymouth, MA",48017
"25025","Suffolk, MA",64725
"25027","Worcester, MA",43611
"26001","Alcona, MI",28234
"26003","Alger, MI",24524
"26005","Allegan, MI",32695
"26007","Alpena, MI",31717
"26009","Antrim, MI",31345
"26011","Arenac, MI",28394
"26013","Baraga, MI",26574
"26015","Barry, MI",32181
"26017","Bay, MI",33306
"26019","Benzie, MI",30234
"26021","Berrien, MI",36148
"26023","Branch, MI",26848
"26025","Calhoun, MI",31786
"26027","Cass, MI",31493
"26029","Charlevoix, MI",37734
"26031","Cheboygan, MI",28218
"26033","Chippewa, MI",28016
"26035","Clare, MI",26436
"26037","Clinton, MI",34712
"26039","Crawford, MI",25139
"26041","Delta, MI",32074
"26043","Dickinson, MI",35936
"26045","Eaton, MI",32859
"26047","Emmet, MI",40369
"26049","Genesee, MI",30195
"26051","Gladwin, MI",28052
"26053","Gogebic, MI",28508
"26055","Grand Traverse, MI",35661
"26057","Gratiot, MI",28850
"26059","Hillsdale, MI",28537
"26061","Houghton, MI",28343
"26063","Huron, MI",37018
"26065","Ingham, MI",33050
"26067","Ionia, MI",26358
"26069","Iosco, MI",28155
"26071","Iron, MI",31631
"26073","Isabella, MI",26947
"26075","Jackson, MI",30570
"26077","Kalamazoo, MI",36138
"26079","Kalkaska, MI",25923
"26081","Kent, MI",38531
"26083","Keweenaw, MI",33830
"26085","Lake, MI",25128
"26087","Lapeer, MI",30882
"26089","Leelanau, MI",40491
"26091","Lenawee, MI",30036
"26093","Livingston, MI",39403
"26095","Luce, MI",24569
"26097","Mackinac, MI",32502
"26099","Macomb, MI",34261
"26101","Manistee, MI",30712
"26103","Marquette, MI",32748
"26105","Mason, MI",31589
"26107","Mecosta, MI",25510
"26109","Menominee, MI",32333
"26111","Midland, MI",42588
"26113","Missaukee, MI",26776
"26115","Monroe, MI",33989
"26117","Montcalm, MI",25867
"26119","Montmorency, MI",26914
"26121","Muskegon, MI",28605
"26123","Newaygo, MI",27566
"26125","Oakland, MI",49821
"26127","Oceana, MI",27665
"26129","Ogemaw, MI",26435
"26131","Ontonagon, MI",29965
"26133","Osceola, MI",26099
"26135","Oscoda, MI",26429
"26137","Otsego, MI",30064
"26139","Ottawa, MI",34287
"26141","Presque Isle, MI",29430
"26143","Roscommon, MI",28739
"26145","Saginaw, MI",30527
"26147","St. Clair, MI",32115
"26149","St. Joseph, MI",29340
"26151","Sanilac, MI",28594
"26153","Schoolcraft, MI",30734
"26155","Shiawassee, MI",29553
"26157","Tuscola, MI",27328
"26159","Van Buren, MI",32319
"26161","Washtenaw, MI",44704
"26163","Wayne, MI",32248
"26165","Wexford, MI",28142
"27001","Aitkin, MN",29303
"27003","Anoka, MN",37848
"27005","Becker, MN",34979
"27007","Beltrami, MN",30542
"27009","Benton, MN",33184
"27011","Big Stone, MN",39419
"27013","Blue Earth, MN",33252
"27015","Brown, MN",38550
"27017","Carlton, MN",32478
"27019","Carver, MN",50800
"27021","Cass, MN",34437
"27023","Chippewa, MN",39353
"27025","Chisago, MN",34674
"27027","Clay, MN",33839
"27029","Clearwater, MN",30276
"27031","Cook, MN",38581
"27033","Cottonwood, MN",36714
"27035","Crow Wing, MN",33580
"27037","Dakota, MN",44315
"27039","Dodge, MN",36982
"27041","Douglas, MN",40590
"27043","Faribault, MN",38079
"27045","Fillmore, MN",35280
"27047","Freeborn, MN",34764
"27049","Goodhue, MN",39339
"27051","Grant, MN",38890
"27053","Hennepin, MN",54143
"27055","Houston, MN",38668
"27057","Hubbard, MN",30868
"27059","Isanti, MN",32950
"27061","Itasca, MN",31904
"27063","Jackson, MN",40911
"27065","Kanabec, MN",29349
"27067","Kandiyohi, MN",40006
"27069","Kittson, MN",43633
"27071","Koochiching, MN",34491
"27073","Lac qui Parle, MN",44722
"27075","Lake, MN",35496
"27077","Lake of the Woods, MN",35926
"27079","Le Sueur, MN",34623
"27081","Lincoln, MN",37290
"27083","Lyon, MN",38341
"27085","McLeod, MN",35112
"27087","Mahnomen, MN",28449
"27089","Marshall, MN",38923
"27091","Martin, MN",39666
"27093","Meeker, MN",33660
"27095","Mille Lacs, MN",30812
"27097","Morrison, MN",32162
"27099","Mower, MN",36302
"27101","Murray, MN",44039
"27103","Nicollet, MN",36552
"27105","Nobles, MN",35780
"27107","Norman, MN",38201
"27109","Olmsted, MN",45178
"27111","Otter Tail, MN",34788
"27113","Pennington, MN",39032
"27115","Pine, MN",27708
"27117","Pipestone, MN",41394
"27119","Polk, MN",36927
"27121","Pope, MN",36239
"27123","Ramsey, MN",41190
"27125","Red Lake, MN",35216
"27127","Redwood, MN",42783
"27129","Renville, MN",41427
"27131","Rice, MN",33053
"27133","Rock, MN",39240
"27135","Roseau, MN",35950
"27137","St. Louis, MN",37327
"27139","Scott, MN",43830
"27141","Sherburne, MN",34395
"27143","Sibley, MN",36948
"27145","Stearns, MN",34321
"27147","Steele, MN",36922
"27149","Stevens, MN",40611
"27151","Swift, MN",36082
"27153","Todd, MN",31509
"27155","Traverse, MN",43349
"27157","Wabasha, MN",36318
"27159","Wadena, MN",29608
"27161","Waseca, MN",37336
"27163","Washington, MN",47153
"27165","Watonwan, MN",34132
"27167","Wilkin, MN",46802
"27169","Winona, MN",34492
"27171","Wright, MN",36212
"27173","Yellow Medicine, MN",39607
"28001","Adams, MS",28803
"28003","Alcorn, MS",26441
"28005","Amite, MS",25620
"28007","Attala, MS",27005
"28009","Benton, MS",22447
"28011","Bolivar, MS",29474
"28013","Calhoun, MS",26369
"28015","Carroll, MS",27174
"28017","Chickasaw, MS",27932
"28019","Choctaw, MS",23723
"28021","Claiborne, MS",27693
"28023","Clarke, MS",29563
"28025","Clay, MS",29268
"28027","Coahoma, MS",27804
"28029","Copiah, MS",27371
"28031","Covington, MS",27255
"28033","DeSoto, MS",31722
"28035","Forrest, MS",30713
"28037","Franklin, MS",27175
"28039","George, MS",27333
"28041","Greene, MS",20733
"28043","Grenada, MS",30359
"28045","Hancock, MS",33145
"28047","Harrison, MS",34198
"28049","Hinds, MS",33832
"28051","Holmes, MS",24482
"28053","Humphreys, MS",27970
"28055","Issaquena, MS",23268
"28057","Itawamba, MS",27512
"28059","Jackson, MS",33785
"28061","Jasper, MS",28979
"28063","Jefferson, MS",26120
"28065","Jefferson Davis, MS",25127
"28067","Jones, MS",32144
"28069","Kemper, MS",22639
"28071","Lafayette, MS",30329
"28073","Lamar, MS",30425
"28075","Lauderdale, MS",30499
"28077","Lawrence, MS",27992
"28079","Leake, MS",23140
"28081","Lee, MS",31975
"28083","Leflore, MS",28552
"28085","Lincoln, MS",30468
"28087","Lowndes, MS",31665
"28089","Madison, MS",47673
"28091","Marion, MS",26197
"28093","Marshall, MS",24988
"28095","Monroe, MS",27346
"28097","Montgomery, MS",27420
"28099","Neshoba, MS",31394
"28101","Newton, MS",28243
"28103","Noxubee, MS",25410
"28105","Oktibbeha, MS",26823
"28107","Panola, MS",25997
"28109","Pearl River, MS",31044
"28111","Perry, MS",25162
"28113","Pike, MS",26870
"28115","Pontotoc, MS",26047
"28117","Prentiss, MS",25269
"28119","Quitman, MS",24263
"28121","Rankin, MS",36049
"28123","Scott, MS",25356
"28125","Sharkey, MS",26279
"28127","Simpson, MS",29371
"28129","Smith, MS",27631
"28131","Stone, MS",26994
"28133","Sunflower, MS",24751
"28135","Tallahatchie, MS",22091
"28137","Tate, MS",27437
"28139","Tippah, MS",25350
"28141","Tishomingo, MS",25084
"28143","Tunica, MS",26362
"28145","Union, MS",25453
"28147","Walthall, MS",23713
"28149","Warren, MS",33090
"28151","Washington, MS",29595
"28153","Wayne, MS",27765
"28155","Webster, MS",28525
"28157","Wilkinson, MS",24322
"28159","Winston, MS",26159
"28161","Yalobusha, MS",26375
"28163","Yazoo, MS",24554
"29001","Adair, MO",27002
"29003","Andrew, MO",35269
"29005","Atchison, MO",41992
"29007","Audrain, MO",31972
"29009","Barry, MO",29520
"29011","Barton, MO",29994
"29013","Bates, MO",29924
"29015","Benton, MO",28484
"29017","Bollinger, MO",25953
"29019","Boone, MO",37075
"29021","Buchanan, MO",31547
"29023","Butler, MO",31408
"29025","Caldwell, MO",27940
"29027","Callaway, MO",31150
"29029","Camden, MO",29240
"29031","Cape Girardeau, MO",35013
"29033","Carroll, MO",36890
"29035","Carter, MO",27679
"29037","Cass, MO",35439
"29039","Cedar, MO",27000
"29041","Chariton, MO",37593
"29043","Christian, MO",30160
"29045","Clark, MO",27846
"29047","Clay, MO",39758
"29049","Clinton, MO",32079
"29051","Cole, MO",38055
"29053","Cooper, MO",29895
"29055","Crawford, MO",27690
"29057","Dade, MO",25789
"29059","Dallas, MO",24913
"29061","Daviess, MO",28950
"29063","DeKalb, MO",23079
"29065","Dent, MO",27800
"29067","Douglas, MO",21058
"29069","Dunklin, MO",29920
"29071","Franklin, MO",33505
"29073","Gasconade, MO",31160
"29075","Gentry, MO",34821
"29077","Greene, MO",34257
"29079","Grundy, MO",30161
"29081","Harrison, MO",33216
"29083","Henry, MO",33042
"29085","Hickory, MO",21529
"29087","Holt, MO",33064
"29089","Howard, MO",30912
"29091","Howell, MO",27241
"29093","Iron, MO",25932
"29095","Jackson, MO",36512
"29097","Jasper, MO",30263
"29099","Jefferson, MO",32632
"29101","Johnson, MO",28618
"29103","Knox, MO",30438
"29105","Laclede, MO",27125
"29107","Lafayette, MO",31991
"29109","Lawrence, MO",25835
"29111","Lewis, MO",27809
"29113","Lincoln, MO",30417
"29115","Linn, MO",31370
"29117","Livingston, MO",29632
"29119","McDonald, MO",22216
"29121","Macon, MO",30430
"29123","Madison, MO",28078
"29125","Maries, MO",27380
"29127","Marion, MO",33048
"29129","Mercer, MO",27724
"29131","Miller, MO",25818
"29133","Mississippi, MO",26109
"29135","Moniteau, MO",29593
"29137","Monroe, MO",33317
"29139","Montgomery, MO",29488
"29141","Morgan, MO",30449
"29143","New Madrid, MO",29195
"29145","Newton, MO",31339
"29147","Nodaway, MO",27214
"29149","Oregon, MO",22171
"29151","Osage, MO",33942
"29153","Ozark, MO",23696
"29155","Pemiscot, MO",29791
"29157","Perry, MO",30512
"29159","Pettis, MO",31013
"29161","Phelps, MO",29028
"29163","Pike, MO",27568
"29165","Platte, MO",45455
"29167","Polk, MO",25073
"29169","Pulaski, MO",38719
"29171","Putnam, MO",26804
"29173","Ralls, MO",33517
"29175","Randolph, MO",29563
"29177","Ray, MO",31512
"29179","Reynolds, MO",24281
"29181","Ripley, MO",26706
"29183","St. Charles, MO",39839
"29185","St. Clair, MO",25748
"29186","Ste. Genevieve, MO",31356
"29187","St. Francois, MO",26945
"29189","St. Louis, MO",53782
"29195","Saline, MO",32714
"29197","Schuyler, MO",25971
"29199","Scotland, MO",30048
"29201","Scott, MO",32960
"29203","Shannon, MO",20906
"29205","Shelby, MO",33953
"29207","Stoddard, MO",32142
"29209","Stone, MO",27209
"29211","Sullivan, MO",32065
"29213","Taney, MO",28986
"29215","Texas, MO",22961
"29217","Vernon, MO",29032
"29219","Warren, MO",31082
"29221","Washington, MO",23535
"29223","Wayne, MO",24339
"29225","Webster, MO",26475
"29227","Worth, MO",30936
"29229","Wright, MO",23240
"29510","St. Louis (Independent City), MO",35222
"30001","Beaverhead, MT",30722
"30003","Big Horn, MT",25385
"30005","Blaine, MT",26535
"30007","Broadwater, MT",30623
"30009","Carbon, MT",34798
"30011","Carter, MT",29811
"30013","Cascade, MT",37896
"30015","Chouteau, MT",30222
"30017","Custer, MT",34982
"30019","Daniels, MT",49696
"30021","Dawson, MT",34274
"30023","Deer Lodge, MT",30054
"30025","Fallon, MT",42929
"30027","Fergus, MT",33700
"30029","Flathead, MT",34444
"30031","Gallatin, MT",36230
"30033","Garfield, MT",30885
"30035","Glacier, MT",29725
"30037","Golden Valley, MT",36502
"30039","Granite, MT",30694
"30041","Hill, MT",35349
"30043","Jefferson, MT",37006
"30045","Judith Basin, MT",33665
"30047","Lake, MT",27659
"30049","Lewis and Clark, MT",44718
"30051","Liberty, MT",32766
"30053","Lincoln, MT",26891
"30055","McCone, MT",35455
"30057","Madison, MT",34161
"30059","Meagher, MT",33012
"30061","Mineral, MT",27895
"30063","Missoula, MT",33642
"30065","Musselshell, MT",32375
"30067","Park, MT",34307
"30069","Petroleum, MT",28470
"30071","Phillips, MT",31839
"30073","Pondera, MT",36121
"30075","Powder River, MT",27257
"30077","Powell, MT",26022
"30079","Prairie, MT",31420
"30081","Ravalli, MT",31516
"30083","Richland, MT",45134
"30085","Roosevelt, MT",30809
"30087","Rosebud, MT",33179
"30089","Sanders, MT",25936
"30091","Sheridan, MT",48296
"30093","Silver Bow, MT",42039
"30095","Stillwater, MT",35642
"30097","Sweet Grass, MT",32908
"30099","Teton, MT",37203
"30101","Toole, MT",33896
"30103","Treasure, MT",42057
"30105","Valley, MT",35357
"30107","Wheatland, MT",26073
"30109","Wibaux, MT",34422
"30111","Yellowstone, MT",38389
"31001","Adams, NE",36074
"31003","Antelope, NE",39988
"31005","Arthur, NE",31198
"31007","Banner, NE",44641
"31009","Blaine, NE",36216
"31011","Boone, NE",42800
"31013","Box Butte, NE",34770
"31015","Boyd, NE",38287
"31017","Brown, NE",35504
"31019","Buffalo, NE",37649
"31021","Burt, NE",37176
"31023","Butler, NE",37029
"31025","Cass, NE",38457
"31027","Cedar, NE",38273
"31029","Chase, NE",39786
"31031","Cherry, NE",35497
"31033","Cheyenne, NE",41754
"31035","Clay, NE",38190
"31037","Colfax, NE",32901
"31039","Cuming, NE",46660
"31041","Custer, NE",37055
"31043","Dakota, NE",29028
"31045","Dawes, NE",27421
"31047","Dawson, NE",29589
"31049","Deuel, NE",31978
"31051","Dixon, NE",34202
"31053","Dodge, NE",35746
"31055","Douglas, NE",48684
"31057","Dundy, NE",53741
"31059","Fillmore, NE",46366
"31061","Franklin, NE",35305
"31063","Frontier, NE",38044
"31065","Furnas, NE",40530
"31067","Gage, NE",38627
"31069","Garden, NE",34746
"31071","Garfield, NE",31894
"31073","Gosper, NE",40657
"31075","Grant, NE",33487
"31077","Greeley, NE",30038
"31079","Hall, NE",33766
"31081","Hamilton, NE",40497
"31083","Harlan, NE",39032
"31085","Hayes, NE",50761
"31087","Hitchcock, NE",33811
"31089","Holt, NE",38450
"31091","Hooker, NE",33352
"31093","Howard, NE",34904
"31095","Jefferson, NE",37068
"31097","Johnson, NE",31600
"31099","Kearney, NE",43836
"31101","Keith, NE",34157
"31103","Keya Paha, NE",33900
"31105","Kimball, NE",39102
"31107","Knox, NE",35545
"31109","Lancaster, NE",38253
"31111","Lincoln, NE",36881
"31113","Logan, NE",35536
"31115","Loup, NE",32947
"31117","McPherson, NE",30497
"31119","Madison, NE",36639
"31121","Merrick, NE",36602
"31123","Morrill, NE",38748
"31125","Nance, NE",36773
"31127","Nemaha, NE",38558
"31129","Nuckolls, NE",34173
"31131","Otoe, NE",37323
"31133","Pawnee, NE",33856
"31135","Perkins, NE",40483
"31137","Phelps, NE",42315
"31139","Pierce, NE",37168
"31141","Platte, NE",36747
"31143","Polk, NE",41268
"31145","Red Willow, NE",37125
"31147","Richardson, NE",34963
"31149","Rock, NE",40498
"31151","Saline, NE",32887
"31153","Sarpy, NE",39623
"31155","Saunders, NE",36660
"31157","Scotts Bluff, NE",33664
"31159","Seward, NE",37933
"31161","Sheridan, NE",36485
"31163","Sherman, NE",32170
"31165","Sioux, NE",35321
"31167","Stanton, NE",34645
"31169","Thayer, NE",40791
"31171","Thomas, NE",41786
"31173","Thurston, NE",37337
"31175","Valley, NE",33960
"31177","Washington, NE",41562
"31179","Wayne, NE",34956
"31181","Webster, NE",34463
"31183","Wheeler, NE",49215
"31185","York, NE",41402
"32001","Churchill, NV",32378
"32003","Clark, NV",35473
"32005","Douglas, NV",50467
"32007","Elko, NV",40450
"32009","Esmeralda, NV",37427
"32011","Eureka, NV",32330
"32013","Humboldt, NV",40986
"32015","Lander, NV",44671
"32017","Lincoln, NV",25534
"32019","Lyon, NV",27995
"32021","Mineral, NV",35601
"32023","Nye, NV",33119
"32027","Pershing, NV",22640
"32029","Storey, NV",35084
"32031","Washoe, NV",42267
"32033","White Pine, NV",37972
"32510","Carson City (Independent City), NV",42076
"33001","Belknap, NH",44001
"33003","Carroll, NH",42772
"33005","Cheshire, NH",40839
"33007","Coos, NH",34519
"33009","Grafton, NH",45751
"33011","Hillsborough, NH",48238
"33013","Merrimack, NH",53856
"33015","Rockingham, NH",52197
"33017","Strafford, NH",38081
"33019","Sullivan, NH",38907
"34001","Atlantic, NJ",38305
"34003","Bergen, NJ",66073
"34005","Burlington, NJ",47987
"34007","Camden, NJ",41561
"34009","Cape May, NJ",44399
"34011","Cumberland, NJ",32987
"34013","Essex, NJ",51870
"34015","Gloucester, NJ",42050
"34017","Hudson, NJ",44593
"34019","Hunterdon, NJ",71259
"34021","Mercer, NJ",53125
"34023","Middlesex, NJ",47248
"34025","Monmouth, NJ",57750
"34027","Morris, NJ",74473
"34029","Ocean, NJ",39793
"34031","Passaic, NJ",40440
"34033","Salem, NJ",40086
"34035","Somerset, NJ",69608
"34037","Sussex, NJ",47236
"34039","Union, NJ",51020
"34041","Warren, NJ",44009
"35001","Bernalillo, NM",35190
"35003","Catron, NM",26185
"35005","Chaves, NM",30883
"35006","Cibola, NM*",23265
"35007","Colfax, NM",31928
"35009","Curry, NM",36209
"35011","De Baca, NM",30563
"35013","Doa Ana, NM",29321
"35015","Eddy, NM",43127
"35017","Grant, NM",30103
"35019","Guadalupe, NM",25326
"35021","Harding, NM",33697
"35023","Hidalgo, NM",26940
"35025","Lea, NM",32228
"35027","Lincoln, NM",31001
"35028","Los Alamos, NM",60469
"35029","Luna, NM",26984
"35031","McKinley, NM",23957
"35033","Mora, NM",39833
"35035","Otero, NM",31427
"35037","Quay, NM",29875
"35039","Rio Arriba, NM",29771
"35041","Roosevelt, NM",30968
"35043","Sandoval, NM",33669
"35045","San Juan, NM",30373
"35047","San Miguel, NM",28063
"35049","Santa Fe, NM",42540
"35051","Sierra, NM",29669
"35053","Socorro, NM",27797
"35055","Taos, NM",28733
"35057","Torrance, NM",24424
"35059","Union, NM",25259
"35061","Valencia, NM*",27449
"36001","Albany, NY",46596
"36003","Allegany, NY",28672
"36005","Bronx, NY",29556
"36007","Broome, NY",35372
"36009","Cattaraugus, NY",33125
"36011","Cayuga, NY",32489
"36013","Chautauqua, NY",31133
"36015","Chemung, NY",35020
"36017","Chenango, NY",31181
"36019","Clinton, NY",35196
"36021","Columbia, NY",41666
"36023","Cortland, NY",31679
"36025","Delaware, NY",30329
"36027","Dutchess, NY",41793
"36029","Erie, NY",39575
"36031","Essex, NY",34684
"36033","Franklin, NY",31793
"36035","Fulton, NY",33723
"36037","Genesee, NY",34719
"36039","Greene, NY",34674
"36041","Hamilton, NY",41047
"36043","Herkimer, NY",32656
"36045","Jefferson, NY",41359
"36047","Kings, NY",35416
"36049","Lewis, NY",35654
"36051","Livingston, NY",32753
"36053","Madison, NY",33598
"36055","Monroe, NY",41534
"36057","Montgomery, NY",34760
"36059","Nassau, NY",64787
"36061","New York, NY",113643
"36063","Niagara, NY",35020
"36065","Oneida, NY",35984
"36067","Onondaga, NY",39986
"36069","Ontario, NY",39421
"36071","Orange, NY",39674
"36073","Orleans, NY",30370
"36075","Oswego, NY",31857
"36077","Otsego, NY",32792
"36079","Putnam, NY",50199
"36081","Queens, NY",36661
"36083","Rensselaer, NY",38993
"36085","Richmond, NY",43022
"36087","Rockland, NY",48140
"36089","St. Lawrence, NY",29722
"36091","Saratoga, NY",49140
"36093","Schenectady, NY",42825
"36095","Schoharie, NY",30732
"36097","Schuyler, NY",32869
"36099","Seneca, NY",31004
"36101","Steuben, NY",35423
"36103","Suffolk, NY",50278
"36105","Sullivan, NY",34642
"36107","Tioga, NY",35369
"36109","Tompkins, NY",35019
"36111","Ulster, NY",37897
"36113","Warren, NY",40988
"36115","Washington, NY",31214
"36117","Wayne, NY",35009
"36119","Westchester, NY",75775
"36121","Wyoming, NY",31772
"36123","Yates, NY",31265
"37001","Alamance, NC",31686
"37003","Alexander, NC",27376
"37005","Alleghany, NC",28012
"37007","Anson, NC",26910
"37009","Ashe, NC",28241
"37011","Avery, NC",26398
"37013","Beaufort, NC",32975
"37015","Bertie, NC",27873
"37017","Bladen, NC",29235
"37019","Brunswick, NC",31476
"37021","Buncombe, NC",34151
"37023","Burke, NC",27020
"37025","Cabarrus, NC",33772
"37027","Caldwell, NC",26928
"37029","Camden, NC",37573
"37031","Carteret, NC",39107
"37033","Caswell, NC",26040
"37035","Catawba, NC",34176
"37037","Chatham, NC",44057
"37039","Cherokee, NC",25600
"37041","Chowan, NC",29950
"37043","Clay, NC",26328
"37045","Cleveland, NC",28857
"37047","Columbus, NC",27479
"37049","Craven, NC",36447
"37051","Cumberland, NC",33792
"37053","Currituck, NC",35280
"37055","Dare, NC",40204
"37057","Davidson, NC",30431
"37059","Davie, NC",36015
"37061","Duplin, NC",28591
"37063","Durham, NC",39684
"37065","Edgecombe, NC",28232
"37067","Forsyth, NC",39058
"37069","Franklin, NC",27615
"37071","Gaston, NC",33886
"37073","Gates, NC",30287
"37075","Graham, NC",25409
"37077","Granville, NC",29887
"37079","Greene, NC",24610
"37081","Guilford, NC",36243
"37083","Halifax, NC",29181
"37085","Harnett, NC",28721
"37087","Haywood, NC",30886
"37089","Henderson, NC",32882
"37091","Hertford, NC",26279
"37093","Hoke, NC",27129
"37095","Hyde, NC",23318
"37097","Iredell, NC",35281
"37099","Jackson, NC",26590
"37101","Johnston, NC",31654
"37103","Jones, NC",32373
"37105","Lee, NC",31151
"37107","Lenoir, NC",32183
"37109","Lincoln, NC",30941
"37111","McDowell, NC",25957
"37113","Macon, NC",30071
"37115","Madison, NC",26134
"37117","Martin, NC",29980
"37119","Mecklenburg, NC",45313
"37121","Mitchell, NC",27349
"37123","Montgomery, NC",27171
"37125","Moore, NC",38594
"37127","Nash, NC",34047
"37129","New Hanover, NC",34588
"37131","Northampton, NC",26739
"37133","Onslow, NC",43436
"37135","Orange, NC",48156
"37137","Pamlico, NC",34142
"37139","Pasquotank, NC",31804
"37141","Pender, NC",29695
"37143","Perquimans, NC",33298
"37145","Person, NC",30352
"37147","Pitt, NC",32005
"37149","Polk, NC",32676
"37151","Randolph, NC",29256
"37153","Richmond, NC",27357
"37155","Robeson, NC",24645
"37157","Rockingham, NC",29997
"37159","Rowan, NC",29139
"37161","Rutherford, NC",25287
"37163","Sampson, NC",31450
"37165","Scotland, NC",29139
"37167","Stanly, NC",28692
"37169","Stokes, NC",28276
"37171","Surry, NC",29244
"37173","Swain, NC",27939
"37175","Transylvania, NC",29461
"37177","Tyrrell, NC",22848
"37179","Union, NC",35056
"37181","Vance, NC",29814
"37183","Wake, NC",45683
"37185","Warren, NC",24352
"37187","Washington, NC",30143
"37189","Watauga, NC",29149
"37191","Wayne, NC",31672
"37193","Wilkes, NC",27837
"37195","Wilson, NC",33502
"37197","Yadkin, NC",29514
"37199","Yancey, NC",27120
"38001","Adams, ND",41783
"38003","Barnes, ND",45233
"38005","Benson, ND",32597
"38007","Billings, ND",56575
"38009","Bottineau, ND",48425
"38011","Bowman, ND",53563
"38013","Burke, ND",63616
"38015","Burleigh, ND",43798
"38017","Cass, ND",42286
"38019","Cavalier, ND",58569
"38021","Dickey, ND",50720
"38023","Divide, ND",54112
"38025","Dunn, ND",50392
"38027","Eddy, ND",37888
"38029","Emmons, ND",42115
"38031","Foster, ND",48330
"38033","Golden Valley, ND",40169
"38035","Grand Forks, ND",38012
"38037","Grant, ND",39199
"38039","Griggs, ND",44745
"38041","Hettinger, ND",52009
"38043","Kidder, ND",43352
"38045","LaMoure, ND",57782
"38047","Logan, ND",46585
"38049","McHenry, ND",44377
"38051","McIntosh, ND",41728
"38053","McKenzie, ND",54590
"38055","McLean, ND",48508
"38057","Mercer, ND",43233
"38059","Morton, ND",38487
"38061","Mountrail, ND",46260
"38063","Nelson, ND",46306
"38065","Oliver, ND",45552
"38067","Pembina, ND",49342
"38069","Pierce, ND",37227
"38071","Ramsey, ND",39647
"38073","Ransom, ND",42177
"38075","Renville, ND",49382
"38077","Richland, ND",40529
"38079","Rolette, ND",30460
"38081","Sargent, ND",52273
"38083","Sheridan, ND",53406
"38085","Sioux, ND",23512
"38087","Slope, ND",67962
"38089","Stark, ND",51632
"38091","Steele, ND",61196
"38093","Stutsman, ND",40104
"38095","Towner, ND",48216
"38097","Traill, ND",46065
"38099","Walsh, ND",42605
"38101","Ward, ND",43652
"38103","Wells, ND",46731
"38105","Williams, ND",62059
"39001","Adams, OH",25200
"39003","Allen, OH",32650
"39005","Ashland, OH",29311
"39007","Ashtabula, OH",29484
"39009","Athens, OH",27390
"39011","Auglaize, OH",35297
"39013","Belmont, OH",30586
"39015","Brown, OH",28193
"39017","Butler, OH",35184
"39019","Carroll, OH",29342
"39021","Champaign, OH",30753
"39023","Clark, OH",32074
"39025","Clermont, OH",37543
"39027","Clinton, OH",35390
"39029","Columbiana, OH",29412
"39031","Coshocton, OH",27704
"39033","Crawford, OH",30093
"39035","Cuyahoga, OH",39971
"39037","Darke, OH",32123
"39039","Defiance, OH",30589
"39041","Delaware, OH",53629
"39043","Erie, OH",45311
"39045","Fairfield, OH",34943
"39047","Fayette, OH",29190
"39049","Franklin, OH",38653
"39051","Fulton, OH",33836
"39053","Gallia, OH",30783
"39055","Geauga, OH",49565
"39057","Greene, OH",38152
"39059","Guernsey, OH",28923
"39061","Hamilton, OH",44784
"39063","Hancock, OH",36031
"39065","Hardin, OH",27871
"39067","Harrison, OH",27762
"39069","Henry, OH",32848
"39071","Highland, OH",26616
"39073","Hocking, OH",27596
"39075","Holmes, OH",26946
"39077","Huron, OH",31119
"39079","Jackson, OH",28947
"39081","Jefferson, OH",29886
"39083","Knox, OH",31002
"39085","Lake, OH",37828
"39087","Lawrence, OH",30097
"39089","Licking, OH",34506
"39091","Logan, OH",31792
"39093","Lorain, OH",34448
"39095","Lucas, OH",34854
"39097","Madison, OH",30796
"39099","Mahoning, OH",34602
"39101","Marion, OH",29063
"39103","Medina, OH",40422
"39105","Meigs, OH",26896
"39107","Mercer, OH",36518
"39109","Miami, OH",35713
"39111","Monroe, OH",25775
"39113","Montgomery, OH",35644
"39115","Morgan, OH",24686
"39117","Morrow, OH",29148
"39119","Muskingum, OH",30634
"39121","Noble, OH",23388
"39123","Ottawa, OH",38565
"39125","Paulding, OH",30595
"39127","Perry, OH",27459
"39129","Pickaway, OH",30995
"39131","Pike, OH",26427
"39133","Portage, OH",33800
"39135","Preble, OH",30649
"39137","Putnam, OH",38688
"39139","Richland, OH",30317
"39141","Ross, OH",28760
"39143","Sandusky, OH",32526
"39145","Scioto, OH",28399
"39147","Seneca, OH",29852
"39149","Shelby, OH",33028
"39151","Stark, OH",34132
"39153","Summit, OH",39337
"39155","Trumbull, OH",31018
"39157","Tuscarawas, OH",31893
"39159","Union, OH",35075
"39161","Van Wert, OH",31910
"39163","Vinton, OH",25501
"39165","Warren, OH",42842
"39167","Washington, OH",31337
"39169","Wayne, OH",31508
"39171","Williams, OH",31681
"39173","Wood, OH",37539
"39175","Wyandot, OH",31815
"40001","Adair, OK",22968
"40003","Alfalfa, OK",30711
"40005","Atoka, OK",24622
"40007","Beaver, OK",37899
"40009","Beckham, OK",31127
"40011","Blaine, OK",32403
"40013","Bryan, OK",26397
"40015","Caddo, OK",25828
"40017","Canadian, OK",35902
"40019","Carter, OK",34677
"40021","Cherokee, OK",25459
"40023","Choctaw, OK",25399
"40025","Cimarron, OK",38287
"40027","Cleveland, OK",36000
"40029","Coal, OK",28548
"40031","Comanche, OK",35179
"40033","Cotton, OK",35832
"40035","Craig, OK",27684
"40037","Creek, OK",32419
"40039","Custer, OK",33467
"40041","Delaware, OK",26223
"40043","Dewey, OK",35335
"40045","Ellis, OK",38299
"40047","Garfield, OK",38890
"40049","Garvin, OK",32610
"40051","Grady, OK",31770
"40053","Grant, OK",36501
"40055","Greer, OK",21435
"40057","Harmon, OK",32140
"40059","Harper, OK",35469
"40061","Haskell, OK",28235
"40063","Hughes, OK",26631
"40065","Jackson, OK",34150
"40067","Jefferson, OK",28246
"40069","Johnston, OK",29117
"40071","Kay, OK",33299
"40073","Kingfisher, OK",33667
"40075","Kiowa, OK",28714
"40077","Latimer, OK",29681
"40079","Le Flore, OK",27138
"40081","Lincoln, OK",27529
"40083","Logan, OK",32602
"40085","Love, OK",29389
"40087","McClain, OK",34985
"40089","McCurtain, OK",26902
"40091","McIntosh, OK",26963
"40093","Major, OK",31655
"40095","Marshall, OK",27652
"40097","Mayes, OK",28145
"40099","Murray, OK",33405
"40101","Muskogee, OK",29760
"40103","Noble, OK",29629
"40105","Nowata, OK",28984
"40107","Okfuskee, OK",23078
"40109","Oklahoma, OK",41770
"40111","Okmulgee, OK",27189
"40113","Osage, OK",27870
"40115","Ottawa, OK",29908
"40117","Pawnee, OK",29050
"40119","Payne, OK",30562
"40121","Pittsburg, OK",31949
"40123","Pontotoc, OK",33838
"40125","Pottawatomie, OK",34277
"40127","Pushmataha, OK",26218
"40129","Roger Mills, OK",34581
"40131","Rogers, OK",33756
"40133","Seminole, OK",27552
"40135","Sequoyah, OK",26524
"40137","Stephens, OK",36541
"40139","Texas, OK",33342
"40141","Tillman, OK",32015
"40143","Tulsa, OK",44184
"40145","Wagoner, OK",30738
"40147","Washington, OK",49883
"40149","Washita, OK",28546
"40151","Woods, OK",30131
"40153","Woodward, OK",33643
"41001","Baker, OR",28271
"41003","Benton, OR",35519
"41005","Clackamas, OR",41812
"41007","Clatsop, OR",33605
"41009","Columbia, OR",32132
"41011","Coos, OR",31678
"41013","Crook, OR",28174
"41015","Curry, OR",32743
"41017","Deschutes, OR",34304
"41019","Douglas, OR",30608
"41021","Gilliam, OR",38884
"41023","Grant, OR",29270
"41025","Harney, OR",27805
"41027","Hood River, OR",34789
"41029","Jackson, OR",32978
"41031","Jefferson, OR",26467
"41033","Josephine, OR",29896
"41035","Klamath, OR",29423
"41037","Lake, OR",27169
"41039","Lane, OR",33355
"41041","Lincoln, OR",33112
"41043","Linn, OR",31269
"41045","Malheur, OR",23030
"41047","Marion, OR",30787
"41049","Morrow, OR",31857
"41051","Multnomah, OR",40109
"41053","Polk, OR",31196
"41055","Sherman, OR",45095
"41057","Tillamook, OR",31640
"41059","Umatilla, OR",30108
"41061","Union, OR",30188
"41063","Wallowa, OR",32008
"41065","Wasco, OR",33344
"41067","Washington, OR",40950
"41069","Wheeler, OR",25314
"41071","Yamhill, OR",32163
"42001","Adams, PA",37618
"42003","Allegheny, PA",46093
"42005","Armstrong, PA",35100
"42007","Beaver, PA",36785
"42009","Bedford, PA",31402
"42011","Berks, PA",38074
"42013","Blair, PA",34581
"42015","Bradford, PA",31712
"42017","Bucks, PA",52775
"42019","Butler, PA",42568
"42021","Cambria, PA",32540
"42023","Cameron, PA",36519
"42025","Carbon, PA",35750
"42027","Centre, PA",35108
"42029","Chester, PA",61669
"42031","Clarion, PA",34905
"42033","Clearfield, PA",34816
"42035","Clinton, PA",29450
"42037","Columbia, PA",32512
"42039","Crawford, PA",31183
"42041","Cumberland, PA",42384
"42043","Dauphin, PA",40144
"42045","Delaware, PA",48805
"42047","Elk, PA",38569
"42049","Erie, PA",34412
"42051","Fayette, PA",32984
"42053","Forest, PA",21318
"42055","Franklin, PA",35942
"42057","Fulton, PA",30186
"42059","Greene, PA",33732
"42061","Huntingdon, PA",31021
"42063","Indiana, PA",31301
"42065","Jefferson, PA",34123
"42067","Juniata, PA",31986
"42069","Lackawanna, PA",37789
"42071","Lancaster, PA",37543
"42073","Lawrence, PA",34060
"42075","Lebanon, PA",37010
"42077","Lehigh, PA",43325
"42079","Luzerne, PA",35729
"42081","Lycoming, PA",34091
"42083","McKean, PA",33161
"42085","Mercer, PA",32248
"42087","Mifflin, PA",29782
"42089","Monroe, PA",31756
"42091","Montgomery, PA",60948
"42093","Montour, PA",42066
"42095","Northampton, PA",40553
"42097","Northumberland, PA",32728
"42099","Perry, PA",34108
"42101","Philadelphia, PA",40848
"42103","Pike, PA",34266
"42105","Potter, PA",29952
"42107","Schuylkill, PA",34205
"42109","Snyder, PA",32785
"42111","Somerset, PA",33695
"42113","Sullivan, PA",31766
"42115","Susquehanna, PA",31608
"42117","Tioga, PA",29915
"42119","Union, PA",30446
"42121","Venango, PA",33770
"42123","Warren, PA",33927
"42125","Washington, PA",42198
"42127","Wayne, PA",32897
"42129","Westmoreland, PA",39512
"42131","Wyoming, PA",32477
"42133","York, PA",40442
"44001","Bristol, RI",60025
"44003","Kent, RI",45060
"44005","Newport, RI",48767
"44007","Providence, RI",38696
"44009","Washington, RI",49008
"45001","Abbeville, SC",26343
"45003","Aiken, SC",33313
"45005","Allendale, SC",26046
"45007","Anderson, SC",30335
"45009","Bamberg, SC",26614
"45011","Barnwell, SC",25862
"45013","Beaufort, SC",40541
"45015","Berkeley, SC",29434
"45017","Calhoun, SC",29602
"45019","Charleston, SC",41141
"45021","Cherokee, SC",26897
"45023","Chester, SC",25269
"45025","Chesterfield, SC",24931
"45027","Clarendon, SC",23071
"45029","Colleton, SC",27667
"45031","Darlington, SC",28904
"45033","Dillon, SC",22833
"45035","Dorchester, SC",31526
"45037","Edgefield, SC",26616
"45039","Fairfield, SC",28604
"45041","Florence, SC",32410
"45043","Georgetown, SC",34725
"45045","Greenville, SC",35145
"45047","Greenwood, SC",29796
"45049","Hampton, SC",25548
"45051","Horry, SC",28674
"45053","Jasper, SC",21947
"45055","Kershaw, SC",31761
"45057","Lancaster, SC",30051
"45059","Laurens, SC",27281
"45061","Lee, SC",23116
"45063","Lexington, SC",34416
"45065","McCormick, SC",26850
"45067","Marion, SC",24941
"45069","Marlboro, SC",21361
"45071","Newberry, SC",29883
"45073","Oconee, SC",31826
"45075","Orangeburg, SC",26770
"45077","Pickens, SC",28389
"45079","Richland, SC",35196
"45081","Saluda, SC",28853
"45083","Spartanburg, SC",31824
"45085","Sumter, SC",30213
"45087","Union, SC",25985
"45089","Williamsburg, SC",23862
"45091","York, SC",32957
"46003","Aurora, SD",37410
"46005","Beadle, SD",39279
"46007","Bennett, SD",26450
"46009","Bon Homme, SD",31131
"46011","Brookings, SD",35507
"46013","Brown, SD",41832
"46015","Brule, SD",36862
"46017","Buffalo, SD",23661
"46019","Butte, SD",29099
"46021","Campbell, SD",36614
"46023","Charles Mix, SD",35878
"46025","Clark, SD",35681
"46027","Clay, SD",31399
"46029","Codington, SD",37664
"46031","Corson, SD",24082
"46033","Custer, SD",33567
"46035","Davison, SD",39411
"46037","Day, SD",37212
"46039","Deuel, SD",43214
"46041","Dewey, SD",34775
"46043","Douglas, SD",45344
"46045","Edmunds, SD",39286
"46047","Fall River, SD",35522
"46049","Faulk, SD",41090
"46051","Grant, SD",40696
"46053","Gregory, SD",36623
"46055","Haakon, SD",38585
"46057","Hamlin, SD",32486
"46059","Hand, SD",38888
"46061","Hanson, SD",52855
"46063","Harding, SD",33994
"46065","Hughes, SD",44801
"46067","Hutchinson, SD",46992
"46069","Hyde, SD",35528
"46071","Jackson, SD",24872
"46073","Jerauld, SD",39885
"46075","Jones, SD",40886
"46077","Kingsbury, SD",42366
"46079","Lake, SD",42639
"46081","Lawrence, SD",37093
"46083","Lincoln, SD",49982
"46085","Lyman, SD",36861
"46087","McCook, SD",39632
"46089","McPherson, SD",36297
"46091","Marshall, SD",41639
"46093","Meade, SD",34558
"46095","Mellette, SD",27622
"46097","Miner, SD",40383
"46099","Minnehaha, SD",45322
"46101","Moody, SD",39656
"46102","Oglala Lakota, SD*",21876
"46103","Pennington, SD",41273
"46105","Perkins, SD",37196
"46107","Potter, SD",88664
"46109","Roberts, SD",29948
"46111","Sanborn, SD",37966
"46115","Spink, SD",47558
"46117","Stanley, SD",46113
"46119","Sully, SD",78162
"46121","Todd, SD",22302
"46123","Tripp, SD",36547
"46125","Turner, SD",39670
"46127","Union, SD",90297
"46129","Walworth, SD",38666
"46135","Yankton, SD",39309
"46137","Ziebach, SD",16461
"47001","Anderson, TN",34277
"47003","Bedford, TN",27644
"47005","Benton, TN",28788
"47007","Bledsoe, TN",19447
"47009","Blount, TN",31893
"47011","Bradley, TN",31446
"47013","Campbell, TN",27027
"47015","Cannon, TN",27852
"47017","Carroll, TN",31022
"47019","Carter, TN",27326
"47021","Cheatham, TN",31288
"47023","Chester, TN",26209
"47025","Claiborne, TN",27537
"47027","Clay, TN",27036
"47029","Cocke, TN",25279
"47031","Coffee, TN",31378
"47033","Crockett, TN",32162
"47035","Cumberland, TN",29292
"47037","Davidson, TN",47501
"47039","Decatur, TN",31548
"47041","DeKalb, TN",29166
"47043","Dickson, TN",30397
"47045","Dyer, TN",33094
"47047","Fayette, TN",40806
"47049","Fentress, TN",25317
"47051","Franklin, TN",30163
"47053","Gibson, TN",31087
"47055","Giles, TN",29438
"47057","Grainger, TN",25203
"47059","Greene, TN",32483
"47061","Grundy, TN",24821
"47063","Hamblen, TN",29478
"47065","Hamilton, TN",40163
"47067","Hancock, TN",20622
"47069","Hardeman, TN",23474
"47071","Hardin, TN",30042
"47073","Hawkins, TN",27687
"47075","Haywood, TN",26570
"47077","Henderson, TN",28625
"47079","Henry, TN",30977
"47081","Hickman, TN",24113
"47083","Houston, TN",27048
"47085","Humphreys, TN",30149
"47087","Jackson, TN",24906
"47089","Jefferson, TN",27587
"47091","Johnson, TN",25219
"47093","Knox, TN",37265
"47095","Lake, TN",20530
"47097","Lauderdale, TN",22798
"47099","Lawrence, TN",27071
"47101","Lewis, TN",23924
"47103","Lincoln, TN",31573
"47105","Loudon, TN",36554
"47107","McMinn, TN",28478
"47109","McNairy, TN",26410
"47111","Macon, TN",25754
"47113","Madison, TN",32612
"47115","Marion, TN",30754
"47117","Marshall, TN",27218
"47119","Maury, TN",31524
"47121","Meigs, TN",24638
"47123","Monroe, TN",25244
"47125","Montgomery, TN",37757
"47127","Moore, TN",30187
"47129","Morgan, TN",24031
"47131","Obion, TN",31872
"47133","Overton, TN",25548
"47135","Perry, TN",23883
"47137","Pickett, TN",27751
"47139","Polk, TN",26854
"47141","Putnam, TN",31459
"47143","Rhea, TN",27639
"47145","Roane, TN",32861
"47147","Robertson, TN",31523
"47149","Rutherford, TN",31112
"47151","Scott, TN",23893
"47153","Sequatchie, TN",28508
"47155","Sevier, TN",29261
"47157","Shelby, TN",39534
"47159","Smith, TN",29202
"47161","Stewart, TN",36829
"47163","Sullivan, TN",34243
"47165","Sumner, TN",35632
"47167","Tipton, TN",30267
"47169","Trousdale, TN",28896
"47171","Unicoi, TN",30419
"47173","Union, TN",24385
"47175","Van Buren, TN",22057
"47177","Warren, TN",27267
"47179","Washington, TN",34085
"47181","Wayne, TN",24018
"47183","Weakley, TN",28780
"47185","White, TN",26681
"47187","Williamson, TN",65267
"47189","Wilson, TN",36278
"48001","Anderson, TX",26371
"48003","Andrews, TX",36973
"48005","Angelina, TX",31460
"48007","Aransas, TX",36849
"48009","Archer, TX",38490
"48011","Armstrong, TX",40434
"48013","Atascosa, TX",28661
"48015","Austin, TX",38979
"48017","Bailey, TX",31460
"48019","Bandera, TX",32738
"48021","Bastrop, TX",28172
"48023","Baylor, TX",33310
"48025","Bee, TX",24634
"48027","Bell, TX",38654
"48029","Bexar, TX",35235
"48031","Blanco, TX",41126
"48033","Borden, TX",47128
"48035","Bosque, TX",32186
"48037","Bowie, TX",33889
"48039","Brazoria, TX",36574
"48041","Brazos, TX",29098
"48043","Brewster, TX",36688
"48045","Briscoe, TX",36781
"48047","Brooks, TX",28399
"48049","Brown, TX",28622
"48051","Burleson, TX",33882
"48053","Burnet, TX",34577
"48055","Caldwell, TX",26009
"48057","Calhoun, TX",30105
"48059","Callahan, TX",29507
"48061","Cameron, TX",23152
"48063","Camp, TX",31939
"48065","Carson, TX",38741
"48067","Cass, TX",29762
"48069","Castro, TX",42774
"48071","Chambers, TX",38938
"48073","Cherokee, TX",27443
"48075","Childress, TX",23662
"48077","Clay, TX",35306
"48079","Cochran, TX",41169
"48081","Coke, TX",28753
"48083","Coleman, TX",29142
"48085","Collin, TX",48860
"48087","Collingsworth, TX",30547
"48089","Colorado, TX",37029
"48091","Comal, TX",43875
"48093","Comanche, TX",30625
"48095","Concho, TX",19218
"48097","Cooke, TX",38085
"48099","Coryell, TX",28891
"48101","Cottle, TX",43031
"48103","Crane, TX",32233
"48105","Crockett, TX",28585
"48107","Crosby, TX",36943
"48109","Culberson, TX",26742
"48111","Dallam, TX",45762
"48113","Dallas, TX",40379
"48115","Dawson, TX",31731
"48117","Deaf Smith, TX",32308
"48119","Delta, TX",29627
"48121","Denton, TX",41025
"48123","DeWitt, TX",31821
"48125","Dickens, TX",26528
"48127","Dimmit, TX",27385
"48129","Donley, TX",31920
"48131","Duval, TX",28733
"48133","Eastland, TX",34882
"48135","Ector, TX",35047
"48137","Edwards, TX",28194
"48139","Ellis, TX",32840
"48141","El Paso, TX",28108
"48143","Erath, TX",27867
"48145","Falls, TX",26605
"48147","Fannin, TX",27629
"48149","Fayette, TX",37863
"48151","Fisher, TX",36594
"48153","Floyd, TX",38616
"48155","Foard, TX",29719
"48157","Fort Bend, TX",46276
"48159","Franklin, TX",30773
"48161","Freestone, TX",27983
"48163","Frio, TX",23480
"48165","Gaines, TX",33593
"48167","Galveston, TX",40227
"48169","Garza, TX",31438
"48171","Gillespie, TX",41899
"48173","Glasscock, TX",48181
"48175","Goliad, TX",30466
"48177","Gonzales, TX",31123
"48179","Gray, TX",37929
"48181","Grayson, TX",32016
"48183","Gregg, TX",41520
"48185","Grimes, TX",29520
"48187","Guadalupe, TX",33861
"48189","Hale, TX",30601
"48191","Hall, TX",33161
"48193","Hamilton, TX",37787
"48195","Hansford, TX",48610
"48197","Hardeman, TX",31144
"48199","Hardin, TX",34667
"48201","Harris, TX",45225
"48203","Harrison, TX",34646
"48205","Hartley, TX",36260
"48207","Haskell, TX",31650
"48209","Hays, TX",32523
"48211","Hemphill, TX",48835
"48213","Henderson, TX",30006
"48215","Hidalgo, TX",21718
"48217","Hill, TX",30487
"48219","Hockley, TX",35908
"48221","Hood, TX",38243
"48223","Hopkins, TX",30398
"48225","Houston, TX",27823
"48227","Howard, TX",29026
"48229","Hudspeth, TX",20145
"48231","Hunt, TX",29495
"48233","Hutchinson, TX",34359
"48235","Irion, TX",43051
"48237","Jack, TX",31215
"48239","Jackson, TX",32861
"48241","Jasper, TX",31343
"48243","Jeff Davis, TX",29330
"48245","Jefferson, TX",34960
"48247","Jim Hogg, TX",24365
"48249","Jim Wells, TX",32993
"48251","Johnson, TX",32405
"48253","Jones, TX",25357
"48255","Karnes, TX",25905
"48257","Kaufman, TX",32170
"48259","Kendall, TX",60538
"48261","Kenedy, TX",29234
"48263","Kent, TX",29859
"48265","Kerr, TX",38029
"48267","Kimble, TX",31024
"48269","King, TX",58354
"48271","Kinney, TX",26349
"48273","Kleberg, TX",28993
"48275","Knox, TX",31103
"48277","Lamar, TX",32541
"48279","Lamb, TX",32202
"48281","Lampasas, TX",42822
"48283","La Salle, TX",25515
"48285","Lavaca, TX",36124
"48287","Lee, TX",34384
"48289","Leon, TX",31971
"48291","Liberty, TX",28039
"48293","Limestone, TX",28212
"48295","Lipscomb, TX",40935
"48297","Live Oak, TX",28427
"48299","Llano, TX",32501
"48301","Loving, TX",28506
"48303","Lubbock, TX",32963
"48305","Lynn, TX",36890
"48307","McCulloch, TX",29662
"48309","McLennan, TX",31415
"48311","McMullen, TX",41555
"48313","Madison, TX",23522
"48315","Marion, TX",27799
"48317","Martin, TX",43056
"48319","Mason, TX",30502
"48321","Matagorda, TX",30800
"48323","Maverick, TX",23122
"48325","Medina, TX",29359
"48327","Menard, TX",25827
"48329","Midland, TX",71524
"48331","Milam, TX",30288
"48333","Mills, TX",29557
"48335","Mitchell, TX",24945
"48337","Montague, TX",35394
"48339","Montgomery, TX",48570
"48341","Moore, TX",28870
"48343","Morris, TX",39417
"48345","Motley, TX",30178
"48347","Nacogdoches, TX",30336
"48349","Navarro, TX",30235
"48351","Newton, TX",23360
"48353","Nolan, TX",30813
"48355","Nueces, TX",35804
"48357","Ochiltree, TX",41445
"48359","Oldham, TX",42898
"48361","Orange, TX",34378
"48363","Palo Pinto, TX",31128
"48365","Panola, TX",34622
"48367","Parker, TX",39137
"48369","Parmer, TX",34355
"48371","Pecos, TX",28767
"48373","Polk, TX",32089
"48375","Potter, TX",34184
"48377","Presidio, TX",24168
"48379","Rains, TX",27948
"48381","Randall, TX",39585
"48383","Reagan, TX",44493
"48385","Real, TX",23699
"48387","Red River, TX",30035
"48389","Reeves, TX",22083
"48391","Refugio, TX",34725
"48393","Roberts, TX",31725
"48395","Robertson, TX",32927
"48397","Rockwall, TX",44896
"48399","Runnels, TX",30895
"48401","Rusk, TX",30192
"48403","Sabine, TX",29422
"48405","San Augustine, TX",28629
"48407","San Jacinto, TX",26098
"48409","San Patricio, TX",33985
"48411","San Saba, TX",26744
"48413","Schleicher, TX",28756
"48415","Scurry, TX",37114
"48417","Shackelford, TX",71640
"48419","Shelby, TX",33232
"48421","Sherman, TX",44503
"48423","Smith, TX",41224
"48425","Somervell, TX",35231
"48427","Starr, TX",21309
"48429","Stephens, TX",44414
"48431","Sterling, TX",35814
"48433","Stonewall, TX",35002
"48435","Sutton, TX",43404
"48437","Swisher, TX",34391
"48439","Tarrant, TX",39731
"48441","Taylor, TX",35903
"48443","Terrell, TX",34995
"48445","Terry, TX",33755
"48447","Throckmorton, TX",42588
"48449","Titus, TX",27657
"48451","Tom Green, TX",36420
"48453","Travis, TX",43930
"48455","Trinity, TX",27467
"48457","Tyler, TX",26158
"48459","Upshur, TX",30459
"48461","Upton, TX",39990
"48463","Uvalde, TX",29900
"48465","Val Verde, TX",29589
"48467","Van Zandt, TX",29237
"48469","Victoria, TX",36814
"48471","Walker, TX",21741
"48473","Waller, TX",31603
"48475","Ward, TX",33216
"48477","Washington, TX",42350
"48479","Webb, TX",25497
"48481","Wharton, TX",33446
"48483","Wheeler, TX",39594
"48485","Wichita, TX",37003
"48487","Wilbarger, TX",33573
"48489","Willacy, TX",22708
"48491","Williamson, TX",36906
"48493","Wilson, TX",33426
"48495","Winkler, TX",30521
"48497","Wise, TX",34357
"48499","Wood, TX",29580
"48501","Yoakum, TX",39386
"48503","Young, TX",41165
"48505","Zapata, TX",23330
"48507","Zavala, TX",21573
"49001","Beaver, UT",27160
"49003","Box Elder, UT",27686
"49005","Cache, UT",27789
"49007","Carbon, UT",30896
"49009","Daggett, UT",30808
"49011","Davis, UT",33053
"49013","Duchesne, UT",29706
"49015","Emery, UT",28101
"49017","Garfield, UT",27853
"49019","Grand, UT",34087
"49021","Iron, UT",21954
"49023","Juab, UT",24413
"49025","Kane, UT",29642
"49027","Millard, UT",26339
"49029","Morgan, UT",36996
"49031","Piute, UT",22216
"49033","Rich, UT",26129
"49035","Salt Lake, UT",35909
"49037","San Juan, UT",21101
"49039","Sanpete, UT",21484
"49041","Sevier, UT",25382
"49043","Summit, UT",68473
"49045","Tooele, UT",28525
"49047","Uintah, UT",30572
"49049","Utah, UT",25928
"49051","Wasatch, UT",31714
"49053","Washington, UT",25343
"49055","Wayne, UT",26273
"49057","Weber, UT",31208
"50001","Addison, VT",38880
"50003","Bennington, VT",39913
"50005","Caledonia, VT",32610
"50007","Chittenden, VT",45758
"50009","Essex, VT",30779
"50011","Franklin, VT",34872
"50013","Grand Isle, VT",46248
"50015","Lamoille, VT",40448
"50017","Orange, VT",36731
"50019","Orleans, VT",33940
"50021","Rutland, VT",40352
"50023","Washington, VT",43789
"50025","Windham, VT",39573
"50027","Windsor, VT",43978
"51001","Accomack, VA",33710
"51007","Amelia, VA",34094
"51009","Amherst, VA",29731
"51011","Appomattox, VA",30708
"51013","Arlington, VA",79226
"51017","Bath, VA",38063
"51019","Bedford, VA*",36182
"51021","Bland, VA",27839
"51023","Botetourt, VA",39330
"51025","Brunswick, VA",26769
"51027","Buchanan, VA",29999
"51029","Buckingham, VA",23787
"51033","Caroline, VA",34172
"51036","Charles City, VA",34894
"51037","Charlotte, VA",27015
"51041","Chesterfield, VA",42372
"51043","Clarke, VA",49836
"51045","Craig, VA",29539
"51047","Culpeper, VA",36439
"51049","Cumberland, VA",27843
"51051","Dickenson, VA",28484
"51057","Essex, VA",33506
"51061","Fauquier, VA",54871
"51063","Floyd, VA",29558
"51065","Fluvanna, VA",34312
"51067","Franklin, VA",31348
"51071","Giles, VA",31217
"51073","Gloucester, VA",39754
"51075","Goochland, VA",68794
"51077","Grayson, VA",27164
"51079","Greene, VA",33619
"51083","Halifax, VA",29257
"51085","Hanover, VA",44612
"51087","Henrico, VA",46634
"51091","Highland, VA",33945
"51093","Isle of Wight, VA",45304
"51097","King and Queen, VA",32796
"51099","King George, VA",45213
"51101","King William, VA",36644
"51103","Lancaster, VA",43868
"51105","Lee, VA",25974
"51107","Loudoun, VA",62976
"51109","Louisa, VA",35922
"51111","Lunenburg, VA",25556
"51113","Madison, VA",32893
"51115","Mathews, VA",43811
"51117","Mecklenburg, VA",28895
"51119","Middlesex, VA",38823
"51125","Nelson, VA",36723
"51127","New Kent, VA",42643
"51131","Northampton, VA",32316
"51133","Northumberland, VA",35937
"51135","Nottoway, VA",29937
"51137","Orange, VA",36954
"51139","Page, VA",30661
"51141","Patrick, VA",26331
"51145","Powhatan, VA",39415
"51147","Prince Edward, VA",24336
"51155","Pulaski, VA",30405
"51157","Rappahannock, VA",48462
"51159","Richmond, VA",26380
"51167","Russell, VA",29211
"51169","Scott, VA",26916
"51171","Shenandoah, VA",33228
"51173","Smyth, VA",28077
"51179","Stafford, VA",46494
"51181","Surry, VA",34085
"51183","Sussex, VA",26664
"51185","Tazewell, VA",31330
"51187","Warren, VA",36785
"51193","Westmoreland, VA",33413
"51197","Wythe, VA",29756
"51510","Alexandria (Independent City), VA",76153
"51550","Chesapeake (Independent City), VA",42070
"51650","Hampton (Independent City), VA",35892
"51700","Newport News (Independent City), VA",35158
"51710","Norfolk (Independent City), VA",34501
"51740","Portsmouth (Independent City), VA",34701
"51760","Richmond (Independent City), VA",42945
"51770","Roanoke (Independent City), VA",36300
"51800","Suffolk (Independent City), VA",42234
"51810","Virginia Beach (Independent City), VA",44812
"51901","Albemarle + Charlottesville, VA*",50241
"51903","Alleghany + Covington, VA*",32006
"51907","Augusta, Staunton + Waynesboro, VA*",35331
"51911","Campbell + Lynchburg, VA*",31916
"51913","Carroll + Galax, VA*",28335
"51918","Dinwiddie, Colonial Heights + Petersburg, VA*",34164
"51919","Fairfax, Fairfax City + Falls Church, VA*",65960
"51921","Frederick + Winchester, VA*",38642
"51923","Greensville + Emporia, VA*",26169
"51929","Henry + Martinsville, VA*",30203
"51931","James City + Williamsburg, VA*",51538
"51933","Montgomery + Radford, VA*",27636
"51939","Pittsylvania + Danville, VA*",28829
"51941","Prince George + Hopewell, VA*",32391
"51942","Prince William, Manassas + Manassas Park, VA*",46562
"51944","Roanoke + Salem, VA*",41874
"51945","Rockbridge, Buena Vista + Lexington, VA*",31533
"51947","Rockingham + Harrisonburg, VA*",30312
"51949","Southampton + Franklin, VA*",29459
"51951","Spotsylvania + Fredericksburg, VA*",41462
"51953","Washington + Bristol, VA*",34498
"51955","Wise + Norton, VA*",29997
"51958","York + Poquoson, VA*",48390
"53001","Adams, WA",31596
"53003","Asotin, WA",35635
"53005","Benton, WA",40598
"53007","Chelan, WA",35616
"53009","Clallam, WA",34464
"53011","Clark, WA",37280
"53013","Columbia, WA",39323
"53015","Cowlitz, WA",35169
"53017","Douglas, WA",30334
"53019","Ferry, WA",27116
"53021","Franklin, WA",30622
"53023","Garfield, WA",38021
"53025","Grant, WA",30631
"53027","Grays Harbor, WA",30265
"53029","Island, WA",39810
"53031","Jefferson, WA",38888
"53033","King, WA",55505
"53035","Kitsap, WA",41920
"53037","Kittitas, WA",33421
"53039","Klickitat, WA",37019
"53041","Lewis, WA",32187
"53043","Lincoln, WA",36783
"53045","Mason, WA",32196
"53047","Okanogan, WA",31130
"53049","Pacific, WA",34435
"53051","Pend Oreille, WA",31082
"53053","Pierce, WA",38038
"53055","San Juan, WA",50244
"53057","Skagit, WA",37651
"53059","Skamania, WA",32095
"53061","Snohomish, WA",39618
"53063","Spokane, WA",34898
"53065","Stevens, WA",29344
"53067","Thurston, WA",39730
"53069","Wahkiakum, WA",31356
"53071","Walla Walla, WA",34942
"53073","Whatcom, WA",36557
"53075","Whitman, WA",30983
"53077","Yakima, WA",31981
"54001","Barbour, WV",26479
"54003","Berkeley, WV",33108
"54005","Boone, WV",30122
"54007","Braxton, WV",25278
"54009","Brooke, WV",30629
"54011","Cabell, WV",34121
"54013","Calhoun, WV",24146
"54015","Clay, WV",25137
"54017","Doddridge, WV",16898
"54019","Fayette, WV",27017
"54021","Gilmer, WV",19641
"54023","Grant, WV",28253
"54025","Greenbrier, WV",29984
"54027","Hampshire, WV",27077
"54029","Hancock, WV",32480
"54031","Hardy, WV",24839
"54033","Harrison, WV",36870
"54035","Jackson, WV",26952
"54037","Jefferson, WV",39240
"54039","Kanawha, WV",39142
"54041","Lewis, WV",30690
"54043","Lincoln, WV",25302
"54045","Logan, WV",31593
"54047","McDowell, WV",24325
"54049","Marion, WV",34555
"54051","Marshall, WV",28284
"54053","Mason, WV",27050
"54055","Mercer, WV",31726
"54057","Mineral, WV",31423
"54059","Mingo, WV",30904
"54061","Monongalia, WV",35781
"54063","Monroe, WV",25245
"54065","Morgan, WV",28815
"54067","Nicholas, WV",30154
"54069","Ohio, WV",40114
"54071","Pendleton, WV",30414
"54073","Pleasants, WV",31101
"54075","Pocahontas, WV",28672
"54077","Preston, WV",28782
"54079","Putnam, WV",37121
"54081","Raleigh, WV",31758
"54083","Randolph, WV",28684
"54085","Ritchie, WV",25476
"54087","Roane, WV",27283
"54089","Summers, WV",24162
"54091","Taylor, WV",28778
"54093","Tucker, WV",27433
"54095","Tyler, WV",26320
"54097","Upshur, WV",28462
"54099","Wayne, WV",26148
"54101","Webster, WV",24911
"54103","Wetzel, WV",27058
"54105","Wirt, WV",23932
"54107","Wood, WV",32745
"54109","Wyoming, WV",27017
"55001","Adams, WI",29269
"55003","Ashland, WI",30297
"55005","Barron, WI",34724
"55007","Bayfield, WI",35396
"55009","Brown, WI",39817
"55011","Buffalo, WI",35828
"55013","Burnett, WI",32117
"55015","Calumet, WI",36868
"55017","Chippewa, WI",34558
"55019","Clark, WI",29210
"55021","Columbia, WI",37810
"55023","Crawford, WI",30435
"55025","Dane, WI",44174
"55027","Dodge, WI",34851
"55029","Door, WI",43037
"55031","Douglas, WI",32853
"55033","Dunn, WI",30378
"55035","Eau Claire, WI",36512
"55037","Florence, WI",37818
"55039","Fond du Lac, WI",36838
"55041","Forest, WI",29112
"55043","Grant, WI",33251
"55045","Green, WI",38023
"55047","Green Lake, WI",36593
"55049","Iowa, WI",35416
"55051","Iron, WI",35665
"55053","Jackson, WI",34687
"55055","Jefferson, WI",35174
"55057","Juneau, WI",31121
"55059","Kenosha, WI",35002
"55061","Kewaunee, WI",35634
"55063","La Crosse, WI",37476
"55065","Lafayette, WI",34461
"55067","Langlade, WI",32864
"55069","Lincoln, WI",35106
"55071","Manitowoc, WI",38321
"55073","Marathon, WI",37717
"55075","Marinette, WI",33506
"55077","Marquette, WI",30726
"55078","Menominee, WI*",24436
"55079","Milwaukee, WI",37171
"55081","Monroe, WI",32118
"55083","Oconto, WI",34206
"55085","Oneida, WI",37457
"55087","Outagamie, WI",38267
"55089","Ozaukee, WI",62306
"55091","Pepin, WI",35883
"55093","Pierce, WI",34351
"55095","Polk, WI",33625
"55097","Portage, WI",35158
"55099","Price, WI",35758
"55101","Racine, WI",37682
"55103","Richland, WI",30757
"55105","Rock, WI",33577
"55107","Rusk, WI",28514
"55109","St. Croix, WI",38934
"55111","Sauk, WI",35636
"55113","Sawyer, WI",35257
"55115","Shawano, WI*",31630
"55117","Sheboygan, WI",38555
"55119","Taylor, WI",29981
"55121","Trempealeau, WI",35919
"55123","Vernon, WI",31508
"55125","Vilas, WI",36459
"55127","Walworth, WI",34990
"55129","Washburn, WI",34515
"55131","Washington, WI",43162
"55133","Waukesha, WI",53482
"55135","Waupaca, WI",36071
"55137","Waushara, WI",31771
"55139","Winnebago, WI",36845
"55141","Wood, WI",36854
"55901","Shawano (includes Menominee), WI","(NA)"
"56001","Albany, WY",33341
"56003","Big Horn, WY",32293
"56005","Campbell, WY",49354
"56007","Carbon, WY",37972
"56009","Converse, WY",41264
"56011","Crook, WY",35976
"56013","Fremont, WY",35337
"56015","Goshen, WY",32806
"56017","Hot Springs, WY",36972
"56019","Johnson, WY",34266
"56021","Laramie, WY",42509
"56023","Lincoln, WY",33297
"56025","Natrona, WY",49379
"56027","Niobrara, WY",35940
"56029","Park, WY",39459
"56031","Platte, WY",36941
"56033","Sheridan, WY",50484
"56035","Sublette, WY",43428
"56037","Sweetwater, WY",42563
"56039","Teton, WY",144395
"56041","Uinta, WY",38998
"56043","Washakie, WY",35916
"56045","Weston, WY",37420
"Legend / Footnotes:"
"2/ Per capita personal income was computed using Census Bureau midyear population estimates. Estimates for 2010-2015 reflect county population estimates available as of March 2016."
"* Cibola, NM was separated from Valencia in June 1981, but in these estimates, Valencia includes Cibola through the end of 1981."
"* La Paz County, AZ was separated from Yuma County on January 1, 1983. The Yuma, AZ MSA contains the area that became La Paz County, AZ through 1982 and excludes it beginning with 1983."
"* Shawano, WI and Menominee, WI are combined as Shawano (incl. Menominee), WI for the years prior to 1989."
"* Broomfield County, CO, was created from parts of Adams, Boulder, Jefferson, and Weld counties effective November 15, 2001. Estimates for Broomfield county begin with 2002."
"* Estimates for 1979 forward reflect Alaska Census Areas as defined by the Census Bureau; those for prior years reflect Alaska Census Divisions as defined in the 1970 Decennial Census. Estimates from 1988 forward separate Aleutian Islands Census Area into Aleutians East Borough and Aleutians West Census Area. Estimates for 1991 forward separate Denali Borough from Yukon-Koyukuk Census Area and Lake and Peninsula Borough from Dillingham Census Area. Estimates from 1993 forward separate Skagway-Yakutat-Angoon Census Area into Skagway-Hoonah-Angoon Census Area and Yakutat Borough. Estimates from 2008 forward separate Skagway-Hoonah-Angoon Census Area into Skagway Municipality and Hoonah-Angoon Census Area. Estimates from 2009 forward separate Wrangell-Petersburg Census Area into Petersburg Census Area and Wrangell City and Borough. In addition, a part of the Prince of Wales-Outer Ketchikan Census Area was annexed by Ketchikan Gateway Borough and part (Meyers Chuck Area) was included in the new Wrangell City and Borough. The remainder of the Prince of Wales-Outer Ketchikan Census Area was renamed Prince of Wales-Hyder Census Area. Petersburg Borough was created from part of former Petersburg Census Area and part of Hoonah-Angoon Census Area for 2013 forward. Prince of Wales-Hyder Census Area added part of the former Petersburg Census Area beginning in 2013. For years 2009-2012, Petersburg Borough reflects the geographic boundaries of the former Petersburg Census Area. Wade Hampton Census Area was renamed Kusilvak Census Area on July 1, 2015."
"* Virginia combination areas consist of one or two independent cities with 1980 populations of less than 100,000 combined with an adjacent county. The county name appears first, followed by the city name(s). Separate estimates for the jurisdictions making up the combination area are not available. Bedford County, VA includes the independent city of Bedford for all years."
"* Shannon County, SD was renamed to Oglala Lakota County, SD on May 1, 2015."
"Note-- All dollar estimates are in current dollars (not adjusted for inflation)."
"(NA) Data not available for this year."
"Last updated: November 17, 2016-- new estimates for 2015; revised estimates for 1998-2014."
