"CA1 Personal Income Summary: Personal Income, Population, Per Capita Personal Income"
"Per capita personal income (dollars) 2/" 
"Bureau of Economic Analysis" 
"County"
"GeoFips","GeoName","2005"
"01001","Autauga, AL",28598
"01003","Baldwin, AL",32989
"01005","Barbour, AL",23906
"01007","Bibb, AL",20381
"01009","Blount, AL",23815
"01011","Bullock, AL",19817
"01013","Butler, AL",24190
"01015","Calhoun, AL",27216
"01017","Chambers, AL",24658
"01019","Cherokee, AL",23188
"01021","Chilton, AL",24328
"01023","Choctaw, AL",22067
"01025","Clarke, AL",23657
"01027","Clay, AL",26119
"01029","Cleburne, AL",24578
"01031","Coffee, AL",30715
"01033","Colbert, AL",26864
"01035","Conecuh, AL",23214
"01037","Coosa, AL",23368
"01039","Covington, AL",24943
"01041","Crenshaw, AL",27013
"01043","Cullman, AL",28001
"01045","Dale, AL",27375
"01047","Dallas, AL",24412
"01049","DeKalb, AL",23392
"01051","Elmore, AL",28729
"01053","Escambia, AL",22565
"01055","Etowah, AL",26033
"01057","Fayette, AL",21853
"01059","Franklin, AL",24835
"01061","Geneva, AL",24919
"01063","Greene, AL",23126
"01065","Hale, AL",23564
"01067","Henry, AL",27345
"01069","Houston, AL",31749
"01071","Jackson, AL",26149
"01073","Jefferson, AL",37711
"01075","Lamar, AL",22429
"01077","Lauderdale, AL",26813
"01079","Lawrence, AL",22556
"01081","Lee, AL",26270
"01083","Limestone, AL",30287
"01085","Lowndes, AL",22671
"01087","Macon, AL",21011
"01089","Madison, AL",35195
"01091","Marengo, AL",26896
"01093","Marion, AL",24157
"01095","Marshall, AL",27330
"01097","Mobile, AL",26986
"01099","Monroe, AL",24095
"01101","Montgomery, AL",33589
"01103","Morgan, AL",28605
"01105","Perry, AL",22524
"01107","Pickens, AL",26007
"01109","Pike, AL",27462
"01111","Randolph, AL",23707
"01113","Russell, AL",23539
"01115","St. Clair, AL",27258
"01117","Shelby, AL",41991
"01119","Sumter, AL",20626
"01121","Talladega, AL",25917
"01123","Tallapoosa, AL",26161
"01125","Tuscaloosa, AL",29431
"01127","Walker, AL",27745
"01129","Washington, AL",22940
"01131","Wilcox, AL",20047
"01133","Winston, AL",25392
"02010","Aleutian Islands Census Area, AK*","(NA)"
"02013","Aleutians East Borough, AK*",32948
"02016","Aleutians West Census Area, AK*",31077
"02020","Anchorage Municipality, AK",44255
"02050","Bethel Census Area, AK*",27838
"02060","Bristol Bay Borough, AK",43123
"02068","Denali Borough, AK*",45142
"02070","Dillingham Census Area, AK*",31796
"02090","Fairbanks North Star Borough, AK",36579
"02100","Haines Borough, AK",34486
"02105","Hoonah-Angoon Census Area, AK*","(NA)"
"02110","Juneau City and Borough, AK",43265
"02122","Kenai Peninsula Borough, AK",34200
"02130","Ketchikan Gateway Borough, AK*",43693
"02150","Kodiak Island Borough, AK",37559
"02158","Kusilvak Census Area, AK*",19472
"02164","Lake and Peninsula Borough, AK*",29441
"02170","Matanuska-Susitna Borough, AK",34680
"02180","Nome Census Area, AK*",29806
"02185","North Slope Borough, AK",22670
"02188","Northwest Arctic Borough, AK",28989
"02195","Petersburg Borough, AK*","(NA)"
"02198","Prince of Wales-Hyder Census Area, AK*","(NA)"
"02201","Prince of Wales-Outer Ketchikan Census Area, AK*",26478
"02220","Sitka City and Borough, AK",38174
"02230","Skagway Municipality, AK*","(NA)"
"02231","Skagway-Yakutat-Angoon Census Area, AK*","(NA)"
"02232","Skagway-Hoonah-Angoon Census Area, AK*",35816
"02240","Southeast Fairbanks Census Area, AK*",33379
"02261","Valdez-Cordova Census Area, AK*",38797
"02275","Wrangell City and Borough, AK*","(NA)"
"02280","Wrangell-Petersburg Census Area, AK*",38078
"02282","Yakutat City and Borough, AK*",39174
"02290","Yukon-Koyukuk Census Area, AK*",29058
"02901","Aleutian Islands Division, AK*","(NA)"
"02903","Angoon Division, AK*","(NA)"
"02904","Barrow-North Slope Division, AK*","(NA)"
"02905","Bethel Division, AK*","(NA)"
"02907","Bristol Bay Division, AK*","(NA)"
"02908","Cordova-McCarthy Division, AK*","(NA)"
"02910","Haines Division, AK*","(NA)"
"02912","Kenai-Cook Inlet Division, AK*","(NA)"
"02916","Kuskokwim Division, AK*","(NA)"
"02919","Outer Ketchikan Division, AK*","(NA)"
"02920","Prince of Wales Division, AK*","(NA)"
"02921","Seward Division, AK*","(NA)"
"02922","Sitka Division, AK*","(NA)"
"02923","Skagway-Yakutat Division, AK*","(NA)"
"02924","Southeast Fairbanks Division, AK*","(NA)"
"02925","Upper Yukon Division, AK*","(NA)"
"02926","Valdez-Chitina-Whittier Division, AK*","(NA)"
"02928","Wrangell-Petersburg Division, AK*","(NA)"
"02929","Yukon-Koyukuk Division, AK*","(NA)"
"04001","Apache, AZ",20474
"04003","Cochise, AZ",28411
"04005","Coconino, AZ",29356
"04007","Gila, AZ",24635
"04009","Graham, AZ",19875
"04011","Greenlee, AZ",22626
"04012","La Paz, AZ*",22146
"04013","Maricopa, AZ",35510
"04015","Mohave, AZ",23521
"04017","Navajo, AZ",20479
"04019","Pima, AZ",31046
"04021","Pinal, AZ",24419
"04023","Santa Cruz, AZ",23977
"04025","Yavapai, AZ",27568
"04027","Yuma, AZ*",23983
"05001","Arkansas, AR",27097
"05003","Ashley, AR",24978
"05005","Baxter, AR",26007
"05007","Benton, AR",42399
"05009","Boone, AR",24597
"05011","Bradley, AR",23693
"05013","Calhoun, AR",22348
"05015","Carroll, AR",22457
"05017","Chicot, AR",22416
"05019","Clark, AR",23073
"05021","Clay, AR",23245
"05023","Cleburne, AR",24692
"05025","Cleveland, AR",26595
"05027","Columbia, AR",25255
"05029","Conway, AR",24832
"05031","Craighead, AR",25921
"05033","Crawford, AR",22440
"05035","Crittenden, AR",24501
"05037","Cross, AR",22922
"05039","Dallas, AR",23109
"05041","Desha, AR",24066
"05043","Drew, AR",25353
"05045","Faulkner, AR",25939
"05047","Franklin, AR",23315
"05049","Fulton, AR",18331
"05051","Garland, AR",28524
"05053","Grant, AR",25622
"05055","Greene, AR",23264
"05057","Hempstead, AR",22271
"05059","Hot Spring, AR",22840
"05061","Howard, AR",24635
"05063","Independence, AR",26041
"05065","Izard, AR",21129
"05067","Jackson, AR",22335
"05069","Jefferson, AR",24583
"05071","Johnson, AR",21033
"05073","Lafayette, AR",23925
"05075","Lawrence, AR",21205
"05077","Lee, AR",18496
"05079","Lincoln, AR",18492
"05081","Little River, AR",22583
"05083","Logan, AR",23284
"05085","Lonoke, AR",27698
"05087","Madison, AR",23666
"05089","Marion, AR",20822
"05091","Miller, AR",24967
"05093","Mississippi, AR",22953
"05095","Monroe, AR",22897
"05097","Montgomery, AR",20911
"05099","Nevada, AR",24370
"05101","Newton, AR",19389
"05103","Ouachita, AR",23741
"05105","Perry, AR",23257
"05107","Phillips, AR",21991
"05109","Pike, AR",23800
"05111","Poinsett, AR",25012
"05113","Polk, AR",20775
"05115","Pope, AR",25720
"05117","Prairie, AR",22833
"05119","Pulaski, AR",38689
"05121","Randolph, AR",21762
"05123","St. Francis, AR",20102
"05125","Saline, AR",28184
"05127","Scott, AR",21213
"05129","Searcy, AR",20473
"05131","Sebastian, AR",29905
"05133","Sevier, AR",22800
"05135","Sharp, AR",21836
"05137","Stone, AR",20608
"05139","Union, AR",32487
"05141","Van Buren, AR",21273
"05143","Washington, AR",27145
"05145","White, AR",23159
"05147","Woodruff, AR",21445
"05149","Yell, AR",23769
"06001","Alameda, CA",44934
"06003","Alpine, CA",34040
"06005","Amador, CA",30438
"06007","Butte, CA",28718
"06009","Calaveras, CA",32465
"06011","Colusa, CA",27547
"06013","Contra Costa, CA",54489
"06015","Del Norte, CA",22360
"06017","El Dorado, CA",43118
"06019","Fresno, CA",28165
"06021","Glenn, CA",25221
"06023","Humboldt, CA",30339
"06025","Imperial, CA",24157
"06027","Inyo, CA",36656
"06029","Kern, CA",26478
"06031","Kings, CA",23536
"06033","Lake, CA",27468
"06035","Lassen, CA",22552
"06037","Los Angeles, CA",37474
"06039","Madera, CA",24449
"06041","Marin, CA",85179
"06043","Mariposa, CA",29957
"06045","Mendocino, CA",30467
"06047","Merced, CA",25216
"06049","Modoc, CA",28197
"06051","Mono, CA",39727
"06053","Monterey, CA",36670
"06055","Napa, CA",44956
"06057","Nevada, CA",39193
"06059","Orange, CA",47598
"06061","Placer, CA",46117
"06063","Plumas, CA",33664
"06065","Riverside, CA",29853
"06067","Sacramento, CA",35398
"06069","San Benito, CA",34154
"06071","San Bernardino, CA",27737
"06073","San Diego, CA",42093
"06075","San Francisco, CA",65958
"06077","San Joaquin, CA",29657
"06079","San Luis Obispo, CA",35830
"06081","San Mateo, CA",65877
"06083","Santa Barbara, CA",42178
"06085","Santa Clara, CA",52569
"06087","Santa Cruz, CA",42339
"06089","Shasta, CA",29962
"06091","Sierra, CA",27656
"06093","Siskiyou, CA",27739
"06095","Solano, CA",34434
"06097","Sonoma, CA",40763
"06099","Stanislaus, CA",28953
"06101","Sutter, CA",29092
"06103","Tehama, CA",25159
"06105","Trinity, CA",23786
"06107","Tulare, CA",25871
"06109","Tuolumne, CA",30056
"06111","Ventura, CA",42551
"06113","Yolo, CA",35038
"06115","Yuba, CA",26396
"08001","Adams, CO*",29130
"08003","Alamosa, CO",25370
"08005","Arapahoe, CO",41944
"08007","Archuleta, CO",26706
"08009","Baca, CO",29314
"08011","Bent, CO",20564
"08013","Boulder, CO*",44415
"08014","Broomfield, CO*",62852
"08015","Chaffee, CO",26305
"08017","Cheyenne, CO",35873
"08019","Clear Creek, CO",40777
"08021","Conejos, CO",20747
"08023","Costilla, CO",22628
"08025","Crowley, CO",16859
"08027","Custer, CO",27742
"08029","Delta, CO",25062
"08031","Denver, CO",46501
"08033","Dolores, CO",22157
"08035","Douglas, CO",51542
"08037","Eagle, CO",50165
"08039","Elbert, CO",39761
"08041","El Paso, CO",34380
"08043","Fremont, CO",21600
"08045","Garfield, CO",35282
"08047","Gilpin, CO",49737
"08049","Grand, CO",31825
"08051","Gunnison, CO",30976
"08053","Hinsdale, CO",29957
"08055","Huerfano, CO",23489
"08057","Jackson, CO",31522
"08059","Jefferson, CO*",41754
"08061","Kiowa, CO",31190
"08063","Kit Carson, CO",27792
"08065","Lake, CO",24735
"08067","La Plata, CO",35738
"08069","Larimer, CO",34201
"08071","Las Animas, CO",26042
"08073","Lincoln, CO",22093
"08075","Logan, CO",27536
"08077","Mesa, CO",30645
"08079","Mineral, CO",29517
"08081","Moffat, CO",30379
"08083","Montezuma, CO",26772
"08085","Montrose, CO",28697
"08087","Morgan, CO",26049
"08089","Otero, CO",26599
"08091","Ouray, CO",40070
"08093","Park, CO",30931
"08095","Phillips, CO",25601
"08097","Pitkin, CO",101325
"08099","Prowers, CO",26445
"08101","Pueblo, CO",26642
"08103","Rio Blanco, CO",32213
"08105","Rio Grande, CO",26100
"08107","Routt, CO",47687
"08109","Saguache, CO",22139
"08111","San Juan, CO",31344
"08113","San Miguel, CO",53659
"08115","Sedgwick, CO",30349
"08117","Summit, CO",39641
"08119","Teller, CO",32894
"08121","Washington, CO",25219
"08123","Weld, CO*",28635
"08125","Yuma, CO",37672
"09001","Fairfield, CT",75114
"09003","Hartford, CT",43662
"09005","Litchfield, CT",44610
"09007","Middlesex, CT",45856
"09009","New Haven, CT",40178
"09011","New London, CT",41080
"09013","Tolland, CT",38176
"09015","Windham, CT",32503
"10001","Kent, DE",31593
"10003","New Castle, DE",43166
"10005","Sussex, DE",34978
"11001","District of Columbia, DC",53870
"12001","Alachua, FL",31913
"12003","Baker, FL",24304
"12005","Bay, FL",32877
"12007","Bradford, FL",21481
"12009","Brevard, FL",33513
"12011","Broward, FL",38294
"12013","Calhoun, FL",19227
"12015","Charlotte, FL",30420
"12017","Citrus, FL",27178
"12019","Clay, FL",32786
"12021","Collier, FL",59858
"12023","Columbia, FL",24672
"12027","DeSoto, FL",19104
"12029","Dixie, FL",19103
"12031","Duval, FL",34993
"12033","Escambia, FL",29522
"12035","Flagler, FL",32248
"12037","Franklin, FL",29469
"12039","Gadsden, FL",25774
"12041","Gilchrist, FL",23208
"12043","Glades, FL",17932
"12045","Gulf, FL",23098
"12047","Hamilton, FL",18234
"12049","Hardee, FL",21245
"12051","Hendry, FL",21843
"12053","Hernando, FL",27938
"12055","Highlands, FL",24958
"12057","Hillsborough, FL",35180
"12059","Holmes, FL",21039
"12061","Indian River, FL",53730
"12063","Jackson, FL",24524
"12065","Jefferson, FL",28112
"12067","Lafayette, FL",16703
"12069","Lake, FL",30921
"12071","Lee, FL",38175
"12073","Leon, FL",33380
"12075","Levy, FL",25213
"12077","Liberty, FL",22617
"12079","Madison, FL",21050
"12081","Manatee, FL",38661
"12083","Marion, FL",28244
"12085","Martin, FL",55593
"12086","Miami-Dade, FL",34364
"12087","Monroe, FL",56415
"12089","Nassau, FL",39448
"12091","Okaloosa, FL",37761
"12093","Okeechobee, FL",22497
"12095","Orange, FL",31496
"12097","Osceola, FL",24963
"12099","Palm Beach, FL",55420
"12101","Pasco, FL",28221
"12103","Pinellas, FL",38331
"12105","Polk, FL",29287
"12107","Putnam, FL",22995
"12109","St. Johns, FL",48537
"12111","St. Lucie, FL",29179
"12113","Santa Rosa, FL",33110
"12115","Sarasota, FL",48002
"12117","Seminole, FL",37317
"12119","Sumter, FL",24061
"12121","Suwannee, FL",23323
"12123","Taylor, FL",24566
"12125","Union, FL",15930
"12127","Volusia, FL",30504
"12129","Wakulla, FL",24785
"12131","Walton, FL",34359
"12133","Washington, FL",22533
"13001","Appling, GA",21586
"13003","Atkinson, GA",21143
"13005","Bacon, GA",21453
"13007","Baker, GA",24860
"13009","Baldwin, GA",23797
"13011","Banks, GA",26121
"13013","Barrow, GA",27520
"13015","Bartow, GA",26705
"13017","Ben Hill, GA",25241
"13019","Berrien, GA",24971
"13021","Bibb, GA",30599
"13023","Bleckley, GA",27405
"13025","Brantley, GA",21018
"13027","Brooks, GA",24306
"13029","Bryan, GA",35928
"13031","Bulloch, GA",23007
"13033","Burke, GA",22002
"13035","Butts, GA",25036
"13037","Calhoun, GA",19552
"13039","Camden, GA",25945
"13043","Candler, GA",23295
"13045","Carroll, GA",26003
"13047","Catoosa, GA",25444
"13049","Charlton, GA",18898
"13051","Chatham, GA",33741
"13053","Chattahoochee, GA",21727
"13055","Chattooga, GA",21244
"13057","Cherokee, GA",37590
"13059","Clarke, GA",23519
"13061","Clay, GA",27010
"13063","Clayton, GA",22864
"13065","Clinch, GA",18866
"13067","Cobb, GA",42193
"13069","Coffee, GA",23464
"13071","Colquitt, GA",23981
"13073","Columbia, GA",36715
"13075","Cook, GA",21796
"13077","Coweta, GA",31735
"13079","Crawford, GA",22642
"13081","Crisp, GA",22934
"13083","Dade, GA",24393
"13085","Dawson, GA",31123
"13087","Decatur, GA",26185
"13089","DeKalb, GA",34891
"13091","Dodge, GA",21909
"13093","Dooly, GA",19903
"13095","Dougherty, GA",25226
"13097","Douglas, GA",28225
"13099","Early, GA",26570
"13101","Echols, GA",19024
"13103","Effingham, GA",28848
"13105","Elbert, GA",24147
"13107","Emanuel, GA",23317
"13109","Evans, GA",24773
"13111","Fannin, GA",23713
"13113","Fayette, GA",42699
"13115","Floyd, GA",27761
"13117","Forsyth, GA",44955
"13119","Franklin, GA",26119
"13121","Fulton, GA",62130
"13123","Gilmer, GA",24479
"13125","Glascock, GA",19606
"13127","Glynn, GA",36681
"13129","Gordon, GA",27397
"13131","Grady, GA",24021
"13133","Greene, GA",29325
"13135","Gwinnett, GA",33906
"13137","Habersham, GA",25166
"13139","Hall, GA",29820
"13141","Hancock, GA",17929
"13143","Haralson, GA",23572
"13145","Harris, GA",32173
"13147","Hart, GA",24564
"13149","Heard, GA",17216
"13151","Henry, GA",29934
"13153","Houston, GA",32083
"13155","Irwin, GA",23489
"13157","Jackson, GA",29524
"13159","Jasper, GA",28505
"13161","Jeff Davis, GA",22364
"13163","Jefferson, GA",22545
"13165","Jenkins, GA",24969
"13167","Johnson, GA",18317
"13169","Jones, GA",25136
"13171","Lamar, GA",23381
"13173","Lanier, GA",19843
"13175","Laurens, GA",26416
"13177","Lee, GA",32464
"13179","Liberty, GA",23620
"13181","Lincoln, GA",22906
"13183","Long, GA",19807
"13185","Lowndes, GA",27362
"13187","Lumpkin, GA",24975
"13189","McDuffie, GA",28578
"13191","McIntosh, GA",20860
"13193","Macon, GA",20891
"13195","Madison, GA",26452
"13197","Marion, GA",20443
"13199","Meriwether, GA",23580
"13201","Miller, GA",28572
"13205","Mitchell, GA",23760
"13207","Monroe, GA",29999
"13209","Montgomery, GA",21512
"13211","Morgan, GA",33278
"13213","Murray, GA",21654
"13215","Muscogee, GA",32572
"13217","Newton, GA",25515
"13219","Oconee, GA",44191
"13221","Oglethorpe, GA",25046
"13223","Paulding, GA",28481
"13225","Peach, GA",25120
"13227","Pickens, GA",32456
"13229","Pierce, GA",24333
"13231","Pike, GA",25802
"13233","Polk, GA",23086
"13235","Pulaski, GA",22654
"13237","Putnam, GA",29439
"13239","Quitman, GA",27620
"13241","Rabun, GA",29250
"13243","Randolph, GA",21974
"13245","Richmond, GA",27029
"13247","Rockdale, GA",29402
"13249","Schley, GA",23208
"13251","Screven, GA",21074
"13253","Seminole, GA",24350
"13255","Spalding, GA",25472
"13257","Stephens, GA",24059
"13259","Stewart, GA",16883
"13261","Sumter, GA",25234
"13263","Talbot, GA",21877
"13265","Taliaferro, GA",19727
"13267","Tattnall, GA",22244
"13269","Taylor, GA",20806
"13271","Telfair, GA",17891
"13273","Terrell, GA",25228
"13275","Thomas, GA",30578
"13277","Tift, GA",26427
"13279","Toombs, GA",24032
"13281","Towns, GA",28198
"13283","Treutlen, GA",19832
"13285","Troup, GA",27575
"13287","Turner, GA",23424
"13289","Twiggs, GA",21686
"13291","Union, GA",27115
"13293","Upson, GA",23494
"13295","Walker, GA",23697
"13297","Walton, GA",29473
"13299","Ware, GA",23962
"13301","Warren, GA",21960
"13303","Washington, GA",25248
"13305","Wayne, GA",24539
"13307","Webster, GA",23588
"13309","Wheeler, GA",16702
"13311","White, GA",24521
"13313","Whitfield, GA",28120
"13315","Wilcox, GA",20824
"13317","Wilkes, GA",23123
"13319","Wilkinson, GA",21411
"13321","Worth, GA",24390
"15001","Hawaii, HI",28721
"15003","Honolulu, HI",38860
"15007","Kauai, HI",32099
"15901","Maui + Kalawao, HI",32694
"16001","Ada, ID",37661
"16003","Adams, ID",26672
"16005","Bannock, ID",26748
"16007","Bear Lake, ID",22685
"16009","Benewah, ID",24629
"16011","Bingham, ID",21753
"16013","Blaine, ID",61309
"16015","Boise, ID",27555
"16017","Bonner, ID",26900
"16019","Bonneville, ID",32816
"16021","Boundary, ID",21504
"16023","Butte, ID",18817
"16025","Camas, ID",30139
"16027","Canyon, ID",22228
"16029","Caribou, ID",27162
"16031","Cassia, ID",26736
"16033","Clark, ID",21949
"16035","Clearwater, ID",25515
"16037","Custer, ID",27239
"16039","Elmore, ID",27584
"16041","Franklin, ID",22221
"16043","Fremont (includes Yellowstone Park), ID",20089
"16045","Gem, ID",22178
"16047","Gooding, ID",30522
"16049","Idaho, ID",22950
"16051","Jefferson, ID",23521
"16053","Jerome, ID",25760
"16055","Kootenai, ID",29421
"16057","Latah, ID",27580
"16059","Lemhi, ID",24436
"16061","Lewis, ID",29310
"16063","Lincoln, ID",24369
"16065","Madison, ID",15316
"16067","Minidoka, ID",22493
"16069","Nez Perce, ID",28975
"16071","Oneida, ID",22813
"16073","Owyhee, ID",23193
"16075","Payette, ID",26635
"16077","Power, ID",22796
"16079","Shoshone, ID",24606
"16081","Teton, ID",26664
"16083","Twin Falls, ID",27151
"16085","Valley, ID",35571
"16087","Washington, ID",24642
"17001","Adams, IL",29936
"17003","Alexander, IL",19605
"17005","Bond, IL",26098
"17007","Boone, IL",29839
"17009","Brown, IL",19817
"17011","Bureau, IL",29424
"17013","Calhoun, IL",27116
"17015","Carroll, IL",28342
"17017","Cass, IL",26711
"17019","Champaign, IL",30499
"17021","Christian, IL",26589
"17023","Clark, IL",27710
"17025","Clay, IL",26594
"17027","Clinton, IL",31226
"17029","Coles, IL",26490
"17031","Cook, IL",40678
"17033","Crawford, IL",26187
"17035","Cumberland, IL",24696
"17037","DeKalb, IL",27818
"17039","De Witt, IL",27517
"17041","Douglas, IL",30254
"17043","DuPage, IL",50102
"17045","Edgar, IL",26535
"17047","Edwards, IL",26078
"17049","Effingham, IL",29295
"17051","Fayette, IL",22590
"17053","Ford, IL",31534
"17055","Franklin, IL",24325
"17057","Fulton, IL",25744
"17059","Gallatin, IL",23973
"17061","Greene, IL",24535
"17063","Grundy, IL",34622
"17065","Hamilton, IL",24543
"17067","Hancock, IL",26679
"17069","Hardin, IL",21217
"17071","Henderson, IL",25127
"17073","Henry, IL",30291
"17075","Iroquois, IL",28586
"17077","Jackson, IL",25456
"17079","Jasper, IL",25784
"17081","Jefferson, IL",27969
"17083","Jersey, IL",29249
"17085","Jo Daviess, IL",31552
"17087","Johnson, IL",19318
"17089","Kane, IL",35553
"17091","Kankakee, IL",28375
"17093","Kendall, IL",36726
"17095","Knox, IL",26833
"17097","Lake, IL",52189
"17099","LaSalle, IL",29400
"17101","Lawrence, IL",30271
"17103","Lee, IL",28217
"17105","Livingston, IL",29195
"17107","Logan, IL",24134
"17109","McDonough, IL",24034
"17111","McHenry, IL",38843
"17113","McLean, IL",34364
"17115","Macon, IL",32227
"17117","Macoupin, IL",28272
"17119","Madison, IL",31516
"17121","Marion, IL",27161
"17123","Marshall, IL",29838
"17125","Mason, IL",24760
"17127","Massac, IL",24736
"17129","Menard, IL",30417
"17131","Mercer, IL",29285
"17133","Monroe, IL",36968
"17135","Montgomery, IL",24838
"17137","Morgan, IL",26087
"17139","Moultrie, IL",34161
"17141","Ogle, IL",30012
"17143","Peoria, IL",34166
"17145","Perry, IL",23206
"17147","Piatt, IL",32039
"17149","Pike, IL",23973
"17151","Pope, IL",23148
"17153","Pulaski, IL",23326
"17155","Putnam, IL",34147
"17157","Randolph, IL",23823
"17159","Richland, IL",26204
"17161","Rock Island, IL",32859
"17163","St. Clair, IL",31545
"17165","Saline, IL",25851
"17167","Sangamon, IL",33276
"17169","Schuyler, IL",28705
"17171","Scott, IL",26890
"17173","Shelby, IL",25184
"17175","Stark, IL",27088
"17177","Stephenson, IL",28751
"17179","Tazewell, IL",33028
"17181","Union, IL",25660
"17183","Vermilion, IL",26507
"17185","Wabash, IL",27213
"17187","Warren, IL",26070
"17189","Washington, IL",29898
"17191","Wayne, IL",26669
"17193","White, IL",28696
"17195","Whiteside, IL",27616
"17197","Will, IL",34132
"17199","Williamson, IL",29005
"17201","Winnebago, IL",30077
"17203","Woodford, IL",33038
"18001","Adams, IN",27230
"18003","Allen, IN",31481
"18005","Bartholomew, IN",32036
"18007","Benton, IN",27901
"18009","Blackford, IN",26394
"18011","Boone, IN",46824
"18013","Brown, IN",29888
"18015","Carroll, IN",27580
"18017","Cass, IN",26293
"18019","Clark, IN",29623
"18021","Clay, IN",26266
"18023","Clinton, IN",26231
"18025","Crawford, IN",22308
"18027","Daviess, IN",27943
"18029","Dearborn, IN",33495
"18031","Decatur, IN",28467
"18033","DeKalb, IN",29343
"18035","Delaware, IN",25847
"18037","Dubois, IN",35961
"18039","Elkhart, IN",30529
"18041","Fayette, IN",28070
"18043","Floyd, IN",35453
"18045","Fountain, IN",27409
"18047","Franklin, IN",30630
"18049","Fulton, IN",26843
"18051","Gibson, IN",31902
"18053","Grant, IN",25293
"18055","Greene, IN",26546
"18057","Hamilton, IN",48532
"18059","Hancock, IN",36114
"18061","Harrison, IN",29577
"18063","Hendricks, IN",34218
"18065","Henry, IN",26472
"18067","Howard, IN",30523
"18069","Huntington, IN",28786
"18071","Jackson, IN",29431
"18073","Jasper, IN",29515
"18075","Jay, IN",25587
"18077","Jefferson, IN",27433
"18079","Jennings, IN",24279
"18081","Johnson, IN",34443
"18083","Knox, IN",27517
"18085","Kosciusko, IN",31406
"18087","Lagrange, IN",24336
"18089","Lake, IN",29788
"18091","LaPorte, IN",27735
"18093","Lawrence, IN",26157
"18095","Madison, IN",27319
"18097","Marion, IN",34376
"18099","Marshall, IN",26625
"18101","Martin, IN",27889
"18103","Miami, IN",24255
"18105","Monroe, IN",27699
"18107","Montgomery, IN",28493
"18109","Morgan, IN",31131
"18111","Newton, IN",27187
"18113","Noble, IN",25422
"18115","Ohio, IN",41725
"18117","Orange, IN",22617
"18119","Owen, IN",25200
"18121","Parke, IN",23022
"18123","Perry, IN",26612
"18125","Pike, IN",23245
"18127","Porter, IN",34573
"18129","Posey, IN",30517
"18131","Pulaski, IN",27555
"18133","Putnam, IN",24673
"18135","Randolph, IN",25411
"18137","Ripley, IN",29668
"18139","Rush, IN",29917
"18141","St. Joseph, IN",31772
"18143","Scott, IN",24740
"18145","Shelby, IN",30571
"18147","Spencer, IN",28256
"18149","Starke, IN",22387
"18151","Steuben, IN",27612
"18153","Sullivan, IN",23020
"18155","Switzerland, IN",21215
"18157","Tippecanoe, IN",27239
"18159","Tipton, IN",30833
"18161","Union, IN",26869
"18163","Vanderburgh, IN",32528
"18165","Vermillion, IN",26055
"18167","Vigo, IN",27152
"18169","Wabash, IN",27826
"18171","Warren, IN",27665
"18173","Warrick, IN",34797
"18175","Washington, IN",24505
"18177","Wayne, IN",27505
"18179","Wells, IN",28792
"18181","White, IN",26719
"18183","Whitley, IN",29673
"19001","Adair, IA",29160
"19003","Adams, IA",28805
"19005","Allamakee, IA",27870
"19007","Appanoose, IA",24705
"19009","Audubon, IA",33067
"19011","Benton, IA",30128
"19013","Black Hawk, IA",29999
"19015","Boone, IA",32597
"19017","Bremer, IA",30916
"19019","Buchanan, IA",29744
"19021","Buena Vista, IA",28845
"19023","Butler, IA",29391
"19025","Calhoun, IA",32467
"19027","Carroll, IA",32496
"19029","Cass, IA",29735
"19031","Cedar, IA",30549
"19033","Cerro Gordo, IA",36139
"19035","Cherokee, IA",34576
"19037","Chickasaw, IA",28363
"19039","Clarke, IA",25562
"19041","Clay, IA",31409
"19043","Clayton, IA",27758
"19045","Clinton, IA",28281
"19047","Crawford, IA",29613
"19049","Dallas, IA",46291
"19051","Davis, IA",23191
"19053","Decatur, IA",22112
"19055","Delaware, IA",26658
"19057","Des Moines, IA",29559
"19059","Dickinson, IA",37079
"19061","Dubuque, IA",30117
"19063","Emmet, IA",27893
"19065","Fayette, IA",26002
"19067","Floyd, IA",29076
"19069","Franklin, IA",30627
"19071","Fremont, IA",34040
"19073","Greene, IA",31289
"19075","Grundy, IA",33932
"19077","Guthrie, IA",33215
"19079","Hamilton, IA",32855
"19081","Hancock, IA",32528
"19083","Hardin, IA",32499
"19085","Harrison, IA",29540
"19087","Henry, IA",28665
"19089","Howard, IA",30633
"19091","Humboldt, IA",31101
"19093","Ida, IA",33890
"19095","Iowa, IA",33904
"19097","Jackson, IA",27103
"19099","Jasper, IA",31261
"19101","Jefferson, IA",29685
"19103","Johnson, IA",35012
"19105","Jones, IA",26603
"19107","Keokuk, IA",27637
"19109","Kossuth, IA",33435
"19111","Lee, IA",27288
"19113","Linn, IA",34864
"19115","Louisa, IA",27305
"19117","Lucas, IA",25752
"19119","Lyon, IA",30477
"19121","Madison, IA",31305
"19123","Mahaska, IA",28612
"19125","Marion, IA",30235
"19127","Marshall, IA",29673
"19129","Mills, IA",36676
"19131","Mitchell, IA",28340
"19133","Monona, IA",28460
"19135","Monroe, IA",27801
"19137","Montgomery, IA",29797
"19139","Muscatine, IA",32070
"19141","O'Brien, IA",32371
"19143","Osceola, IA",32892
"19145","Page, IA",27813
"19147","Palo Alto, IA",31426
"19149","Plymouth, IA",34792
"19151","Pocahontas, IA",30562
"19153","Polk, IA",38552
"19155","Pottawattamie, IA",30484
"19157","Poweshiek, IA",31413
"19159","Ringgold, IA",25005
"19161","Sac, IA",31569
"19163","Scott, IA",37087
"19165","Shelby, IA",29997
"19167","Sioux, IA",30901
"19169","Story, IA",30556
"19171","Tama, IA",28580
"19173","Taylor, IA",28085
"19175","Union, IA",26156
"19177","Van Buren, IA",23920
"19179","Wapello, IA",26577
"19181","Warren, IA",32503
"19183","Washington, IA",31392
"19185","Wayne, IA",24387
"19187","Webster, IA",28894
"19189","Winnebago, IA",27151
"19191","Winneshiek, IA",30315
"19193","Woodbury, IA",34060
"19195","Worth, IA",25778
"19197","Wright, IA",35351
"20001","Allen, KS",26082
"20003","Anderson, KS",24263
"20005","Atchison, KS",24244
"20007","Barber, KS",30119
"20009","Barton, KS",29935
"20011","Bourbon, KS",30118
"20013","Brown, KS",29337
"20015","Butler, KS",30226
"20017","Chase, KS",28854
"20019","Chautauqua, KS",27806
"20021","Cherokee, KS",22517
"20023","Cheyenne, KS",23084
"20025","Clark, KS",28922
"20027","Clay, KS",30822
"20029","Cloud, KS",25517
"20031","Coffey, KS",31918
"20033","Comanche, KS",31376
"20035","Cowley, KS",26173
"20037","Crawford, KS",25617
"20039","Decatur, KS",30031
"20041","Dickinson, KS",31454
"20043","Doniphan, KS",24383
"20045","Douglas, KS",29191
"20047","Edwards, KS",35239
"20049","Elk, KS",26978
"20051","Ellis, KS",29607
"20053","Ellsworth, KS",26733
"20055","Finney, KS",24704
"20057","Ford, KS",25628
"20059","Franklin, KS",27053
"20061","Geary, KS",32302
"20063","Gove, KS",33710
"20065","Graham, KS",30026
"20067","Grant, KS",29606
"20069","Gray, KS",32042
"20071","Greeley, KS",37121
"20073","Greenwood, KS",27035
"20075","Hamilton, KS",33282
"20077","Harper, KS",33765
"20079","Harvey, KS",28685
"20081","Haskell, KS",40869
"20083","Hodgeman, KS",28805
"20085","Jackson, KS",28843
"20087","Jefferson, KS",26939
"20089","Jewell, KS",27574
"20091","Johnson, KS",44817
"20093","Kearny, KS",29728
"20095","Kingman, KS",28804
"20097","Kiowa, KS",29993
"20099","Labette, KS",27264
"20101","Lane, KS",31001
"20103","Leavenworth, KS",29739
"20105","Lincoln, KS",23953
"20107","Linn, KS",23577
"20109","Logan, KS",32199
"20111","Lyon, KS",24663
"20113","McPherson, KS",33194
"20115","Marion, KS",26845
"20117","Marshall, KS",32332
"20119","Meade, KS",29869
"20121","Miami, KS",31009
"20123","Mitchell, KS",29595
"20125","Montgomery, KS",25971
"20127","Morris, KS",27324
"20129","Morton, KS",35197
"20131","Nemaha, KS",29649
"20133","Neosho, KS",25485
"20135","Ness, KS",31671
"20137","Norton, KS",26519
"20139","Osage, KS",25157
"20141","Osborne, KS",26673
"20143","Ottawa, KS",26558
"20145","Pawnee, KS",27210
"20147","Phillips, KS",29885
"20149","Pottawatomie, KS",30750
"20151","Pratt, KS",29801
"20153","Rawlins, KS",27846
"20155","Reno, KS",27824
"20157","Republic, KS",24535
"20159","Rice, KS",23762
"20161","Riley, KS",28226
"20163","Rooks, KS",26344
"20165","Rush, KS",30717
"20167","Russell, KS",29953
"20169","Saline, KS",31838
"20171","Scott, KS",33502
"20173","Sedgwick, KS",33812
"20175","Seward, KS",24549
"20177","Shawnee, KS",32144
"20179","Sheridan, KS",34453
"20181","Sherman, KS",27248
"20183","Smith, KS",28538
"20185","Stafford, KS",33365
"20187","Stanton, KS",36075
"20189","Stevens, KS",31328
"20191","Sumner, KS",27840
"20193","Thomas, KS",28903
"20195","Trego, KS",25093
"20197","Wabaunsee, KS",27802
"20199","Wallace, KS",28942
"20201","Washington, KS",26612
"20203","Wichita, KS",38099
"20205","Wilson, KS",27558
"20207","Woodson, KS",23278
"20209","Wyandotte, KS",23099
"21001","Adair, KY",19884
"21003","Allen, KY",22128
"21005","Anderson, KY",28096
"21007","Ballard, KY",28892
"21009","Barren, KY",25999
"21011","Bath, KY",20742
"21013","Bell, KY",20698
"21015","Boone, KY",37109
"21017","Bourbon, KY",29322
"21019","Boyd, KY",26962
"21021","Boyle, KY",27421
"21023","Bracken, KY",25130
"21025","Breathitt, KY",20686
"21027","Breckinridge, KY",22391
"21029","Bullitt, KY",26607
"21031","Butler, KY",21952
"21033","Caldwell, KY",26054
"21035","Calloway, KY",26299
"21037","Campbell, KY",32251
"21039","Carlisle, KY",28067
"21041","Carroll, KY",58643
"21043","Carter, KY",20869
"21045","Casey, KY",20714
"21047","Christian, KY",28436
"21049","Clark, KY",29616
"21051","Clay, KY",17756
"21053","Clinton, KY",19943
"21055","Crittenden, KY",24610
"21057","Cumberland, KY",19220
"21059","Daviess, KY",29216
"21061","Edmonson, KY",20420
"21063","Elliott, KY",16720
"21065","Estill, KY",20337
"21067","Fayette, KY",35498
"21069","Fleming, KY",22473
"21071","Floyd, KY",22890
"21073","Franklin, KY",30562
"21075","Fulton, KY",25306
"21077","Gallatin, KY",23177
"21079","Garrard, KY",22164
"21081","Grant, KY",24036
"21083","Graves, KY",25032
"21085","Grayson, KY",21730
"21087","Green, KY",21403
"21089","Greenup, KY",26584
"21091","Hancock, KY",23554
"21093","Hardin, KY",30454
"21095","Harlan, KY",20612
"21097","Harrison, KY",24875
"21099","Hart, KY",20209
"21101","Henderson, KY",29537
"21103","Henry, KY",26585
"21105","Hickman, KY",29398
"21107","Hopkins, KY",26214
"21109","Jackson, KY",18403
"21111","Jefferson, KY",35987
"21113","Jessamine, KY",29714
"21115","Johnson, KY",23954
"21117","Kenton, KY",37090
"21119","Knott, KY",22481
"21121","Knox, KY",20072
"21123","Larue, KY",25131
"21125","Laurel, KY",23642
"21127","Lawrence, KY",19832
"21129","Lee, KY",19158
"21131","Leslie, KY",20740
"21133","Letcher, KY",23132
"21135","Lewis, KY",19983
"21137","Lincoln, KY",20605
"21139","Livingston, KY",26214
"21141","Logan, KY",26142
"21143","Lyon, KY",21613
"21145","McCracken, KY",32620
"21147","McCreary, KY",16549
"21149","McLean, KY",28891
"21151","Madison, KY",24353
"21153","Magoffin, KY",18351
"21155","Marion, KY",23750
"21157","Marshall, KY",27493
"21159","Martin, KY",18719
"21161","Mason, KY",26721
"21163","Meade, KY",22762
"21165","Menifee, KY",18320
"21167","Mercer, KY",26426
"21169","Metcalfe, KY",20090
"21171","Monroe, KY",21303
"21173","Montgomery, KY",24782
"21175","Morgan, KY",17395
"21177","Muhlenberg, KY",22208
"21179","Nelson, KY",28369
"21181","Nicholas, KY",22444
"21183","Ohio, KY",23760
"21185","Oldham, KY",39929
"21187","Owen, KY",21845
"21189","Owsley, KY",18899
"21191","Pendleton, KY",23032
"21193","Perry, KY",25218
"21195","Pike, KY",24368
"21197","Powell, KY",20507
"21199","Pulaski, KY",25313
"21201","Robertson, KY",21442
"21203","Rockcastle, KY",19557
"21205","Rowan, KY",22130
"21207","Russell, KY",21547
"21209","Scott, KY",33447
"21211","Shelby, KY",32468
"21213","Simpson, KY",27233
"21215","Spencer, KY",27841
"21217","Taylor, KY",24190
"21219","Todd, KY",26634
"21221","Trigg, KY",29675
"21223","Trimble, KY",15888
"21225","Union, KY",28947
"21227","Warren, KY",28963
"21229","Washington, KY",25457
"21231","Wayne, KY",20292
"21233","Webster, KY",27714
"21235","Whitley, KY",21817
"21237","Wolfe, KY",18027
"21239","Woodford, KY",39867
"22001","Acadia, LA",24953
"22003","Allen, LA",21151
"22005","Ascension, LA",30790
"22007","Assumption, LA",23938
"22009","Avoyelles, LA",23149
"22011","Beauregard, LA",25858
"22013","Bienville, LA",23222
"22015","Bossier, LA",30315
"22017","Caddo, LA",32807
"22019","Calcasieu, LA",28361
"22021","Caldwell, LA",23190
"22023","Cameron, LA",18769
"22025","Catahoula, LA",23782
"22027","Claiborne, LA",24197
"22029","Concordia, LA",27576
"22031","De Soto, LA",24608
"22033","East Baton Rouge, LA",34705
"22035","East Carroll, LA",19649
"22037","East Feliciana, LA",27666
"22039","Evangeline, LA",22475
"22041","Franklin, LA",22134
"22043","Grant, LA",22888
"22045","Iberia, LA",27419
"22047","Iberville, LA",24433
"22049","Jackson, LA",24180
"22051","Jefferson, LA",33056
"22053","Jefferson Davis, LA",25236
"22055","Lafayette, LA",34913
"22057","Lafourche, LA",29173
"22059","LaSalle, LA",21252
"22061","Lincoln, LA",26439
"22063","Livingston, LA",27608
"22065","Madison, LA",20910
"22067","Morehouse, LA",23306
"22069","Natchitoches, LA",26562
"22071","Orleans, LA",29238
"22073","Ouachita, LA",27372
"22075","Plaquemines, LA",25235
"22077","Pointe Coupee, LA",27225
"22079","Rapides, LA",31666
"22081","Red River, LA",20293
"22083","Richland, LA",24782
"22085","Sabine, LA",23403
"22087","St. Bernard, LA",19572
"22089","St. Charles, LA",31308
"22091","St. Helena, LA",25203
"22093","St. James, LA",26862
"22095","St. John the Baptist, LA",25236
"22097","St. Landry, LA",26761
"22099","St. Martin, LA",22906
"22101","St. Mary, LA",26892
"22103","St. Tammany, LA",37200
"22105","Tangipahoa, LA",26098
"22107","Tensas, LA",25549
"22109","Terrebonne, LA",27830
"22111","Union, LA",25892
"22113","Vermilion, LA",24604
"22115","Vernon, LA",29219
"22117","Washington, LA",22650
"22119","Webster, LA",25663
"22121","West Baton Rouge, LA",26827
"22123","West Carroll, LA",22620
"22125","West Feliciana, LA",21453
"22127","Winn, LA",21945
"23001","Androscoggin, ME",29310
"23003","Aroostook, ME",28003
"23005","Cumberland, ME",39998
"23007","Franklin, ME",26877
"23009","Hancock, ME",34404
"23011","Kennebec, ME",31414
"23013","Knox, ME",35949
"23015","Lincoln, ME",34211
"23017","Oxford, ME",26506
"23019","Penobscot, ME",29089
"23021","Piscataquis, ME",25737
"23023","Sagadahoc, ME",32868
"23025","Somerset, ME",26673
"23027","Waldo, ME",27696
"23029","Washington, ME",27153
"23031","York, ME",34740
"24001","Allegany, MD",28695
"24003","Anne Arundel, MD",47971
"24005","Baltimore, MD",43714
"24009","Calvert, MD",41190
"24011","Caroline, MD",30154
"24013","Carroll, MD",39920
"24015","Cecil, MD",33851
"24017","Charles, MD",39797
"24019","Dorchester, MD",31023
"24021","Frederick, MD",41743
"24023","Garrett, MD",29822
"24025","Harford, MD",39794
"24027","Howard, MD",54305
"24029","Kent, MD",42365
"24031","Montgomery, MD",63941
"24033","Prince George's, MD",34572
"24035","Queen Anne's, MD",43397
"24037","St. Mary's, MD",37723
"24039","Somerset, MD",22385
"24041","Talbot, MD",53235
"24043","Washington, MD",31510
"24045","Wicomico, MD",30883
"24047","Worcester, MD",38509
"24510","Baltimore (Independent City), MD",30661
"25001","Barnstable, MA",45857
"25003","Berkshire, MA",36009
"25005","Bristol, MA",34679
"25007","Dukes, MA",56091
"25009","Essex, MA",44025
"25011","Franklin, MA",34583
"25013","Hampden, MA",33281
"25015","Hampshire, MA",34001
"25017","Middlesex, MA",52357
"25019","Nantucket, MA",72714
"25021","Norfolk, MA",57824
"25023","Plymouth, MA",42142
"25025","Suffolk, MA",47842
"25027","Worcester, MA",37483
"26001","Alcona, MI",23231
"26003","Alger, MI",22403
"26005","Allegan, MI",28246
"26007","Alpena, MI",27670
"26009","Antrim, MI",27364
"26011","Arenac, MI",22748
"26013","Baraga, MI",22103
"26015","Barry, MI",29530
"26017","Bay, MI",28434
"26019","Benzie, MI",26576
"26021","Berrien, MI",31229
"26023","Branch, MI",23245
"26025","Calhoun, MI",28272
"26027","Cass, MI",29201
"26029","Charlevoix, MI",33860
"26031","Cheboygan, MI",24935
"26033","Chippewa, MI",22942
"26035","Clare, MI",22021
"26037","Clinton, MI",32692
"26039","Crawford, MI",20756
"26041","Delta, MI",27132
"26043","Dickinson, MI",30136
"26045","Eaton, MI",28958
"26047","Emmet, MI",35074
"26049","Genesee, MI",27626
"26051","Gladwin, MI",23397
"26053","Gogebic, MI",24166
"26055","Grand Traverse, MI",31966
"26057","Gratiot, MI",24328
"26059","Hillsdale, MI",25707
"26061","Houghton, MI",24192
"26063","Huron, MI",29761
"26065","Ingham, MI",29030
"26067","Ionia, MI",22968
"26069","Iosco, MI",24006
"26071","Iron, MI",26089
"26073","Isabella, MI",24129
"26075","Jackson, MI",27157
"26077","Kalamazoo, MI",32907
"26079","Kalkaska, MI",20374
"26081","Kent, MI",35715
"26083","Keweenaw, MI",27128
"26085","Lake, MI",20137
"26087","Lapeer, MI",28299
"26089","Leelanau, MI",36647
"26091","Lenawee, MI",28364
"26093","Livingston, MI",39038
"26095","Luce, MI",19931
"26097","Mackinac, MI",27740
"26099","Macomb, MI",35159
"26101","Manistee, MI",25644
"26103","Marquette, MI",27071
"26105","Mason, MI",26134
"26107","Mecosta, MI",21111
"26109","Menominee, MI",26155
"26111","Midland, MI",36906
"26113","Missaukee, MI",22467
"26115","Monroe, MI",32201
"26117","Montcalm, MI",24462
"26119","Montmorency, MI",22143
"26121","Muskegon, MI",25319
"26123","Newaygo, MI",23606
"26125","Oakland, MI",51383
"26127","Oceana, MI",23387
"26129","Ogemaw, MI",22007
"26131","Ontonagon, MI",25672
"26133","Osceola, MI",23431
"26135","Oscoda, MI",21631
"26137","Otsego, MI",26918
"26139","Ottawa, MI",32370
"26141","Presque Isle, MI",23697
"26143","Roscommon, MI",23914
"26145","Saginaw, MI",27041
"26147","St. Clair, MI",29998
"26149","St. Joseph, MI",25530
"26151","Sanilac, MI",25689
"26153","Schoolcraft, MI",24307
"26155","Shiawassee, MI",26082
"26157","Tuscola, MI",23433
"26159","Van Buren, MI",26833
"26161","Washtenaw, MI",40672
"26163","Wayne, MI",29577
"26165","Wexford, MI",25324
"27001","Aitkin, MN",24246
"27003","Anoka, MN",35815
"27005","Becker, MN",28380
"27007","Beltrami, MN",24649
"27009","Benton, MN",30843
"27011","Big Stone, MN",30051
"27013","Blue Earth, MN",32308
"27015","Brown, MN",32235
"27017","Carlton, MN",27219
"27019","Carver, MN",44438
"27021","Cass, MN",29091
"27023","Chippewa, MN",31600
"27025","Chisago, MN",31800
"27027","Clay, MN",27699
"27029","Clearwater, MN",22424
"27031","Cook, MN",33613
"27033","Cottonwood, MN",30728
"27035","Crow Wing, MN",29093
"27037","Dakota, MN",42630
"27039","Dodge, MN",31657
"27041","Douglas, MN",30583
"27043","Faribault, MN",35591
"27045","Fillmore, MN",29381
"27047","Freeborn, MN",28563
"27049","Goodhue, MN",33633
"27051","Grant, MN",27940
"27053","Hennepin, MN",49738
"27055","Houston, MN",33086
"27057","Hubbard, MN",38588
"27059","Isanti, MN",28952
"27061","Itasca, MN",26110
"27063","Jackson, MN",33883
"27065","Kanabec, MN",24589
"27067","Kandiyohi, MN",32564
"27069","Kittson, MN",28618
"27071","Koochiching, MN",29230
"27073","Lac qui Parle, MN",31962
"27075","Lake, MN",31530
"27077","Lake of the Woods, MN",27422
"27079","Le Sueur, MN",29736
"27081","Lincoln, MN",30032
"27083","Lyon, MN",33074
"27085","McLeod, MN",31400
"27087","Mahnomen, MN",23132
"27089","Marshall, MN",27823
"27091","Martin, MN",33797
"27093","Meeker, MN",29064
"27095","Mille Lacs, MN",26048
"27097","Morrison, MN",26688
"27099","Mower, MN",30535
"27101","Murray, MN",34135
"27103","Nicollet, MN",32602
"27105","Nobles, MN",30927
"27107","Norman, MN",30730
"27109","Olmsted, MN",37814
"27111","Otter Tail, MN",28034
"27113","Pennington, MN",30841
"27115","Pine, MN",23448
"27117","Pipestone, MN",32093
"27119","Polk, MN",28667
"27121","Pope, MN",29862
"27123","Ramsey, MN",38998
"27125","Red Lake, MN",25965
"27127","Redwood, MN",32898
"27129","Renville, MN",30366
"27131","Rice, MN",28437
"27133","Rock, MN",34197
"27135","Roseau, MN",33066
"27137","St. Louis, MN",30022
"27139","Scott, MN",39269
"27141","Sherburne, MN",31609
"27143","Sibley, MN",31215
"27145","Stearns, MN",29681
"27147","Steele, MN",31064
"27149","Stevens, MN",34021
"27151","Swift, MN",30906
"27153","Todd, MN",24468
"27155","Traverse, MN",29820
"27157","Wabasha, MN",32241
"27159","Wadena, MN",23696
"27161","Waseca, MN",29435
"27163","Washington, MN",44172
"27165","Watonwan, MN",30448
"27167","Wilkin, MN",31700
"27169","Winona, MN",29689
"27171","Wright, MN",33272
"27173","Yellow Medicine, MN",32654
"28001","Adams, MS",24351
"28003","Alcorn, MS",23159
"28005","Amite, MS",20445
"28007","Attala, MS",22076
"28009","Benton, MS",20007
"28011","Bolivar, MS",23595
"28013","Calhoun, MS",22291
"28015","Carroll, MS",22844
"28017","Chickasaw, MS",23504
"28019","Choctaw, MS",20822
"28021","Claiborne, MS",20504
"28023","Clarke, MS",21550
"28025","Clay, MS",25611
"28027","Coahoma, MS",24858
"28029","Copiah, MS",21951
"28031","Covington, MS",25003
"28033","DeSoto, MS",30199
"28035","Forrest, MS",25934
"28037","Franklin, MS",22115
"28039","George, MS",23440
"28041","Greene, MS",17647
"28043","Grenada, MS",26272
"28045","Hancock, MS",27119
"28047","Harrison, MS",28957
"28049","Hinds, MS",29424
"28051","Holmes, MS",19739
"28053","Humphreys, MS",21884
"28055","Issaquena, MS",25160
"28057","Itawamba, MS",23430
"28059","Jackson, MS",27660
"28061","Jasper, MS",22753
"28063","Jefferson, MS",19979
"28065","Jefferson Davis, MS",19804
"28067","Jones, MS",27160
"28069","Kemper, MS",19022
"28071","Lafayette, MS",28158
"28073","Lamar, MS",26540
"28075","Lauderdale, MS",27429
"28077","Lawrence, MS",25709
"28079","Leake, MS",21376
"28081","Lee, MS",29298
"28083","Leflore, MS",24521
"28085","Lincoln, MS",26612
"28087","Lowndes, MS",26123
"28089","Madison, MS",47026
"28091","Marion, MS",22548
"28093","Marshall, MS",21439
"28095","Monroe, MS",24332
"28097","Montgomery, MS",22582
"28099","Neshoba, MS",28938
"28101","Newton, MS",24140
"28103","Noxubee, MS",21801
"28105","Oktibbeha, MS",24095
"28107","Panola, MS",22136
"28109","Pearl River, MS",25098
"28111","Perry, MS",22230
"28113","Pike, MS",23615
"28115","Pontotoc, MS",25239
"28117","Prentiss, MS",20653
"28119","Quitman, MS",22616
"28121","Rankin, MS",31706
"28123","Scott, MS",22506
"28125","Sharkey, MS",23703
"28127","Simpson, MS",25283
"28129","Smith, MS",26615
"28131","Stone, MS",25830
"28133","Sunflower, MS",20095
"28135","Tallahatchie, MS",21928
"28137","Tate, MS",25208
"28139","Tippah, MS",23193
"28141","Tishomingo, MS",20942
"28143","Tunica, MS",23743
"28145","Union, MS",22420
"28147","Walthall, MS",21359
"28149","Warren, MS",30049
"28151","Washington, MS",24161
"28153","Wayne, MS",23448
"28155","Webster, MS",24050
"28157","Wilkinson, MS",19307
"28159","Winston, MS",23103
"28161","Yalobusha, MS",22370
"28163","Yazoo, MS",21633
"29001","Adair, MO",23428
"29003","Andrew, MO",29907
"29005","Atchison, MO",29170
"29007","Audrain, MO",25440
"29009","Barry, MO",25127
"29011","Barton, MO",26360
"29013","Bates, MO",25289
"29015","Benton, MO",23075
"29017","Bollinger, MO",21991
"29019","Boone, MO",32909
"29021","Buchanan, MO",28048
"29023","Butler, MO",27096
"29025","Caldwell, MO",24436
"29027","Callaway, MO",26543
"29029","Camden, MO",28228
"29031","Cape Girardeau, MO",31291
"29033","Carroll, MO",28523
"29035","Carter, MO",23698
"29037","Cass, MO",32092
"29039","Cedar, MO",21471
"29041","Chariton, MO",29127
"29043","Christian, MO",27681
"29045","Clark, MO",22853
"29047","Clay, MO",34669
"29049","Clinton, MO",29008
"29051","Cole, MO",33355
"29053","Cooper, MO",24758
"29055","Crawford, MO",23957
"29057","Dade, MO",24300
"29059","Dallas, MO",23553
"29061","Daviess, MO",24700
"29063","DeKalb, MO",18565
"29065","Dent, MO",23425
"29067","Douglas, MO",19694
"29069","Dunklin, MO",25936
"29071","Franklin, MO",30457
"29073","Gasconade, MO",26439
"29075","Gentry, MO",27224
"29077","Greene, MO",32633
"29079","Grundy, MO",24265
"29081","Harrison, MO",27819
"29083","Henry, MO",27808
"29085","Hickory, MO",18841
"29087","Holt, MO",30114
"29089","Howard, MO",26276
"29091","Howell, MO",24334
"29093","Iron, MO",21217
"29095","Jackson, MO",31837
"29097","Jasper, MO",27185
"29099","Jefferson, MO",28797
"29101","Johnson, MO",25447
"29103","Knox, MO",24504
"29105","Laclede, MO",25221
"29107","Lafayette, MO",28586
"29109","Lawrence, MO",22675
"29111","Lewis, MO",22274
"29113","Lincoln, MO",28253
"29115","Linn, MO",25675
"29117","Livingston, MO",25905
"29119","McDonald, MO",20916
"29121","Macon, MO",26270
"29123","Madison, MO",24028
"29125","Maries, MO",22736
"29127","Marion, MO",26222
"29129","Mercer, MO",24300
"29131","Miller, MO",23058
"29133","Mississippi, MO",22443
"29135","Moniteau, MO",24127
"29137","Monroe, MO",24447
"29139","Montgomery, MO",25437
"29141","Morgan, MO",26491
"29143","New Madrid, MO",24830
"29145","Newton, MO",26496
"29147","Nodaway, MO",23733
"29149","Oregon, MO",20552
"29151","Osage, MO",29765
"29153","Ozark, MO",21050
"29155","Pemiscot, MO",24780
"29157","Perry, MO",26599
"29159","Pettis, MO",25989
"29161","Phelps, MO",26559
"29163","Pike, MO",21809
"29165","Platte, MO",37831
"29167","Polk, MO",23080
"29169","Pulaski, MO",30715
"29171","Putnam, MO",22020
"29173","Ralls, MO",30781
"29175","Randolph, MO",26872
"29177","Ray, MO",26908
"29179","Reynolds, MO",22047
"29181","Ripley, MO",22378
"29183","St. Charles, MO",38193
"29185","St. Clair, MO",22397
"29186","Ste. Genevieve, MO",24913
"29187","St. Francois, MO",23485
"29189","St. Louis, MO",47672
"29195","Saline, MO",27348
"29197","Schuyler, MO",20044
"29199","Scotland, MO",24665
"29201","Scott, MO",27926
"29203","Shannon, MO",20322
"29205","Shelby, MO",24292
"29207","Stoddard, MO",27464
"29209","Stone, MO",24534
"29211","Sullivan, MO",24723
"29213","Taney, MO",25437
"29215","Texas, MO",20147
"29217","Vernon, MO",24298
"29219","Warren, MO",28606
"29221","Washington, MO",20008
"29223","Wayne, MO",20777
"29225","Webster, MO",23379
"29227","Worth, MO",24954
"29229","Wright, MO",20536
"29510","St. Louis (Independent City), MO",28561
"30001","Beaverhead, MT",27094
"30003","Big Horn, MT",22025
"30005","Blaine, MT",21688
"30007","Broadwater, MT",25308
"30009","Carbon, MT",31548
"30011","Carter, MT",28185
"30013","Cascade, MT",30856
"30015","Chouteau, MT",25062
"30017","Custer, MT",27771
"30019","Daniels, MT",30719
"30021","Dawson, MT",26043
"30023","Deer Lodge, MT",23924
"30025","Fallon, MT",33053
"30027","Fergus, MT",27430
"30029","Flathead, MT",30978
"30031","Gallatin, MT",33967
"30033","Garfield, MT",29214
"30035","Glacier, MT",24231
"30037","Golden Valley, MT",27058
"30039","Granite, MT",23992
"30041","Hill, MT",30872
"30043","Jefferson, MT",30283
"30045","Judith Basin, MT",24755
"30047","Lake, MT",23477
"30049","Lewis and Clark, MT",32975
"30051","Liberty, MT",23645
"30053","Lincoln, MT",21793
"30055","McCone, MT",25373
"30057","Madison, MT",30078
"30059","Meagher, MT",27167
"30061","Mineral, MT",22669
"30063","Missoula, MT",30023
"30065","Musselshell, MT",24074
"30067","Park, MT",28728
"30069","Petroleum, MT",22919
"30071","Phillips, MT",26191
"30073","Pondera, MT",28103
"30075","Powder River, MT",22655
"30077","Powell, MT",21001
"30079","Prairie, MT",30701
"30081","Ravalli, MT",26525
"30083","Richland, MT",30758
"30085","Roosevelt, MT",21691
"30087","Rosebud, MT",28665
"30089","Sanders, MT",21085
"30091","Sheridan, MT",28612
"30093","Silver Bow, MT",34307
"30095","Stillwater, MT",28848
"30097","Sweet Grass, MT",28349
"30099","Teton, MT",30262
"30101","Toole, MT",29159
"30103","Treasure, MT",26223
"30105","Valley, MT",30715
"30107","Wheatland, MT",22521
"30109","Wibaux, MT",25161
"30111","Yellowstone, MT",32585
"31001","Adams, NE",30833
"31003","Antelope, NE",30616
"31005","Arthur, NE",27397
"31007","Banner, NE",41237
"31009","Blaine, NE",32642
"31011","Boone, NE",32347
"31013","Box Butte, NE",29977
"31015","Boyd, NE",27131
"31017","Brown, NE",29701
"31019","Buffalo, NE",30515
"31021","Burt, NE",28391
"31023","Butler, NE",28422
"31025","Cass, NE",33522
"31027","Cedar, NE",29633
"31029","Chase, NE",32608
"31031","Cherry, NE",29188
"31033","Cheyenne, NE",32488
"31035","Clay, NE",31540
"31037","Colfax, NE",28630
"31039","Cuming, NE",37269
"31041","Custer, NE",27513
"31043","Dakota, NE",23957
"31045","Dawes, NE",23877
"31047","Dawson, NE",26120
"31049","Deuel, NE",26819
"31051","Dixon, NE",26927
"31053","Dodge, NE",29794
"31055","Douglas, NE",40869
"31057","Dundy, NE",35749
"31059","Fillmore, NE",35101
"31061","Franklin, NE",30402
"31063","Frontier, NE",29397
"31065","Furnas, NE",29223
"31067","Gage, NE",31668
"31069","Garden, NE",32450
"31071","Garfield, NE",27590
"31073","Gosper, NE",30460
"31075","Grant, NE",27488
"31077","Greeley, NE",26818
"31079","Hall, NE",29797
"31081","Hamilton, NE",31058
"31083","Harlan, NE",27019
"31085","Hayes, NE",32211
"31087","Hitchcock, NE",26719
"31089","Holt, NE",29509
"31091","Hooker, NE",26391
"31093","Howard, NE",28627
"31095","Jefferson, NE",29714
"31097","Johnson, NE",24787
"31099","Kearney, NE",35876
"31101","Keith, NE",26993
"31103","Keya Paha, NE",28072
"31105","Kimball, NE",31113
"31107","Knox, NE",27976
"31109","Lancaster, NE",34212
"31111","Lincoln, NE",31255
"31113","Logan, NE",29858
"31115","Loup, NE",27979
"31117","McPherson, NE",25280
"31119","Madison, NE",30384
"31121","Merrick, NE",27352
"31123","Morrill, NE",32918
"31125","Nance, NE",29208
"31127","Nemaha, NE",32545
"31129","Nuckolls, NE",28202
"31131","Otoe, NE",30296
"31133","Pawnee, NE",29327
"31135","Perkins, NE",29609
"31137","Phelps, NE",33963
"31139","Pierce, NE",31207
"31141","Platte, NE",29343
"31143","Polk, NE",33141
"31145","Red Willow, NE",28811
"31147","Richardson, NE",29807
"31149","Rock, NE",28621
"31151","Saline, NE",28169
"31153","Sarpy, NE",36263
"31155","Saunders, NE",30627
"31157","Scotts Bluff, NE",27996
"31159","Seward, NE",31231
"31161","Sheridan, NE",29370
"31163","Sherman, NE",28299
"31165","Sioux, NE",25519
"31167","Stanton, NE",26017
"31169","Thayer, NE",30517
"31171","Thomas, NE",28107
"31173","Thurston, NE",27265
"31175","Valley, NE",29377
"31177","Washington, NE",35239
"31179","Wayne, NE",27573
"31181","Webster, NE",28741
"31183","Wheeler, NE",42879
"31185","York, NE",31588
"32001","Churchill, NV",31065
"32003","Clark, NV",38368
"32005","Douglas, NV",53149
"32007","Elko, NV",31792
"32009","Esmeralda, NV",29590
"32011","Eureka, NV",27540
"32013","Humboldt, NV",31044
"32015","Lander, NV",33612
"32017","Lincoln, NV",22234
"32019","Lyon, NV",27596
"32021","Mineral, NV",26981
"32023","Nye, NV",31043
"32027","Pershing, NV",19686
"32029","Storey, NV",34409
"32031","Washoe, NV",44752
"32033","White Pine, NV",32629
"32510","Carson City (Independent City), NV",24103
"33001","Belknap, NH",37852
"33003","Carroll, NH",38610
"33005","Cheshire, NH",34054
"33007","Coos, NH",30132
"33009","Grafton, NH",40026
"33011","Hillsborough, NH",42529
"33013","Merrimack, NH",42167
"33015","Rockingham, NH",46753
"33017","Strafford, NH",32622
"33019","Sullivan, NH",34725
"34001","Atlantic, NJ",33187
"34003","Bergen, NJ",58573
"34005","Burlington, NJ",41575
"34007","Camden, NJ",36711
"34009","Cape May, NJ",41433
"34011","Cumberland, NJ",28576
"34013","Essex, NJ",45695
"34015","Gloucester, NJ",36457
"34017","Hudson, NJ",37150
"34019","Hunterdon, NJ",62995
"34021","Mercer, NJ",48025
"34023","Middlesex, NJ",40967
"34025","Monmouth, NJ",52492
"34027","Morris, NJ",63201
"34029","Ocean, NJ",36377
"34031","Passaic, NJ",36101
"34033","Salem, NJ",33753
"34035","Somerset, NJ",61462
"34037","Sussex, NJ",44097
"34039","Union, NJ",47303
"34041","Warren, NJ",38994
"35001","Bernalillo, NM",32252
"35003","Catron, NM",23221
"35005","Chaves, NM",25382
"35006","Cibola, NM*",19826
"35007","Colfax, NM",26113
"35009","Curry, NM",28451
"35011","De Baca, NM",26719
"35013","Doa Ana, NM",25271
"35015","Eddy, NM",30455
"35017","Grant, NM",24835
"35019","Guadalupe, NM",18207
"35021","Harding, NM",34197
"35023","Hidalgo, NM",21708
"35025","Lea, NM",26415
"35027","Lincoln, NM",26129
"35028","Los Alamos, NM",64602
"35029","Luna, NM",21423
"35031","McKinley, NM",19997
"35033","Mora, NM",20994
"35035","Otero, NM",23926
"35037","Quay, NM",25803
"35039","Rio Arriba, NM",24317
"35041","Roosevelt, NM",25083
"35043","Sandoval, NM",30527
"35045","San Juan, NM",24777
"35047","San Miguel, NM",22783
"35049","Santa Fe, NM",37963
"35051","Sierra, NM",22838
"35053","Socorro, NM",22761
"35055","Taos, NM",25248
"35057","Torrance, NM",22403
"35059","Union, NM",31144
"35061","Valencia, NM*",24430
"36001","Albany, NY",38225
"36003","Allegany, NY",23004
"36005","Bronx, NY",24805
"36007","Broome, NY",28727
"36009","Cattaraugus, NY",26604
"36011","Cayuga, NY",27381
"36013","Chautauqua, NY",25666
"36015","Chemung, NY",28896
"36017","Chenango, NY",26115
"36019","Clinton, NY",28686
"36021","Columbia, NY",34511
"36023","Cortland, NY",25373
"36025","Delaware, NY",25971
"36027","Dutchess, NY",37410
"36029","Erie, NY",32718
"36031","Essex, NY",27769
"36033","Franklin, NY",24635
"36035","Fulton, NY",27737
"36037","Genesee, NY",28858
"36039","Greene, NY",29774
"36041","Hamilton, NY",31304
"36043","Herkimer, NY",26902
"36045","Jefferson, NY",31214
"36047","Kings, NY",29939
"36049","Lewis, NY",26960
"36051","Livingston, NY",27166
"36053","Madison, NY",28683
"36055","Monroe, NY",35202
"36057","Montgomery, NY",29664
"36059","Nassau, NY",57566
"36061","New York, NY",97093
"36063","Niagara, NY",29457
"36065","Oneida, NY",29127
"36067","Onondaga, NY",34216
"36069","Ontario, NY",33132
"36071","Orange, NY",34995
"36073","Orleans, NY",25728
"36075","Oswego, NY",25664
"36077","Otsego, NY",27157
"36079","Putnam, NY",45742
"36081","Queens, NY",32629
"36083","Rensselaer, NY",32314
"36085","Richmond, NY",38466
"36087","Rockland, NY",43438
"36089","St. Lawrence, NY",24072
"36091","Saratoga, NY",40891
"36093","Schenectady, NY",39134
"36095","Schoharie, NY",27303
"36097","Schuyler, NY",26369
"36099","Seneca, NY",25708
"36101","Steuben, NY",28176
"36103","Suffolk, NY",43250
"36105","Sullivan, NY",30326
"36107","Tioga, NY",28397
"36109","Tompkins, NY",29288
"36111","Ulster, NY",31476
"36113","Warren, NY",33142
"36115","Washington, NY",25950
"36117","Wayne, NY",28809
"36119","Westchester, NY",68509
"36121","Wyoming, NY",26728
"36123","Yates, NY",26394
"37001","Alamance, NC",28796
"37003","Alexander, NC",26101
"37005","Alleghany, NC",26784
"37007","Anson, NC",23720
"37009","Ashe, NC",24745
"37011","Avery, NC",24195
"37013","Beaufort, NC",27953
"37015","Bertie, NC",23919
"37017","Bladen, NC",24164
"37019","Brunswick, NC",30991
"37021","Buncombe, NC",31420
"37023","Burke, NC",25455
"37025","Cabarrus, NC",32227
"37027","Caldwell, NC",26061
"37029","Camden, NC",30391
"37031","Carteret, NC",32996
"37033","Caswell, NC",21845
"37035","Catawba, NC",31039
"37037","Chatham, NC",40024
"37039","Cherokee, NC",22478
"37041","Chowan, NC",29206
"37043","Clay, NC",25376
"37045","Cleveland, NC",26383
"37047","Columbus, NC",25342
"37049","Craven, NC",32480
"37051","Cumberland, NC",30299
"37053","Currituck, NC",31565
"37055","Dare, NC",38046
"37057","Davidson, NC",28164
"37059","Davie, NC",32647
"37061","Duplin, NC",23402
"37063","Durham, NC",34299
"37065","Edgecombe, NC",25492
"37067","Forsyth, NC",36666
"37069","Franklin, NC",25958
"37071","Gaston, NC",29796
"37073","Gates, NC",26719
"37075","Graham, NC",21770
"37077","Granville, NC",25053
"37079","Greene, NC",19696
"37081","Guilford, NC",34501
"37083","Halifax, NC",24833
"37085","Harnett, NC",26063
"37087","Haywood, NC",26899
"37089","Henderson, NC",31954
"37091","Hertford, NC",23448
"37093","Hoke, NC",22468
"37095","Hyde, NC",24780
"37097","Iredell, NC",34808
"37099","Jackson, NC",25644
"37101","Johnston, NC",29504
"37103","Jones, NC",29042
"37105","Lee, NC",30737
"37107","Lenoir, NC",27427
"37109","Lincoln, NC",28069
"37111","McDowell, NC",23356
"37113","Macon, NC",27991
"37115","Madison, NC",23416
"37117","Martin, NC",26191
"37119","Mecklenburg, NC",44291
"37121","Mitchell, NC",23749
"37123","Montgomery, NC",26402
"37125","Moore, NC",36992
"37127","Nash, NC",29410
"37129","New Hanover, NC",33643
"37131","Northampton, NC",26378
"37133","Onslow, NC",32569
"37135","Orange, NC",44050
"37137","Pamlico, NC",28076
"37139","Pasquotank, NC",28115
"37141","Pender, NC",27499
"37143","Perquimans, NC",30482
"37145","Person, NC",27730
"37147","Pitt, NC",29050
"37149","Polk, NC",33770
"37151","Randolph, NC",27085
"37153","Richmond, NC",23468
"37155","Robeson, NC",21622
"37157","Rockingham, NC",26884
"37159","Rowan, NC",28292
"37161","Rutherford, NC",23527
"37163","Sampson, NC",27323
"37165","Scotland, NC",25051
"37167","Stanly, NC",26525
"37169","Stokes, NC",24546
"37171","Surry, NC",26488
"37173","Swain, NC",23226
"37175","Transylvania, NC",27702
"37177","Tyrrell, NC",21748
"37179","Union, NC",32893
"37181","Vance, NC",25075
"37183","Wake, NC",41854
"37185","Warren, NC",20092
"37187","Washington, NC",25196
"37189","Watauga, NC",27414
"37191","Wayne, NC",27415
"37193","Wilkes, NC",27699
"37195","Wilson, NC",29846
"37197","Yadkin, NC",26530
"37199","Yancey, NC",23523
"38001","Adams, ND",32829
"38003","Barnes, ND",29492
"38005","Benson, ND",22633
"38007","Billings, ND",38423
"38009","Bottineau, ND",28858
"38011","Bowman, ND",37258
"38013","Burke, ND",32975
"38015","Burleigh, ND",34427
"38017","Cass, ND",35121
"38019","Cavalier, ND",28735
"38021","Dickey, ND",31568
"38023","Divide, ND",33966
"38025","Dunn, ND",28707
"38027","Eddy, ND",28026
"38029","Emmons, ND",29811
"38031","Foster, ND",30092
"38033","Golden Valley, ND",25469
"38035","Grand Forks, ND",30080
"38037","Grant, ND",29254
"38039","Griggs, ND",28145
"38041","Hettinger, ND",31028
"38043","Kidder, ND",33096
"38045","LaMoure, ND",34742
"38047","Logan, ND",33008
"38049","McHenry, ND",26899
"38051","McIntosh, ND",31303
"38053","McKenzie, ND",28245
"38055","McLean, ND",31033
"38057","Mercer, ND",31471
"38059","Morton, ND",29189
"38061","Mountrail, ND",26515
"38063","Nelson, ND",29487
"38065","Oliver, ND",29745
"38067","Pembina, ND",32569
"38069","Pierce, ND",25406
"38071","Ramsey, ND",29573
"38073","Ransom, ND",30904
"38075","Renville, ND",29962
"38077","Richland, ND",28547
"38079","Rolette, ND",23026
"38081","Sargent, ND",40889
"38083","Sheridan, ND",26660
"38085","Sioux, ND",18710
"38087","Slope, ND",31896
"38089","Stark, ND",29839
"38091","Steele, ND",22070
"38093","Stutsman, ND",29825
"38095","Towner, ND",32750
"38097","Traill, ND",28426
"38099","Walsh, ND",28767
"38101","Ward, ND",32441
"38103","Wells, ND",32359
"38105","Williams, ND",30950
"39001","Adams, OH",22316
"39003","Allen, OH",28400
"39005","Ashland, OH",26086
"39007","Ashtabula, OH",25784
"39009","Athens, OH",22180
"39011","Auglaize, OH",30523
"39013","Belmont, OH",26216
"39015","Brown, OH",24421
"39017","Butler, OH",32603
"39019","Carroll, OH",25255
"39021","Champaign, OH",27166
"39023","Clark, OH",27862
"39025","Clermont, OH",33648
"39027","Clinton, OH",30103
"39029","Columbiana, OH",25274
"39031","Coshocton, OH",24239
"39033","Crawford, OH",26364
"39035","Cuyahoga, OH",35922
"39037","Darke, OH",26984
"39039","Defiance, OH",28166
"39041","Delaware, OH",52204
"39043","Erie, OH",42007
"39045","Fairfield, OH",31410
"39047","Fayette, OH",25644
"39049","Franklin, OH",35339
"39051","Fulton, OH",31072
"39053","Gallia, OH",27237
"39055","Geauga, OH",46241
"39057","Greene, OH",34964
"39059","Guernsey, OH",24832
"39061","Hamilton, OH",40150
"39063","Hancock, OH",32201
"39065","Hardin, OH",24089
"39067","Harrison, OH",24547
"39069","Henry, OH",29371
"39071","Highland, OH",25100
"39073","Hocking, OH",23765
"39075","Holmes, OH",23634
"39077","Huron, OH",27030
"39079","Jackson, OH",24738
"39081","Jefferson, OH",25126
"39083","Knox, OH",27374
"39085","Lake, OH",34926
"39087","Lawrence, OH",24053
"39089","Licking, OH",29793
"39091","Logan, OH",28061
"39093","Lorain, OH",30810
"39095","Lucas, OH",31553
"39097","Madison, OH",29846
"39099","Mahoning, OH",31168
"39101","Marion, OH",25295
"39103","Medina, OH",37144
"39105","Meigs, OH",20794
"39107","Mercer, OH",29455
"39109","Miami, OH",30724
"39111","Monroe, OH",18496
"39113","Montgomery, OH",32481
"39115","Morgan, OH",20216
"39117","Morrow, OH",25208
"39119","Muskingum, OH",27184
"39121","Noble, OH",20027
"39123","Ottawa, OH",33524
"39125","Paulding, OH",26067
"39127","Perry, OH",23453
"39129","Pickaway, OH",25799
"39131","Pike, OH",21714
"39133","Portage, OH",30742
"39135","Preble, OH",27033
"39137","Putnam, OH",33181
"39139","Richland, OH",27682
"39141","Ross, OH",25364
"39143","Sandusky, OH",27842
"39145","Scioto, OH",23776
"39147","Seneca, OH",26713
"39149","Shelby, OH",29430
"39151","Stark, OH",30527
"39153","Summit, OH",34685
"39155","Trumbull, OH",28499
"39157","Tuscarawas, OH",27825
"39159","Union, OH",31368
"39161","Van Wert, OH",27192
"39163","Vinton, OH",21105
"39165","Warren, OH",37906
"39167","Washington, OH",25923
"39169","Wayne, OH",28887
"39171","Williams, OH",27402
"39173","Wood, OH",30901
"39175","Wyandot, OH",29843
"40001","Adair, OK",19079
"40003","Alfalfa, OK",23171
"40005","Atoka, OK",19729
"40007","Beaver, OK",29364
"40009","Beckham, OK",25933
"40011","Blaine, OK",21319
"40013","Bryan, OK",23531
"40015","Caddo, OK",21264
"40017","Canadian, OK",29495
"40019","Carter, OK",28236
"40021","Cherokee, OK",20745
"40023","Choctaw, OK",21253
"40025","Cimarron, OK",30256
"40027","Cleveland, OK",30814
"40029","Coal, OK",19165
"40031","Comanche, OK",28479
"40033","Cotton, OK",29179
"40035","Craig, OK",23039
"40037","Creek, OK",26055
"40039","Custer, OK",25942
"40041","Delaware, OK",22792
"40043","Dewey, OK",27546
"40045","Ellis, OK",29068
"40047","Garfield, OK",31219
"40049","Garvin, OK",25936
"40051","Grady, OK",25891
"40053","Grant, OK",29779
"40055","Greer, OK",20673
"40057","Harmon, OK",24142
"40059","Harper, OK",35533
"40061","Haskell, OK",23715
"40063","Hughes, OK",21273
"40065","Jackson, OK",28914
"40067","Jefferson, OK",24379
"40069","Johnston, OK",23640
"40071","Kay, OK",25608
"40073","Kingfisher, OK",29130
"40075","Kiowa, OK",24563
"40077","Latimer, OK",23074
"40079","Le Flore, OK",22044
"40081","Lincoln, OK",22124
"40083","Logan, OK",27576
"40085","Love, OK",22350
"40087","McClain, OK",27781
"40089","McCurtain, OK",22276
"40091","McIntosh, OK",21269
"40093","Major, OK",27022
"40095","Marshall, OK",23372
"40097","Mayes, OK",23134
"40099","Murray, OK",24979
"40101","Muskogee, OK",25222
"40103","Noble, OK",25949
"40105","Nowata, OK",21868
"40107","Okfuskee, OK",19612
"40109","Oklahoma, OK",36829
"40111","Okmulgee, OK",22428
"40113","Osage, OK",24181
"40115","Ottawa, OK",24103
"40117","Pawnee, OK",22991
"40119","Payne, OK",24840
"40121","Pittsburg, OK",25184
"40123","Pontotoc, OK",27089
"40125","Pottawatomie, OK",27686
"40127","Pushmataha, OK",21112
"40129","Roger Mills, OK",31394
"40131","Rogers, OK",26649
"40133","Seminole, OK",22191
"40135","Sequoyah, OK",21332
"40137","Stephens, OK",28738
"40139","Texas, OK",30845
"40141","Tillman, OK",23013
"40143","Tulsa, OK",41293
"40145","Wagoner, OK",26157
"40147","Washington, OK",65626
"40149","Washita, OK",24575
"40151","Woods, OK",24489
"40153","Woodward, OK",28589
"41001","Baker, OR",23982
"41003","Benton, OR",33365
"41005","Clackamas, OR",39162
"41007","Clatsop, OR",29324
"41009","Columbia, OR",28746
"41011","Coos, OR",27396
"41013","Crook, OR",25710
"41015","Curry, OR",28595
"41017","Deschutes, OR",33336
"41019","Douglas, OR",27061
"41021","Gilliam, OR",24910
"41023","Grant, OR",24779
"41025","Harney, OR",25272
"41027","Hood River, OR",29417
"41029","Jackson, OR",30732
"41031","Jefferson, OR",23733
"41033","Josephine, OR",27113
"41035","Klamath, OR",27213
"41037","Lake, OR",24040
"41039","Lane, OR",30730
"41041","Lincoln, OR",29361
"41043","Linn, OR",27296
"41045","Malheur, OR",20497
"41047","Marion, OR",27239
"41049","Morrow, OR",26326
"41051","Multnomah, OR",36217
"41053","Polk, OR",29024
"41055","Sherman, OR",27005
"41057","Tillamook, OR",28052
"41059","Umatilla, OR",24852
"41061","Union, OR",26751
"41063","Wallowa, OR",27657
"41065","Wasco, OR",27104
"41067","Washington, OR",37510
"41069","Wheeler, OR",27762
"41071","Yamhill, OR",30706
"42001","Adams, PA",32190
"42003","Allegheny, PA",39253
"42005","Armstrong, PA",28637
"42007","Beaver, PA",30049
"42009","Bedford, PA",23963
"42011","Berks, PA",32871
"42013","Blair, PA",29834
"42015","Bradford, PA",26283
"42017","Bucks, PA",46399
"42019","Butler, PA",35011
"42021","Cambria, PA",27983
"42023","Cameron, PA",29547
"42025","Carbon, PA",31388
"42027","Centre, PA",30707
"42029","Chester, PA",58210
"42031","Clarion, PA",29636
"42033","Clearfield, PA",28033
"42035","Clinton, PA",24602
"42037","Columbia, PA",27551
"42039","Crawford, PA",26042
"42041","Cumberland, PA",38534
"42043","Dauphin, PA",35496
"42045","Delaware, PA",42964
"42047","Elk, PA",31164
"42049","Erie, PA",29400
"42051","Fayette, PA",26325
"42053","Forest, PA",19248
"42055","Franklin, PA",31605
"42057","Fulton, PA",28142
"42059","Greene, PA",23941
"42061","Huntingdon, PA",24681
"42063","Indiana, PA",28059
"42065","Jefferson, PA",27993
"42067","Juniata, PA",29030
"42069","Lackawanna, PA",32158
"42071","Lancaster, PA",34792
"42073","Lawrence, PA",27082
"42075","Lebanon, PA",32476
"42077","Lehigh, PA",38013
"42079","Luzerne, PA",30998
"42081","Lycoming, PA",28303
"42083","McKean, PA",27978
"42085","Mercer, PA",28089
"42087","Mifflin, PA",25474
"42089","Monroe, PA",29415
"42091","Montgomery, PA",56518
"42093","Montour, PA",32047
"42095","Northampton, PA",36683
"42097","Northumberland, PA",27876
"42099","Perry, PA",29508
"42101","Philadelphia, PA",30628
"42103","Pike, PA",31914
"42105","Potter, PA",96019
"42107","Schuylkill, PA",28282
"42109","Snyder, PA",29547
"42111","Somerset, PA",26259
"42113","Sullivan, PA",25981
"42115","Susquehanna, PA",27124
"42117","Tioga, PA",24332
"42119","Union, PA",28252
"42121","Venango, PA",28684
"42123","Warren, PA",30427
"42125","Washington, PA",34224
"42127","Wayne, PA",28510
"42129","Westmoreland, PA",33920
"42131","Wyoming, PA",27773
"42133","York, PA",36033
"44001","Bristol, RI",49853
"44003","Kent, RI",39655
"44005","Newport, RI",45657
"44007","Providence, RI",32660
"44009","Washington, RI",43561
"45001","Abbeville, SC",22137
"45003","Aiken, SC",28431
"45005","Allendale, SC",19018
"45007","Anderson, SC",26461
"45009","Bamberg, SC",21579
"45011","Barnwell, SC",22386
"45013","Beaufort, SC",40563
"45015","Berkeley, SC",25922
"45017","Calhoun, SC",27007
"45019","Charleston, SC",35822
"45021","Cherokee, SC",23028
"45023","Chester, SC",23781
"45025","Chesterfield, SC",21623
"45027","Clarendon, SC",20927
"45029","Colleton, SC",22928
"45031","Darlington, SC",25985
"45033","Dillon, SC",21187
"45035","Dorchester, SC",29010
"45037","Edgefield, SC",23661
"45039","Fairfield, SC",23843
"45041","Florence, SC",28345
"45043","Georgetown, SC",30071
"45045","Greenville, SC",32384
"45047","Greenwood, SC",26080
"45049","Hampton, SC",21113
"45051","Horry, SC",27718
"45053","Jasper, SC",22865
"45055","Kershaw, SC",29121
"45057","Lancaster, SC",25272
"45059","Laurens, SC",24272
"45061","Lee, SC",20014
"45063","Lexington, SC",32372
"45065","McCormick, SC",21625
"45067","Marion, SC",21123
"45069","Marlboro, SC",20908
"45071","Newberry, SC",25605
"45073","Oconee, SC",27826
"45075","Orangeburg, SC",23556
"45077","Pickens, SC",24910
"45079","Richland, SC",31921
"45081","Saluda, SC",27155
"45083","Spartanburg, SC",28933
"45085","Sumter, SC",26269
"45087","Union, SC",23522
"45089","Williamsburg, SC",19486
"45091","York, SC",31754
"46003","Aurora, SD",27568
"46005","Beadle, SD",33285
"46007","Bennett, SD",25720
"46009","Bon Homme, SD",27713
"46011","Brookings, SD",29371
"46013","Brown, SD",37029
"46015","Brule, SD",28495
"46017","Buffalo, SD",17761
"46019","Butte, SD",27177
"46021","Campbell, SD",28569
"46023","Charles Mix, SD",27295
"46025","Clark, SD",29357
"46027","Clay, SD",25945
"46029","Codington, SD",31082
"46031","Corson, SD",22611
"46033","Custer, SD",30863
"46035","Davison, SD",34004
"46037","Day, SD",27024
"46039","Deuel, SD",30664
"46041","Dewey, SD",23867
"46043","Douglas, SD",30608
"46045","Edmunds, SD",35280
"46047","Fall River, SD",31998
"46049","Faulk, SD",30077
"46051","Grant, SD",44649
"46053","Gregory, SD",31468
"46055","Haakon, SD",45659
"46057","Hamlin, SD",29770
"46059","Hand, SD",38958
"46061","Hanson, SD",31111
"46063","Harding, SD",33794
"46065","Hughes, SD",36616
"46067","Hutchinson, SD",31220
"46069","Hyde, SD",33612
"46071","Jackson, SD",22460
"46073","Jerauld, SD",32563
"46075","Jones, SD",40970
"46077","Kingsbury, SD",33427
"46079","Lake, SD",42248
"46081","Lawrence, SD",30497
"46083","Lincoln, SD",40947
"46085","Lyman, SD",27761
"46087","McCook, SD",29528
"46089","McPherson, SD",33216
"46091","Marshall, SD",27966
"46093","Meade, SD",29889
"46095","Mellette, SD",25540
"46097","Miner, SD",30958
"46099","Minnehaha, SD",37314
"46101","Moody, SD",31457
"46102","Oglala Lakota, SD*",17126
"46103","Pennington, SD",35942
"46105","Perkins, SD",32811
"46107","Potter, SD",45132
"46109","Roberts, SD",25299
"46111","Sanborn, SD",38829
"46115","Spink, SD",37091
"46117","Stanley, SD",38487
"46119","Sully, SD",53608
"46121","Todd, SD",17762
"46123","Tripp, SD",29738
"46125","Turner, SD",36955
"46127","Union, SD",55796
"46129","Walworth, SD",29789
"46135","Yankton, SD",30563
"46137","Ziebach, SD",17137
"47001","Anderson, TN",30449
"47003","Bedford, TN",26623
"47005","Benton, TN",22631
"47007","Bledsoe, TN",17419
"47009","Blount, TN",28285
"47011","Bradley, TN",28025
"47013","Campbell, TN",23640
"47015","Cannon, TN",26760
"47017","Carroll, TN",26709
"47019","Carter, TN",22926
"47021","Cheatham, TN",30021
"47023","Chester, TN",22324
"47025","Claiborne, TN",24678
"47027","Clay, TN",22106
"47029","Cocke, TN",21067
"47031","Coffee, TN",27323
"47033","Crockett, TN",25619
"47035","Cumberland, TN",24916
"47037","Davidson, TN",39450
"47039","Decatur, TN",25750
"47041","DeKalb, TN",25081
"47043","Dickson, TN",26516
"47045","Dyer, TN",28401
"47047","Fayette, TN",35193
"47049","Fentress, TN",22498
"47051","Franklin, TN",26108
"47053","Gibson, TN",26366
"47055","Giles, TN",25179
"47057","Grainger, TN",21828
"47059","Greene, TN",29585
"47061","Grundy, TN",22027
"47063","Hamblen, TN",26463
"47065","Hamilton, TN",34719
"47067","Hancock, TN",16503
"47069","Hardeman, TN",19752
"47071","Hardin, TN",25223
"47073","Hawkins, TN",23599
"47075","Haywood, TN",23086
"47077","Henderson, TN",25587
"47079","Henry, TN",27479
"47081","Hickman, TN",21299
"47083","Houston, TN",23622
"47085","Humphreys, TN",25266
"47087","Jackson, TN",21908
"47089","Jefferson, TN",23695
"47091","Johnson, TN",19399
"47093","Knox, TN",33617
"47095","Lake, TN",17435
"47097","Lauderdale, TN",20034
"47099","Lawrence, TN",23988
"47101","Lewis, TN",20583
"47103","Lincoln, TN",27232
"47105","Loudon, TN",31821
"47107","McMinn, TN",25580
"47109","McNairy, TN",24797
"47111","Macon, TN",24600
"47113","Madison, TN",29086
"47115","Marion, TN",25966
"47117","Marshall, TN",26028
"47119","Maury, TN",28834
"47121","Meigs, TN",20699
"47123","Monroe, TN",25129
"47125","Montgomery, TN",32098
"47127","Moore, TN",25400
"47129","Morgan, TN",20624
"47131","Obion, TN",29090
"47133","Overton, TN",21668
"47135","Perry, TN",25039
"47137","Pickett, TN",21085
"47139","Polk, TN",24056
"47141","Putnam, TN",27669
"47143","Rhea, TN",24122
"47145","Roane, TN",27864
"47147","Robertson, TN",30223
"47149","Rutherford, TN",30727
"47151","Scott, TN",20674
"47153","Sequatchie, TN",26098
"47155","Sevier, TN",27832
"47157","Shelby, TN",36705
"47159","Smith, TN",24173
"47161","Stewart, TN",28788
"47163","Sullivan, TN",28629
"47165","Sumner, TN",32466
"47167","Tipton, TN",27416
"47169","Trousdale, TN",24683
"47171","Unicoi, TN",27336
"47173","Union, TN",22078
"47175","Van Buren, TN",20315
"47177","Warren, TN",24890
"47179","Washington, TN",29286
"47181","Wayne, TN",19991
"47183","Weakley, TN",25658
"47185","White, TN",24636
"47187","Williamson, TN",54222
"47189","Wilson, TN",34157
"48001","Anderson, TX",20632
"48003","Andrews, TX",29509
"48005","Angelina, TX",26754
"48007","Aransas, TX",29512
"48009","Archer, TX",30895
"48011","Armstrong, TX",32654
"48013","Atascosa, TX",21526
"48015","Austin, TX",31511
"48017","Bailey, TX",26838
"48019","Bandera, TX",29544
"48021","Bastrop, TX",24036
"48023","Baylor, TX",27246
"48025","Bee, TX",19063
"48027","Bell, TX",31783
"48029","Bexar, TX",31396
"48031","Blanco, TX",34198
"48033","Borden, TX",44149
"48035","Bosque, TX",26743
"48037","Bowie, TX",28643
"48039","Brazoria, TX",30323
"48041","Brazos, TX",24235
"48043","Brewster, TX",31053
"48045","Briscoe, TX",27123
"48047","Brooks, TX",20551
"48049","Brown, TX",23811
"48051","Burleson, TX",24983
"48053","Burnet, TX",30096
"48055","Caldwell, TX",21695
"48057","Calhoun, TX",23464
"48059","Callahan, TX",23579
"48061","Cameron, TX",18725
"48063","Camp, TX",27432
"48065","Carson, TX",28807
"48067","Cass, TX",23847
"48069","Castro, TX",38715
"48071","Chambers, TX",32198
"48073","Cherokee, TX",23690
"48075","Childress, TX",20197
"48077","Clay, TX",25251
"48079","Cochran, TX",33085
"48081","Coke, TX",21275
"48083","Coleman, TX",23370
"48085","Collin, TX",48562
"48087","Collingsworth, TX",31863
"48089","Colorado, TX",29232
"48091","Comal, TX",37033
"48093","Comanche, TX",25125
"48095","Concho, TX",18765
"48097","Cooke, TX",26955
"48099","Coryell, TX",25009
"48101","Cottle, TX",36302
"48103","Crane, TX",25157
"48105","Crockett, TX",24828
"48107","Crosby, TX",30505
"48109","Culberson, TX",20239
"48111","Dallam, TX",37171
"48113","Dallas, TX",37367
"48115","Dawson, TX",24702
"48117","Deaf Smith, TX",25759
"48119","Delta, TX",20421
"48121","Denton, TX",37490
"48123","DeWitt, TX",24351
"48125","Dickens, TX",21935
"48127","Dimmit, TX",17125
"48129","Donley, TX",28539
"48131","Duval, TX",20732
"48133","Eastland, TX",26897
"48135","Ector, TX",25867
"48137","Edwards, TX",24157
"48139","Ellis, TX",29454
"48141","El Paso, TX",22702
"48143","Erath, TX",23853
"48145","Falls, TX",21731
"48147","Fannin, TX",22996
"48149","Fayette, TX",29422
"48151","Fisher, TX",28362
"48153","Floyd, TX",29202
"48155","Foard, TX",24939
"48157","Fort Bend, TX",40642
"48159","Franklin, TX",25517
"48161","Freestone, TX",23841
"48163","Frio, TX",17306
"48165","Gaines, TX",26986
"48167","Galveston, TX",32656
"48169","Garza, TX",23954
"48171","Gillespie, TX",35240
"48173","Glasscock, TX",40561
"48175","Goliad, TX",27812
"48177","Gonzales, TX",25767
"48179","Gray, TX",32012
"48181","Grayson, TX",27231
"48183","Gregg, TX",33072
"48185","Grimes, TX",22129
"48187","Guadalupe, TX",30399
"48189","Hale, TX",23906
"48191","Hall, TX",22743
"48193","Hamilton, TX",31565
"48195","Hansford, TX",43383
"48197","Hardeman, TX",24070
"48199","Hardin, TX",27644
"48201","Harris, TX",39515
"48203","Harrison, TX",27825
"48205","Hartley, TX",30102
"48207","Haskell, TX",27781
"48209","Hays, TX",29151
"48211","Hemphill, TX",41635
"48213","Henderson, TX",24599
"48215","Hidalgo, TX",17917
"48217","Hill, TX",23165
"48219","Hockley, TX",25172
"48221","Hood, TX",30759
"48223","Hopkins, TX",25211
"48225","Houston, TX",21457
"48227","Howard, TX",23958
"48229","Hudspeth, TX",16332
"48231","Hunt, TX",25941
"48233","Hutchinson, TX",25181
"48235","Irion, TX",29956
"48237","Jack, TX",22364
"48239","Jackson, TX",26430
"48241","Jasper, TX",24609
"48243","Jeff Davis, TX",24884
"48245","Jefferson, TX",28297
"48247","Jim Hogg, TX",25982
"48249","Jim Wells, TX",24285
"48251","Johnson, TX",27011
"48253","Jones, TX",20892
"48255","Karnes, TX",20012
"48257","Kaufman, TX",29807
"48259","Kendall, TX",45819
"48261","Kenedy, TX",25190
"48263","Kent, TX",31079
"48265","Kerr, TX",33237
"48267","Kimble, TX",26730
"48269","King, TX",49730
"48271","Kinney, TX",21451
"48273","Kleberg, TX",24501
"48275","Knox, TX",29148
"48277","Lamar, TX",25418
"48279","Lamb, TX",26302
"48281","Lampasas, TX",34122
"48283","La Salle, TX",16760
"48285","Lavaca, TX",29240
"48287","Lee, TX",27149
"48289","Leon, TX",24804
"48291","Liberty, TX",25221
"48293","Limestone, TX",22939
"48295","Lipscomb, TX",31458
"48297","Live Oak, TX",23075
"48299","Llano, TX",26132
"48301","Loving, TX",57114
"48303","Lubbock, TX",27918
"48305","Lynn, TX",30962
"48307","McCulloch, TX",23631
"48309","McLennan, TX",27394
"48311","McMullen, TX",33185
"48313","Madison, TX",21735
"48315","Marion, TX",21548
"48317","Martin, TX",30932
"48319","Mason, TX",25221
"48321","Matagorda, TX",24966
"48323","Maverick, TX",16691
"48325","Medina, TX",23713
"48327","Menard, TX",25721
"48329","Midland, TX",61084
"48331","Milam, TX",24698
"48333","Mills, TX",25267
"48335","Mitchell, TX",19677
"48337","Montague, TX",26568
"48339","Montgomery, TX",40903
"48341","Moore, TX",25233
"48343","Morris, TX",28607
"48345","Motley, TX",29804
"48347","Nacogdoches, TX",25290
"48349","Navarro, TX",24719
"48351","Newton, TX",18665
"48353","Nolan, TX",25603
"48355","Nueces, TX",30502
"48357","Ochiltree, TX",32929
"48359","Oldham, TX",31845
"48361","Orange, TX",25519
"48363","Palo Pinto, TX",25386
"48365","Panola, TX",25385
"48367","Parker, TX",32753
"48369","Parmer, TX",27523
"48371","Pecos, TX",18437
"48373","Polk, TX",26202
"48375","Potter, TX",25088
"48377","Presidio, TX",17789
"48379","Rains, TX",23116
"48381","Randall, TX",34980
"48383","Reagan, TX",32043
"48385","Real, TX",21304
"48387","Red River, TX",23042
"48389","Reeves, TX",18128
"48391","Refugio, TX",29458
"48393","Roberts, TX",32441
"48395","Robertson, TX",25142
"48397","Rockwall, TX",42235
"48399","Runnels, TX",24227
"48401","Rusk, TX",24380
"48403","Sabine, TX",24904
"48405","San Augustine, TX",21456
"48407","San Jacinto, TX",22129
"48409","San Patricio, TX",24575
"48411","San Saba, TX",22881
"48413","Schleicher, TX",26742
"48415","Scurry, TX",31854
"48417","Shackelford, TX",47842
"48419","Shelby, TX",25120
"48421","Sherman, TX",39311
"48423","Smith, TX",33944
"48425","Somervell, TX",25948
"48427","Starr, TX",15351
"48429","Stephens, TX",36052
"48431","Sterling, TX",27881
"48433","Stonewall, TX",32804
"48435","Sutton, TX",33311
"48437","Swisher, TX",33101
"48439","Tarrant, TX",36077
"48441","Taylor, TX",29898
"48443","Terrell, TX",32294
"48445","Terry, TX",28405
"48447","Throckmorton, TX",38136
"48449","Titus, TX",25143
"48451","Tom Green, TX",30683
"48453","Travis, TX",39321
"48455","Trinity, TX",21913
"48457","Tyler, TX",22237
"48459","Upshur, TX",23631
"48461","Upton, TX",29977
"48463","Uvalde, TX",23385
"48465","Val Verde, TX",23471
"48467","Van Zandt, TX",26143
"48469","Victoria, TX",32042
"48471","Walker, TX",18281
"48473","Waller, TX",26704
"48475","Ward, TX",23647
"48477","Washington, TX",37167
"48479","Webb, TX",21347
"48481","Wharton, TX",27789
"48483","Wheeler, TX",33750
"48485","Wichita, TX",30638
"48487","Wilbarger, TX",28055
"48489","Willacy, TX",16840
"48491","Williamson, TX",32687
"48493","Wilson, TX",27412
"48495","Winkler, TX",25384
"48497","Wise, TX",26638
"48499","Wood, TX",24226
"48501","Yoakum, TX",31206
"48503","Young, TX",33991
"48505","Zapata, TX",18688
"48507","Zavala, TX",15618
"49001","Beaver, UT",25902
"49003","Box Elder, UT",24392
"49005","Cache, UT",23287
"49007","Carbon, UT",26207
"49009","Daggett, UT",26731
"49011","Davis, UT",31195
"49013","Duchesne, UT",24789
"49015","Emery, UT",23895
"49017","Garfield, UT",23897
"49019","Grand, UT",27206
"49021","Iron, UT",21030
"49023","Juab, UT",23003
"49025","Kane, UT",26543
"49027","Millard, UT",22557
"49029","Morgan, UT",29274
"49031","Piute, UT",21655
"49033","Rich, UT",25276
"49035","Salt Lake, UT",32354
"49037","San Juan, UT",17118
"49039","Sanpete, UT",17937
"49041","Sevier, UT",21283
"49043","Summit, UT",58747
"49045","Tooele, UT",26278
"49047","Uintah, UT",25457
"49049","Utah, UT",24057
"49051","Wasatch, UT",26438
"49053","Washington, UT",23870
"49055","Wayne, UT",23839
"49057","Weber, UT",27731
"50001","Addison, VT",32096
"50003","Bennington, VT",35014
"50005","Caledonia, VT",26941
"50007","Chittenden, VT",39262
"50009","Essex, VT",24679
"50011","Franklin, VT",29974
"50013","Grand Isle, VT",37979
"50015","Lamoille, VT",36223
"50017","Orange, VT",29861
"50019","Orleans, VT",27779
"50021","Rutland, VT",34224
"50023","Washington, VT",36483
"50025","Windham, VT",33502
"50027","Windsor, VT",37198
"51001","Accomack, VA",26960
"51007","Amelia, VA",30632
"51009","Amherst, VA",26117
"51011","Appomattox, VA",27323
"51013","Arlington, VA",71316
"51017","Bath, VA",33762
"51019","Bedford, VA*",31910
"51021","Bland, VA",21953
"51023","Botetourt, VA",35532
"51025","Brunswick, VA",22173
"51027","Buchanan, VA",23040
"51029","Buckingham, VA",20693
"51033","Caroline, VA",28868
"51036","Charles City, VA",33776
"51037","Charlotte, VA",22442
"51041","Chesterfield, VA",39537
"51043","Clarke, VA",41669
"51045","Craig, VA",24306
"51047","Culpeper, VA",32512
"51049","Cumberland, VA",25008
"51051","Dickenson, VA",20850
"51057","Essex, VA",29156
"51061","Fauquier, VA",51443
"51063","Floyd, VA",25846
"51065","Fluvanna, VA",29905
"51067","Franklin, VA",29465
"51071","Giles, VA",26709
"51073","Gloucester, VA",34103
"51075","Goochland, VA",71227
"51077","Grayson, VA",24390
"51079","Greene, VA",24682
"51083","Halifax, VA",24172
"51085","Hanover, VA",38870
"51087","Henrico, VA",43665
"51091","Highland, VA",28425
"51093","Isle of Wight, VA",39783
"51097","King and Queen, VA",29085
"51099","King George, VA",38078
"51101","King William, VA",36574
"51103","Lancaster, VA",40647
"51105","Lee, VA",21965
"51107","Loudoun, VA",50511
"51109","Louisa, VA",31444
"51111","Lunenburg, VA",22656
"51113","Madison, VA",28857
"51115","Mathews, VA",40315
"51117","Mecklenburg, VA",24073
"51119","Middlesex, VA",33665
"51125","Nelson, VA",31944
"51127","New Kent, VA",38054
"51131","Northampton, VA",31794
"51133","Northumberland, VA",31963
"51135","Nottoway, VA",25858
"51137","Orange, VA",34525
"51139","Page, VA",26975
"51141","Patrick, VA",21421
"51145","Powhatan, VA",35500
"51147","Prince Edward, VA",21021
"51155","Pulaski, VA",29338
"51157","Rappahannock, VA",39910
"51159","Richmond, VA",22289
"51167","Russell, VA",24531
"51169","Scott, VA",23383
"51171","Shenandoah, VA",30132
"51173","Smyth, VA",25741
"51179","Stafford, VA",37855
"51181","Surry, VA",25615
"51183","Sussex, VA",23941
"51185","Tazewell, VA",26673
"51187","Warren, VA",31662
"51193","Westmoreland, VA",29210
"51197","Wythe, VA",25079
"51510","Alexandria (Independent City), VA",67626
"51550","Chesapeake (Independent City), VA",36177
"51650","Hampton (Independent City), VA",31541
"51700","Newport News (Independent City), VA",28736
"51710","Norfolk (Independent City), VA",33842
"51740","Portsmouth (Independent City), VA",28936
"51760","Richmond (Independent City), VA",40367
"51770","Roanoke (Independent City), VA",30181
"51800","Suffolk (Independent City), VA",33827
"51810","Virginia Beach (Independent City), VA",40354
"51901","Albemarle + Charlottesville, VA*",44678
"51903","Alleghany + Covington, VA*",27540
"51907","Augusta, Staunton + Waynesboro, VA*",30006
"51911","Campbell + Lynchburg, VA*",27755
"51913","Carroll + Galax, VA*",24685
"51918","Dinwiddie, Colonial Heights + Petersburg, VA*",30279
"51919","Fairfax, Fairfax City + Falls Church, VA*",62664
"51921","Frederick + Winchester, VA*",34955
"51923","Greensville + Emporia, VA*",21961
"51929","Henry + Martinsville, VA*",26508
"51931","James City + Williamsburg, VA*",43510
"51933","Montgomery + Radford, VA*",24511
"51939","Pittsylvania + Danville, VA*",25802
"51941","Prince George + Hopewell, VA*",26994
"51942","Prince William, Manassas + Manassas Park, VA*",41469
"51944","Roanoke + Salem, VA*",38009
"51945","Rockbridge, Buena Vista + Lexington, VA*",28012
"51947","Rockingham + Harrisonburg, VA*",27302
"51949","Southampton + Franklin, VA*",28056
"51951","Spotsylvania + Fredericksburg, VA*",36569
"51953","Washington + Bristol, VA*",29887
"51955","Wise + Norton, VA*",25170
"51958","York + Poquoson, VA*",40515
"53001","Adams, WA",24780
"53003","Asotin, WA",29173
"53005","Benton, WA",32494
"53007","Chelan, WA",29867
"53009","Clallam, WA",29457
"53011","Clark, WA",33826
"53013","Columbia, WA",29276
"53015","Cowlitz, WA",27521
"53017","Douglas, WA",25796
"53019","Ferry, WA",20186
"53021","Franklin, WA",23892
"53023","Garfield, WA",26773
"53025","Grant, WA",24139
"53027","Grays Harbor, WA",26559
"53029","Island, WA",35113
"53031","Jefferson, WA",34980
"53033","King, WA",52388
"53035","Kitsap, WA",38620
"53037","Kittitas, WA",27239
"53039","Klickitat, WA",26281
"53041","Lewis, WA",27118
"53043","Lincoln, WA",25765
"53045","Mason, WA",27988
"53047","Okanogan, WA",25406
"53049","Pacific, WA",26392
"53051","Pend Oreille, WA",23471
"53053","Pierce, WA",33912
"53055","San Juan, WA",49855
"53057","Skagit, WA",32535
"53059","Skamania, WA",29091
"53061","Snohomish, WA",34754
"53063","Spokane, WA",29939
"53065","Stevens, WA",23862
"53067","Thurston, WA",35798
"53069","Wahkiakum, WA",26431
"53071","Walla Walla, WA",27799
"53073","Whatcom, WA",30940
"53075","Whitman, WA",23232
"53077","Yakima, WA",25794
"54001","Barbour, WV",20709
"54003","Berkeley, WV",28265
"54005","Boone, WV",22359
"54007","Braxton, WV",19980
"54009","Brooke, WV",25756
"54011","Cabell, WV",27998
"54013","Calhoun, WV",18479
"54015","Clay, WV",18357
"54017","Doddridge, WV",15223
"54019","Fayette, WV",21723
"54021","Gilmer, WV",18605
"54023","Grant, WV",21696
"54025","Greenbrier, WV",25762
"54027","Hampshire, WV",22478
"54029","Hancock, WV",25840
"54031","Hardy, WV",23220
"54033","Harrison, WV",31240
"54035","Jackson, WV",22860
"54037","Jefferson, WV",34209
"54039","Kanawha, WV",33423
"54041","Lewis, WV",22846
"54043","Lincoln, WV",19827
"54045","Logan, WV",24773
"54047","McDowell, WV",17756
"54049","Marion, WV",27163
"54051","Marshall, WV",23825
"54053","Mason, WV",21273
"54055","Mercer, WV",26012
"54057","Mineral, WV",24677
"54059","Mingo, WV",22877
"54061","Monongalia, WV",28648
"54063","Monroe, WV",20979
"54065","Morgan, WV",26393
"54067","Nicholas, WV",23221
"54069","Ohio, WV",39328
"54071","Pendleton, WV",25223
"54073","Pleasants, WV",25937
"54075","Pocahontas, WV",24533
"54077","Preston, WV",27072
"54079","Putnam, WV",28995
"54081","Raleigh, WV",27180
"54083","Randolph, WV",24914
"54085","Ritchie, WV",22777
"54087","Roane, WV",20186
"54089","Summers, WV",19796
"54091","Taylor, WV",22650
"54093","Tucker, WV",23273
"54095","Tyler, WV",20598
"54097","Upshur, WV",22521
"54099","Wayne, WV",20967
"54101","Webster, WV",19472
"54103","Wetzel, WV",23151
"54105","Wirt, WV",18653
"54107","Wood, WV",27704
"54109","Wyoming, WV",21185
"55001","Adams, WI",24716
"55003","Ashland, WI",25949
"55005","Barron, WI",28432
"55007","Bayfield, WI",29332
"55009","Brown, WI",35205
"55011","Buffalo, WI",31722
"55013","Burnett, WI",26022
"55015","Calumet, WI",34126
"55017","Chippewa, WI",28656
"55019","Clark, WI",25169
"55021","Columbia, WI",33332
"55023","Crawford, WI",25720
"55025","Dane, WI",41010
"55027","Dodge, WI",28798
"55029","Door, WI",36473
"55031","Douglas, WI",26594
"55033","Dunn, WI",26646
"55035","Eau Claire, WI",30775
"55037","Florence, WI",30288
"55039","Fond du Lac, WI",32012
"55041","Forest, WI",23468
"55043","Grant, WI",27009
"55045","Green, WI",34123
"55047","Green Lake, WI",31848
"55049","Iowa, WI",32113
"55051","Iron, WI",28211
"55053","Jackson, WI",27686
"55055","Jefferson, WI",31630
"55057","Juneau, WI",25455
"55059","Kenosha, WI",32247
"55061","Kewaunee, WI",30345
"55063","La Crosse, WI",31678
"55065","Lafayette, WI",26155
"55067","Langlade, WI",27187
"55069","Lincoln, WI",29417
"55071","Manitowoc, WI",31529
"55073","Marathon, WI",34226
"55075","Marinette, WI",27984
"55077","Marquette, WI",26211
"55078","Menominee, WI*",19364
"55079","Milwaukee, WI",33042
"55081","Monroe, WI",27107
"55083","Oconto, WI",28824
"55085","Oneida, WI",31477
"55087","Outagamie, WI",34470
"55089","Ozaukee, WI",55685
"55091","Pepin, WI",30048
"55093","Pierce, WI",30819
"55095","Polk, WI",29333
"55097","Portage, WI",29576
"55099","Price, WI",30135
"55101","Racine, WI",33887
"55103","Richland, WI",25523
"55105","Rock, WI",29750
"55107","Rusk, WI",23973
"55109","St. Croix, WI",35248
"55111","Sauk, WI",32782
"55113","Sawyer, WI",29953
"55115","Shawano, WI*",26809
"55117","Sheboygan, WI",34173
"55119","Taylor, WI",27040
"55121","Trempealeau, WI",33910
"55123","Vernon, WI",25466
"55125","Vilas, WI",31840
"55127","Walworth, WI",31321
"55129","Washburn, WI",27665
"55131","Washington, WI",39543
"55133","Waukesha, WI",48566
"55135","Waupaca, WI",32210
"55137","Waushara, WI",26786
"55139","Winnebago, WI",33043
"55141","Wood, WI",33417
"55901","Shawano (includes Menominee), WI","(NA)"
"56001","Albany, WY",28543
"56003","Big Horn, WY",27041
"56005","Campbell, WY",37093
"56007","Carbon, WY",32854
"56009","Converse, WY",32887
"56011","Crook, WY",35815
"56013","Fremont, WY",28847
"56015","Goshen, WY",27037
"56017","Hot Springs, WY",30374
"56019","Johnson, WY",32817
"56021","Laramie, WY",36558
"56023","Lincoln, WY",29509
"56025","Natrona, WY",39450
"56027","Niobrara, WY",35527
"56029","Park, WY",33840
"56031","Platte, WY",30252
"56033","Sheridan, WY",48142
"56035","Sublette, WY",37726
"56037","Sweetwater, WY",36642
"56039","Teton, WY",120452
"56041","Uinta, WY",31218
"56043","Washakie, WY",35318
"56045","Weston, WY",30941
"Legend / Footnotes:"
"2/ Per capita personal income was computed using Census Bureau midyear population estimates. Estimates for 2010-2015 reflect county population estimates available as of March 2016."
"* Cibola, NM was separated from Valencia in June 1981, but in these estimates, Valencia includes Cibola through the end of 1981."
"* La Paz County, AZ was separated from Yuma County on January 1, 1983. The Yuma, AZ MSA contains the area that became La Paz County, AZ through 1982 and excludes it beginning with 1983."
"* Shawano, WI and Menominee, WI are combined as Shawano (incl. Menominee), WI for the years prior to 1989."
"* Broomfield County, CO, was created from parts of Adams, Boulder, Jefferson, and Weld counties effective November 15, 2001. Estimates for Broomfield county begin with 2002."
"* Estimates for 1979 forward reflect Alaska Census Areas as defined by the Census Bureau; those for prior years reflect Alaska Census Divisions as defined in the 1970 Decennial Census. Estimates from 1988 forward separate Aleutian Islands Census Area into Aleutians East Borough and Aleutians West Census Area. Estimates for 1991 forward separate Denali Borough from Yukon-Koyukuk Census Area and Lake and Peninsula Borough from Dillingham Census Area. Estimates from 1993 forward separate Skagway-Yakutat-Angoon Census Area into Skagway-Hoonah-Angoon Census Area and Yakutat Borough. Estimates from 2008 forward separate Skagway-Hoonah-Angoon Census Area into Skagway Municipality and Hoonah-Angoon Census Area. Estimates from 2009 forward separate Wrangell-Petersburg Census Area into Petersburg Census Area and Wrangell City and Borough. In addition, a part of the Prince of Wales-Outer Ketchikan Census Area was annexed by Ketchikan Gateway Borough and part (Meyers Chuck Area) was included in the new Wrangell City and Borough. The remainder of the Prince of Wales-Outer Ketchikan Census Area was renamed Prince of Wales-Hyder Census Area. Petersburg Borough was created from part of former Petersburg Census Area and part of Hoonah-Angoon Census Area for 2013 forward. Prince of Wales-Hyder Census Area added part of the former Petersburg Census Area beginning in 2013. For years 2009-2012, Petersburg Borough reflects the geographic boundaries of the former Petersburg Census Area. Wade Hampton Census Area was renamed Kusilvak Census Area on July 1, 2015."
"* Virginia combination areas consist of one or two independent cities with 1980 populations of less than 100,000 combined with an adjacent county. The county name appears first, followed by the city name(s). Separate estimates for the jurisdictions making up the combination area are not available. Bedford County, VA includes the independent city of Bedford for all years."
"* Shannon County, SD was renamed to Oglala Lakota County, SD on May 1, 2015."
"Note-- All dollar estimates are in current dollars (not adjusted for inflation)."
"(NA) Data not available for this year."
"Last updated: November 17, 2016-- new estimates for 2015; revised estimates for 1998-2014."
