"CA1 Personal Income Summary: Personal Income, Population, Per Capita Personal Income"
"Per capita personal income (dollars) 2/" 
"Bureau of Economic Analysis" 
"County"
"GeoFips","GeoName","2007"
"01001","Autauga, AL",31748
"01003","Baldwin, AL",36945
"01005","Barbour, AL",25916
"01007","Bibb, AL",23148
"01009","Blount, AL",26260
"01011","Bullock, AL",21726
"01013","Butler, AL",26873
"01015","Calhoun, AL",29944
"01017","Chambers, AL",26600
"01019","Cherokee, AL",25897
"01021","Chilton, AL",27313
"01023","Choctaw, AL",24067
"01025","Clarke, AL",26279
"01027","Clay, AL",28116
"01029","Cleburne, AL",24686
"01031","Coffee, AL",33388
"01033","Colbert, AL",29821
"01035","Conecuh, AL",24095
"01037","Coosa, AL",25201
"01039","Covington, AL",26678
"01041","Crenshaw, AL",26583
"01043","Cullman, AL",29311
"01045","Dale, AL",30742
"01047","Dallas, AL",26192
"01049","DeKalb, AL",25117
"01051","Elmore, AL",31583
"01053","Escambia, AL",24434
"01055","Etowah, AL",28264
"01057","Fayette, AL",24295
"01059","Franklin, AL",26766
"01061","Geneva, AL",26662
"01063","Greene, AL",25213
"01065","Hale, AL",26222
"01067","Henry, AL",29106
"01069","Houston, AL",34503
"01071","Jackson, AL",28556
"01073","Jefferson, AL",41109
"01075","Lamar, AL",24068
"01077","Lauderdale, AL",29601
"01079","Lawrence, AL",24739
"01081","Lee, AL",28830
"01083","Limestone, AL",33031
"01085","Lowndes, AL",26852
"01087","Macon, AL",22321
"01089","Madison, AL",39361
"01091","Marengo, AL",28619
"01093","Marion, AL",24899
"01095","Marshall, AL",28405
"01097","Mobile, AL",30308
"01099","Monroe, AL",25777
"01101","Montgomery, AL",35426
"01103","Morgan, AL",30698
"01105","Perry, AL",23571
"01107","Pickens, AL",26790
"01109","Pike, AL",28894
"01111","Randolph, AL",26196
"01113","Russell, AL",25516
"01115","St. Clair, AL",29443
"01117","Shelby, AL",46249
"01119","Sumter, AL",23169
"01121","Talladega, AL",26379
"01123","Tallapoosa, AL",29599
"01125","Tuscaloosa, AL",31875
"01127","Walker, AL",31071
"01129","Washington, AL",26540
"01131","Wilcox, AL",22615
"01133","Winston, AL",26440
"02010","Aleutian Islands Census Area, AK*","(NA)"
"02013","Aleutians East Borough, AK*",33051
"02016","Aleutians West Census Area, AK*",37296
"02020","Anchorage Municipality, AK",50414
"02050","Bethel Census Area, AK*",29124
"02060","Bristol Bay Borough, AK",53405
"02068","Denali Borough, AK*",49252
"02070","Dillingham Census Area, AK*",34649
"02090","Fairbanks North Star Borough, AK",41751
"02100","Haines Borough, AK",37329
"02105","Hoonah-Angoon Census Area, AK*","(NA)"
"02110","Juneau City and Borough, AK",48961
"02122","Kenai Peninsula Borough, AK",38097
"02130","Ketchikan Gateway Borough, AK*",48881
"02150","Kodiak Island Borough, AK",42316
"02158","Kusilvak Census Area, AK*",20747
"02164","Lake and Peninsula Borough, AK*",35111
"02170","Matanuska-Susitna Borough, AK",37271
"02180","Nome Census Area, AK*",32722
"02185","North Slope Borough, AK",26597
"02188","Northwest Arctic Borough, AK",32243
"02195","Petersburg Borough, AK*","(NA)"
"02198","Prince of Wales-Hyder Census Area, AK*","(NA)"
"02201","Prince of Wales-Outer Ketchikan Census Area, AK*",28055
"02220","Sitka City and Borough, AK",43983
"02230","Skagway Municipality, AK*","(NA)"
"02231","Skagway-Yakutat-Angoon Census Area, AK*","(NA)"
"02232","Skagway-Hoonah-Angoon Census Area, AK*",41036
"02240","Southeast Fairbanks Census Area, AK*",35582
"02261","Valdez-Cordova Census Area, AK*",44705
"02275","Wrangell City and Borough, AK*","(NA)"
"02280","Wrangell-Petersburg Census Area, AK*",43993
"02282","Yakutat City and Borough, AK*",41299
"02290","Yukon-Koyukuk Census Area, AK*",32982
"02901","Aleutian Islands Division, AK*","(NA)"
"02903","Angoon Division, AK*","(NA)"
"02904","Barrow-North Slope Division, AK*","(NA)"
"02905","Bethel Division, AK*","(NA)"
"02907","Bristol Bay Division, AK*","(NA)"
"02908","Cordova-McCarthy Division, AK*","(NA)"
"02910","Haines Division, AK*","(NA)"
"02912","Kenai-Cook Inlet Division, AK*","(NA)"
"02916","Kuskokwim Division, AK*","(NA)"
"02919","Outer Ketchikan Division, AK*","(NA)"
"02920","Prince of Wales Division, AK*","(NA)"
"02921","Seward Division, AK*","(NA)"
"02922","Sitka Division, AK*","(NA)"
"02923","Skagway-Yakutat Division, AK*","(NA)"
"02924","Southeast Fairbanks Division, AK*","(NA)"
"02925","Upper Yukon Division, AK*","(NA)"
"02926","Valdez-Chitina-Whittier Division, AK*","(NA)"
"02928","Wrangell-Petersburg Division, AK*","(NA)"
"02929","Yukon-Koyukuk Division, AK*","(NA)"
"04001","Apache, AZ",22338
"04003","Cochise, AZ",31617
"04005","Coconino, AZ",33694
"04007","Gila, AZ",28024
"04009","Graham, AZ",23052
"04011","Greenlee, AZ",25862
"04012","La Paz, AZ*",24754
"04013","Maricopa, AZ",39561
"04015","Mohave, AZ",25138
"04017","Navajo, AZ",22773
"04019","Pima, AZ",34489
"04021","Pinal, AZ",25340
"04023","Santa Cruz, AZ",27146
"04025","Yavapai, AZ",30469
"04027","Yuma, AZ*",25882
"05001","Arkansas, AR",30690
"05003","Ashley, AR",27280
"05005","Baxter, AR",29330
"05007","Benton, AR",50040
"05009","Boone, AR",26990
"05011","Bradley, AR",26011
"05013","Calhoun, AR",22732
"05015","Carroll, AR",25419
"05017","Chicot, AR",25757
"05019","Clark, AR",25821
"05021","Clay, AR",25913
"05023","Cleburne, AR",26926
"05025","Cleveland, AR",28710
"05027","Columbia, AR",28711
"05029","Conway, AR",27575
"05031","Craighead, AR",27749
"05033","Crawford, AR",25180
"05035","Crittenden, AR",27946
"05037","Cross, AR",25591
"05039","Dallas, AR",25556
"05041","Desha, AR",27410
"05043","Drew, AR",27079
"05045","Faulkner, AR",29184
"05047","Franklin, AR",24521
"05049","Fulton, AR",20088
"05051","Garland, AR",31393
"05053","Grant, AR",28296
"05055","Greene, AR",24953
"05057","Hempstead, AR",23370
"05059","Hot Spring, AR",24643
"05061","Howard, AR",26578
"05063","Independence, AR",28538
"05065","Izard, AR",23073
"05067","Jackson, AR",23697
"05069","Jefferson, AR",26417
"05071","Johnson, AR",22266
"05073","Lafayette, AR",25284
"05075","Lawrence, AR",22983
"05077","Lee, AR",23718
"05079","Lincoln, AR",20447
"05081","Little River, AR",24734
"05083","Logan, AR",26614
"05085","Lonoke, AR",30500
"05087","Madison, AR",24564
"05089","Marion, AR",22941
"05091","Miller, AR",27727
"05093","Mississippi, AR",25672
"05095","Monroe, AR",24564
"05097","Montgomery, AR",22142
"05099","Nevada, AR",25884
"05101","Newton, AR",21192
"05103","Ouachita, AR",26590
"05105","Perry, AR",25330
"05107","Phillips, AR",25697
"05109","Pike, AR",25852
"05111","Poinsett, AR",25901
"05113","Polk, AR",22357
"05115","Pope, AR",27042
"05117","Prairie, AR",24989
"05119","Pulaski, AR",42544
"05121","Randolph, AR",24063
"05123","St. Francis, AR",21236
"05125","Saline, AR",31215
"05127","Scott, AR",21273
"05129","Searcy, AR",22491
"05131","Sebastian, AR",32237
"05133","Sevier, AR",24546
"05135","Sharp, AR",24406
"05137","Stone, AR",22752
"05139","Union, AR",38884
"05141","Van Buren, AR",22683
"05143","Washington, AR",28732
"05145","White, AR",25237
"05147","Woodruff, AR",24295
"05149","Yell, AR",24433
"06001","Alameda, CA",48545
"06003","Alpine, CA",35918
"06005","Amador, CA",33246
"06007","Butte, CA",31579
"06009","Calaveras, CA",35723
"06011","Colusa, CA",32317
"06013","Contra Costa, CA",59281
"06015","Del Norte, CA",24970
"06017","El Dorado, CA",47701
"06019","Fresno, CA",30654
"06021","Glenn, CA",29379
"06023","Humboldt, CA",32184
"06025","Imperial, CA",26088
"06027","Inyo, CA",40653
"06029","Kern, CA",29116
"06031","Kings, CA",26026
"06033","Lake, CA",29304
"06035","Lassen, CA",24910
"06037","Los Angeles, CA",42499
"06039","Madera, CA",27348
"06041","Marin, CA",90927
"06043","Mariposa, CA",33474
"06045","Mendocino, CA",34192
"06047","Merced, CA",28256
"06049","Modoc, CA",30211
"06051","Mono, CA",38288
"06053","Monterey, CA",41289
"06055","Napa, CA",48346
"06057","Nevada, CA",44876
"06059","Orange, CA",51244
"06061","Placer, CA",49177
"06063","Plumas, CA",36376
"06065","Riverside, CA",31972
"06067","Sacramento, CA",38172
"06069","San Benito, CA",37862
"06071","San Bernardino, CA",29646
"06073","San Diego, CA",44912
"06075","San Francisco, CA",75740
"06077","San Joaquin, CA",31954
"06079","San Luis Obispo, CA",40423
"06081","San Mateo, CA",77643
"06083","Santa Barbara, CA",46373
"06085","Santa Clara, CA",62222
"06087","Santa Cruz, CA",46813
"06089","Shasta, CA",33097
"06091","Sierra, CA",29223
"06093","Siskiyou, CA",30685
"06095","Solano, CA",37003
"06097","Sonoma, CA",44545
"06099","Stanislaus, CA",30937
"06101","Sutter, CA",32790
"06103","Tehama, CA",27147
"06105","Trinity, CA",25429
"06107","Tulare, CA",29009
"06109","Tuolumne, CA",32416
"06111","Ventura, CA",46989
"06113","Yolo, CA",38878
"06115","Yuba, CA",28567
"08001","Adams, CO*",30636
"08003","Alamosa, CO",27209
"08005","Arapahoe, CO",46837
"08007","Archuleta, CO",30443
"08009","Baca, CO",30445
"08011","Bent, CO",23307
"08013","Boulder, CO*",48833
"08014","Broomfield, CO*",73993
"08015","Chaffee, CO",30033
"08017","Cheyenne, CO",47177
"08019","Clear Creek, CO",43276
"08021","Conejos, CO",22285
"08023","Costilla, CO",23819
"08025","Crowley, CO",16243
"08027","Custer, CO",31022
"08029","Delta, CO",29124
"08031","Denver, CO",52990
"08033","Dolores, CO",24714
"08035","Douglas, CO",56042
"08037","Eagle, CO",61638
"08039","Elbert, CO",42874
"08041","El Paso, CO",36840
"08043","Fremont, CO",23499
"08045","Garfield, CO",43121
"08047","Gilpin, CO",42404
"08049","Grand, CO",34303
"08051","Gunnison, CO",35166
"08053","Hinsdale, CO",29305
"08055","Huerfano, CO",27473
"08057","Jackson, CO",34729
"08059","Jefferson, CO*",44168
"08061","Kiowa, CO",43292
"08063","Kit Carson, CO",30473
"08065","Lake, CO",26925
"08067","La Plata, CO",40977
"08069","Larimer, CO",37849
"08071","Las Animas, CO",28667
"08073","Lincoln, CO",25370
"08075","Logan, CO",33795
"08077","Mesa, CO",35450
"08079","Mineral, CO",31468
"08081","Moffat, CO",33725
"08083","Montezuma, CO",30176
"08085","Montrose, CO",30608
"08087","Morgan, CO",27357
"08089","Otero, CO",27795
"08091","Ouray, CO",46700
"08093","Park, CO",31748
"08095","Phillips, CO",30736
"08097","Pitkin, CO",126428
"08099","Prowers, CO",28300
"08101","Pueblo, CO",28897
"08103","Rio Blanco, CO",42206
"08105","Rio Grande, CO",29759
"08107","Routt, CO",50947
"08109","Saguache, CO",24468
"08111","San Juan, CO",42224
"08113","San Miguel, CO",59935
"08115","Sedgwick, CO",39338
"08117","Summit, CO",46969
"08119","Teller, CO",35750
"08121","Washington, CO",28017
"08123","Weld, CO*",31835
"08125","Yuma, CO",39116
"09001","Fairfield, CT",91517
"09003","Hartford, CT",49379
"09005","Litchfield, CT",49568
"09007","Middlesex, CT",52017
"09009","New Haven, CT",44416
"09011","New London, CT",44649
"09013","Tolland, CT",42639
"09015","Windham, CT",35406
"10001","Kent, DE",33478
"10003","New Castle, DE",45848
"10005","Sussex, DE",37330
"11001","District of Columbia, DC",60325
"12001","Alachua, FL",34708
"12003","Baker, FL",25074
"12005","Bay, FL",35807
"12007","Bradford, FL",22186
"12009","Brevard, FL",36405
"12011","Broward, FL",42117
"12013","Calhoun, FL",20466
"12015","Charlotte, FL",33360
"12017","Citrus, FL",29814
"12019","Clay, FL",34780
"12021","Collier, FL",70681
"12023","Columbia, FL",26522
"12027","DeSoto, FL",20209
"12029","Dixie, FL",19830
"12031","Duval, FL",37882
"12033","Escambia, FL",32842
"12035","Flagler, FL",34228
"12037","Franklin, FL",29440
"12039","Gadsden, FL",27378
"12041","Gilchrist, FL",23710
"12043","Glades, FL",19470
"12045","Gulf, FL",24448
"12047","Hamilton, FL",19138
"12049","Hardee, FL",21394
"12051","Hendry, FL",23825
"12053","Hernando, FL",29728
"12055","Highlands, FL",27287
"12057","Hillsborough, FL",38284
"12059","Holmes, FL",22391
"12061","Indian River, FL",61887
"12063","Jackson, FL",25869
"12065","Jefferson, FL",31379
"12067","Lafayette, FL",18341
"12069","Lake, FL",33421
"12071","Lee, FL",40718
"12073","Leon, FL",35208
"12075","Levy, FL",26224
"12077","Liberty, FL",25042
"12079","Madison, FL",22167
"12081","Manatee, FL",41290
"12083","Marion, FL",30382
"12085","Martin, FL",64769
"12086","Miami-Dade, FL",38355
"12087","Monroe, FL",69272
"12089","Nassau, FL",43237
"12091","Okaloosa, FL",40912
"12093","Okeechobee, FL",24429
"12095","Orange, FL",34667
"12097","Osceola, FL",25481
"12099","Palm Beach, FL",64044
"12101","Pasco, FL",30950
"12103","Pinellas, FL",41741
"12105","Polk, FL",29738
"12107","Putnam, FL",24633
"12109","St. Johns, FL",54869
"12111","St. Lucie, FL",30243
"12113","Santa Rosa, FL",36343
"12115","Sarasota, FL",51187
"12117","Seminole, FL",40397
"12119","Sumter, FL",26755
"12121","Suwannee, FL",27105
"12123","Taylor, FL",25667
"12125","Union, FL",15809
"12127","Volusia, FL",33358
"12129","Wakulla, FL",28284
"12131","Walton, FL",37321
"12133","Washington, FL",24592
"13001","Appling, GA",22859
"13003","Atkinson, GA",20546
"13005","Bacon, GA",21849
"13007","Baker, GA",26539
"13009","Baldwin, GA",24219
"13011","Banks, GA",26475
"13013","Barrow, GA",28890
"13015","Bartow, GA",28430
"13017","Ben Hill, GA",24859
"13019","Berrien, GA",26314
"13021","Bibb, GA",32144
"13023","Bleckley, GA",30180
"13025","Brantley, GA",21630
"13027","Brooks, GA",25326
"13029","Bryan, GA",41828
"13031","Bulloch, GA",25027
"13033","Burke, GA",24283
"13035","Butts, GA",25612
"13037","Calhoun, GA",21251
"13039","Camden, GA",28014
"13043","Candler, GA",24665
"13045","Carroll, GA",29073
"13047","Catoosa, GA",27172
"13049","Charlton, GA",20731
"13051","Chatham, GA",37267
"13053","Chattahoochee, GA",25542
"13055","Chattooga, GA",22743
"13057","Cherokee, GA",38470
"13059","Clarke, GA",24997
"13061","Clay, GA",24625
"13063","Clayton, GA",25126
"13065","Clinch, GA",21402
"13067","Cobb, GA",43900
"13069","Coffee, GA",23900
"13071","Colquitt, GA",25615
"13073","Columbia, GA",38629
"13075","Cook, GA",24052
"13077","Coweta, GA",35640
"13079","Crawford, GA",23697
"13081","Crisp, GA",23112
"13083","Dade, GA",24865
"13085","Dawson, GA",32326
"13087","Decatur, GA",27227
"13089","DeKalb, GA",37127
"13091","Dodge, GA",24004
"13093","Dooly, GA",19358
"13095","Dougherty, GA",26728
"13097","Douglas, GA",29915
"13099","Early, GA",27865
"13101","Echols, GA",20457
"13103","Effingham, GA",31424
"13105","Elbert, GA",25891
"13107","Emanuel, GA",23893
"13109","Evans, GA",26979
"13111","Fannin, GA",25846
"13113","Fayette, GA",47046
"13115","Floyd, GA",29506
"13117","Forsyth, GA",47585
"13119","Franklin, GA",26954
"13121","Fulton, GA",68678
"13123","Gilmer, GA",25703
"13125","Glascock, GA",21731
"13127","Glynn, GA",38738
"13129","Gordon, GA",28107
"13131","Grady, GA",24645
"13133","Greene, GA",32275
"13135","Gwinnett, GA",34692
"13137","Habersham, GA",25481
"13139","Hall, GA",30557
"13141","Hancock, GA",18990
"13143","Haralson, GA",26644
"13145","Harris, GA",36550
"13147","Hart, GA",26472
"13149","Heard, GA",18417
"13151","Henry, GA",32397
"13153","Houston, GA",34876
"13155","Irwin, GA",24584
"13157","Jackson, GA",29335
"13159","Jasper, GA",31019
"13161","Jeff Davis, GA",24007
"13163","Jefferson, GA",23893
"13165","Jenkins, GA",26061
"13167","Johnson, GA",18656
"13169","Jones, GA",29215
"13171","Lamar, GA",25400
"13173","Lanier, GA",20513
"13175","Laurens, GA",28691
"13177","Lee, GA",34173
"13179","Liberty, GA",25846
"13181","Lincoln, GA",24925
"13183","Long, GA",21838
"13185","Lowndes, GA",28589
"13187","Lumpkin, GA",26828
"13189","McDuffie, GA",28298
"13191","McIntosh, GA",22323
"13193","Macon, GA",20053
"13195","Madison, GA",26525
"13197","Marion, GA",20479
"13199","Meriwether, GA",24684
"13201","Miller, GA",28610
"13205","Mitchell, GA",24707
"13207","Monroe, GA",30828
"13209","Montgomery, GA",23421
"13211","Morgan, GA",35595
"13213","Murray, GA",22371
"13215","Muscogee, GA",34760
"13217","Newton, GA",26008
"13219","Oconee, GA",46359
"13221","Oglethorpe, GA",26663
"13223","Paulding, GA",29467
"13225","Peach, GA",26845
"13227","Pickens, GA",35073
"13229","Pierce, GA",25751
"13231","Pike, GA",27893
"13233","Polk, GA",24961
"13235","Pulaski, GA",22612
"13237","Putnam, GA",32355
"13239","Quitman, GA",23248
"13241","Rabun, GA",29872
"13243","Randolph, GA",23690
"13245","Richmond, GA",28937
"13247","Rockdale, GA",29664
"13249","Schley, GA",24664
"13251","Screven, GA",22606
"13253","Seminole, GA",25830
"13255","Spalding, GA",26336
"13257","Stephens, GA",26290
"13259","Stewart, GA",18106
"13261","Sumter, GA",26178
"13263","Talbot, GA",24000
"13265","Taliaferro, GA",19016
"13267","Tattnall, GA",24296
"13269","Taylor, GA",22047
"13271","Telfair, GA",17416
"13273","Terrell, GA",28348
"13275","Thomas, GA",33239
"13277","Tift, GA",27458
"13279","Toombs, GA",26636
"13281","Towns, GA",29251
"13283","Treutlen, GA",21930
"13285","Troup, GA",28782
"13287","Turner, GA",24320
"13289","Twiggs, GA",24747
"13291","Union, GA",29282
"13293","Upson, GA",25198
"13295","Walker, GA",25449
"13297","Walton, GA",30709
"13299","Ware, GA",25032
"13301","Warren, GA",22990
"13303","Washington, GA",25903
"13305","Wayne, GA",26557
"13307","Webster, GA",21342
"13309","Wheeler, GA",15100
"13311","White, GA",25949
"13313","Whitfield, GA",28367
"13315","Wilcox, GA",20239
"13317","Wilkes, GA",24217
"13319","Wilkinson, GA",23976
"13321","Worth, GA",25674
"15001","Hawaii, HI",31177
"15003","Honolulu, HI",43253
"15007","Kauai, HI",35676
"15901","Maui + Kalawao, HI",36065
"16001","Ada, ID",40649
"16003","Adams, ID",27773
"16005","Bannock, ID",28719
"16007","Bear Lake, ID",25601
"16009","Benewah, ID",27211
"16011","Bingham, ID",26643
"16013","Blaine, ID",71941
"16015","Boise, ID",28770
"16017","Bonner, ID",30668
"16019","Bonneville, ID",36459
"16021","Boundary, ID",23808
"16023","Butte, ID",24497
"16025","Camas, ID",29576
"16027","Canyon, ID",25470
"16029","Caribou, ID",30421
"16031","Cassia, ID",30632
"16033","Clark, ID",19851
"16035","Clearwater, ID",27654
"16037","Custer, ID",31713
"16039","Elmore, ID",27890
"16041","Franklin, ID",24921
"16043","Fremont (includes Yellowstone Park), ID",22832
"16045","Gem, ID",25667
"16047","Gooding, ID",36263
"16049","Idaho, ID",25044
"16051","Jefferson, ID",28495
"16053","Jerome, ID",29197
"16055","Kootenai, ID",32647
"16057","Latah, ID",29963
"16059","Lemhi, ID",27502
"16061","Lewis, ID",35049
"16063","Lincoln, ID",31134
"16065","Madison, ID",17253
"16067","Minidoka, ID",27292
"16069","Nez Perce, ID",32547
"16071","Oneida, ID",27978
"16073","Owyhee, ID",26189
"16075","Payette, ID",29268
"16077","Power, ID",28425
"16079","Shoshone, ID",26769
"16081","Teton, ID",33411
"16083","Twin Falls, ID",29742
"16085","Valley, ID",36924
"16087","Washington, ID",27780
"17001","Adams, IL",33032
"17003","Alexander, IL",21316
"17005","Bond, IL",27161
"17007","Boone, IL",38023
"17009","Brown, IL",21197
"17011","Bureau, IL",32003
"17013","Calhoun, IL",29928
"17015","Carroll, IL",33044
"17017","Cass, IL",28437
"17019","Champaign, IL",33099
"17021","Christian, IL",30668
"17023","Clark, IL",30418
"17025","Clay, IL",28545
"17027","Clinton, IL",33934
"17029","Coles, IL",28397
"17031","Cook, IL",46662
"17033","Crawford, IL",31779
"17035","Cumberland, IL",28259
"17037","DeKalb, IL",30275
"17039","De Witt, IL",31473
"17041","Douglas, IL",34493
"17043","DuPage, IL",54674
"17045","Edgar, IL",29815
"17047","Edwards, IL",28564
"17049","Effingham, IL",32595
"17051","Fayette, IL",24279
"17053","Ford, IL",35209
"17055","Franklin, IL",27235
"17057","Fulton, IL",28126
"17059","Gallatin, IL",28499
"17061","Greene, IL",27395
"17063","Grundy, IL",38661
"17065","Hamilton, IL",27499
"17067","Hancock, IL",29909
"17069","Hardin, IL",23766
"17071","Henderson, IL",27940
"17073","Henry, IL",34365
"17075","Iroquois, IL",33476
"17077","Jackson, IL",26936
"17079","Jasper, IL",28301
"17081","Jefferson, IL",29412
"17083","Jersey, IL",31285
"17085","Jo Daviess, IL",36011
"17087","Johnson, IL",20496
"17089","Kane, IL",38472
"17091","Kankakee, IL",30981
"17093","Kendall, IL",38871
"17095","Knox, IL",29966
"17097","Lake, IL",59911
"17099","LaSalle, IL",32850
"17101","Lawrence, IL",28929
"17103","Lee, IL",31118
"17105","Livingston, IL",32500
"17107","Logan, IL",27342
"17109","McDonough, IL",26752
"17111","McHenry, IL",42336
"17113","McLean, IL",37658
"17115","Macon, IL",36158
"17117","Macoupin, IL",31439
"17119","Madison, IL",33990
"17121","Marion, IL",29910
"17123","Marshall, IL",33497
"17125","Mason, IL",29123
"17127","Massac, IL",26904
"17129","Menard, IL",33487
"17131","Mercer, IL",32573
"17133","Monroe, IL",41558
"17135","Montgomery, IL",26626
"17137","Morgan, IL",28936
"17139","Moultrie, IL",37118
"17141","Ogle, IL",35535
"17143","Peoria, IL",39139
"17145","Perry, IL",23906
"17147","Piatt, IL",37320
"17149","Pike, IL",26402
"17151","Pope, IL",23630
"17153","Pulaski, IL",25979
"17155","Putnam, IL",34742
"17157","Randolph, IL",25891
"17159","Richland, IL",29446
"17161","Rock Island, IL",35237
"17163","St. Clair, IL",34474
"17165","Saline, IL",28291
"17167","Sangamon, IL",35437
"17169","Schuyler, IL",31978
"17171","Scott, IL",27953
"17173","Shelby, IL",29102
"17175","Stark, IL",32074
"17177","Stephenson, IL",31826
"17179","Tazewell, IL",36953
"17181","Union, IL",27555
"17183","Vermilion, IL",28542
"17185","Wabash, IL",31299
"17187","Warren, IL",28636
"17189","Washington, IL",32260
"17191","Wayne, IL",28251
"17193","White, IL",32292
"17195","Whiteside, IL",31836
"17197","Will, IL",38216
"17199","Williamson, IL",31740
"17201","Winnebago, IL",32668
"17203","Woodford, IL",37472
"18001","Adams, IN",28338
"18003","Allen, IN",35065
"18005","Bartholomew, IN",35213
"18007","Benton, IN",32605
"18009","Blackford, IN",29318
"18011","Boone, IN",50841
"18013","Brown, IN",33114
"18015","Carroll, IN",30692
"18017","Cass, IN",29010
"18019","Clark, IN",32654
"18021","Clay, IN",28240
"18023","Clinton, IN",28663
"18025","Crawford, IN",23227
"18027","Daviess, IN",30878
"18029","Dearborn, IN",35347
"18031","Decatur, IN",30723
"18033","DeKalb, IN",30926
"18035","Delaware, IN",27047
"18037","Dubois, IN",39304
"18039","Elkhart, IN",32018
"18041","Fayette, IN",29036
"18043","Floyd, IN",38042
"18045","Fountain, IN",30014
"18047","Franklin, IN",33643
"18049","Fulton, IN",29488
"18051","Gibson, IN",32662
"18053","Grant, IN",27870
"18055","Greene, IN",29488
"18057","Hamilton, IN",55454
"18059","Hancock, IN",38051
"18061","Harrison, IN",33362
"18063","Hendricks, IN",37676
"18065","Henry, IN",28924
"18067","Howard, IN",33401
"18069","Huntington, IN",30601
"18071","Jackson, IN",32696
"18073","Jasper, IN",33593
"18075","Jay, IN",27804
"18077","Jefferson, IN",29726
"18079","Jennings, IN",26641
"18081","Johnson, IN",37044
"18083","Knox, IN",30298
"18085","Kosciusko, IN",33154
"18087","Lagrange, IN",25853
"18089","Lake, IN",32447
"18091","LaPorte, IN",30166
"18093","Lawrence, IN",28315
"18095","Madison, IN",28599
"18097","Marion, IN",35998
"18099","Marshall, IN",29876
"18101","Martin, IN",29823
"18103","Miami, IN",24972
"18105","Monroe, IN",30002
"18107","Montgomery, IN",30936
"18109","Morgan, IN",33177
"18111","Newton, IN",30648
"18113","Noble, IN",26642
"18115","Ohio, IN",40148
"18117","Orange, IN",26777
"18119","Owen, IN",27083
"18121","Parke, IN",24875
"18123","Perry, IN",27815
"18125","Pike, IN",27044
"18127","Porter, IN",38440
"18129","Posey, IN",34190
"18131","Pulaski, IN",30921
"18133","Putnam, IN",26726
"18135","Randolph, IN",27206
"18137","Ripley, IN",32853
"18139","Rush, IN",30998
"18141","St. Joseph, IN",35260
"18143","Scott, IN",25282
"18145","Shelby, IN",31694
"18147","Spencer, IN",31763
"18149","Starke, IN",25480
"18151","Steuben, IN",29635
"18153","Sullivan, IN",25176
"18155","Switzerland, IN",24005
"18157","Tippecanoe, IN",28792
"18159","Tipton, IN",31978
"18161","Union, IN",26823
"18163","Vanderburgh, IN",34460
"18165","Vermillion, IN",28171
"18167","Vigo, IN",29038
"18169","Wabash, IN",30503
"18171","Warren, IN",32218
"18173","Warrick, IN",38989
"18175","Washington, IN",26180
"18177","Wayne, IN",29438
"18179","Wells, IN",30616
"18181","White, IN",30697
"18183","Whitley, IN",32748
"19001","Adair, IA",32054
"19003","Adams, IA",30511
"19005","Allamakee, IA",30968
"19007","Appanoose, IA",26388
"19009","Audubon, IA",37174
"19011","Benton, IA",35174
"19013","Black Hawk, IA",33280
"19015","Boone, IA",37007
"19017","Bremer, IA",34379
"19019","Buchanan, IA",33515
"19021","Buena Vista, IA",32637
"19023","Butler, IA",33453
"19025","Calhoun, IA",38235
"19027","Carroll, IA",36504
"19029","Cass, IA",32614
"19031","Cedar, IA",35492
"19033","Cerro Gordo, IA",38361
"19035","Cherokee, IA",50902
"19037","Chickasaw, IA",33065
"19039","Clarke, IA",28963
"19041","Clay, IA",35971
"19043","Clayton, IA",31252
"19045","Clinton, IA",32216
"19047","Crawford, IA",38336
"19049","Dallas, IA",51189
"19051","Davis, IA",25732
"19053","Decatur, IA",23308
"19055","Delaware, IA",30262
"19057","Des Moines, IA",35595
"19059","Dickinson, IA",42263
"19061","Dubuque, IA",35337
"19063","Emmet, IA",32436
"19065","Fayette, IA",29318
"19067","Floyd, IA",32245
"19069","Franklin, IA",35866
"19071","Fremont, IA",37104
"19073","Greene, IA",35881
"19075","Grundy, IA",39535
"19077","Guthrie, IA",39332
"19079","Hamilton, IA",42347
"19081","Hancock, IA",37660
"19083","Hardin, IA",40417
"19085","Harrison, IA",33866
"19087","Henry, IA",31388
"19089","Howard, IA",33913
"19091","Humboldt, IA",33878
"19093","Ida, IA",39580
"19095","Iowa, IA",36725
"19097","Jackson, IA",30543
"19099","Jasper, IA",34837
"19101","Jefferson, IA",33412
"19103","Johnson, IA",38846
"19105","Jones, IA",30827
"19107","Keokuk, IA",31014
"19109","Kossuth, IA",39202
"19111","Lee, IA",29991
"19113","Linn, IA",38860
"19115","Louisa, IA",30576
"19117","Lucas, IA",28609
"19119","Lyon, IA",34397
"19121","Madison, IA",36277
"19123","Mahaska, IA",32358
"19125","Marion, IA",33967
"19127","Marshall, IA",32223
"19129","Mills, IA",40037
"19131","Mitchell, IA",32583
"19133","Monona, IA",31470
"19135","Monroe, IA",30419
"19137","Montgomery, IA",32775
"19139","Muscatine, IA",36661
"19141","O'Brien, IA",35603
"19143","Osceola, IA",50559
"19145","Page, IA",30282
"19147","Palo Alto, IA",45026
"19149","Plymouth, IA",38184
"19151","Pocahontas, IA",34138
"19153","Polk, IA",41725
"19155","Pottawattamie, IA",33368
"19157","Poweshiek, IA",34792
"19159","Ringgold, IA",26495
"19161","Sac, IA",35794
"19163","Scott, IA",41759
"19165","Shelby, IA",34212
"19167","Sioux, IA",33357
"19169","Story, IA",33493
"19171","Tama, IA",33325
"19173","Taylor, IA",32340
"19175","Union, IA",28835
"19177","Van Buren, IA",27438
"19179","Wapello, IA",29936
"19181","Warren, IA",35443
"19183","Washington, IA",35585
"19185","Wayne, IA",26914
"19187","Webster, IA",33822
"19189","Winnebago, IA",32890
"19191","Winneshiek, IA",33345
"19193","Woodbury, IA",38760
"19195","Worth, IA",45117
"19197","Wright, IA",39446
"20001","Allen, KS",29545
"20003","Anderson, KS",30344
"20005","Atchison, KS",27249
"20007","Barber, KS",32581
"20009","Barton, KS",35517
"20011","Bourbon, KS",32789
"20013","Brown, KS",33704
"20015","Butler, KS",35005
"20017","Chase, KS",30422
"20019","Chautauqua, KS",30855
"20021","Cherokee, KS",25486
"20023","Cheyenne, KS",31280
"20025","Clark, KS",32022
"20027","Clay, KS",35947
"20029","Cloud, KS",28410
"20031","Coffey, KS",34303
"20033","Comanche, KS",34064
"20035","Cowley, KS",29724
"20037","Crawford, KS",28720
"20039","Decatur, KS",35809
"20041","Dickinson, KS",36655
"20043","Doniphan, KS",30484
"20045","Douglas, KS",31925
"20047","Edwards, KS",38669
"20049","Elk, KS",30385
"20051","Ellis, KS",34451
"20053","Ellsworth, KS",30248
"20055","Finney, KS",28714
"20057","Ford, KS",28657
"20059","Franklin, KS",30420
"20061","Geary, KS",42195
"20063","Gove, KS",56211
"20065","Graham, KS",37275
"20067","Grant, KS",31559
"20069","Gray, KS",33804
"20071","Greeley, KS",44420
"20073","Greenwood, KS",31377
"20075","Hamilton, KS",33588
"20077","Harper, KS",38174
"20079","Harvey, KS",31861
"20081","Haskell, KS",36724
"20083","Hodgeman, KS",30599
"20085","Jackson, KS",31177
"20087","Jefferson, KS",30728
"20089","Jewell, KS",32537
"20091","Johnson, KS",56003
"20093","Kearny, KS",33579
"20095","Kingman, KS",32114
"20097","Kiowa, KS",31753
"20099","Labette, KS",30996
"20101","Lane, KS",34853
"20103","Leavenworth, KS",32902
"20105","Lincoln, KS",29654
"20107","Linn, KS",26553
"20109","Logan, KS",37810
"20111","Lyon, KS",26929
"20113","McPherson, KS",37164
"20115","Marion, KS",29290
"20117","Marshall, KS",34444
"20119","Meade, KS",36426
"20121","Miami, KS",34805
"20123","Mitchell, KS",33749
"20125","Montgomery, KS",31070
"20127","Morris, KS",30979
"20129","Morton, KS",33353
"20131","Nemaha, KS",33246
"20133","Neosho, KS",28329
"20135","Ness, KS",38420
"20137","Norton, KS",29630
"20139","Osage, KS",28502
"20141","Osborne, KS",32314
"20143","Ottawa, KS",29542
"20145","Pawnee, KS",28879
"20147","Phillips, KS",34812
"20149","Pottawatomie, KS",36272
"20151","Pratt, KS",33760
"20153","Rawlins, KS",33222
"20155","Reno, KS",30889
"20157","Republic, KS",29154
"20159","Rice, KS",26703
"20161","Riley, KS",31835
"20163","Rooks, KS",31983
"20165","Rush, KS",36182
"20167","Russell, KS",35658
"20169","Saline, KS",36243
"20171","Scott, KS",31773
"20173","Sedgwick, KS",39801
"20175","Seward, KS",26504
"20177","Shawnee, KS",36004
"20179","Sheridan, KS",39635
"20181","Sherman, KS",33826
"20183","Smith, KS",32623
"20185","Stafford, KS",37422
"20187","Stanton, KS",42393
"20189","Stevens, KS",36729
"20191","Sumner, KS",31733
"20193","Thomas, KS",33493
"20195","Trego, KS",32561
"20197","Wabaunsee, KS",29921
"20199","Wallace, KS",37896
"20201","Washington, KS",29532
"20203","Wichita, KS",36940
"20205","Wilson, KS",30680
"20207","Woodson, KS",27071
"20209","Wyandotte, KS",25899
"21001","Adair, KY",21527
"21003","Allen, KY",23500
"21005","Anderson, KY",30052
"21007","Ballard, KY",28133
"21009","Barren, KY",26970
"21011","Bath, KY",22812
"21013","Bell, KY",22905
"21015","Boone, KY",37642
"21017","Bourbon, KY",31711
"21019","Boyd, KY",29962
"21021","Boyle, KY",29317
"21023","Bracken, KY",28481
"21025","Breathitt, KY",23000
"21027","Breckinridge, KY",23880
"21029","Bullitt, KY",28611
"21031","Butler, KY",24283
"21033","Caldwell, KY",27639
"21035","Calloway, KY",28019
"21037","Campbell, KY",35633
"21039","Carlisle, KY",28893
"21041","Carroll, KY",54562
"21043","Carter, KY",22582
"21045","Casey, KY",21019
"21047","Christian, KY",30394
"21049","Clark, KY",31735
"21051","Clay, KY",19445
"21053","Clinton, KY",20683
"21055","Crittenden, KY",25436
"21057","Cumberland, KY",21143
"21059","Daviess, KY",32052
"21061","Edmonson, KY",22668
"21063","Elliott, KY",17256
"21065","Estill, KY",22175
"21067","Fayette, KY",39689
"21069","Fleming, KY",23379
"21071","Floyd, KY",25699
"21073","Franklin, KY",33061
"21075","Fulton, KY",25203
"21077","Gallatin, KY",23620
"21079","Garrard, KY",24292
"21081","Grant, KY",25953
"21083","Graves, KY",27106
"21085","Grayson, KY",23218
"21087","Green, KY",24161
"21089","Greenup, KY",30625
"21091","Hancock, KY",41146
"21093","Hardin, KY",32965
"21095","Harlan, KY",22364
"21097","Harrison, KY",27140
"21099","Hart, KY",23042
"21101","Henderson, KY",30267
"21103","Henry, KY",27934
"21105","Hickman, KY",27162
"21107","Hopkins, KY",28688
"21109","Jackson, KY",18280
"21111","Jefferson, KY",39182
"21113","Jessamine, KY",32120
"21115","Johnson, KY",26683
"21117","Kenton, KY",41720
"21119","Knott, KY",22651
"21121","Knox, KY",22014
"21123","Larue, KY",26703
"21125","Laurel, KY",25935
"21127","Lawrence, KY",22033
"21129","Lee, KY",19273
"21131","Leslie, KY",23842
"21133","Letcher, KY",24984
"21135","Lewis, KY",21886
"21137","Lincoln, KY",23185
"21139","Livingston, KY",28563
"21141","Logan, KY",26893
"21143","Lyon, KY",23313
"21145","McCracken, KY",35105
"21147","McCreary, KY",17047
"21149","McLean, KY",28384
"21151","Madison, KY",26625
"21153","Magoffin, KY",19896
"21155","Marion, KY",25988
"21157","Marshall, KY",29693
"21159","Martin, KY",20485
"21161","Mason, KY",29187
"21163","Meade, KY",25787
"21165","Menifee, KY",20704
"21167","Mercer, KY",28516
"21169","Metcalfe, KY",22089
"21171","Monroe, KY",23077
"21173","Montgomery, KY",26806
"21175","Morgan, KY",18561
"21177","Muhlenberg, KY",25577
"21179","Nelson, KY",29934
"21181","Nicholas, KY",23931
"21183","Ohio, KY",25439
"21185","Oldham, KY",45093
"21187","Owen, KY",25050
"21189","Owsley, KY",20299
"21191","Pendleton, KY",25592
"21193","Perry, KY",28197
"21195","Pike, KY",27751
"21197","Powell, KY",22346
"21199","Pulaski, KY",28178
"21201","Robertson, KY",23721
"21203","Rockcastle, KY",20835
"21205","Rowan, KY",23018
"21207","Russell, KY",23579
"21209","Scott, KY",34946
"21211","Shelby, KY",34140
"21213","Simpson, KY",27762
"21215","Spencer, KY",30463
"21217","Taylor, KY",26230
"21219","Todd, KY",28018
"21221","Trigg, KY",31823
"21223","Trimble, KY",19197
"21225","Union, KY",29106
"21227","Warren, KY",30624
"21229","Washington, KY",29550
"21231","Wayne, KY",21067
"21233","Webster, KY",28147
"21235","Whitley, KY",23628
"21237","Wolfe, KY",19080
"21239","Woodford, KY",42094
"22001","Acadia, LA",27170
"22003","Allen, LA",23095
"22005","Ascension, LA",35949
"22007","Assumption, LA",29670
"22009","Avoyelles, LA",26197
"22011","Beauregard, LA",29994
"22013","Bienville, LA",24554
"22015","Bossier, LA",33408
"22017","Caddo, LA",35118
"22019","Calcasieu, LA",33720
"22021","Caldwell, LA",26744
"22023","Cameron, LA",31615
"22025","Catahoula, LA",25617
"22027","Claiborne, LA",25214
"22029","Concordia, LA",26229
"22031","De Soto, LA",27532
"22033","East Baton Rouge, LA",37465
"22035","East Carroll, LA",24242
"22037","East Feliciana, LA",30320
"22039","Evangeline, LA",26483
"22041","Franklin, LA",25217
"22043","Grant, LA",23837
"22045","Iberia, LA",32554
"22047","Iberville, LA",26976
"22049","Jackson, LA",26013
"22051","Jefferson, LA",43067
"22053","Jefferson Davis, LA",28778
"22055","Lafayette, LA",41053
"22057","Lafourche, LA",38741
"22059","LaSalle, LA",24917
"22061","Lincoln, LA",29936
"22063","Livingston, LA",30854
"22065","Madison, LA",22720
"22067","Morehouse, LA",26407
"22069","Natchitoches, LA",28871
"22071","Orleans, LA",52912
"22073","Ouachita, LA",30397
"22075","Plaquemines, LA",38760
"22077","Pointe Coupee, LA",32117
"22079","Rapides, LA",34034
"22081","Red River, LA",22743
"22083","Richland, LA",28540
"22085","Sabine, LA",24177
"22087","St. Bernard, LA",52267
"22089","St. Charles, LA",36406
"22091","St. Helena, LA",29971
"22093","St. James, LA",30286
"22095","St. John the Baptist, LA",29680
"22097","St. Landry, LA",30152
"22099","St. Martin, LA",27678
"22101","St. Mary, LA",33190
"22103","St. Tammany, LA",46816
"22105","Tangipahoa, LA",29671
"22107","Tensas, LA",28803
"22109","Terrebonne, LA",36444
"22111","Union, LA",27336
"22113","Vermilion, LA",30672
"22115","Vernon, LA",31691
"22117","Washington, LA",25863
"22119","Webster, LA",28694
"22121","West Baton Rouge, LA",32616
"22123","West Carroll, LA",22975
"22125","West Feliciana, LA",24346
"22127","Winn, LA",24054
"23001","Androscoggin, ME",31939
"23003","Aroostook, ME",30089
"23005","Cumberland, ME",44242
"23007","Franklin, ME",28397
"23009","Hancock, ME",36618
"23011","Kennebec, ME",35012
"23013","Knox, ME",37461
"23015","Lincoln, ME",37301
"23017","Oxford, ME",28762
"23019","Penobscot, ME",30942
"23021","Piscataquis, ME",27117
"23023","Sagadahoc, ME",36520
"23025","Somerset, ME",28221
"23027","Waldo, ME",29826
"23029","Washington, ME",28443
"23031","York, ME",38158
"24001","Allegany, MD",27723
"24003","Anne Arundel, MD",52313
"24005","Baltimore, MD",48192
"24009","Calvert, MD",46363
"24011","Caroline, MD",31353
"24013","Carroll, MD",44435
"24015","Cecil, MD",36973
"24017","Charles, MD",44320
"24019","Dorchester, MD",32189
"24021","Frederick, MD",46171
"24023","Garrett, MD",31931
"24025","Harford, MD",43821
"24027","Howard, MD",60748
"24029","Kent, MD",46727
"24031","Montgomery, MD",68370
"24033","Prince George's, MD",38187
"24035","Queen Anne's, MD",47569
"24037","St. Mary's, MD",43050
"24039","Somerset, MD",23227
"24041","Talbot, MD",58383
"24043","Washington, MD",34169
"24045","Wicomico, MD",32538
"24047","Worcester, MD",41496
"24510","Baltimore (Independent City), MD",34067
"25001","Barnstable, MA",49463
"25003","Berkshire, MA",39383
"25005","Bristol, MA",38231
"25007","Dukes, MA",57956
"25009","Essex, MA",49717
"25011","Franklin, MA",37905
"25013","Hampden, MA",36303
"25015","Hampshire, MA",36808
"25017","Middlesex, MA",59919
"25019","Nantucket, MA",75707
"25021","Norfolk, MA",66080
"25023","Plymouth, MA",46361
"25025","Suffolk, MA",54494
"25027","Worcester, MA",41482
"26001","Alcona, MI",24599
"26003","Alger, MI",22372
"26005","Allegan, MI",31209
"26007","Alpena, MI",29207
"26009","Antrim, MI",29593
"26011","Arenac, MI",24241
"26013","Baraga, MI",23996
"26015","Barry, MI",30948
"26017","Bay, MI",30726
"26019","Benzie, MI",28370
"26021","Berrien, MI",34828
"26023","Branch, MI",23962
"26025","Calhoun, MI",29788
"26027","Cass, MI",29999
"26029","Charlevoix, MI",35888
"26031","Cheboygan, MI",26121
"26033","Chippewa, MI",24211
"26035","Clare, MI",23027
"26037","Clinton, MI",33112
"26039","Crawford, MI",22047
"26041","Delta, MI",28822
"26043","Dickinson, MI",32463
"26045","Eaton, MI",30933
"26047","Emmet, MI",38254
"26049","Genesee, MI",29497
"26051","Gladwin, MI",25446
"26053","Gogebic, MI",25802
"26055","Grand Traverse, MI",34486
"26057","Gratiot, MI",25141
"26059","Hillsdale, MI",27024
"26061","Houghton, MI",26342
"26063","Huron, MI",31724
"26065","Ingham, MI",30961
"26067","Ionia, MI",24318
"26069","Iosco, MI",25382
"26071","Iron, MI",27763
"26073","Isabella, MI",25261
"26075","Jackson, MI",28421
"26077","Kalamazoo, MI",35217
"26079","Kalkaska, MI",22732
"26081","Kent, MI",39251
"26083","Keweenaw, MI",29669
"26085","Lake, MI",20696
"26087","Lapeer, MI",29454
"26089","Leelanau, MI",38453
"26091","Lenawee, MI",28900
"26093","Livingston, MI",40401
"26095","Luce, MI",21541
"26097","Mackinac, MI",29123
"26099","Macomb, MI",36343
"26101","Manistee, MI",27396
"26103","Marquette, MI",29870
"26105","Mason, MI",28675
"26107","Mecosta, MI",23174
"26109","Menominee, MI",28531
"26111","Midland, MI",39693
"26113","Missaukee, MI",24580
"26115","Monroe, MI",34114
"26117","Montcalm, MI",23648
"26119","Montmorency, MI",23945
"26121","Muskegon, MI",26864
"26123","Newaygo, MI",25351
"26125","Oakland, MI",53185
"26127","Oceana, MI",25531
"26129","Ogemaw, MI",23551
"26131","Ontonagon, MI",27464
"26133","Osceola, MI",23971
"26135","Oscoda, MI",24252
"26137","Otsego, MI",27532
"26139","Ottawa, MI",33649
"26141","Presque Isle, MI",25448
"26143","Roscommon, MI",25227
"26145","Saginaw, MI",28758
"26147","St. Clair, MI",31516
"26149","St. Joseph, MI",27291
"26151","Sanilac, MI",26316
"26153","Schoolcraft, MI",26317
"26155","Shiawassee, MI",27382
"26157","Tuscola, MI",25760
"26159","Van Buren, MI",30103
"26161","Washtenaw, MI",43747
"26163","Wayne, MI",31272
"26165","Wexford, MI",26614
"27001","Aitkin, MN",26221
"27003","Anoka, MN",38167
"27005","Becker, MN",31347
"27007","Beltrami, MN",27178
"27009","Benton, MN",32908
"27011","Big Stone, MN",32174
"27013","Blue Earth, MN",34704
"27015","Brown, MN",35414
"27017","Carlton, MN",30328
"27019","Carver, MN",51037
"27021","Cass, MN",31932
"27023","Chippewa, MN",34530
"27025","Chisago, MN",34196
"27027","Clay, MN",30386
"27029","Clearwater, MN",24762
"27031","Cook, MN",34368
"27033","Cottonwood, MN",32676
"27035","Crow Wing, MN",31664
"27037","Dakota, MN",45174
"27039","Dodge, MN",34357
"27041","Douglas, MN",34576
"27043","Faribault, MN",36494
"27045","Fillmore, MN",33036
"27047","Freeborn, MN",31533
"27049","Goodhue, MN",36324
"27051","Grant, MN",31351
"27053","Hennepin, MN",55887
"27055","Houston, MN",34708
"27057","Hubbard, MN",29064
"27059","Isanti, MN",30963
"27061","Itasca, MN",28595
"27063","Jackson, MN",33550
"27065","Kanabec, MN",26085
"27067","Kandiyohi, MN",35212
"27069","Kittson, MN",35630
"27071","Koochiching, MN",30912
"27073","Lac qui Parle, MN",33587
"27075","Lake, MN",32233
"27077","Lake of the Woods, MN",30428
"27079","Le Sueur, MN",31925
"27081","Lincoln, MN",31436
"27083","Lyon, MN",35169
"27085","McLeod, MN",33272
"27087","Mahnomen, MN",25567
"27089","Marshall, MN",33252
"27091","Martin, MN",34950
"27093","Meeker, MN",31475
"27095","Mille Lacs, MN",29126
"27097","Morrison, MN",29044
"27099","Mower, MN",33391
"27101","Murray, MN",37752
"27103","Nicollet, MN",34841
"27105","Nobles, MN",32618
"27107","Norman, MN",34624
"27109","Olmsted, MN",41517
"27111","Otter Tail, MN",30241
"27113","Pennington, MN",33373
"27115","Pine, MN",25009
"27117","Pipestone, MN",32995
"27119","Polk, MN",32028
"27121","Pope, MN",31663
"27123","Ramsey, MN",41963
"27125","Red Lake, MN",30011
"27127","Redwood, MN",35399
"27129","Renville, MN",34034
"27131","Rice, MN",31742
"27133","Rock, MN",36308
"27135","Roseau, MN",34325
"27137","St. Louis, MN",33307
"27139","Scott, MN",42722
"27141","Sherburne, MN",34412
"27143","Sibley, MN",33331
"27145","Stearns, MN",32784
"27147","Steele, MN",33566
"27149","Stevens, MN",36602
"27151","Swift, MN",31627
"27153","Todd, MN",27022
"27155","Traverse, MN",34558
"27157","Wabasha, MN",32811
"27159","Wadena, MN",25404
"27161","Waseca, MN",31267
"27163","Washington, MN",47499
"27165","Watonwan, MN",30652
"27167","Wilkin, MN",37116
"27169","Winona, MN",32101
"27171","Wright, MN",36162
"27173","Yellow Medicine, MN",34707
"28001","Adams, MS",27332
"28003","Alcorn, MS",24377
"28005","Amite, MS",23653
"28007","Attala, MS",24924
"28009","Benton, MS",20833
"28011","Bolivar, MS",27469
"28013","Calhoun, MS",23144
"28015","Carroll, MS",24747
"28017","Chickasaw, MS",24450
"28019","Choctaw, MS",21756
"28021","Claiborne, MS",23392
"28023","Clarke, MS",26684
"28025","Clay, MS",28022
"28027","Coahoma, MS",26090
"28029","Copiah, MS",23641
"28031","Covington, MS",26291
"28033","DeSoto, MS",33099
"28035","Forrest, MS",28461
"28037","Franklin, MS",23891
"28039","George, MS",23462
"28041","Greene, MS",19472
"28043","Grenada, MS",27779
"28045","Hancock, MS",41285
"28047","Harrison, MS",34740
"28049","Hinds, MS",32018
"28051","Holmes, MS",22016
"28053","Humphreys, MS",23510
"28055","Issaquena, MS",28644
"28057","Itawamba, MS",25358
"28059","Jackson, MS",33916
"28061","Jasper, MS",24739
"28063","Jefferson, MS",22244
"28065","Jefferson Davis, MS",19820
"28067","Jones, MS",29994
"28069","Kemper, MS",19852
"28071","Lafayette, MS",30115
"28073","Lamar, MS",29903
"28075","Lauderdale, MS",29591
"28077","Lawrence, MS",25281
"28079","Leake, MS",20214
"28081","Lee, MS",30813
"28083","Leflore, MS",26696
"28085","Lincoln, MS",28371
"28087","Lowndes, MS",29412
"28089","Madison, MS",48568
"28091","Marion, MS",23470
"28093","Marshall, MS",22981
"28095","Monroe, MS",25996
"28097","Montgomery, MS",23798
"28099","Neshoba, MS",28335
"28101","Newton, MS",25584
"28103","Noxubee, MS",23153
"28105","Oktibbeha, MS",25519
"28107","Panola, MS",24569
"28109","Pearl River, MS",27795
"28111","Perry, MS",24005
"28113","Pike, MS",24774
"28115","Pontotoc, MS",26514
"28117","Prentiss, MS",23045
"28119","Quitman, MS",23349
"28121","Rankin, MS",35381
"28123","Scott, MS",22575
"28125","Sharkey, MS",26541
"28127","Simpson, MS",26276
"28129","Smith, MS",24334
"28131","Stone, MS",26811
"28133","Sunflower, MS",22275
"28135","Tallahatchie, MS",22306
"28137","Tate, MS",26974
"28139","Tippah, MS",24635
"28141","Tishomingo, MS",23139
"28143","Tunica, MS",25472
"28145","Union, MS",24026
"28147","Walthall, MS",21872
"28149","Warren, MS",30619
"28151","Washington, MS",26896
"28153","Wayne, MS",24900
"28155","Webster, MS",26121
"28157","Wilkinson, MS",20482
"28159","Winston, MS",25776
"28161","Yalobusha, MS",23366
"28163","Yazoo, MS",22896
"29001","Adair, MO",25388
"29003","Andrew, MO",33750
"29005","Atchison, MO",32902
"29007","Audrain, MO",29268
"29009","Barry, MO",27144
"29011","Barton, MO",27221
"29013","Bates, MO",27549
"29015","Benton, MO",24912
"29017","Bollinger, MO",22784
"29019","Boone, MO",35103
"29021","Buchanan, MO",30403
"29023","Butler, MO",28273
"29025","Caldwell, MO",27185
"29027","Callaway, MO",28721
"29029","Camden, MO",29766
"29031","Cape Girardeau, MO",35157
"29033","Carroll, MO",35479
"29035","Carter, MO",24366
"29037","Cass, MO",34872
"29039","Cedar, MO",24164
"29041","Chariton, MO",34276
"29043","Christian, MO",29886
"29045","Clark, MO",26204
"29047","Clay, MO",37418
"29049","Clinton, MO",31976
"29051","Cole, MO",36929
"29053","Cooper, MO",27567
"29055","Crawford, MO",24479
"29057","Dade, MO",25276
"29059","Dallas, MO",23261
"29061","Daviess, MO",27875
"29063","DeKalb, MO",21036
"29065","Dent, MO",25915
"29067","Douglas, MO",20975
"29069","Dunklin, MO",28095
"29071","Franklin, MO",33583
"29073","Gasconade, MO",30006
"29075","Gentry, MO",31398
"29077","Greene, MO",34639
"29079","Grundy, MO",27257
"29081","Harrison, MO",29104
"29083","Henry, MO",30787
"29085","Hickory, MO",19859
"29087","Holt, MO",37743
"29089","Howard, MO",28910
"29091","Howell, MO",25864
"29093","Iron, MO",25639
"29095","Jackson, MO",35369
"29097","Jasper, MO",29485
"29099","Jefferson, MO",32425
"29101","Johnson, MO",27131
"29103","Knox, MO",28248
"29105","Laclede, MO",25743
"29107","Lafayette, MO",31023
"29109","Lawrence, MO",24643
"29111","Lewis, MO",25169
"29113","Lincoln, MO",30129
"29115","Linn, MO",28181
"29117","Livingston, MO",28182
"29119","McDonald, MO",21004
"29121","Macon, MO",31148
"29123","Madison, MO",25886
"29125","Maries, MO",24400
"29127","Marion, MO",30197
"29129","Mercer, MO",25816
"29131","Miller, MO",24227
"29133","Mississippi, MO",24549
"29135","Moniteau, MO",27211
"29137","Monroe, MO",29123
"29139","Montgomery, MO",27224
"29141","Morgan, MO",27020
"29143","New Madrid, MO",27913
"29145","Newton, MO",28149
"29147","Nodaway, MO",25410
"29149","Oregon, MO",20869
"29151","Osage, MO",32680
"29153","Ozark, MO",21472
"29155","Pemiscot, MO",27457
"29157","Perry, MO",28161
"29159","Pettis, MO",28119
"29161","Phelps, MO",27483
"29163","Pike, MO",24064
"29165","Platte, MO",42368
"29167","Polk, MO",23908
"29169","Pulaski, MO",35328
"29171","Putnam, MO",24721
"29173","Ralls, MO",32746
"29175","Randolph, MO",28362
"29177","Ray, MO",29324
"29179","Reynolds, MO",22288
"29181","Ripley, MO",23782
"29183","St. Charles, MO",41725
"29185","St. Clair, MO",23177
"29186","Ste. Genevieve, MO",28810
"29187","St. Francois, MO",25889
"29189","St. Louis, MO",53231
"29195","Saline, MO",30255
"29197","Schuyler, MO",22546
"29199","Scotland, MO",28349
"29201","Scott, MO",31302
"29203","Shannon, MO",20109
"29205","Shelby, MO",30359
"29207","Stoddard, MO",29438
"29209","Stone, MO",26141
"29211","Sullivan, MO",28728
"29213","Taney, MO",28005
"29215","Texas, MO",20875
"29217","Vernon, MO",25500
"29219","Warren, MO",30816
"29221","Washington, MO",21735
"29223","Wayne, MO",22165
"29225","Webster, MO",25410
"29227","Worth, MO",25517
"29229","Wright, MO",21043
"29510","St. Louis (Independent City), MO",31263
"30001","Beaverhead, MT",29477
"30003","Big Horn, MT",22908
"30005","Blaine, MT",23375
"30007","Broadwater, MT",28960
"30009","Carbon, MT",33622
"30011","Carter, MT",30457
"30013","Cascade, MT",34879
"30015","Chouteau, MT",27851
"30017","Custer, MT",31754
"30019","Daniels, MT",36662
"30021","Dawson, MT",29932
"30023","Deer Lodge, MT",27379
"30025","Fallon, MT",37329
"30027","Fergus, MT",31968
"30029","Flathead, MT",35069
"30031","Gallatin, MT",38415
"30033","Garfield, MT",26893
"30035","Glacier, MT",26020
"30037","Golden Valley, MT",32740
"30039","Granite, MT",27601
"30041","Hill, MT",33233
"30043","Jefferson, MT",33581
"30045","Judith Basin, MT",26536
"30047","Lake, MT",27181
"30049","Lewis and Clark, MT",38806
"30051","Liberty, MT",26346
"30053","Lincoln, MT",25500
"30055","McCone, MT",28123
"30057","Madison, MT",34584
"30059","Meagher, MT",28563
"30061","Mineral, MT",27302
"30063","Missoula, MT",33588
"30065","Musselshell, MT",26833
"30067","Park, MT",32178
"30069","Petroleum, MT",24843
"30071","Phillips, MT",28931
"30073","Pondera, MT",31468
"30075","Powder River, MT",22856
"30077","Powell, MT",22652
"30079","Prairie, MT",32561
"30081","Ravalli, MT",30733
"30083","Richland, MT",37141
"30085","Roosevelt, MT",24438
"30087","Rosebud, MT",30223
"30089","Sanders, MT",24612
"30091","Sheridan, MT",36815
"30093","Silver Bow, MT",40790
"30095","Stillwater, MT",31373
"30097","Sweet Grass, MT",34961
"30099","Teton, MT",33796
"30101","Toole, MT",31140
"30103","Treasure, MT",32253
"30105","Valley, MT",31517
"30107","Wheatland, MT",22726
"30109","Wibaux, MT",28229
"30111","Yellowstone, MT",37125
"31001","Adams, NE",35252
"31003","Antelope, NE",34236
"31005","Arthur, NE",26906
"31007","Banner, NE",36020
"31009","Blaine, NE",33171
"31011","Boone, NE",31406
"31013","Box Butte, NE",32939
"31015","Boyd, NE",28434
"31017","Brown, NE",29206
"31019","Buffalo, NE",34541
"31021","Burt, NE",32424
"31023","Butler, NE",32985
"31025","Cass, NE",35494
"31027","Cedar, NE",32102
"31029","Chase, NE",36092
"31031","Cherry, NE",28808
"31033","Cheyenne, NE",38217
"31035","Clay, NE",32821
"31037","Colfax, NE",31692
"31039","Cuming, NE",39954
"31041","Custer, NE",31163
"31043","Dakota, NE",26730
"31045","Dawes, NE",24837
"31047","Dawson, NE",28670
"31049","Deuel, NE",32132
"31051","Dixon, NE",27360
"31053","Dodge, NE",33580
"31055","Douglas, NE",46133
"31057","Dundy, NE",44378
"31059","Fillmore, NE",42912
"31061","Franklin, NE",34505
"31063","Frontier, NE",30517
"31065","Furnas, NE",33084
"31067","Gage, NE",35690
"31069","Garden, NE",39046
"31071","Garfield, NE",27931
"31073","Gosper, NE",35141
"31075","Grant, NE",24800
"31077","Greeley, NE",26357
"31079","Hall, NE",33288
"31081","Hamilton, NE",35958
"31083","Harlan, NE",31405
"31085","Hayes, NE",41027
"31087","Hitchcock, NE",30003
"31089","Holt, NE",34003
"31091","Hooker, NE",28486
"31093","Howard, NE",31193
"31095","Jefferson, NE",34914
"31097","Johnson, NE",26954
"31099","Kearney, NE",53860
"31101","Keith, NE",30780
"31103","Keya Paha, NE",27281
"31105","Kimball, NE",37114
"31107","Knox, NE",29875
"31109","Lancaster, NE",37196
"31111","Lincoln, NE",34616
"31113","Logan, NE",31521
"31115","Loup, NE",25300
"31117","McPherson, NE",19231
"31119","Madison, NE",33764
"31121","Merrick, NE",33431
"31123","Morrill, NE",38218
"31125","Nance, NE",31695
"31127","Nemaha, NE",34328
"31129","Nuckolls, NE",31619
"31131","Otoe, NE",32702
"31133","Pawnee, NE",31082
"31135","Perkins, NE",36917
"31137","Phelps, NE",37029
"31139","Pierce, NE",40508
"31141","Platte, NE",35098
"31143","Polk, NE",39405
"31145","Red Willow, NE",33339
"31147","Richardson, NE",32639
"31149","Rock, NE",29760
"31151","Saline, NE",30154
"31153","Sarpy, NE",38975
"31155","Saunders, NE",33945
"31157","Scotts Bluff, NE",31089
"31159","Seward, NE",35527
"31161","Sheridan, NE",31057
"31163","Sherman, NE",31966
"31165","Sioux, NE",27313
"31167","Stanton, NE",29948
"31169","Thayer, NE",35914
"31171","Thomas, NE",31937
"31173","Thurston, NE",29870
"31175","Valley, NE",33722
"31177","Washington, NE",38591
"31179","Wayne, NE",30020
"31181","Webster, NE",30711
"31183","Wheeler, NE",32649
"31185","York, NE",35792
"32001","Churchill, NV",31229
"32003","Clark, NV",39950
"32005","Douglas, NV",56469
"32007","Elko, NV",35481
"32009","Esmeralda, NV",28517
"32011","Eureka, NV",36145
"32013","Humboldt, NV",33977
"32015","Lander, NV",34408
"32017","Lincoln, NV",23501
"32019","Lyon, NV",28763
"32021","Mineral, NV",28295
"32023","Nye, NV",30759
"32027","Pershing, NV",21610
"32029","Storey, NV",42881
"32031","Washoe, NV",45333
"32033","White Pine, NV",33540
"32510","Carson City (Independent City), NV",28600
"33001","Belknap, NH",41889
"33003","Carroll, NH",40590
"33005","Cheshire, NH",37899
"33007","Coos, NH",31707
"33009","Grafton, NH",43361
"33011","Hillsborough, NH",47284
"33013","Merrimack, NH",48940
"33015","Rockingham, NH",51325
"33017","Strafford, NH",34999
"33019","Sullivan, NH",37450
"34001","Atlantic, NJ",37121
"34003","Bergen, NJ",67722
"34005","Burlington, NJ",45873
"34007","Camden, NJ",39691
"34009","Cape May, NJ",42222
"34011","Cumberland, NJ",30313
"34013","Essex, NJ",50977
"34015","Gloucester, NJ",39257
"34017","Hudson, NJ",41848
"34019","Hunterdon, NJ",70876
"34021","Mercer, NJ",52831
"34023","Middlesex, NJ",45880
"34025","Monmouth, NJ",59406
"34027","Morris, NJ",72172
"34029","Ocean, NJ",40014
"34031","Passaic, NJ",38603
"34033","Salem, NJ",36771
"34035","Somerset, NJ",70534
"34037","Sussex, NJ",45535
"34039","Union, NJ",51618
"34041","Warren, NJ",42447
"35001","Bernalillo, NM",34754
"35003","Catron, NM",24196
"35005","Chaves, NM",28662
"35006","Cibola, NM*",21731
"35007","Colfax, NM",28855
"35009","Curry, NM",31448
"35011","De Baca, NM",30321
"35013","Doa Ana, NM",27032
"35015","Eddy, NM",36802
"35017","Grant, NM",28079
"35019","Guadalupe, NM",20186
"35021","Harding, NM",31178
"35023","Hidalgo, NM",25818
"35025","Lea, NM",31782
"35027","Lincoln, NM",29404
"35028","Los Alamos, NM",59225
"35029","Luna, NM",23577
"35031","McKinley, NM",21906
"35033","Mora, NM",22950
"35035","Otero, NM",26384
"35037","Quay, NM",27732
"35039","Rio Arriba, NM",26815
"35041","Roosevelt, NM",26440
"35043","Sandoval, NM",33943
"35045","San Juan, NM",29084
"35047","San Miguel, NM",25354
"35049","Santa Fe, NM",43746
"35051","Sierra, NM",26090
"35053","Socorro, NM",24715
"35055","Taos, NM",27834
"35057","Torrance, NM",23751
"35059","Union, NM",25617
"35061","Valencia, NM*",26593
"36001","Albany, NY",41205
"36003","Allegany, NY",24589
"36005","Bronx, NY",27127
"36007","Broome, NY",32144
"36009","Cattaraugus, NY",28594
"36011","Cayuga, NY",29473
"36013","Chautauqua, NY",27934
"36015","Chemung, NY",31599
"36017","Chenango, NY",27621
"36019","Clinton, NY",31608
"36021","Columbia, NY",37928
"36023","Cortland, NY",27806
"36025","Delaware, NY",27439
"36027","Dutchess, NY",41198
"36029","Erie, NY",36283
"36031","Essex, NY",30355
"36033","Franklin, NY",27345
"36035","Fulton, NY",29786
"36037","Genesee, NY",31794
"36039","Greene, NY",30634
"36041","Hamilton, NY",34591
"36043","Herkimer, NY",28311
"36045","Jefferson, NY",35375
"36047","Kings, NY",33239
"36049","Lewis, NY",30579
"36051","Livingston, NY",29063
"36053","Madison, NY",30457
"36055","Monroe, NY",38264
"36057","Montgomery, NY",31895
"36059","Nassau, NY",64533
"36061","New York, NY",122103
"36063","Niagara, NY",32650
"36065","Oneida, NY",32454
"36067","Onondaga, NY",38131
"36069","Ontario, NY",36839
"36071","Orange, NY",38495
"36073","Orleans, NY",26777
"36075","Oswego, NY",28073
"36077","Otsego, NY",28877
"36079","Putnam, NY",50461
"36081","Queens, NY",36333
"36083","Rensselaer, NY",35489
"36085","Richmond, NY",42231
"36087","Rockland, NY",48445
"36089","St. Lawrence, NY",26468
"36091","Saratoga, NY",46030
"36093","Schenectady, NY",42256
"36095","Schoharie, NY",28510
"36097","Schuyler, NY",28219
"36099","Seneca, NY",28125
"36101","Steuben, NY",32171
"36103","Suffolk, NY",49859
"36105","Sullivan, NY",30810
"36107","Tioga, NY",32745
"36109","Tompkins, NY",32020
"36111","Ulster, NY",35452
"36113","Warren, NY",35077
"36115","Washington, NY",27531
"36117","Wayne, NY",31799
"36119","Westchester, NY",80772
"36121","Wyoming, NY",28528
"36123","Yates, NY",27485
"37001","Alamance, NC",32056
"37003","Alexander, NC",27721
"37005","Alleghany, NC",27149
"37007","Anson, NC",26262
"37009","Ashe, NC",27264
"37011","Avery, NC",25987
"37013","Beaufort, NC",31519
"37015","Bertie, NC",25934
"37017","Bladen, NC",25844
"37019","Brunswick, NC",32751
"37021","Buncombe, NC",35266
"37023","Burke, NC",26505
"37025","Cabarrus, NC",34768
"37027","Caldwell, NC",26910
"37029","Camden, NC",36862
"37031","Carteret, NC",37392
"37033","Caswell, NC",23300
"37035","Catawba, NC",34399
"37037","Chatham, NC",44737
"37039","Cherokee, NC",24253
"37041","Chowan, NC",30319
"37043","Clay, NC",26668
"37045","Cleveland, NC",28269
"37047","Columbus, NC",26456
"37049","Craven, NC",35591
"37051","Cumberland, NC",31848
"37053","Currituck, NC",34330
"37055","Dare, NC",39290
"37057","Davidson, NC",30192
"37059","Davie, NC",37871
"37061","Duplin, NC",25476
"37063","Durham, NC",38906
"37065","Edgecombe, NC",26717
"37067","Forsyth, NC",39635
"37069","Franklin, NC",28644
"37071","Gaston, NC",31279
"37073","Gates, NC",27870
"37075","Graham, NC",24581
"37077","Granville, NC",27745
"37079","Greene, NC",21263
"37081","Guilford, NC",37393
"37083","Halifax, NC",27098
"37085","Harnett, NC",27816
"37087","Haywood, NC",30117
"37089","Henderson, NC",34542
"37091","Hertford, NC",24908
"37093","Hoke, NC",25840
"37095","Hyde, NC",26901
"37097","Iredell, NC",36496
"37099","Jackson, NC",28070
"37101","Johnston, NC",33112
"37103","Jones, NC",29698
"37105","Lee, NC",32360
"37107","Lenoir, NC",30060
"37109","Lincoln, NC",31910
"37111","McDowell, NC",24883
"37113","Macon, NC",31194
"37115","Madison, NC",25031
"37117","Martin, NC",28252
"37119","Mecklenburg, NC",56065
"37121","Mitchell, NC",25788
"37123","Montgomery, NC",27077
"37125","Moore, NC",39530
"37127","Nash, NC",32269
"37129","New Hanover, NC",37347
"37131","Northampton, NC",26540
"37133","Onslow, NC",36573
"37135","Orange, NC",49450
"37137","Pamlico, NC",32141
"37139","Pasquotank, NC",30356
"37141","Pender, NC",29320
"37143","Perquimans, NC",32234
"37145","Person, NC",29249
"37147","Pitt, NC",31611
"37149","Polk, NC",36468
"37151","Randolph, NC",29178
"37153","Richmond, NC",25258
"37155","Robeson, NC",23692
"37157","Rockingham, NC",28973
"37159","Rowan, NC",29604
"37161","Rutherford, NC",25353
"37163","Sampson, NC",29085
"37165","Scotland, NC",25926
"37167","Stanly, NC",28753
"37169","Stokes, NC",27424
"37171","Surry, NC",29181
"37173","Swain, NC",25325
"37175","Transylvania, NC",31341
"37177","Tyrrell, NC",22791
"37179","Union, NC",37285
"37181","Vance, NC",27766
"37183","Wake, NC",46029
"37185","Warren, NC",21469
"37187","Washington, NC",28355
"37189","Watauga, NC",29549
"37191","Wayne, NC",30310
"37193","Wilkes, NC",28237
"37195","Wilson, NC",32031
"37197","Yadkin, NC",28307
"37199","Yancey, NC",26212
"38001","Adams, ND",37614
"38003","Barnes, ND",34424
"38005","Benson, ND",27792
"38007","Billings, ND",41193
"38009","Bottineau, ND",38606
"38011","Bowman, ND",43284
"38013","Burke, ND",38814
"38015","Burleigh, ND",38153
"38017","Cass, ND",39609
"38019","Cavalier, ND",44251
"38021","Dickey, ND",38154
"38023","Divide, ND",38569
"38025","Dunn, ND",28032
"38027","Eddy, ND",32614
"38029","Emmons, ND",36798
"38031","Foster, ND",36780
"38033","Golden Valley, ND",34855
"38035","Grand Forks, ND",34636
"38037","Grant, ND",34917
"38039","Griggs, ND",34465
"38041","Hettinger, ND",37497
"38043","Kidder, ND",32218
"38045","LaMoure, ND",39656
"38047","Logan, ND",37018
"38049","McHenry, ND",34771
"38051","McIntosh, ND",31884
"38053","McKenzie, ND",34465
"38055","McLean, ND",36383
"38057","Mercer, ND",36373
"38059","Morton, ND",33208
"38061","Mountrail, ND",27676
"38063","Nelson, ND",37673
"38065","Oliver, ND",35029
"38067","Pembina, ND",40623
"38069","Pierce, ND",29057
"38071","Ramsey, ND",34804
"38073","Ransom, ND",34864
"38075","Renville, ND",42457
"38077","Richland, ND",33535
"38079","Rolette, ND",25303
"38081","Sargent, ND",42289
"38083","Sheridan, ND",29653
"38085","Sioux, ND",18883
"38087","Slope, ND",44560
"38089","Stark, ND",34623
"38091","Steele, ND",38504
"38093","Stutsman, ND",33660
"38095","Towner, ND",43059
"38097","Traill, ND",35441
"38099","Walsh, ND",33172
"38101","Ward, ND",36101
"38103","Wells, ND",39011
"38105","Williams, ND",40044
"39001","Adams, OH",24979
"39003","Allen, OH",31247
"39005","Ashland, OH",28310
"39007","Ashtabula, OH",27581
"39009","Athens, OH",23945
"39011","Auglaize, OH",33268
"39013","Belmont, OH",28276
"39015","Brown, OH",26631
"39017","Butler, OH",35271
"39019","Carroll, OH",27468
"39021","Champaign, OH",29448
"39023","Clark, OH",30387
"39025","Clermont, OH",36886
"39027","Clinton, OH",34243
"39029","Columbiana, OH",28008
"39031","Coshocton, OH",26625
"39033","Crawford, OH",28267
"39035","Cuyahoga, OH",40700
"39037","Darke, OH",29240
"39039","Defiance, OH",30927
"39041","Delaware, OH",54610
"39043","Erie, OH",36878
"39045","Fairfield, OH",33967
"39047","Fayette, OH",27853
"39049","Franklin, OH",38255
"39051","Fulton, OH",33231
"39053","Gallia, OH",30105
"39055","Geauga, OH",49837
"39057","Greene, OH",38493
"39059","Guernsey, OH",26461
"39061","Hamilton, OH",43456
"39063","Hancock, OH",34572
"39065","Hardin, OH",25440
"39067","Harrison, OH",25151
"39069","Henry, OH",31417
"39071","Highland, OH",26175
"39073","Hocking, OH",25497
"39075","Holmes, OH",24363
"39077","Huron, OH",29196
"39079","Jackson, OH",26750
"39081","Jefferson, OH",27729
"39083","Knox, OH",30525
"39085","Lake, OH",38198
"39087","Lawrence, OH",26628
"39089","Licking, OH",33298
"39091","Logan, OH",29310
"39093","Lorain, OH",33339
"39095","Lucas, OH",34314
"39097","Madison, OH",29974
"39099","Mahoning, OH",34060
"39101","Marion, OH",27623
"39103","Medina, OH",40895
"39105","Meigs, OH",23374
"39107","Mercer, OH",32362
"39109","Miami, OH",34811
"39111","Monroe, OH",22339
"39113","Montgomery, OH",34918
"39115","Morgan, OH",22325
"39117","Morrow, OH",26700
"39119","Muskingum, OH",28966
"39121","Noble, OH",21452
"39123","Ottawa, OH",36702
"39125","Paulding, OH",28878
"39127","Perry, OH",25139
"39129","Pickaway, OH",28532
"39131","Pike, OH",23705
"39133","Portage, OH",32840
"39135","Preble, OH",28466
"39137","Putnam, OH",36655
"39139","Richland, OH",29284
"39141","Ross, OH",27099
"39143","Sandusky, OH",30668
"39145","Scioto, OH",25939
"39147","Seneca, OH",28547
"39149","Shelby, OH",31623
"39151","Stark, OH",33223
"39153","Summit, OH",37964
"39155","Trumbull, OH",30939
"39157","Tuscarawas, OH",30592
"39159","Union, OH",33997
"39161","Van Wert, OH",29804
"39163","Vinton, OH",23889
"39165","Warren, OH",42579
"39167","Washington, OH",29475
"39169","Wayne, OH",30527
"39171","Williams, OH",29612
"39173","Wood, OH",36156
"39175","Wyandot, OH",30465
"40001","Adair, OK",20597
"40003","Alfalfa, OK",23903
"40005","Atoka, OK",22280
"40007","Beaver, OK",31148
"40009","Beckham, OK",28544
"40011","Blaine, OK",22874
"40013","Bryan, OK",25910
"40015","Caddo, OK",24530
"40017","Canadian, OK",34430
"40019","Carter, OK",31393
"40021","Cherokee, OK",23249
"40023","Choctaw, OK",23034
"40025","Cimarron, OK",32135
"40027","Cleveland, OK",35328
"40029","Coal, OK",24112
"40031","Comanche, OK",31336
"40033","Cotton, OK",30894
"40035","Craig, OK",26623
"40037","Creek, OK",30097
"40039","Custer, OK",28981
"40041","Delaware, OK",23775
"40043","Dewey, OK",30018
"40045","Ellis, OK",30404
"40047","Garfield, OK",35892
"40049","Garvin, OK",33079
"40051","Grady, OK",28181
"40053","Grant, OK",32997
"40055","Greer, OK",19697
"40057","Harmon, OK",25221
"40059","Harper, OK",34431
"40061","Haskell, OK",24833
"40063","Hughes, OK",23647
"40065","Jackson, OK",31680
"40067","Jefferson, OK",26071
"40069","Johnston, OK",24997
"40071","Kay, OK",31311
"40073","Kingfisher, OK",32109
"40075","Kiowa, OK",25637
"40077","Latimer, OK",28379
"40079","Le Flore, OK",24230
"40081","Lincoln, OK",25199
"40083","Logan, OK",30805
"40085","Love, OK",26309
"40087","McClain, OK",32695
"40089","McCurtain, OK",24071
"40091","McIntosh, OK",24505
"40093","Major, OK",29095
"40095","Marshall, OK",26698
"40097","Mayes, OK",26504
"40099","Murray, OK",28792
"40101","Muskogee, OK",28411
"40103","Noble, OK",28008
"40105","Nowata, OK",25419
"40107","Okfuskee, OK",21788
"40109","Oklahoma, OK",40197
"40111","Okmulgee, OK",25090
"40113","Osage, OK",26523
"40115","Ottawa, OK",27075
"40117","Pawnee, OK",26221
"40119","Payne, OK",28853
"40121","Pittsburg, OK",29726
"40123","Pontotoc, OK",30843
"40125","Pottawatomie, OK",31174
"40127","Pushmataha, OK",24309
"40129","Roger Mills, OK",36340
"40131","Rogers, OK",32386
"40133","Seminole, OK",24663
"40135","Sequoyah, OK",24403
"40137","Stephens, OK",35108
"40139","Texas, OK",31671
"40141","Tillman, OK",24096
"40143","Tulsa, OK",48080
"40145","Wagoner, OK",29970
"40147","Washington, OK",72064
"40149","Washita, OK",26981
"40151","Woods, OK",28418
"40153","Woodward, OK",33641
"41001","Baker, OR",25805
"41003","Benton, OR",34624
"41005","Clackamas, OR",43023
"41007","Clatsop, OR",31872
"41009","Columbia, OR",30787
"41011","Coos, OR",30325
"41013","Crook, OR",27189
"41015","Curry, OR",32560
"41017","Deschutes, OR",37289
"41019","Douglas, OR",29291
"41021","Gilliam, OR",31714
"41023","Grant, OR",27203
"41025","Harney, OR",25832
"41027","Hood River, OR",34918
"41029","Jackson, OR",33770
"41031","Jefferson, OR",25260
"41033","Josephine, OR",29545
"41035","Klamath, OR",28344
"41037","Lake, OR",24238
"41039","Lane, OR",33472
"41041","Lincoln, OR",31585
"41043","Linn, OR",29971
"41045","Malheur, OR",21765
"41047","Marion, OR",29972
"41049","Morrow, OR",30694
"41051","Multnomah, OR",41130
"41053","Polk, OR",31743
"41055","Sherman, OR",34391
"41057","Tillamook, OR",30543
"41059","Umatilla, OR",27330
"41061","Union, OR",29538
"41063","Wallowa, OR",29801
"41065","Wasco, OR",30696
"41067","Washington, OR",41836
"41069","Wheeler, OR",26144
"41071","Yamhill, OR",33043
"42001","Adams, PA",35723
"42003","Allegheny, PA",44331
"42005","Armstrong, PA",31709
"42007","Beaver, PA",34165
"42009","Bedford, PA",28185
"42011","Berks, PA",36599
"42013","Blair, PA",32212
"42015","Bradford, PA",28363
"42017","Bucks, PA",51918
"42019","Butler, PA",39902
"42021","Cambria, PA",31078
"42023","Cameron, PA",33414
"42025","Carbon, PA",33958
"42027","Centre, PA",32463
"42029","Chester, PA",63916
"42031","Clarion, PA",31221
"42033","Clearfield, PA",30650
"42035","Clinton, PA",26268
"42037","Columbia, PA",29939
"42039","Crawford, PA",28479
"42041","Cumberland, PA",41513
"42043","Dauphin, PA",38275
"42045","Delaware, PA",46750
"42047","Elk, PA",35113
"42049","Erie, PA",32703
"42051","Fayette, PA",29626
"42053","Forest, PA",18342
"42055","Franklin, PA",34613
"42057","Fulton, PA",29078
"42059","Greene, PA",27363
"42061","Huntingdon, PA",28046
"42063","Indiana, PA",30815
"42065","Jefferson, PA",31417
"42067","Juniata, PA",30321
"42069","Lackawanna, PA",34964
"42071","Lancaster, PA",36823
"42073","Lawrence, PA",30855
"42075","Lebanon, PA",35153
"42077","Lehigh, PA",42026
"42079","Luzerne, PA",33979
"42081","Lycoming, PA",30815
"42083","McKean, PA",30648
"42085","Mercer, PA",31395
"42087","Mifflin, PA",27437
"42089","Monroe, PA",31891
"42091","Montgomery, PA",63274
"42093","Montour, PA",38304
"42095","Northampton, PA",40885
"42097","Northumberland, PA",30389
"42099","Perry, PA",31648
"42101","Philadelphia, PA",36906
"42103","Pike, PA",34711
"42105","Potter, PA",30038
"42107","Schuylkill, PA",31428
"42109","Snyder, PA",31254
"42111","Somerset, PA",28718
"42113","Sullivan, PA",28815
"42115","Susquehanna, PA",29465
"42117","Tioga, PA",26378
"42119","Union, PA",29488
"42121","Venango, PA",30870
"42123","Warren, PA",33632
"42125","Washington, PA",38821
"42127","Wayne, PA",30206
"42129","Westmoreland, PA",37288
"42131","Wyoming, PA",30243
"42133","York, PA",38926
"44001","Bristol, RI",57503
"44003","Kent, RI",43856
"44005","Newport, RI",49362
"44007","Providence, RI",36313
"44009","Washington, RI",47647
"45001","Abbeville, SC",23763
"45003","Aiken, SC",31251
"45005","Allendale, SC",23062
"45007","Anderson, SC",28945
"45009","Bamberg, SC",24157
"45011","Barnwell, SC",23960
"45013","Beaufort, SC",45496
"45015","Berkeley, SC",28962
"45017","Calhoun, SC",28729
"45019","Charleston, SC",41412
"45021","Cherokee, SC",25304
"45023","Chester, SC",24465
"45025","Chesterfield, SC",23952
"45027","Clarendon, SC",22237
"45029","Colleton, SC",25965
"45031","Darlington, SC",28060
"45033","Dillon, SC",21777
"45035","Dorchester, SC",30397
"45037","Edgefield, SC",24233
"45039","Fairfield, SC",25745
"45041","Florence, SC",31722
"45043","Georgetown, SC",33774
"45045","Greenville, SC",35988
"45047","Greenwood, SC",28407
"45049","Hampton, SC",23100
"45051","Horry, SC",29607
"45053","Jasper, SC",23436
"45055","Kershaw, SC",31750
"45057","Lancaster, SC",28170
"45059","Laurens, SC",26989
"45061","Lee, SC",20782
"45063","Lexington, SC",35289
"45065","McCormick, SC",25049
"45067","Marion, SC",23254
"45069","Marlboro, SC",20389
"45071","Newberry, SC",28622
"45073","Oconee, SC",30449
"45075","Orangeburg, SC",25500
"45077","Pickens, SC",27724
"45079","Richland, SC",35188
"45081","Saluda, SC",28046
"45083","Spartanburg, SC",32251
"45085","Sumter, SC",28883
"45087","Union, SC",24566
"45089","Williamsburg, SC",20861
"45091","York, SC",34126
"46003","Aurora, SD",35750
"46005","Beadle, SD",38982
"46007","Bennett, SD",24767
"46009","Bon Homme, SD",29597
"46011","Brookings, SD",33839
"46013","Brown, SD",41922
"46015","Brule, SD",32361
"46017","Buffalo, SD",19038
"46019","Butte, SD",28997
"46021","Campbell, SD",36061
"46023","Charles Mix, SD",31145
"46025","Clark, SD",32831
"46027","Clay, SD",28525
"46029","Codington, SD",35185
"46031","Corson, SD",21588
"46033","Custer, SD",33304
"46035","Davison, SD",37990
"46037","Day, SD",30896
"46039","Deuel, SD",37340
"46041","Dewey, SD",26116
"46043","Douglas, SD",37092
"46045","Edmunds, SD",39638
"46047","Fall River, SD",33026
"46049","Faulk, SD",36205
"46051","Grant, SD",61866
"46053","Gregory, SD",35457
"46055","Haakon, SD",39658
"46057","Hamlin, SD",34763
"46059","Hand, SD",40229
"46061","Hanson, SD",43090
"46063","Harding, SD",31667
"46065","Hughes, SD",39953
"46067","Hutchinson, SD",38671
"46069","Hyde, SD",35342
"46071","Jackson, SD",21892
"46073","Jerauld, SD",42119
"46075","Jones, SD",43492
"46077","Kingsbury, SD",41748
"46079","Lake, SD",54445
"46081","Lawrence, SD",35063
"46083","Lincoln, SD",52470
"46085","Lyman, SD",30696
"46087","McCook, SD",35989
"46089","McPherson, SD",34894
"46091","Marshall, SD",31830
"46093","Meade, SD",32620
"46095","Mellette, SD",25946
"46097","Miner, SD",37484
"46099","Minnehaha, SD",42187
"46101","Moody, SD",38026
"46102","Oglala Lakota, SD*",17101
"46103","Pennington, SD",38984
"46105","Perkins, SD",30494
"46107","Potter, SD",55557
"46109","Roberts, SD",29792
"46111","Sanborn, SD",41586
"46115","Spink, SD",41636
"46117","Stanley, SD",40468
"46119","Sully, SD",55660
"46121","Todd, SD",18918
"46123","Tripp, SD",32197
"46125","Turner, SD",50734
"46127","Union, SD",72633
"46129","Walworth, SD",33256
"46135","Yankton, SD",35698
"46137","Ziebach, SD",14580
"47001","Anderson, TN",33021
"47003","Bedford, TN",27644
"47005","Benton, TN",25394
"47007","Bledsoe, TN",17435
"47009","Blount, TN",30929
"47011","Bradley, TN",30693
"47013","Campbell, TN",24656
"47015","Cannon, TN",26834
"47017","Carroll, TN",27746
"47019","Carter, TN",25264
"47021","Cheatham, TN",31814
"47023","Chester, TN",24620
"47025","Claiborne, TN",26253
"47027","Clay, TN",23961
"47029","Cocke, TN",22704
"47031","Coffee, TN",28863
"47033","Crockett, TN",27878
"47035","Cumberland, TN",27318
"47037","Davidson, TN",43190
"47039","Decatur, TN",28182
"47041","DeKalb, TN",27426
"47043","Dickson, TN",29370
"47045","Dyer, TN",30612
"47047","Fayette, TN",38574
"47049","Fentress, TN",24115
"47051","Franklin, TN",28108
"47053","Gibson, TN",28726
"47055","Giles, TN",27048
"47057","Grainger, TN",23192
"47059","Greene, TN",30999
"47061","Grundy, TN",21961
"47063","Hamblen, TN",27454
"47065","Hamilton, TN",38282
"47067","Hancock, TN",18276
"47069","Hardeman, TN",21181
"47071","Hardin, TN",27424
"47073","Hawkins, TN",25067
"47075","Haywood, TN",24422
"47077","Henderson, TN",26184
"47079","Henry, TN",28165
"47081","Hickman, TN",23134
"47083","Houston, TN",24334
"47085","Humphreys, TN",26986
"47087","Jackson, TN",22586
"47089","Jefferson, TN",25731
"47091","Johnson, TN",22875
"47093","Knox, TN",36647
"47095","Lake, TN",19214
"47097","Lauderdale, TN",22675
"47099","Lawrence, TN",24712
"47101","Lewis, TN",22119
"47103","Lincoln, TN",29030
"47105","Loudon, TN",34742
"47107","McMinn, TN",27620
"47109","McNairy, TN",25163
"47111","Macon, TN",24659
"47113","Madison, TN",31219
"47115","Marion, TN",28234
"47117","Marshall, TN",26655
"47119","Maury, TN",28848
"47121","Meigs, TN",22401
"47123","Monroe, TN",25949
"47125","Montgomery, TN",35141
"47127","Moore, TN",27333
"47129","Morgan, TN",21945
"47131","Obion, TN",31257
"47133","Overton, TN",22647
"47135","Perry, TN",24554
"47137","Pickett, TN",23390
"47139","Polk, TN",25080
"47141","Putnam, TN",29595
"47143","Rhea, TN",26921
"47145","Roane, TN",29703
"47147","Robertson, TN",31570
"47149","Rutherford, TN",31948
"47151","Scott, TN",22574
"47153","Sequatchie, TN",28114
"47155","Sevier, TN",29581
"47157","Shelby, TN",39981
"47159","Smith, TN",26513
"47161","Stewart, TN",32254
"47163","Sullivan, TN",32475
"47165","Sumner, TN",35186
"47167","Tipton, TN",29847
"47169","Trousdale, TN",25830
"47171","Unicoi, TN",28275
"47173","Union, TN",22359
"47175","Van Buren, TN",20848
"47177","Warren, TN",25979
"47179","Washington, TN",32406
"47181","Wayne, TN",22284
"47183","Weakley, TN",27263
"47185","White, TN",25841
"47187","Williamson, TN",61065
"47189","Wilson, TN",36838
"48001","Anderson, TX",23814
"48003","Andrews, TX",34777
"48005","Angelina, TX",29725
"48007","Aransas, TX",34124
"48009","Archer, TX",35876
"48011","Armstrong, TX",41996
"48013","Atascosa, TX",24637
"48015","Austin, TX",39450
"48017","Bailey, TX",28387
"48019","Bandera, TX",31755
"48021","Bastrop, TX",26099
"48023","Baylor, TX",29369
"48025","Bee, TX",20943
"48027","Bell, TX",36197
"48029","Bexar, TX",34494
"48031","Blanco, TX",40558
"48033","Borden, TX",43303
"48035","Bosque, TX",28868
"48037","Bowie, TX",31554
"48039","Brazoria, TX",35307
"48041","Brazos, TX",26543
"48043","Brewster, TX",31484
"48045","Briscoe, TX",29499
"48047","Brooks, TX",23286
"48049","Brown, TX",26012
"48051","Burleson, TX",29132
"48053","Burnet, TX",34614
"48055","Caldwell, TX",23364
"48057","Calhoun, TX",28384
"48059","Callahan, TX",27399
"48061","Cameron, TX",20629
"48063","Camp, TX",28960
"48065","Carson, TX",33267
"48067","Cass, TX",26438
"48069","Castro, TX",37575
"48071","Chambers, TX",38974
"48073","Cherokee, TX",25139
"48075","Childress, TX",21918
"48077","Clay, TX",29469
"48079","Cochran, TX",31773
"48081","Coke, TX",25753
"48083","Coleman, TX",26689
"48085","Collin, TX",51216
"48087","Collingsworth, TX",30813
"48089","Colorado, TX",33760
"48091","Comal, TX",41923
"48093","Comanche, TX",26435
"48095","Concho, TX",18461
"48097","Cooke, TX",33235
"48099","Coryell, TX",26397
"48101","Cottle, TX",42584
"48103","Crane, TX",31880
"48105","Crockett, TX",27752
"48107","Crosby, TX",27959
"48109","Culberson, TX",23232
"48111","Dallam, TX",40452
"48113","Dallas, TX",42030
"48115","Dawson, TX",27673
"48117","Deaf Smith, TX",27723
"48119","Delta, TX",25269
"48121","Denton, TX",41358
"48123","DeWitt, TX",27748
"48125","Dickens, TX",24661
"48127","Dimmit, TX",19658
"48129","Donley, TX",27473
"48131","Duval, TX",24438
"48133","Eastland, TX",32369
"48135","Ector, TX",32273
"48137","Edwards, TX",25330
"48139","Ellis, TX",33511
"48141","El Paso, TX",24824
"48143","Erath, TX",26001
"48145","Falls, TX",23265
"48147","Fannin, TX",24864
"48149","Fayette, TX",34265
"48151","Fisher, TX",32988
"48153","Floyd, TX",31757
"48155","Foard, TX",30824
"48157","Fort Bend, TX",46809
"48159","Franklin, TX",28085
"48161","Freestone, TX",26561
"48163","Frio, TX",19695
"48165","Gaines, TX",27576
"48167","Galveston, TX",38405
"48169","Garza, TX",28218
"48171","Gillespie, TX",39124
"48173","Glasscock, TX",49880
"48175","Goliad, TX",28669
"48177","Gonzales, TX",25503
"48179","Gray, TX",37421
"48181","Grayson, TX",30901
"48183","Gregg, TX",39407
"48185","Grimes, TX",24603
"48187","Guadalupe, TX",32416
"48189","Hale, TX",24750
"48191","Hall, TX",26326
"48193","Hamilton, TX",36533
"48195","Hansford, TX",42517
"48197","Hardeman, TX",27002
"48199","Hardin, TX",32881
"48201","Harris, TX",44478
"48203","Harrison, TX",31776
"48205","Hartley, TX",27975
"48207","Haskell, TX",29026
"48209","Hays, TX",32263
"48211","Hemphill, TX",49993
"48213","Henderson, TX",27537
"48215","Hidalgo, TX",19477
"48217","Hill, TX",26710
"48219","Hockley, TX",29088
"48221","Hood, TX",36364
"48223","Hopkins, TX",27561
"48225","Houston, TX",24270
"48227","Howard, TX",27090
"48229","Hudspeth, TX",18589
"48231","Hunt, TX",28283
"48233","Hutchinson, TX",31065
"48235","Irion, TX",42001
"48237","Jack, TX",28669
"48239","Jackson, TX",30184
"48241","Jasper, TX",28329
"48243","Jeff Davis, TX",28147
"48245","Jefferson, TX",31696
"48247","Jim Hogg, TX",26197
"48249","Jim Wells, TX",27762
"48251","Johnson, TX",30784
"48253","Jones, TX",23099
"48255","Karnes, TX",22026
"48257","Kaufman, TX",32716
"48259","Kendall, TX",54678
"48261","Kenedy, TX",33400
"48263","Kent, TX",29468
"48265","Kerr, TX",37010
"48267","Kimble, TX",30542
"48269","King, TX",55356
"48271","Kinney, TX",23800
"48273","Kleberg, TX",25844
"48275","Knox, TX",30900
"48277","Lamar, TX",29673
"48279","Lamb, TX",26994
"48281","Lampasas, TX",38542
"48283","La Salle, TX",18943
"48285","Lavaca, TX",33466
"48287","Lee, TX",30470
"48289","Leon, TX",28513
"48291","Liberty, TX",26757
"48293","Limestone, TX",25182
"48295","Lipscomb, TX",35617
"48297","Live Oak, TX",26589
"48299","Llano, TX",29134
"48301","Loving, TX",52861
"48303","Lubbock, TX",30633
"48305","Lynn, TX",34428
"48307","McCulloch, TX",28343
"48309","McLennan, TX",29605
"48311","McMullen, TX",34252
"48313","Madison, TX",23535
"48315","Marion, TX",23368
"48317","Martin, TX",37558
"48319","Mason, TX",27638
"48321","Matagorda, TX",27857
"48323","Maverick, TX",18824
"48325","Medina, TX",26888
"48327","Menard, TX",28369
"48329","Midland, TX",62556
"48331","Milam, TX",28266
"48333","Mills, TX",26040
"48335","Mitchell, TX",22263
"48337","Montague, TX",31730
"48339","Montgomery, TX",46797
"48341","Moore, TX",28150
"48343","Morris, TX",32009
"48345","Motley, TX",29820
"48347","Nacogdoches, TX",26290
"48349","Navarro, TX",26900
"48351","Newton, TX",21712
"48353","Nolan, TX",28013
"48355","Nueces, TX",33103
"48357","Ochiltree, TX",36831
"48359","Oldham, TX",35657
"48361","Orange, TX",30289
"48363","Palo Pinto, TX",29570
"48365","Panola, TX",31452
"48367","Parker, TX",37983
"48369","Parmer, TX",29333
"48371","Pecos, TX",23054
"48373","Polk, TX",29955
"48375","Potter, TX",28647
"48377","Presidio, TX",19947
"48379","Rains, TX",26010
"48381","Randall, TX",37886
"48383","Reagan, TX",41378
"48385","Real, TX",21568
"48387","Red River, TX",26794
"48389","Reeves, TX",19666
"48391","Refugio, TX",30871
"48393","Roberts, TX",38123
"48395","Robertson, TX",28946
"48397","Rockwall, TX",43915
"48399","Runnels, TX",28816
"48401","Rusk, TX",27614
"48403","Sabine, TX",28379
"48405","San Augustine, TX",23069
"48407","San Jacinto, TX",23666
"48409","San Patricio, TX",28905
"48411","San Saba, TX",23843
"48413","Schleicher, TX",31094
"48415","Scurry, TX",32380
"48417","Shackelford, TX",50359
"48419","Shelby, TX",27336
"48421","Sherman, TX",37854
"48423","Smith, TX",36694
"48425","Somervell, TX",30300
"48427","Starr, TX",17325
"48429","Stephens, TX",38488
"48431","Sterling, TX",34104
"48433","Stonewall, TX",32047
"48435","Sutton, TX",38763
"48437","Swisher, TX",28640
"48439","Tarrant, TX",39655
"48441","Taylor, TX",33425
"48443","Terrell, TX",37517
"48445","Terry, TX",29435
"48447","Throckmorton, TX",38321
"48449","Titus, TX",26165
"48451","Tom Green, TX",33338
"48453","Travis, TX",42972
"48455","Trinity, TX",25566
"48457","Tyler, TX",23772
"48459","Upshur, TX",26935
"48461","Upton, TX",36045
"48463","Uvalde, TX",25302
"48465","Val Verde, TX",26264
"48467","Van Zandt, TX",27873
"48469","Victoria, TX",35982
"48471","Walker, TX",20020
"48473","Waller, TX",30222
"48475","Ward, TX",30942
"48477","Washington, TX",38689
"48479","Webb, TX",23162
"48481","Wharton, TX",30128
"48483","Wheeler, TX",35416
"48485","Wichita, TX",34894
"48487","Wilbarger, TX",31060
"48489","Willacy, TX",18450
"48491","Williamson, TX",36963
"48493","Wilson, TX",29994
"48495","Winkler, TX",30368
"48497","Wise, TX",32333
"48499","Wood, TX",27050
"48501","Yoakum, TX",35615
"48503","Young, TX",35882
"48505","Zapata, TX",21568
"48507","Zavala, TX",17139
"49001","Beaver, UT",24597
"49003","Box Elder, UT",27145
"49005","Cache, UT",26026
"49007","Carbon, UT",28095
"49009","Daggett, UT",31242
"49011","Davis, UT",34534
"49013","Duchesne, UT",29836
"49015","Emery, UT",26757
"49017","Garfield, UT",24227
"49019","Grand, UT",32350
"49021","Iron, UT",22298
"49023","Juab, UT",24700
"49025","Kane, UT",29539
"49027","Millard, UT",25659
"49029","Morgan, UT",35257
"49031","Piute, UT",22194
"49033","Rich, UT",27715
"49035","Salt Lake, UT",37584
"49037","San Juan, UT",18841
"49039","Sanpete, UT",20287
"49041","Sevier, UT",24143
"49043","Summit, UT",73651
"49045","Tooele, UT",28246
"49047","Uintah, UT",32806
"49049","Utah, UT",27882
"49051","Wasatch, UT",32136
"49053","Washington, UT",26283
"49055","Wayne, UT",25006
"49057","Weber, UT",32241
"50001","Addison, VT",36380
"50003","Bennington, VT",40259
"50005","Caledonia, VT",30315
"50007","Chittenden, VT",44079
"50009","Essex, VT",26794
"50011","Franklin, VT",32648
"50013","Grand Isle, VT",43075
"50015","Lamoille, VT",39720
"50017","Orange, VT",34181
"50019","Orleans, VT",31207
"50021","Rutland, VT",38410
"50023","Washington, VT",40089
"50025","Windham, VT",37555
"50027","Windsor, VT",42170
"51001","Accomack, VA",30039
"51007","Amelia, VA",33915
"51009","Amherst, VA",28443
"51011","Appomattox, VA",29386
"51013","Arlington, VA",77576
"51017","Bath, VA",37327
"51019","Bedford, VA*",34675
"51021","Bland, VA",24787
"51023","Botetourt, VA",39316
"51025","Brunswick, VA",24337
"51027","Buchanan, VA",27012
"51029","Buckingham, VA",21954
"51033","Caroline, VA",31966
"51036","Charles City, VA",35298
"51037","Charlotte, VA",25032
"51041","Chesterfield, VA",43051
"51043","Clarke, VA",47683
"51045","Craig, VA",25740
"51047","Culpeper, VA",34915
"51049","Cumberland, VA",26621
"51051","Dickenson, VA",23220
"51057","Essex, VA",32294
"51061","Fauquier, VA",54272
"51063","Floyd, VA",28311
"51065","Fluvanna, VA",33111
"51067","Franklin, VA",31691
"51071","Giles, VA",28303
"51073","Gloucester, VA",38625
"51075","Goochland, VA",71736
"51077","Grayson, VA",25425
"51079","Greene, VA",30369
"51083","Halifax, VA",26385
"51085","Hanover, VA",44253
"51087","Henrico, VA",47688
"51091","Highland, VA",28689
"51093","Isle of Wight, VA",42411
"51097","King and Queen, VA",30895
"51099","King George, VA",41259
"51101","King William, VA",38586
"51103","Lancaster, VA",45581
"51105","Lee, VA",23606
"51107","Loudoun, VA",60232
"51109","Louisa, VA",35625
"51111","Lunenburg, VA",24229
"51113","Madison, VA",30973
"51115","Mathews, VA",45284
"51117","Mecklenburg, VA",26601
"51119","Middlesex, VA",37308
"51125","Nelson, VA",34551
"51127","New Kent, VA",42030
"51131","Northampton, VA",34777
"51133","Northumberland, VA",36557
"51135","Nottoway, VA",28922
"51137","Orange, VA",36496
"51139","Page, VA",27789
"51141","Patrick, VA",24396
"51145","Powhatan, VA",38867
"51147","Prince Edward, VA",23023
"51155","Pulaski, VA",30020
"51157","Rappahannock, VA",48768
"51159","Richmond, VA",25105
"51167","Russell, VA",25961
"51169","Scott, VA",25019
"51171","Shenandoah, VA",32479
"51173","Smyth, VA",26629
"51179","Stafford, VA",44915
"51181","Surry, VA",30450
"51183","Sussex, VA",25173
"51185","Tazewell, VA",29880
"51187","Warren, VA",34406
"51193","Westmoreland, VA",31256
"51197","Wythe, VA",28062
"51510","Alexandria (Independent City), VA",73607
"51550","Chesapeake (Independent City), VA",40155
"51650","Hampton (Independent City), VA",33505
"51700","Newport News (Independent City), VA",32263
"51710","Norfolk (Independent City), VA",35940
"51740","Portsmouth (Independent City), VA",31544
"51760","Richmond (Independent City), VA",44893
"51770","Roanoke (Independent City), VA",34192
"51800","Suffolk (Independent City), VA",39689
"51810","Virginia Beach (Independent City), VA",44537
"51901","Albemarle + Charlottesville, VA*",50861
"51903","Alleghany + Covington, VA*",29131
"51907","Augusta, Staunton + Waynesboro, VA*",33048
"51911","Campbell + Lynchburg, VA*",30457
"51913","Carroll + Galax, VA*",26220
"51918","Dinwiddie, Colonial Heights + Petersburg, VA*",32482
"51919","Fairfax, Fairfax City + Falls Church, VA*",68907
"51921","Frederick + Winchester, VA*",37848
"51923","Greensville + Emporia, VA*",24710
"51929","Henry + Martinsville, VA*",28720
"51931","James City + Williamsburg, VA*",50739
"51933","Montgomery + Radford, VA*",27542
"51939","Pittsylvania + Danville, VA*",26958
"51941","Prince George + Hopewell, VA*",30531
"51942","Prince William, Manassas + Manassas Park, VA*",46415
"51944","Roanoke + Salem, VA*",41101
"51945","Rockbridge, Buena Vista + Lexington, VA*",31027
"51947","Rockingham + Harrisonburg, VA*",29583
"51949","Southampton + Franklin, VA*",29897
"51951","Spotsylvania + Fredericksburg, VA*",39982
"51953","Washington + Bristol, VA*",34479
"51955","Wise + Norton, VA*",26285
"51958","York + Poquoson, VA*",46929
"53001","Adams, WA",29078
"53003","Asotin, WA",32937
"53005","Benton, WA",35433
"53007","Chelan, WA",33612
"53009","Clallam, WA",33029
"53011","Clark, WA",37640
"53013","Columbia, WA",36457
"53015","Cowlitz, WA",31247
"53017","Douglas, WA",28249
"53019","Ferry, WA",22285
"53021","Franklin, WA",26798
"53023","Garfield, WA",31393
"53025","Grant, WA",27592
"53027","Grays Harbor, WA",28698
"53029","Island, WA",40197
"53031","Jefferson, WA",39484
"53033","King, WA",61461
"53035","Kitsap, WA",41486
"53037","Kittitas, WA",31568
"53039","Klickitat, WA",30619
"53041","Lewis, WA",30118
"53043","Lincoln, WA",30332
"53045","Mason, WA",31299
"53047","Okanogan, WA",28447
"53049","Pacific, WA",30027
"53051","Pend Oreille, WA",26321
"53053","Pierce, WA",37639
"53055","San Juan, WA",57760
"53057","Skagit, WA",37052
"53059","Skamania, WA",32758
"53061","Snohomish, WA",40686
"53063","Spokane, WA",33726
"53065","Stevens, WA",26835
"53067","Thurston, WA",39774
"53069","Wahkiakum, WA",29030
"53071","Walla Walla, WA",31497
"53073","Whatcom, WA",35286
"53075","Whitman, WA",27820
"53077","Yakima, WA",28966
"54001","Barbour, WV",23817
"54003","Berkeley, WV",30709
"54005","Boone, WV",25320
"54007","Braxton, WV",22697
"54009","Brooke, WV",27705
"54011","Cabell, WV",31547
"54013","Calhoun, WV",20414
"54015","Clay, WV",23441
"54017","Doddridge, WV",15106
"54019","Fayette, WV",24581
"54021","Gilmer, WV",18834
"54023","Grant, WV",24712
"54025","Greenbrier, WV",27661
"54027","Hampshire, WV",24006
"54029","Hancock, WV",28467
"54031","Hardy, WV",23304
"54033","Harrison, WV",33779
"54035","Jackson, WV",26264
"54037","Jefferson, WV",37837
"54039","Kanawha, WV",36635
"54041","Lewis, WV",24974
"54043","Lincoln, WV",21539
"54045","Logan, WV",27409
"54047","McDowell, WV",19908
"54049","Marion, WV",30248
"54051","Marshall, WV",26114
"54053","Mason, WV",24955
"54055","Mercer, WV",28761
"54057","Mineral, WV",27841
"54059","Mingo, WV",27499
"54061","Monongalia, WV",31750
"54063","Monroe, WV",22575
"54065","Morgan, WV",27517
"54067","Nicholas, WV",26766
"54069","Ohio, WV",44185
"54071","Pendleton, WV",27195
"54073","Pleasants, WV",28820
"54075","Pocahontas, WV",25715
"54077","Preston, WV",24898
"54079","Putnam, WV",33559
"54081","Raleigh, WV",27963
"54083","Randolph, WV",27289
"54085","Ritchie, WV",23716
"54087","Roane, WV",22979
"54089","Summers, WV",21810
"54091","Taylor, WV",25217
"54093","Tucker, WV",25383
"54095","Tyler, WV",23251
"54097","Upshur, WV",25575
"54099","Wayne, WV",23352
"54101","Webster, WV",22251
"54103","Wetzel, WV",24834
"54105","Wirt, WV",21034
"54107","Wood, WV",31106
"54109","Wyoming, WV",23586
"55001","Adams, WI",26907
"55003","Ashland, WI",28000
"55005","Barron, WI",31995
"55007","Bayfield, WI",32191
"55009","Brown, WI",38612
"55011","Buffalo, WI",37038
"55013","Burnett, WI",28186
"55015","Calumet, WI",37387
"55017","Chippewa, WI",32301
"55019","Clark, WI",26948
"55021","Columbia, WI",37967
"55023","Crawford, WI",27389
"55025","Dane, WI",44684
"55027","Dodge, WI",32533
"55029","Door, WI",40482
"55031","Douglas, WI",30288
"55033","Dunn, WI",28996
"55035","Eau Claire, WI",34473
"55037","Florence, WI",32635
"55039","Fond du Lac, WI",35146
"55041","Forest, WI",24734
"55043","Grant, WI",30263
"55045","Green, WI",38340
"55047","Green Lake, WI",35093
"55049","Iowa, WI",33864
"55051","Iron, WI",29875
"55053","Jackson, WI",32986
"55055","Jefferson, WI",33658
"55057","Juneau, WI",27734
"55059","Kenosha, WI",34446
"55061","Kewaunee, WI",32714
"55063","La Crosse, WI",35003
"55065","Lafayette, WI",31121
"55067","Langlade, WI",29675
"55069","Lincoln, WI",33258
"55071","Manitowoc, WI",34346
"55073","Marathon, WI",37369
"55075","Marinette, WI",30586
"55077","Marquette, WI",28743
"55078","Menominee, WI*",21488
"55079","Milwaukee, WI",36553
"55081","Monroe, WI",28780
"55083","Oconto, WI",30827
"55085","Oneida, WI",34653
"55087","Outagamie, WI",37651
"55089","Ozaukee, WI",63404
"55091","Pepin, WI",33109
"55093","Pierce, WI",33071
"55095","Polk, WI",31357
"55097","Portage, WI",31839
"55099","Price, WI",32072
"55101","Racine, WI",36881
"55103","Richland, WI",26871
"55105","Rock, WI",32147
"55107","Rusk, WI",26353
"55109","St. Croix, WI",38759
"55111","Sauk, WI",34255
"55113","Sawyer, WI",34006
"55115","Shawano, WI*",29307
"55117","Sheboygan, WI",37256
"55119","Taylor, WI",28768
"55121","Trempealeau, WI",35632
"55123","Vernon, WI",29053
"55125","Vilas, WI",35645
"55127","Walworth, WI",33979
"55129","Washburn, WI",29770
"55131","Washington, WI",42337
"55133","Waukesha, WI",54873
"55135","Waupaca, WI",33959
"55137","Waushara, WI",29268
"55139","Winnebago, WI",35900
"55141","Wood, WI",36510
"55901","Shawano (includes Menominee), WI","(NA)"
"56001","Albany, WY",31024
"56003","Big Horn, WY",27899
"56005","Campbell, WY",43662
"56007","Carbon, WY",39468
"56009","Converse, WY",36376
"56011","Crook, WY",36956
"56013","Fremont, WY",33390
"56015","Goshen, WY",29759
"56017","Hot Springs, WY",33905
"56019","Johnson, WY",36884
"56021","Laramie, WY",40584
"56023","Lincoln, WY",38365
"56025","Natrona, WY",46035
"56027","Niobrara, WY",33725
"56029","Park, WY",39184
"56031","Platte, WY",31372
"56033","Sheridan, WY",60912
"56035","Sublette, WY",46731
"56037","Sweetwater, WY",42559
"56039","Teton, WY",154260
"56041","Uinta, WY",37028
"56043","Washakie, WY",37779
"56045","Weston, WY",35285
"Legend / Footnotes:"
"2/ Per capita personal income was computed using Census Bureau midyear population estimates. Estimates for 2010-2015 reflect county population estimates available as of March 2016."
"* Cibola, NM was separated from Valencia in June 1981, but in these estimates, Valencia includes Cibola through the end of 1981."
"* La Paz County, AZ was separated from Yuma County on January 1, 1983. The Yuma, AZ MSA contains the area that became La Paz County, AZ through 1982 and excludes it beginning with 1983."
"* Shawano, WI and Menominee, WI are combined as Shawano (incl. Menominee), WI for the years prior to 1989."
"* Broomfield County, CO, was created from parts of Adams, Boulder, Jefferson, and Weld counties effective November 15, 2001. Estimates for Broomfield county begin with 2002."
"* Estimates for 1979 forward reflect Alaska Census Areas as defined by the Census Bureau; those for prior years reflect Alaska Census Divisions as defined in the 1970 Decennial Census. Estimates from 1988 forward separate Aleutian Islands Census Area into Aleutians East Borough and Aleutians West Census Area. Estimates for 1991 forward separate Denali Borough from Yukon-Koyukuk Census Area and Lake and Peninsula Borough from Dillingham Census Area. Estimates from 1993 forward separate Skagway-Yakutat-Angoon Census Area into Skagway-Hoonah-Angoon Census Area and Yakutat Borough. Estimates from 2008 forward separate Skagway-Hoonah-Angoon Census Area into Skagway Municipality and Hoonah-Angoon Census Area. Estimates from 2009 forward separate Wrangell-Petersburg Census Area into Petersburg Census Area and Wrangell City and Borough. In addition, a part of the Prince of Wales-Outer Ketchikan Census Area was annexed by Ketchikan Gateway Borough and part (Meyers Chuck Area) was included in the new Wrangell City and Borough. The remainder of the Prince of Wales-Outer Ketchikan Census Area was renamed Prince of Wales-Hyder Census Area. Petersburg Borough was created from part of former Petersburg Census Area and part of Hoonah-Angoon Census Area for 2013 forward. Prince of Wales-Hyder Census Area added part of the former Petersburg Census Area beginning in 2013. For years 2009-2012, Petersburg Borough reflects the geographic boundaries of the former Petersburg Census Area. Wade Hampton Census Area was renamed Kusilvak Census Area on July 1, 2015."
"* Virginia combination areas consist of one or two independent cities with 1980 populations of less than 100,000 combined with an adjacent county. The county name appears first, followed by the city name(s). Separate estimates for the jurisdictions making up the combination area are not available. Bedford County, VA includes the independent city of Bedford for all years."
"* Shannon County, SD was renamed to Oglala Lakota County, SD on May 1, 2015."
"Note-- All dollar estimates are in current dollars (not adjusted for inflation)."
"(NA) Data not available for this year."
"Last updated: November 17, 2016-- new estimates for 2015; revised estimates for 1998-2014."
