"CA1 Personal Income Summary: Personal Income, Population, Per Capita Personal Income"
"Per capita personal income (dollars) 2/" 
"Bureau of Economic Analysis" 
"County"
"GeoFips","GeoName","2004"
"01001","Autauga, AL",27789
"01003","Baldwin, AL",30835
"01005","Barbour, AL",22694
"01007","Bibb, AL",20374
"01009","Blount, AL",22597
"01011","Bullock, AL",19614
"01013","Butler, AL",23584
"01015","Calhoun, AL",26493
"01017","Chambers, AL",23803
"01019","Cherokee, AL",22334
"01021","Chilton, AL",23285
"01023","Choctaw, AL",21722
"01025","Clarke, AL",22917
"01027","Clay, AL",24181
"01029","Cleburne, AL",23326
"01031","Coffee, AL",30228
"01033","Colbert, AL",25391
"01035","Conecuh, AL",21987
"01037","Coosa, AL",20941
"01039","Covington, AL",24799
"01041","Crenshaw, AL",24623
"01043","Cullman, AL",26778
"01045","Dale, AL",25310
"01047","Dallas, AL",23586
"01049","DeKalb, AL",23729
"01051","Elmore, AL",28138
"01053","Escambia, AL",21010
"01055","Etowah, AL",25266
"01057","Fayette, AL",21174
"01059","Franklin, AL",23871
"01061","Geneva, AL",23658
"01063","Greene, AL",22164
"01065","Hale, AL",22052
"01067","Henry, AL",24351
"01069","Houston, AL",30197
"01071","Jackson, AL",24893
"01073","Jefferson, AL",36552
"01075","Lamar, AL",21199
"01077","Lauderdale, AL",25487
"01079","Lawrence, AL",21939
"01081","Lee, AL",25498
"01083","Limestone, AL",27856
"01085","Lowndes, AL",21486
"01087","Macon, AL",20306
"01089","Madison, AL",33402
"01091","Marengo, AL",25447
"01093","Marion, AL",22595
"01095","Marshall, AL",26751
"01097","Mobile, AL",25118
"01099","Monroe, AL",23356
"01101","Montgomery, AL",32394
"01103","Morgan, AL",27904
"01105","Perry, AL",21133
"01107","Pickens, AL",24020
"01109","Pike, AL",26471
"01111","Randolph, AL",23025
"01113","Russell, AL",23011
"01115","St. Clair, AL",26084
"01117","Shelby, AL",36584
"01119","Sumter, AL",20033
"01121","Talladega, AL",24529
"01123","Tallapoosa, AL",25058
"01125","Tuscaloosa, AL",27610
"01127","Walker, AL",26214
"01129","Washington, AL",22644
"01131","Wilcox, AL",19937
"01133","Winston, AL",23936
"02010","Aleutian Islands Census Area, AK*","(NA)"
"02013","Aleutians East Borough, AK*",30589
"02016","Aleutians West Census Area, AK*",29080
"02020","Anchorage Municipality, AK",41909
"02050","Bethel Census Area, AK*",27476
"02060","Bristol Bay Borough, AK",38199
"02068","Denali Borough, AK*",41900
"02070","Dillingham Census Area, AK*",30329
"02090","Fairbanks North Star Borough, AK",33828
"02100","Haines Borough, AK",33386
"02105","Hoonah-Angoon Census Area, AK*","(NA)"
"02110","Juneau City and Borough, AK",41016
"02122","Kenai Peninsula Borough, AK",32707
"02130","Ketchikan Gateway Borough, AK*",40979
"02150","Kodiak Island Borough, AK",35481
"02158","Kusilvak Census Area, AK*",18859
"02164","Lake and Peninsula Borough, AK*",31512
"02170","Matanuska-Susitna Borough, AK",32980
"02180","Nome Census Area, AK*",28733
"02185","North Slope Borough, AK",23815
"02188","Northwest Arctic Borough, AK",26325
"02195","Petersburg Borough, AK*","(NA)"
"02198","Prince of Wales-Hyder Census Area, AK*","(NA)"
"02201","Prince of Wales-Outer Ketchikan Census Area, AK*",25415
"02220","Sitka City and Borough, AK",36256
"02230","Skagway Municipality, AK*","(NA)"
"02231","Skagway-Yakutat-Angoon Census Area, AK*","(NA)"
"02232","Skagway-Hoonah-Angoon Census Area, AK*",33612
"02240","Southeast Fairbanks Census Area, AK*",29529
"02261","Valdez-Cordova Census Area, AK*",36572
"02275","Wrangell City and Borough, AK*","(NA)"
"02280","Wrangell-Petersburg Census Area, AK*",35655
"02282","Yakutat City and Borough, AK*",38802
"02290","Yukon-Koyukuk Census Area, AK*",27402
"02901","Aleutian Islands Division, AK*","(NA)"
"02903","Angoon Division, AK*","(NA)"
"02904","Barrow-North Slope Division, AK*","(NA)"
"02905","Bethel Division, AK*","(NA)"
"02907","Bristol Bay Division, AK*","(NA)"
"02908","Cordova-McCarthy Division, AK*","(NA)"
"02910","Haines Division, AK*","(NA)"
"02912","Kenai-Cook Inlet Division, AK*","(NA)"
"02916","Kuskokwim Division, AK*","(NA)"
"02919","Outer Ketchikan Division, AK*","(NA)"
"02920","Prince of Wales Division, AK*","(NA)"
"02921","Seward Division, AK*","(NA)"
"02922","Sitka Division, AK*","(NA)"
"02923","Skagway-Yakutat Division, AK*","(NA)"
"02924","Southeast Fairbanks Division, AK*","(NA)"
"02925","Upper Yukon Division, AK*","(NA)"
"02926","Valdez-Chitina-Whittier Division, AK*","(NA)"
"02928","Wrangell-Petersburg Division, AK*","(NA)"
"02929","Yukon-Koyukuk Division, AK*","(NA)"
"04001","Apache, AZ",19086
"04003","Cochise, AZ",26556
"04005","Coconino, AZ",27701
"04007","Gila, AZ",23182
"04009","Graham, AZ",18542
"04011","Greenlee, AZ",21694
"04012","La Paz, AZ*",21166
"04013","Maricopa, AZ",32848
"04015","Mohave, AZ",22280
"04017","Navajo, AZ",19077
"04019","Pima, AZ",29007
"04021","Pinal, AZ",22449
"04023","Santa Cruz, AZ",22257
"04025","Yavapai, AZ",25434
"04027","Yuma, AZ*",23113
"05001","Arkansas, AR",29052
"05003","Ashley, AR",23604
"05005","Baxter, AR",24739
"05007","Benton, AR",39108
"05009","Boone, AR",23657
"05011","Bradley, AR",24044
"05013","Calhoun, AR",21927
"05015","Carroll, AR",22006
"05017","Chicot, AR",22037
"05019","Clark, AR",22327
"05021","Clay, AR",23770
"05023","Cleburne, AR",24016
"05025","Cleveland, AR",26058
"05027","Columbia, AR",23852
"05029","Conway, AR",24440
"05031","Craighead, AR",25160
"05033","Crawford, AR",21062
"05035","Crittenden, AR",24413
"05037","Cross, AR",24038
"05039","Dallas, AR",21803
"05041","Desha, AR",23281
"05043","Drew, AR",24896
"05045","Faulkner, AR",24637
"05047","Franklin, AR",23390
"05049","Fulton, AR",17700
"05051","Garland, AR",26816
"05053","Grant, AR",24725
"05055","Greene, AR",22983
"05057","Hempstead, AR",22479
"05059","Hot Spring, AR",21983
"05061","Howard, AR",24320
"05063","Independence, AR",24960
"05065","Izard, AR",21316
"05067","Jackson, AR",23484
"05069","Jefferson, AR",24032
"05071","Johnson, AR",20949
"05073","Lafayette, AR",24798
"05075","Lawrence, AR",22034
"05077","Lee, AR",20341
"05079","Lincoln, AR",19474
"05081","Little River, AR",23094
"05083","Logan, AR",22602
"05085","Lonoke, AR",27353
"05087","Madison, AR",24223
"05089","Marion, AR",20149
"05091","Miller, AR",24384
"05093","Mississippi, AR",25433
"05095","Monroe, AR",22741
"05097","Montgomery, AR",20599
"05099","Nevada, AR",23936
"05101","Newton, AR",19205
"05103","Ouachita, AR",22677
"05105","Perry, AR",23645
"05107","Phillips, AR",22476
"05109","Pike, AR",22509
"05111","Poinsett, AR",25198
"05113","Polk, AR",20052
"05115","Pope, AR",24066
"05117","Prairie, AR",24957
"05119","Pulaski, AR",35776
"05121","Randolph, AR",21526
"05123","St. Francis, AR",19953
"05125","Saline, AR",27112
"05127","Scott, AR",21259
"05129","Searcy, AR",20111
"05131","Sebastian, AR",28915
"05133","Sevier, AR",22541
"05135","Sharp, AR",20873
"05137","Stone, AR",19905
"05139","Union, AR",29321
"05141","Van Buren, AR",20754
"05143","Washington, AR",25930
"05145","White, AR",22436
"05147","Woodruff, AR",22198
"05149","Yell, AR",23438
"06001","Alameda, CA",43391
"06003","Alpine, CA",32854
"06005","Amador, CA",30657
"06007","Butte, CA",27902
"06009","Calaveras, CA",31464
"06011","Colusa, CA",27430
"06013","Contra Costa, CA",51776
"06015","Del Norte, CA",22080
"06017","El Dorado, CA",41912
"06019","Fresno, CA",27414
"06021","Glenn, CA",24921
"06023","Humboldt, CA",29926
"06025","Imperial, CA",23585
"06027","Inyo, CA",35206
"06029","Kern, CA",25377
"06031","Kings, CA",23192
"06033","Lake, CA",27662
"06035","Lassen, CA",21937
"06037","Los Angeles, CA",35162
"06039","Madera, CA",23877
"06041","Marin, CA",81512
"06043","Mariposa, CA",28653
"06045","Mendocino, CA",30225
"06047","Merced, CA",25015
"06049","Modoc, CA",26507
"06051","Mono, CA",36862
"06053","Monterey, CA",34956
"06055","Napa, CA",43118
"06057","Nevada, CA",37820
"06059","Orange, CA",44291
"06061","Placer, CA",44828
"06063","Plumas, CA",33682
"06065","Riverside, CA",28456
"06067","Sacramento, CA",34240
"06069","San Benito, CA",33213
"06071","San Bernardino, CA",26670
"06073","San Diego, CA",40314
"06075","San Francisco, CA",59910
"06077","San Joaquin, CA",28839
"06079","San Luis Obispo, CA",34557
"06081","San Mateo, CA",59872
"06083","Santa Barbara, CA",39871
"06085","Santa Clara, CA",50049
"06087","Santa Cruz, CA",41843
"06089","Shasta, CA",29422
"06091","Sierra, CA",26962
"06093","Siskiyou, CA",28000
"06095","Solano, CA",33502
"06097","Sonoma, CA",39513
"06099","Stanislaus, CA",28165
"06101","Sutter, CA",28748
"06103","Tehama, CA",23907
"06105","Trinity, CA",24888
"06107","Tulare, CA",25131
"06109","Tuolumne, CA",29194
"06111","Ventura, CA",40444
"06113","Yolo, CA",33676
"06115","Yuba, CA",26108
"08001","Adams, CO*",28795
"08003","Alamosa, CO",24256
"08005","Arapahoe, CO",40177
"08007","Archuleta, CO",24429
"08009","Baca, CO",26849
"08011","Bent, CO",19617
"08013","Boulder, CO*",41352
"08014","Broomfield, CO*",59789
"08015","Chaffee, CO",24826
"08017","Cheyenne, CO",34018
"08019","Clear Creek, CO",39992
"08021","Conejos, CO",20210
"08023","Costilla, CO",21301
"08025","Crowley, CO",15052
"08027","Custer, CO",29080
"08029","Delta, CO",23490
"08031","Denver, CO",41657
"08033","Dolores, CO",21015
"08035","Douglas, CO",48333
"08037","Eagle, CO",45026
"08039","Elbert, CO",38258
"08041","El Paso, CO",32849
"08043","Fremont, CO",21090
"08045","Garfield, CO",32391
"08047","Gilpin, CO",40604
"08049","Grand, CO",30949
"08051","Gunnison, CO",29079
"08053","Hinsdale, CO",26452
"08055","Huerfano, CO",22468
"08057","Jackson, CO",27234
"08059","Jefferson, CO*",40661
"08061","Kiowa, CO",29941
"08063","Kit Carson, CO",26274
"08065","Lake, CO",24011
"08067","La Plata, CO",33389
"08069","Larimer, CO",32753
"08071","Las Animas, CO",24687
"08073","Lincoln, CO",21297
"08075","Logan, CO",25998
"08077","Mesa, CO",28824
"08079","Mineral, CO",29561
"08081","Moffat, CO",27626
"08083","Montezuma, CO",25037
"08085","Montrose, CO",26244
"08087","Morgan, CO",25220
"08089","Otero, CO",25159
"08091","Ouray, CO",39851
"08093","Park, CO",29886
"08095","Phillips, CO",25223
"08097","Pitkin, CO",88394
"08099","Prowers, CO",25717
"08101","Pueblo, CO",26121
"08103","Rio Blanco, CO",27448
"08105","Rio Grande, CO",24677
"08107","Routt, CO",45948
"08109","Saguache, CO",19458
"08111","San Juan, CO",29429
"08113","San Miguel, CO",47613
"08115","Sedgwick, CO",29781
"08117","Summit, CO",37714
"08119","Teller, CO",32075
"08121","Washington, CO",24912
"08123","Weld, CO*",26961
"08125","Yuma, CO",33290
"09001","Fairfield, CT",68971
"09003","Hartford, CT",41800
"09005","Litchfield, CT",43327
"09007","Middlesex, CT",44870
"09009","New Haven, CT",39184
"09011","New London, CT",39961
"09013","Tolland, CT",37322
"09015","Windham, CT",31782
"10001","Kent, DE",31104
"10003","New Castle, DE",42750
"10005","Sussex, DE",34094
"11001","District of Columbia, DC",51060
"12001","Alachua, FL",30113
"12003","Baker, FL",23907
"12005","Bay, FL",31018
"12007","Bradford, FL",21123
"12009","Brevard, FL",31835
"12011","Broward, FL",35596
"12013","Calhoun, FL",18437
"12015","Charlotte, FL",28386
"12017","Citrus, FL",25420
"12019","Clay, FL",31053
"12021","Collier, FL",54221
"12023","Columbia, FL",23312
"12027","DeSoto, FL",17816
"12029","Dixie, FL",18048
"12031","Duval, FL",32981
"12033","Escambia, FL",28387
"12035","Flagler, FL",30972
"12037","Franklin, FL",28488
"12039","Gadsden, FL",24586
"12041","Gilchrist, FL",23689
"12043","Glades, FL",18029
"12045","Gulf, FL",22336
"12047","Hamilton, FL",16693
"12049","Hardee, FL",19872
"12051","Hendry, FL",21199
"12053","Hernando, FL",26721
"12055","Highlands, FL",23952
"12057","Hillsborough, FL",33341
"12059","Holmes, FL",20372
"12061","Indian River, FL",49915
"12063","Jackson, FL",22700
"12065","Jefferson, FL",27439
"12067","Lafayette, FL",17428
"12069","Lake, FL",29926
"12071","Lee, FL",36572
"12073","Leon, FL",31815
"12075","Levy, FL",23466
"12077","Liberty, FL",21881
"12079","Madison, FL",20262
"12081","Manatee, FL",35598
"12083","Marion, FL",26435
"12085","Martin, FL",51229
"12086","Miami-Dade, FL",32345
"12087","Monroe, FL",49471
"12089","Nassau, FL",37208
"12091","Okaloosa, FL",36111
"12093","Okeechobee, FL",21110
"12095","Orange, FL",29910
"12097","Osceola, FL",23251
"12099","Palm Beach, FL",50728
"12101","Pasco, FL",27301
"12103","Pinellas, FL",36167
"12105","Polk, FL",27787
"12107","Putnam, FL",22236
"12109","St. Johns, FL",45029
"12111","St. Lucie, FL",28080
"12113","Santa Rosa, FL",30449
"12115","Sarasota, FL",45458
"12117","Seminole, FL",34358
"12119","Sumter, FL",21765
"12121","Suwannee, FL",22951
"12123","Taylor, FL",24038
"12125","Union, FL",15776
"12127","Volusia, FL",29312
"12129","Wakulla, FL",23337
"12131","Walton, FL",30081
"12133","Washington, FL",21336
"13001","Appling, GA",21051
"13003","Atkinson, GA",20093
"13005","Bacon, GA",21074
"13007","Baker, GA",23319
"13009","Baldwin, GA",23308
"13011","Banks, GA",25390
"13013","Barrow, GA",26255
"13015","Bartow, GA",26326
"13017","Ben Hill, GA",23931
"13019","Berrien, GA",24448
"13021","Bibb, GA",29993
"13023","Bleckley, GA",26348
"13025","Brantley, GA",20547
"13027","Brooks, GA",22907
"13029","Bryan, GA",32367
"13031","Bulloch, GA",22251
"13033","Burke, GA",20655
"13035","Butts, GA",25049
"13037","Calhoun, GA",19485
"13039","Camden, GA",24404
"13043","Candler, GA",23013
"13045","Carroll, GA",24694
"13047","Catoosa, GA",24632
"13049","Charlton, GA",18237
"13051","Chatham, GA",32196
"13053","Chattahoochee, GA",18845
"13055","Chattooga, GA",20824
"13057","Cherokee, GA",36340
"13059","Clarke, GA",22767
"13061","Clay, GA",28799
"13063","Clayton, GA",22243
"13065","Clinch, GA",18660
"13067","Cobb, GA",40623
"13069","Coffee, GA",22831
"13071","Colquitt, GA",22290
"13073","Columbia, GA",34300
"13075","Cook, GA",20798
"13077","Coweta, GA",30629
"13079","Crawford, GA",22100
"13081","Crisp, GA",22228
"13083","Dade, GA",23327
"13085","Dawson, GA",30899
"13087","Decatur, GA",24213
"13089","DeKalb, GA",33874
"13091","Dodge, GA",21121
"13093","Dooly, GA",18974
"13095","Dougherty, GA",24825
"13097","Douglas, GA",27272
"13099","Early, GA",25273
"13101","Echols, GA",17846
"13103","Effingham, GA",27190
"13105","Elbert, GA",23346
"13107","Emanuel, GA",22681
"13109","Evans, GA",23667
"13111","Fannin, GA",22705
"13113","Fayette, GA",41079
"13115","Floyd, GA",28058
"13117","Forsyth, GA",43572
"13119","Franklin, GA",26103
"13121","Fulton, GA",56684
"13123","Gilmer, GA",23565
"13125","Glascock, GA",26517
"13127","Glynn, GA",34838
"13129","Gordon, GA",25461
"13131","Grady, GA",22244
"13133","Greene, GA",27197
"13135","Gwinnett, GA",32977
"13137","Habersham, GA",24942
"13139","Hall, GA",28120
"13141","Hancock, GA",17316
"13143","Haralson, GA",23089
"13145","Harris, GA",32810
"13147","Hart, GA",24157
"13149","Heard, GA",18987
"13151","Henry, GA",29626
"13153","Houston, GA",30174
"13155","Irwin, GA",22025
"13157","Jackson, GA",28555
"13159","Jasper, GA",27620
"13161","Jeff Davis, GA",21867
"13163","Jefferson, GA",21837
"13165","Jenkins, GA",21554
"13167","Johnson, GA",18513
"13169","Jones, GA",24961
"13171","Lamar, GA",23097
"13173","Lanier, GA",19593
"13175","Laurens, GA",25549
"13177","Lee, GA",29773
"13179","Liberty, GA",22241
"13181","Lincoln, GA",22265
"13183","Long, GA",18954
"13185","Lowndes, GA",26201
"13187","Lumpkin, GA",24353
"13189","McDuffie, GA",27397
"13191","McIntosh, GA",20077
"13193","Macon, GA",20313
"13195","Madison, GA",25562
"13197","Marion, GA",20093
"13199","Meriwether, GA",22472
"13201","Miller, GA",27419
"13205","Mitchell, GA",22592
"13207","Monroe, GA",28645
"13209","Montgomery, GA",19888
"13211","Morgan, GA",31706
"13213","Murray, GA",20898
"13215","Muscogee, GA",31188
"13217","Newton, GA",24578
"13219","Oconee, GA",39400
"13221","Oglethorpe, GA",24146
"13223","Paulding, GA",27409
"13225","Peach, GA",24577
"13227","Pickens, GA",31030
"13229","Pierce, GA",23717
"13231","Pike, GA",25724
"13233","Polk, GA",22629
"13235","Pulaski, GA",23555
"13237","Putnam, GA",26885
"13239","Quitman, GA",27998
"13241","Rabun, GA",27425
"13243","Randolph, GA",21755
"13245","Richmond, GA",26894
"13247","Rockdale, GA",29866
"13249","Schley, GA",22608
"13251","Screven, GA",20822
"13253","Seminole, GA",23226
"13255","Spalding, GA",24877
"13257","Stephens, GA",23681
"13259","Stewart, GA",18259
"13261","Sumter, GA",24315
"13263","Talbot, GA",22859
"13265","Taliaferro, GA",19890
"13267","Tattnall, GA",21121
"13269","Taylor, GA",21103
"13271","Telfair, GA",17284
"13273","Terrell, GA",23708
"13275","Thomas, GA",29062
"13277","Tift, GA",25445
"13279","Toombs, GA",23767
"13281","Towns, GA",26518
"13283","Treutlen, GA",18505
"13285","Troup, GA",27038
"13287","Turner, GA",21460
"13289","Twiggs, GA",20290
"13291","Union, GA",25624
"13293","Upson, GA",22692
"13295","Walker, GA",23410
"13297","Walton, GA",28964
"13299","Ware, GA",22992
"13301","Warren, GA",21286
"13303","Washington, GA",23142
"13305","Wayne, GA",23516
"13307","Webster, GA",22086
"13309","Wheeler, GA",17525
"13311","White, GA",23968
"13313","Whitfield, GA",29806
"13315","Wilcox, GA",20301
"13317","Wilkes, GA",22061
"13319","Wilkinson, GA",21419
"13321","Worth, GA",23544
"15001","Hawaii, HI",26808
"15003","Honolulu, HI",36757
"15007","Kauai, HI",30320
"15901","Maui + Kalawao, HI",30781
"16001","Ada, ID",36995
"16003","Adams, ID",26349
"16005","Bannock, ID",25852
"16007","Bear Lake, ID",21430
"16009","Benewah, ID",24183
"16011","Bingham, ID",21709
"16013","Blaine, ID",56751
"16015","Boise, ID",25880
"16017","Bonner, ID",24854
"16019","Bonneville, ID",30865
"16021","Boundary, ID",21436
"16023","Butte, ID",20211
"16025","Camas, ID",30422
"16027","Canyon, ID",21248
"16029","Caribou, ID",26425
"16031","Cassia, ID",25802
"16033","Clark, ID",24843
"16035","Clearwater, ID",24547
"16037","Custer, ID",25384
"16039","Elmore, ID",27173
"16041","Franklin, ID",21142
"16043","Fremont (includes Yellowstone Park), ID",20218
"16045","Gem, ID",20963
"16047","Gooding, ID",30919
"16049","Idaho, ID",22351
"16051","Jefferson, ID",23633
"16053","Jerome, ID",25291
"16055","Kootenai, ID",27745
"16057","Latah, ID",27072
"16059","Lemhi, ID",23766
"16061","Lewis, ID",28798
"16063","Lincoln, ID",24093
"16065","Madison, ID",15415
"16067","Minidoka, ID",21707
"16069","Nez Perce, ID",28875
"16071","Oneida, ID",21364
"16073","Owyhee, ID",22575
"16075","Payette, ID",25807
"16077","Power, ID",22620
"16079","Shoshone, ID",24325
"16081","Teton, ID",23026
"16083","Twin Falls, ID",26407
"16085","Valley, ID",33213
"16087","Washington, ID",23364
"17001","Adams, IL",30032
"17003","Alexander, IL",18995
"17005","Bond, IL",26745
"17007","Boone, IL",27971
"17009","Brown, IL",21093
"17011","Bureau, IL",30465
"17013","Calhoun, IL",26797
"17015","Carroll, IL",27833
"17017","Cass, IL",27695
"17019","Champaign, IL",30486
"17021","Christian, IL",27893
"17023","Clark, IL",27839
"17025","Clay, IL",26509
"17027","Clinton, IL",31336
"17029","Coles, IL",25948
"17031","Cook, IL",38369
"17033","Crawford, IL",26085
"17035","Cumberland, IL",25689
"17037","DeKalb, IL",27886
"17039","De Witt, IL",29087
"17041","Douglas, IL",31076
"17043","DuPage, IL",48889
"17045","Edgar, IL",27222
"17047","Edwards, IL",27571
"17049","Effingham, IL",29260
"17051","Fayette, IL",23318
"17053","Ford, IL",32432
"17055","Franklin, IL",24074
"17057","Fulton, IL",26148
"17059","Gallatin, IL",23853
"17061","Greene, IL",25883
"17063","Grundy, IL",37065
"17065","Hamilton, IL",23915
"17067","Hancock, IL",28791
"17069","Hardin, IL",21291
"17071","Henderson, IL",26231
"17073","Henry, IL",29887
"17075","Iroquois, IL",29217
"17077","Jackson, IL",25252
"17079","Jasper, IL",27199
"17081","Jefferson, IL",27503
"17083","Jersey, IL",28744
"17085","Jo Daviess, IL",31662
"17087","Johnson, IL",19147
"17089","Kane, IL",33955
"17091","Kankakee, IL",27681
"17093","Kendall, IL",34779
"17095","Knox, IL",27181
"17097","Lake, IL",50261
"17099","LaSalle, IL",28969
"17101","Lawrence, IL",30843
"17103","Lee, IL",28094
"17105","Livingston, IL",29571
"17107","Logan, IL",25047
"17109","McDonough, IL",24344
"17111","McHenry, IL",37875
"17113","McLean, IL",34187
"17115","Macon, IL",31340
"17117","Macoupin, IL",28214
"17119","Madison, IL",30428
"17121","Marion, IL",26386
"17123","Marshall, IL",31089
"17125","Mason, IL",27113
"17127","Massac, IL",24345
"17129","Menard, IL",32256
"17131","Mercer, IL",29561
"17133","Monroe, IL",35661
"17135","Montgomery, IL",25088
"17137","Morgan, IL",27152
"17139","Moultrie, IL",36446
"17141","Ogle, IL",28697
"17143","Peoria, IL",32445
"17145","Perry, IL",22606
"17147","Piatt, IL",32823
"17149","Pike, IL",24787
"17151","Pope, IL",21711
"17153","Pulaski, IL",22849
"17155","Putnam, IL",31955
"17157","Randolph, IL",23836
"17159","Richland, IL",26636
"17161","Rock Island, IL",32693
"17163","St. Clair, IL",30405
"17165","Saline, IL",25104
"17167","Sangamon, IL",32765
"17169","Schuyler, IL",29399
"17171","Scott, IL",25497
"17173","Shelby, IL",25852
"17175","Stark, IL",29104
"17177","Stephenson, IL",28720
"17179","Tazewell, IL",31066
"17181","Union, IL",25393
"17183","Vermilion, IL",26491
"17185","Wabash, IL",27653
"17187","Warren, IL",27123
"17189","Washington, IL",31167
"17191","Wayne, IL",26385
"17193","White, IL",28983
"17195","Whiteside, IL",26989
"17197","Will, IL",32676
"17199","Williamson, IL",27522
"17201","Winnebago, IL",29298
"17203","Woodford, IL",32553
"18001","Adams, IN",28239
"18003","Allen, IN",30681
"18005","Bartholomew, IN",31715
"18007","Benton, IN",28812
"18009","Blackford, IN",25642
"18011","Boone, IN",45372
"18013","Brown, IN",29651
"18015","Carroll, IN",27485
"18017","Cass, IN",26445
"18019","Clark, IN",28659
"18021","Clay, IN",26209
"18023","Clinton, IN",26388
"18025","Crawford, IN",22435
"18027","Daviess, IN",27281
"18029","Dearborn, IN",34223
"18031","Decatur, IN",28331
"18033","DeKalb, IN",28807
"18035","Delaware, IN",25679
"18037","Dubois, IN",35488
"18039","Elkhart, IN",29775
"18041","Fayette, IN",28025
"18043","Floyd, IN",34327
"18045","Fountain, IN",26399
"18047","Franklin, IN",30248
"18049","Fulton, IN",26317
"18051","Gibson, IN",31933
"18053","Grant, IN",25407
"18055","Greene, IN",25351
"18057","Hamilton, IN",47367
"18059","Hancock, IN",36181
"18061","Harrison, IN",30542
"18063","Hendricks, IN",33495
"18065","Henry, IN",26799
"18067","Howard, IN",30067
"18069","Huntington, IN",28646
"18071","Jackson, IN",28533
"18073","Jasper, IN",29008
"18075","Jay, IN",25513
"18077","Jefferson, IN",26525
"18079","Jennings, IN",23783
"18081","Johnson, IN",33441
"18083","Knox, IN",27534
"18085","Kosciusko, IN",30943
"18087","Lagrange, IN",23440
"18089","Lake, IN",29013
"18091","LaPorte, IN",27152
"18093","Lawrence, IN",25693
"18095","Madison, IN",27061
"18097","Marion, IN",33704
"18099","Marshall, IN",26254
"18101","Martin, IN",27370
"18103","Miami, IN",24232
"18105","Monroe, IN",27143
"18107","Montgomery, IN",28181
"18109","Morgan, IN",30796
"18111","Newton, IN",27946
"18113","Noble, IN",24982
"18115","Ohio, IN",42094
"18117","Orange, IN",22462
"18119","Owen, IN",24949
"18121","Parke, IN",23158
"18123","Perry, IN",26297
"18125","Pike, IN",24091
"18127","Porter, IN",33928
"18129","Posey, IN",29877
"18131","Pulaski, IN",27563
"18133","Putnam, IN",24844
"18135","Randolph, IN",25917
"18137","Ripley, IN",28736
"18139","Rush, IN",29358
"18141","St. Joseph, IN",30965
"18143","Scott, IN",24352
"18145","Shelby, IN",30036
"18147","Spencer, IN",27925
"18149","Starke, IN",22051
"18151","Steuben, IN",26902
"18153","Sullivan, IN",23285
"18155","Switzerland, IN",21315
"18157","Tippecanoe, IN",26364
"18159","Tipton, IN",31181
"18161","Union, IN",27374
"18163","Vanderburgh, IN",31511
"18165","Vermillion, IN",26456
"18167","Vigo, IN",27025
"18169","Wabash, IN",27459
"18171","Warren, IN",27992
"18173","Warrick, IN",33813
"18175","Washington, IN",24021
"18177","Wayne, IN",27148
"18179","Wells, IN",28149
"18181","White, IN",25774
"18183","Whitley, IN",28782
"19001","Adair, IA",31598
"19003","Adams, IA",31615
"19005","Allamakee, IA",26985
"19007","Appanoose, IA",24979
"19009","Audubon, IA",33977
"19011","Benton, IA",30221
"19013","Black Hawk, IA",29318
"19015","Boone, IA",32470
"19017","Bremer, IA",30195
"19019","Buchanan, IA",28641
"19021","Buena Vista, IA",29214
"19023","Butler, IA",29958
"19025","Calhoun, IA",31317
"19027","Carroll, IA",32903
"19029","Cass, IA",29890
"19031","Cedar, IA",31252
"19033","Cerro Gordo, IA",34374
"19035","Cherokee, IA",32587
"19037","Chickasaw, IA",27289
"19039","Clarke, IA",23952
"19041","Clay, IA",31243
"19043","Clayton, IA",28016
"19045","Clinton, IA",27826
"19047","Crawford, IA",28497
"19049","Dallas, IA",44059
"19051","Davis, IA",22622
"19053","Decatur, IA",21843
"19055","Delaware, IA",25798
"19057","Des Moines, IA",28962
"19059","Dickinson, IA",37103
"19061","Dubuque, IA",29269
"19063","Emmet, IA",28545
"19065","Fayette, IA",25379
"19067","Floyd, IA",28478
"19069","Franklin, IA",30990
"19071","Fremont, IA",35146
"19073","Greene, IA",31631
"19075","Grundy, IA",33547
"19077","Guthrie, IA",32863
"19079","Hamilton, IA",31990
"19081","Hancock, IA",33367
"19083","Hardin, IA",31694
"19085","Harrison, IA",30293
"19087","Henry, IA",28194
"19089","Howard, IA",29159
"19091","Humboldt, IA",31328
"19093","Ida, IA",33882
"19095","Iowa, IA",34735
"19097","Jackson, IA",26842
"19099","Jasper, IA",31958
"19101","Jefferson, IA",28783
"19103","Johnson, IA",34458
"19105","Jones, IA",26244
"19107","Keokuk, IA",28836
"19109","Kossuth, IA",32148
"19111","Lee, IA",27105
"19113","Linn, IA",33926
"19115","Louisa, IA",27517
"19117","Lucas, IA",25412
"19119","Lyon, IA",29770
"19121","Madison, IA",29901
"19123","Mahaska, IA",28656
"19125","Marion, IA",28602
"19127","Marshall, IA",29246
"19129","Mills, IA",36456
"19131","Mitchell, IA",27966
"19133","Monona, IA",29580
"19135","Monroe, IA",27949
"19137","Montgomery, IA",30187
"19139","Muscatine, IA",31861
"19141","O'Brien, IA",31537
"19143","Osceola, IA",32107
"19145","Page, IA",27780
"19147","Palo Alto, IA",30235
"19149","Plymouth, IA",33448
"19151","Pocahontas, IA",30786
"19153","Polk, IA",37638
"19155","Pottawattamie, IA",29382
"19157","Poweshiek, IA",30945
"19159","Ringgold, IA",25554
"19161","Sac, IA",32555
"19163","Scott, IA",35063
"19165","Shelby, IA",30037
"19167","Sioux, IA",29603
"19169","Story, IA",29772
"19171","Tama, IA",29498
"19173","Taylor, IA",27512
"19175","Union, IA",25847
"19177","Van Buren, IA",25124
"19179","Wapello, IA",26406
"19181","Warren, IA",32055
"19183","Washington, IA",31389
"19185","Wayne, IA",24881
"19187","Webster, IA",28636
"19189","Winnebago, IA",27482
"19191","Winneshiek, IA",30479
"19193","Woodbury, IA",31131
"19195","Worth, IA",26135
"19197","Wright, IA",36177
"20001","Allen, KS",26807
"20003","Anderson, KS",23716
"20005","Atchison, KS",23328
"20007","Barber, KS",28321
"20009","Barton, KS",28071
"20011","Bourbon, KS",29629
"20013","Brown, KS",28682
"20015","Butler, KS",28971
"20017","Chase, KS",25616
"20019","Chautauqua, KS",26736
"20021","Cherokee, KS",21893
"20023","Cheyenne, KS",17740
"20025","Clark, KS",24823
"20027","Clay, KS",29657
"20029","Cloud, KS",25411
"20031","Coffey, KS",29509
"20033","Comanche, KS",28343
"20035","Cowley, KS",25871
"20037","Crawford, KS",24599
"20039","Decatur, KS",23055
"20041","Dickinson, KS",30154
"20043","Doniphan, KS",22883
"20045","Douglas, KS",28140
"20047","Edwards, KS",32481
"20049","Elk, KS",24975
"20051","Ellis, KS",28297
"20053","Ellsworth, KS",26586
"20055","Finney, KS",23263
"20057","Ford, KS",24571
"20059","Franklin, KS",26153
"20061","Geary, KS",31430
"20063","Gove, KS",24385
"20065","Graham, KS",24202
"20067","Grant, KS",24352
"20069","Gray, KS",26679
"20071","Greeley, KS",28006
"20073","Greenwood, KS",25525
"20075","Hamilton, KS",28109
"20077","Harper, KS",30134
"20079","Harvey, KS",27117
"20081","Haskell, KS",32365
"20083","Hodgeman, KS",23491
"20085","Jackson, KS",29108
"20087","Jefferson, KS",26098
"20089","Jewell, KS",28090
"20091","Johnson, KS",41804
"20093","Kearny, KS",25811
"20095","Kingman, KS",26956
"20097","Kiowa, KS",31082
"20099","Labette, KS",26234
"20101","Lane, KS",26102
"20103","Leavenworth, KS",28882
"20105","Lincoln, KS",22947
"20107","Linn, KS",23710
"20109","Logan, KS",26706
"20111","Lyon, KS",24239
"20113","McPherson, KS",31475
"20115","Marion, KS",26151
"20117","Marshall, KS",32167
"20119","Meade, KS",26158
"20121","Miami, KS",30902
"20123","Mitchell, KS",27895
"20125","Montgomery, KS",25044
"20127","Morris, KS",26855
"20129","Morton, KS",29235
"20131","Nemaha, KS",29355
"20133","Neosho, KS",24794
"20135","Ness, KS",29675
"20137","Norton, KS",24253
"20139","Osage, KS",24973
"20141","Osborne, KS",25403
"20143","Ottawa, KS",26560
"20145","Pawnee, KS",25893
"20147","Phillips, KS",26681
"20149","Pottawatomie, KS",28552
"20151","Pratt, KS",29826
"20153","Rawlins, KS",21856
"20155","Reno, KS",26930
"20157","Republic, KS",23883
"20159","Rice, KS",22739
"20161","Riley, KS",27562
"20163","Rooks, KS",24280
"20165","Rush, KS",27402
"20167","Russell, KS",26428
"20169","Saline, KS",30473
"20171","Scott, KS",28152
"20173","Sedgwick, KS",32620
"20175","Seward, KS",23136
"20177","Shawnee, KS",31332
"20179","Sheridan, KS",27377
"20181","Sherman, KS",22903
"20183","Smith, KS",25937
"20185","Stafford, KS",29797
"20187","Stanton, KS",28607
"20189","Stevens, KS",28528
"20191","Sumner, KS",27265
"20193","Thomas, KS",24205
"20195","Trego, KS",22268
"20197","Wabaunsee, KS",28471
"20199","Wallace, KS",24244
"20201","Washington, KS",26282
"20203","Wichita, KS",26301
"20205","Wilson, KS",26354
"20207","Woodson, KS",22217
"20209","Wyandotte, KS",22033
"21001","Adair, KY",19037
"21003","Allen, KY",21352
"21005","Anderson, KY",26686
"21007","Ballard, KY",26108
"21009","Barren, KY",25908
"21011","Bath, KY",20638
"21013","Bell, KY",20057
"21015","Boone, KY",35984
"21017","Bourbon, KY",29383
"21019","Boyd, KY",26590
"21021","Boyle, KY",26715
"21023","Bracken, KY",24303
"21025","Breathitt, KY",20009
"21027","Breckinridge, KY",21754
"21029","Bullitt, KY",25721
"21031","Butler, KY",20260
"21033","Caldwell, KY",24469
"21035","Calloway, KY",25002
"21037","Campbell, KY",30849
"21039","Carlisle, KY",25981
"21041","Carroll, KY",58111
"21043","Carter, KY",19858
"21045","Casey, KY",19686
"21047","Christian, KY",25641
"21049","Clark, KY",28741
"21051","Clay, KY",17239
"21053","Clinton, KY",19907
"21055","Crittenden, KY",21665
"21057","Cumberland, KY",17879
"21059","Daviess, KY",27862
"21061","Edmonson, KY",19899
"21063","Elliott, KY",15779
"21065","Estill, KY",19331
"21067","Fayette, KY",34212
"21069","Fleming, KY",21265
"21071","Floyd, KY",21511
"21073","Franklin, KY",29957
"21075","Fulton, KY",23622
"21077","Gallatin, KY",22659
"21079","Garrard, KY",21871
"21081","Grant, KY",23425
"21083","Graves, KY",24662
"21085","Grayson, KY",21117
"21087","Green, KY",20177
"21089","Greenup, KY",25273
"21091","Hancock, KY",24555
"21093","Hardin, KY",29970
"21095","Harlan, KY",19886
"21097","Harrison, KY",24185
"21099","Hart, KY",19860
"21101","Henderson, KY",28428
"21103","Henry, KY",26297
"21105","Hickman, KY",25249
"21107","Hopkins, KY",24704
"21109","Jackson, KY",18404
"21111","Jefferson, KY",34967
"21113","Jessamine, KY",28611
"21115","Johnson, KY",22894
"21117","Kenton, KY",34498
"21119","Knott, KY",21591
"21121","Knox, KY",19350
"21123","Larue, KY",24748
"21125","Laurel, KY",22222
"21127","Lawrence, KY",19062
"21129","Lee, KY",18524
"21131","Leslie, KY",19625
"21133","Letcher, KY",21479
"21135","Lewis, KY",18954
"21137","Lincoln, KY",20391
"21139","Livingston, KY",24587
"21141","Logan, KY",24250
"21143","Lyon, KY",20431
"21145","McCracken, KY",31039
"21147","McCreary, KY",16515
"21149","McLean, KY",26288
"21151","Madison, KY",23437
"21153","Magoffin, KY",17089
"21155","Marion, KY",22672
"21157","Marshall, KY",26325
"21159","Martin, KY",18317
"21161","Mason, KY",26887
"21163","Meade, KY",22412
"21165","Menifee, KY",17695
"21167","Mercer, KY",25391
"21169","Metcalfe, KY",19063
"21171","Monroe, KY",21245
"21173","Montgomery, KY",23702
"21175","Morgan, KY",16764
"21177","Muhlenberg, KY",22020
"21179","Nelson, KY",27808
"21181","Nicholas, KY",23421
"21183","Ohio, KY",22144
"21185","Oldham, KY",37696
"21187","Owen, KY",21508
"21189","Owsley, KY",18756
"21191","Pendleton, KY",21886
"21193","Perry, KY",23989
"21195","Pike, KY",22623
"21197","Powell, KY",19826
"21199","Pulaski, KY",24645
"21201","Robertson, KY",20288
"21203","Rockcastle, KY",19070
"21205","Rowan, KY",21921
"21207","Russell, KY",21058
"21209","Scott, KY",31121
"21211","Shelby, KY",33097
"21213","Simpson, KY",25515
"21215","Spencer, KY",26156
"21217","Taylor, KY",23027
"21219","Todd, KY",25954
"21221","Trigg, KY",29128
"21223","Trimble, KY",16400
"21225","Union, KY",25760
"21227","Warren, KY",27933
"21229","Washington, KY",24482
"21231","Wayne, KY",19659
"21233","Webster, KY",24613
"21235","Whitley, KY",21472
"21237","Wolfe, KY",18121
"21239","Woodford, KY",38764
"22001","Acadia, LA",22548
"22003","Allen, LA",19755
"22005","Ascension, LA",27009
"22007","Assumption, LA",26346
"22009","Avoyelles, LA",21699
"22011","Beauregard, LA",24918
"22013","Bienville, LA",22204
"22015","Bossier, LA",28183
"22017","Caddo, LA",30268
"22019","Calcasieu, LA",26040
"22021","Caldwell, LA",21887
"22023","Cameron, LA",17353
"22025","Catahoula, LA",21281
"22027","Claiborne, LA",23185
"22029","Concordia, LA",24220
"22031","De Soto, LA",23072
"22033","East Baton Rouge, LA",32459
"22035","East Carroll, LA",19991
"22037","East Feliciana, LA",25438
"22039","Evangeline, LA",21878
"22041","Franklin, LA",20864
"22043","Grant, LA",22296
"22045","Iberia, LA",25161
"22047","Iberville, LA",21952
"22049","Jackson, LA",23883
"22051","Jefferson, LA",31583
"22053","Jefferson Davis, LA",23530
"22055","Lafayette, LA",30848
"22057","Lafourche, LA",25974
"22059","LaSalle, LA",19880
"22061","Lincoln, LA",23964
"22063","Livingston, LA",24245
"22065","Madison, LA",20039
"22067","Morehouse, LA",22193
"22069","Natchitoches, LA",23549
"22071","Orleans, LA",28720
"22073","Ouachita, LA",26076
"22075","Plaquemines, LA",23689
"22077","Pointe Coupee, LA",25067
"22079","Rapides, LA",29035
"22081","Red River, LA",18739
"22083","Richland, LA",23262
"22085","Sabine, LA",22290
"22087","St. Bernard, LA",22725
"22089","St. Charles, LA",29048
"22091","St. Helena, LA",21391
"22093","St. James, LA",23452
"22095","St. John the Baptist, LA",22145
"22097","St. Landry, LA",24614
"22099","St. Martin, LA",21102
"22101","St. Mary, LA",24727
"22103","St. Tammany, LA",34895
"22105","Tangipahoa, LA",24003
"22107","Tensas, LA",23068
"22109","Terrebonne, LA",24984
"22111","Union, LA",25448
"22113","Vermilion, LA",23206
"22115","Vernon, LA",27336
"22117","Washington, LA",21247
"22119","Webster, LA",24079
"22121","West Baton Rouge, LA",23997
"22123","West Carroll, LA",19855
"22125","West Feliciana, LA",20352
"22127","Winn, LA",20336
"23001","Androscoggin, ME",28971
"23003","Aroostook, ME",26446
"23005","Cumberland, ME",39409
"23007","Franklin, ME",26667
"23009","Hancock, ME",34548
"23011","Kennebec, ME",30659
"23013","Knox, ME",35998
"23015","Lincoln, ME",34290
"23017","Oxford, ME",25716
"23019","Penobscot, ME",28139
"23021","Piscataquis, ME",25066
"23023","Sagadahoc, ME",33081
"23025","Somerset, ME",25952
"23027","Waldo, ME",27314
"23029","Washington, ME",26405
"23031","York, ME",34130
"24001","Allegany, MD",29373
"24003","Anne Arundel, MD",46002
"24005","Baltimore, MD",42378
"24009","Calvert, MD",39378
"24011","Caroline, MD",29272
"24013","Carroll, MD",37657
"24015","Cecil, MD",33032
"24017","Charles, MD",38350
"24019","Dorchester, MD",30146
"24021","Frederick, MD",40171
"24023","Garrett, MD",28482
"24025","Harford, MD",38241
"24027","Howard, MD",50889
"24029","Kent, MD",40660
"24031","Montgomery, MD",61010
"24033","Prince George's, MD",33598
"24035","Queen Anne's, MD",43398
"24037","St. Mary's, MD",36418
"24039","Somerset, MD",22414
"24041","Talbot, MD",51305
"24043","Washington, MD",30420
"24045","Wicomico, MD",29606
"24047","Worcester, MD",36723
"24510","Baltimore (Independent City), MD",28910
"25001","Barnstable, MA",45275
"25003","Berkshire, MA",34730
"25005","Bristol, MA",33571
"25007","Dukes, MA",55271
"25009","Essex, MA",42186
"25011","Franklin, MA",34090
"25013","Hampden, MA",32039
"25015","Hampshire, MA",32870
"25017","Middlesex, MA",49432
"25019","Nantucket, MA",70756
"25021","Norfolk, MA",54521
"25023","Plymouth, MA",40602
"25025","Suffolk, MA",45101
"25027","Worcester, MA",36593
"26001","Alcona, MI",22952
"26003","Alger, MI",22754
"26005","Allegan, MI",27015
"26007","Alpena, MI",26683
"26009","Antrim, MI",26399
"26011","Arenac, MI",22497
"26013","Baraga, MI",21603
"26015","Barry, MI",29649
"26017","Bay, MI",27972
"26019","Benzie, MI",26685
"26021","Berrien, MI",30876
"26023","Branch, MI",22853
"26025","Calhoun, MI",27650
"26027","Cass, MI",28481
"26029","Charlevoix, MI",33077
"26031","Cheboygan, MI",24434
"26033","Chippewa, MI",22623
"26035","Clare, MI",21609
"26037","Clinton, MI",31851
"26039","Crawford, MI",20706
"26041","Delta, MI",26506
"26043","Dickinson, MI",29584
"26045","Eaton, MI",29040
"26047","Emmet, MI",34155
"26049","Genesee, MI",27670
"26051","Gladwin, MI",23308
"26053","Gogebic, MI",23840
"26055","Grand Traverse, MI",30953
"26057","Gratiot, MI",23530
"26059","Hillsdale, MI",25462
"26061","Houghton, MI",23916
"26063","Huron, MI",28670
"26065","Ingham, MI",28566
"26067","Ionia, MI",22836
"26069","Iosco, MI",23284
"26071","Iron, MI",25374
"26073","Isabella, MI",23010
"26075","Jackson, MI",26661
"26077","Kalamazoo, MI",32340
"26079","Kalkaska, MI",19800
"26081","Kent, MI",34773
"26083","Keweenaw, MI",26742
"26085","Lake, MI",20795
"26087","Lapeer, MI",28406
"26089","Leelanau, MI",35111
"26091","Lenawee, MI",27834
"26093","Livingston, MI",38285
"26095","Luce, MI",20893
"26097","Mackinac, MI",27819
"26099","Macomb, MI",34153
"26101","Manistee, MI",24873
"26103","Marquette, MI",26369
"26105","Mason, MI",26191
"26107","Mecosta, MI",20405
"26109","Menominee, MI",25236
"26111","Midland, MI",37603
"26113","Missaukee, MI",22139
"26115","Monroe, MI",32102
"26117","Montcalm, MI",24125
"26119","Montmorency, MI",21630
"26121","Muskegon, MI",25000
"26123","Newaygo, MI",23286
"26125","Oakland, MI",50427
"26127","Oceana, MI",23037
"26129","Ogemaw, MI",21621
"26131","Ontonagon, MI",25413
"26133","Osceola, MI",22842
"26135","Oscoda, MI",20489
"26137","Otsego, MI",25740
"26139","Ottawa, MI",31211
"26141","Presque Isle, MI",23448
"26143","Roscommon, MI",23946
"26145","Saginaw, MI",26729
"26147","St. Clair, MI",29334
"26149","St. Joseph, MI",25760
"26151","Sanilac, MI",25315
"26153","Schoolcraft, MI",24212
"26155","Shiawassee, MI",25800
"26157","Tuscola, MI",23357
"26159","Van Buren, MI",26695
"26161","Washtenaw, MI",40027
"26163","Wayne, MI",28879
"26165","Wexford, MI",24913
"27001","Aitkin, MN",24440
"27003","Anoka, MN",35030
"27005","Becker, MN",27665
"27007","Beltrami, MN",24730
"27009","Benton, MN",30792
"27011","Big Stone, MN",29936
"27013","Blue Earth, MN",31000
"27015","Brown, MN",31333
"27017","Carlton, MN",26759
"27019","Carver, MN",43650
"27021","Cass, MN",29424
"27023","Chippewa, MN",30365
"27025","Chisago, MN",31217
"27027","Clay, MN",27611
"27029","Clearwater, MN",22268
"27031","Cook, MN",32763
"27033","Cottonwood, MN",31115
"27035","Crow Wing, MN",28678
"27037","Dakota, MN",41998
"27039","Dodge, MN",31376
"27041","Douglas, MN",30884
"27043","Faribault, MN",32444
"27045","Fillmore, MN",29653
"27047","Freeborn, MN",28156
"27049","Goodhue, MN",34547
"27051","Grant, MN",29047
"27053","Hennepin, MN",48031
"27055","Houston, MN",33186
"27057","Hubbard, MN",42339
"27059","Isanti, MN",28791
"27061","Itasca, MN",26002
"27063","Jackson, MN",31743
"27065","Kanabec, MN",25338
"27067","Kandiyohi, MN",31577
"27069","Kittson, MN",29459
"27071","Koochiching, MN",29719
"27073","Lac qui Parle, MN",29805
"27075","Lake, MN",30571
"27077","Lake of the Woods, MN",27299
"27079","Le Sueur, MN",29973
"27081","Lincoln, MN",28168
"27083","Lyon, MN",31995
"27085","McLeod, MN",30885
"27087","Mahnomen, MN",22856
"27089","Marshall, MN",26740
"27091","Martin, MN",32831
"27093","Meeker, MN",28545
"27095","Mille Lacs, MN",26678
"27097","Morrison, MN",26790
"27099","Mower, MN",30415
"27101","Murray, MN",32203
"27103","Nicollet, MN",31647
"27105","Nobles, MN",30959
"27107","Norman, MN",28786
"27109","Olmsted, MN",37748
"27111","Otter Tail, MN",28071
"27113","Pennington, MN",29929
"27115","Pine, MN",23991
"27117","Pipestone, MN",30661
"27119","Polk, MN",27838
"27121","Pope, MN",29488
"27123","Ramsey, MN",38351
"27125","Red Lake, MN",24790
"27127","Redwood, MN",31198
"27129","Renville, MN",29235
"27131","Rice, MN",28205
"27133","Rock, MN",30399
"27135","Roseau, MN",31100
"27137","St. Louis, MN",30058
"27139","Scott, MN",38444
"27141","Sherburne, MN",31386
"27143","Sibley, MN",30054
"27145","Stearns, MN",29196
"27147","Steele, MN",30809
"27149","Stevens, MN",33432
"27151","Swift, MN",29058
"27153","Todd, MN",23886
"27155","Traverse, MN",29417
"27157","Wabasha, MN",33567
"27159","Wadena, MN",24333
"27161","Waseca, MN",28639
"27163","Washington, MN",43634
"27165","Watonwan, MN",29933
"27167","Wilkin, MN",31428
"27169","Winona, MN",29022
"27171","Wright, MN",32617
"27173","Yellow Medicine, MN",30761
"28001","Adams, MS",22756
"28003","Alcorn, MS",22418
"28005","Amite, MS",19307
"28007","Attala, MS",21458
"28009","Benton, MS",19029
"28011","Bolivar, MS",22757
"28013","Calhoun, MS",21445
"28015","Carroll, MS",21470
"28017","Chickasaw, MS",22253
"28019","Choctaw, MS",20102
"28021","Claiborne, MS",19294
"28023","Clarke, MS",19884
"28025","Clay, MS",24235
"28027","Coahoma, MS",23518
"28029","Copiah, MS",20559
"28031","Covington, MS",22961
"28033","DeSoto, MS",28304
"28035","Forrest, MS",24553
"28037","Franklin, MS",20739
"28039","George, MS",21323
"28041","Greene, MS",16939
"28043","Grenada, MS",25329
"28045","Hancock, MS",23783
"28047","Harrison, MS",26820
"28049","Hinds, MS",27640
"28051","Holmes, MS",18913
"28053","Humphreys, MS",22828
"28055","Issaquena, MS",21207
"28057","Itawamba, MS",22011
"28059","Jackson, MS",25402
"28061","Jasper, MS",21423
"28063","Jefferson, MS",18217
"28065","Jefferson Davis, MS",19035
"28067","Jones, MS",25419
"28069","Kemper, MS",18616
"28071","Lafayette, MS",25539
"28073","Lamar, MS",25494
"28075","Lauderdale, MS",26458
"28077","Lawrence, MS",23795
"28079","Leake, MS",21144
"28081","Lee, MS",28814
"28083","Leflore, MS",23195
"28085","Lincoln, MS",25169
"28087","Lowndes, MS",24519
"28089","Madison, MS",44178
"28091","Marion, MS",21222
"28093","Marshall, MS",20398
"28095","Monroe, MS",23446
"28097","Montgomery, MS",22081
"28099","Neshoba, MS",28111
"28101","Newton, MS",23715
"28103","Noxubee, MS",21232
"28105","Oktibbeha, MS",22881
"28107","Panola, MS",20620
"28109","Pearl River, MS",22544
"28111","Perry, MS",20895
"28113","Pike, MS",22077
"28115","Pontotoc, MS",23975
"28117","Prentiss, MS",20107
"28119","Quitman, MS",21085
"28121","Rankin, MS",29908
"28123","Scott, MS",21398
"28125","Sharkey, MS",23153
"28127","Simpson, MS",24995
"28129","Smith, MS",25894
"28131","Stone, MS",24401
"28133","Sunflower, MS",18642
"28135","Tallahatchie, MS",21533
"28137","Tate, MS",24419
"28139","Tippah, MS",22319
"28141","Tishomingo, MS",20010
"28143","Tunica, MS",23542
"28145","Union, MS",21881
"28147","Walthall, MS",19875
"28149","Warren, MS",28763
"28151","Washington, MS",23507
"28153","Wayne, MS",21594
"28155","Webster, MS",22064
"28157","Wilkinson, MS",18718
"28159","Winston, MS",21929
"28161","Yalobusha, MS",22281
"28163","Yazoo, MS",21322
"29001","Adair, MO",22536
"29003","Andrew, MO",30333
"29005","Atchison, MO",30544
"29007","Audrain, MO",26273
"29009","Barry, MO",24371
"29011","Barton, MO",26175
"29013","Bates, MO",25385
"29015","Benton, MO",23143
"29017","Bollinger, MO",21575
"29019","Boone, MO",32247
"29021","Buchanan, MO",27341
"29023","Butler, MO",27039
"29025","Caldwell, MO",25395
"29027","Callaway, MO",25945
"29029","Camden, MO",27297
"29031","Cape Girardeau, MO",30644
"29033","Carroll, MO",28994
"29035","Carter, MO",23589
"29037","Cass, MO",31216
"29039","Cedar, MO",21373
"29041","Chariton, MO",29720
"29043","Christian, MO",26736
"29045","Clark, MO",24075
"29047","Clay, MO",34830
"29049","Clinton, MO",27912
"29051","Cole, MO",32699
"29053","Cooper, MO",25362
"29055","Crawford, MO",23241
"29057","Dade, MO",25475
"29059","Dallas, MO",23394
"29061","Daviess, MO",25089
"29063","DeKalb, MO",18598
"29065","Dent, MO",22190
"29067","Douglas, MO",18282
"29069","Dunklin, MO",25985
"29071","Franklin, MO",29494
"29073","Gasconade, MO",26391
"29075","Gentry, MO",26221
"29077","Greene, MO",31565
"29079","Grundy, MO",24670
"29081","Harrison, MO",27599
"29083","Henry, MO",26957
"29085","Hickory, MO",19136
"29087","Holt, MO",29628
"29089","Howard, MO",28118
"29091","Howell, MO",23672
"29093","Iron, MO",20536
"29095","Jackson, MO",30609
"29097","Jasper, MO",27020
"29099","Jefferson, MO",27698
"29101","Johnson, MO",24643
"29103","Knox, MO",27999
"29105","Laclede, MO",24808
"29107","Lafayette, MO",29001
"29109","Lawrence, MO",22467
"29111","Lewis, MO",23330
"29113","Lincoln, MO",27093
"29115","Linn, MO",25426
"29117","Livingston, MO",26727
"29119","McDonald, MO",21034
"29121","Macon, MO",26493
"29123","Madison, MO",22721
"29125","Maries, MO",21634
"29127","Marion, MO",26017
"29129","Mercer, MO",23660
"29131","Miller, MO",22563
"29133","Mississippi, MO",24145
"29135","Moniteau, MO",24508
"29137","Monroe, MO",26938
"29139","Montgomery, MO",26351
"29141","Morgan, MO",26993
"29143","New Madrid, MO",24831
"29145","Newton, MO",26452
"29147","Nodaway, MO",24014
"29149","Oregon, MO",19825
"29151","Osage, MO",28778
"29153","Ozark, MO",21077
"29155","Pemiscot, MO",24203
"29157","Perry, MO",26199
"29159","Pettis, MO",26258
"29161","Phelps, MO",26731
"29163","Pike, MO",22788
"29165","Platte, MO",38154
"29167","Polk, MO",22228
"29169","Pulaski, MO",28282
"29171","Putnam, MO",22599
"29173","Ralls, MO",33953
"29175","Randolph, MO",26330
"29177","Ray, MO",27820
"29179","Reynolds, MO",21133
"29181","Ripley, MO",21696
"29183","St. Charles, MO",36697
"29185","St. Clair, MO",22999
"29186","Ste. Genevieve, MO",24346
"29187","St. Francois, MO",23357
"29189","St. Louis, MO",45436
"29195","Saline, MO",27993
"29197","Schuyler, MO",21210
"29199","Scotland, MO",25625
"29201","Scott, MO",28117
"29203","Shannon, MO",20127
"29205","Shelby, MO",27557
"29207","Stoddard, MO",26847
"29209","Stone, MO",23900
"29211","Sullivan, MO",22857
"29213","Taney, MO",25168
"29215","Texas, MO",19739
"29217","Vernon, MO",24519
"29219","Warren, MO",28042
"29221","Washington, MO",19225
"29223","Wayne, MO",20303
"29225","Webster, MO",22699
"29227","Worth, MO",25591
"29229","Wright, MO",20285
"29510","St. Louis (Independent City), MO",28220
"30001","Beaverhead, MT",26085
"30003","Big Horn, MT",20366
"30005","Blaine, MT",20684
"30007","Broadwater, MT",24005
"30009","Carbon, MT",30281
"30011","Carter, MT",24843
"30013","Cascade, MT",29735
"30015","Chouteau, MT",24956
"30017","Custer, MT",26888
"30019","Daniels, MT",31395
"30021","Dawson, MT",24148
"30023","Deer Lodge, MT",23563
"30025","Fallon, MT",27379
"30027","Fergus, MT",26074
"30029","Flathead, MT",29276
"30031","Gallatin, MT",31628
"30033","Garfield, MT",25010
"30035","Glacier, MT",22642
"30037","Golden Valley, MT",24248
"30039","Granite, MT",22834
"30041","Hill, MT",29597
"30043","Jefferson, MT",29845
"30045","Judith Basin, MT",23566
"30047","Lake, MT",22519
"30049","Lewis and Clark, MT",29905
"30051","Liberty, MT",21113
"30053","Lincoln, MT",21088
"30055","McCone, MT",24703
"30057","Madison, MT",27685
"30059","Meagher, MT",24325
"30061","Mineral, MT",21990
"30063","Missoula, MT",29152
"30065","Musselshell, MT",22360
"30067","Park, MT",27559
"30069","Petroleum, MT",19724
"30071","Phillips, MT",26123
"30073","Pondera, MT",26018
"30075","Powder River, MT",20738
"30077","Powell, MT",20868
"30079","Prairie, MT",26962
"30081","Ravalli, MT",25128
"30083","Richland, MT",28124
"30085","Roosevelt, MT",22026
"30087","Rosebud, MT",27535
"30089","Sanders, MT",20629
"30091","Sheridan, MT",29788
"30093","Silver Bow, MT",28969
"30095","Stillwater, MT",28819
"30097","Sweet Grass, MT",26751
"30099","Teton, MT",28351
"30101","Toole, MT",27193
"30103","Treasure, MT",23380
"30105","Valley, MT",30823
"30107","Wheatland, MT",20336
"30109","Wibaux, MT",22886
"30111","Yellowstone, MT",30901
"31001","Adams, NE",29495
"31003","Antelope, NE",31101
"31005","Arthur, NE",28085
"31007","Banner, NE",35291
"31009","Blaine, NE",32326
"31011","Boone, NE",30612
"31013","Box Butte, NE",27991
"31015","Boyd, NE",25451
"31017","Brown, NE",25658
"31019","Buffalo, NE",29781
"31021","Burt, NE",28154
"31023","Butler, NE",29717
"31025","Cass, NE",33678
"31027","Cedar, NE",29823
"31029","Chase, NE",31599
"31031","Cherry, NE",29140
"31033","Cheyenne, NE",31592
"31035","Clay, NE",31049
"31037","Colfax, NE",28064
"31039","Cuming, NE",33962
"31041","Custer, NE",26408
"31043","Dakota, NE",23101
"31045","Dawes, NE",22722
"31047","Dawson, NE",24729
"31049","Deuel, NE",27327
"31051","Dixon, NE",26732
"31053","Dodge, NE",29583
"31055","Douglas, NE",40451
"31057","Dundy, NE",33533
"31059","Fillmore, NE",35435
"31061","Franklin, NE",31182
"31063","Frontier, NE",27365
"31065","Furnas, NE",28747
"31067","Gage, NE",31669
"31069","Garden, NE",30805
"31071","Garfield, NE",27121
"31073","Gosper, NE",28862
"31075","Grant, NE",25351
"31077","Greeley, NE",25666
"31079","Hall, NE",29007
"31081","Hamilton, NE",30499
"31083","Harlan, NE",26453
"31085","Hayes, NE",25014
"31087","Hitchcock, NE",23333
"31089","Holt, NE",29990
"31091","Hooker, NE",27120
"31093","Howard, NE",26797
"31095","Jefferson, NE",30235
"31097","Johnson, NE",27527
"31099","Kearney, NE",34303
"31101","Keith, NE",27049
"31103","Keya Paha, NE",24973
"31105","Kimball, NE",29326
"31107","Knox, NE",27380
"31109","Lancaster, NE",33431
"31111","Lincoln, NE",30116
"31113","Logan, NE",30042
"31115","Loup, NE",26269
"31117","McPherson, NE",24185
"31119","Madison, NE",29673
"31121","Merrick, NE",26960
"31123","Morrill, NE",28673
"31125","Nance, NE",28810
"31127","Nemaha, NE",36767
"31129","Nuckolls, NE",28734
"31131","Otoe, NE",30908
"31133","Pawnee, NE",30772
"31135","Perkins, NE",30696
"31137","Phelps, NE",32400
"31139","Pierce, NE",31140
"31141","Platte, NE",29033
"31143","Polk, NE",31205
"31145","Red Willow, NE",26833
"31147","Richardson, NE",30209
"31149","Rock, NE",28286
"31151","Saline, NE",28088
"31153","Sarpy, NE",34763
"31155","Saunders, NE",30297
"31157","Scotts Bluff, NE",27900
"31159","Seward, NE",30540
"31161","Sheridan, NE",27105
"31163","Sherman, NE",27125
"31165","Sioux, NE",25444
"31167","Stanton, NE",25436
"31169","Thayer, NE",31100
"31171","Thomas, NE",28583
"31173","Thurston, NE",27140
"31175","Valley, NE",28422
"31177","Washington, NE",34349
"31179","Wayne, NE",27804
"31181","Webster, NE",27213
"31183","Wheeler, NE",34105
"31185","York, NE",31169
"32001","Churchill, NV",29818
"32003","Clark, NV",35024
"32005","Douglas, NV",49115
"32007","Elko, NV",30507
"32009","Esmeralda, NV",31015
"32011","Eureka, NV",28656
"32013","Humboldt, NV",28677
"32015","Lander, NV",29826
"32017","Lincoln, NV",23429
"32019","Lyon, NV",26270
"32021","Mineral, NV",27410
"32023","Nye, NV",29353
"32027","Pershing, NV",19383
"32029","Storey, NV",36629
"32031","Washoe, NV",42704
"32033","White Pine, NV",31871
"32510","Carson City (Independent City), NV",20697
"33001","Belknap, NH",36506
"33003","Carroll, NH",37951
"33005","Cheshire, NH",32406
"33007","Coos, NH",30127
"33009","Grafton, NH",38717
"33011","Hillsborough, NH",41578
"33013","Merrimack, NH",40788
"33015","Rockingham, NH",44521
"33017","Strafford, NH",32009
"33019","Sullivan, NH",33639
"34001","Atlantic, NJ",31808
"34003","Bergen, NJ",56681
"34005","Burlington, NJ",40238
"34007","Camden, NJ",35514
"34009","Cape May, NJ",40170
"34011","Cumberland, NJ",27904
"34013","Essex, NJ",44420
"34015","Gloucester, NJ",34924
"34017","Hudson, NJ",34876
"34019","Hunterdon, NJ",64528
"34021","Mercer, NJ",47205
"34023","Middlesex, NJ",40406
"34025","Monmouth, NJ",50530
"34027","Morris, NJ",61400
"34029","Ocean, NJ",35404
"34031","Passaic, NJ",34172
"34033","Salem, NJ",33970
"34035","Somerset, NJ",59297
"34037","Sussex, NJ",42881
"34039","Union, NJ",45074
"34041","Warren, NJ",37389
"35001","Bernalillo, NM",31136
"35003","Catron, NM",21339
"35005","Chaves, NM",23941
"35006","Cibola, NM*",18273
"35007","Colfax, NM",24983
"35009","Curry, NM",27281
"35011","De Baca, NM",25094
"35013","Doa Ana, NM",23661
"35015","Eddy, NM",27854
"35017","Grant, NM",22747
"35019","Guadalupe, NM",17596
"35021","Harding, NM",31132
"35023","Hidalgo, NM",19755
"35025","Lea, NM",24118
"35027","Lincoln, NM",24936
"35028","Los Alamos, NM",60121
"35029","Luna, NM",19606
"35031","McKinley, NM",19078
"35033","Mora, NM",20429
"35035","Otero, NM",22815
"35037","Quay, NM",23540
"35039","Rio Arriba, NM",23435
"35041","Roosevelt, NM",25438
"35043","Sandoval, NM",28126
"35045","San Juan, NM",22712
"35047","San Miguel, NM",22170
"35049","Santa Fe, NM",35314
"35051","Sierra, NM",21334
"35053","Socorro, NM",21229
"35055","Taos, NM",23033
"35057","Torrance, NM",21362
"35059","Union, NM",28560
"35061","Valencia, NM*",23547
"36001","Albany, NY",37326
"36003","Allegany, NY",22199
"36005","Bronx, NY",24333
"36007","Broome, NY",28330
"36009","Cattaraugus, NY",26311
"36011","Cayuga, NY",27667
"36013","Chautauqua, NY",24888
"36015","Chemung, NY",27338
"36017","Chenango, NY",25568
"36019","Clinton, NY",28115
"36021","Columbia, NY",34007
"36023","Cortland, NY",25012
"36025","Delaware, NY",25253
"36027","Dutchess, NY",35568
"36029","Erie, NY",32056
"36031","Essex, NY",27078
"36033","Franklin, NY",23968
"36035","Fulton, NY",27751
"36037","Genesee, NY",27818
"36039","Greene, NY",29518
"36041","Hamilton, NY",29616
"36043","Herkimer, NY",25941
"36045","Jefferson, NY",29440
"36047","Kings, NY",29511
"36049","Lewis, NY",26018
"36051","Livingston, NY",26565
"36053","Madison, NY",28100
"36055","Monroe, NY",34337
"36057","Montgomery, NY",28929
"36059","Nassau, NY",53910
"36061","New York, NY",89427
"36063","Niagara, NY",28248
"36065","Oneida, NY",28229
"36067","Onondaga, NY",32990
"36069","Ontario, NY",31662
"36071","Orange, NY",33432
"36073","Orleans, NY",24612
"36075","Oswego, NY",24922
"36077","Otsego, NY",26380
"36079","Putnam, NY",44593
"36081","Queens, NY",32207
"36083","Rensselaer, NY",31698
"36085","Richmond, NY",37742
"36087","Rockland, NY",42831
"36089","St. Lawrence, NY",23588
"36091","Saratoga, NY",37807
"36093","Schenectady, NY",38898
"36095","Schoharie, NY",26052
"36097","Schuyler, NY",26065
"36099","Seneca, NY",25852
"36101","Steuben, NY",26526
"36103","Suffolk, NY",41169
"36105","Sullivan, NY",29593
"36107","Tioga, NY",27199
"36109","Tompkins, NY",28965
"36111","Ulster, NY",30177
"36113","Warren, NY",31990
"36115","Washington, NY",25471
"36117","Wayne, NY",28812
"36119","Westchester, NY",63490
"36121","Wyoming, NY",25533
"36123","Yates, NY",25180
"37001","Alamance, NC",27994
"37003","Alexander, NC",25871
"37005","Alleghany, NC",25705
"37007","Anson, NC",23301
"37009","Ashe, NC",24362
"37011","Avery, NC",23231
"37013","Beaufort, NC",26299
"37015","Bertie, NC",22511
"37017","Bladen, NC",23696
"37019","Brunswick, NC",28935
"37021","Buncombe, NC",30118
"37023","Burke, NC",24780
"37025","Cabarrus, NC",30874
"37027","Caldwell, NC",25918
"37029","Camden, NC",28371
"37031","Carteret, NC",31430
"37033","Caswell, NC",21910
"37035","Catawba, NC",29312
"37037","Chatham, NC",38267
"37039","Cherokee, NC",21037
"37041","Chowan, NC",27211
"37043","Clay, NC",23994
"37045","Cleveland, NC",25253
"37047","Columbus, NC",23587
"37049","Craven, NC",30739
"37051","Cumberland, NC",28388
"37053","Currituck, NC",31292
"37055","Dare, NC",37766
"37057","Davidson, NC",27838
"37059","Davie, NC",31373
"37061","Duplin, NC",22760
"37063","Durham, NC",32786
"37065","Edgecombe, NC",24834
"37067","Forsyth, NC",35554
"37069","Franklin, NC",24731
"37071","Gaston, NC",29137
"37073","Gates, NC",25464
"37075","Graham, NC",20957
"37077","Granville, NC",24236
"37079","Greene, NC",19836
"37081","Guilford, NC",33124
"37083","Halifax, NC",23601
"37085","Harnett, NC",25068
"37087","Haywood, NC",26156
"37089","Henderson, NC",30482
"37091","Hertford, NC",22590
"37093","Hoke, NC",21520
"37095","Hyde, NC",23543
"37097","Iredell, NC",32823
"37099","Jackson, NC",24055
"37101","Johnston, NC",28587
"37103","Jones, NC",26248
"37105","Lee, NC",29549
"37107","Lenoir, NC",26462
"37109","Lincoln, NC",26811
"37111","McDowell, NC",22919
"37113","Macon, NC",26519
"37115","Madison, NC",23101
"37117","Martin, NC",24983
"37119","Mecklenburg, NC",40014
"37121","Mitchell, NC",22326
"37123","Montgomery, NC",25369
"37125","Moore, NC",34562
"37127","Nash, NC",28457
"37129","New Hanover, NC",31784
"37131","Northampton, NC",24742
"37133","Onslow, NC",29692
"37135","Orange, NC",41832
"37137","Pamlico, NC",26834
"37139","Pasquotank, NC",26274
"37141","Pender, NC",26163
"37143","Perquimans, NC",27527
"37145","Person, NC",27369
"37147","Pitt, NC",27822
"37149","Polk, NC",33594
"37151","Randolph, NC",26632
"37153","Richmond, NC",22418
"37155","Robeson, NC",20878
"37157","Rockingham, NC",25690
"37159","Rowan, NC",27472
"37161","Rutherford, NC",23314
"37163","Sampson, NC",25944
"37165","Scotland, NC",23869
"37167","Stanly, NC",24877
"37169","Stokes, NC",25361
"37171","Surry, NC",26078
"37173","Swain, NC",22316
"37175","Transylvania, NC",26383
"37177","Tyrrell, NC",21762
"37179","Union, NC",30917
"37181","Vance, NC",24510
"37183","Wake, NC",39926
"37185","Warren, NC",20821
"37187","Washington, NC",25145
"37189","Watauga, NC",26158
"37191","Wayne, NC",26444
"37193","Wilkes, NC",26281
"37195","Wilson, NC",28160
"37197","Yadkin, NC",25381
"37199","Yancey, NC",22406
"38001","Adams, ND",29537
"38003","Barnes, ND",28078
"38005","Benson, ND",20587
"38007","Billings, ND",29944
"38009","Bottineau, ND",26102
"38011","Bowman, ND",32032
"38013","Burke, ND",27125
"38015","Burleigh, ND",33007
"38017","Cass, ND",33272
"38019","Cavalier, ND",29806
"38021","Dickey, ND",29301
"38023","Divide, ND",31607
"38025","Dunn, ND",22810
"38027","Eddy, ND",24665
"38029","Emmons, ND",23365
"38031","Foster, ND",29595
"38033","Golden Valley, ND",19503
"38035","Grand Forks, ND",28558
"38037","Grant, ND",25002
"38039","Griggs, ND",28126
"38041","Hettinger, ND",29992
"38043","Kidder, ND",29063
"38045","LaMoure, ND",31729
"38047","Logan, ND",28088
"38049","McHenry, ND",24284
"38051","McIntosh, ND",29382
"38053","McKenzie, ND",27307
"38055","McLean, ND",31171
"38057","Mercer, ND",30782
"38059","Morton, ND",27472
"38061","Mountrail, ND",27974
"38063","Nelson, ND",28887
"38065","Oliver, ND",28993
"38067","Pembina, ND",31526
"38069","Pierce, ND",24587
"38071","Ramsey, ND",26463
"38073","Ransom, ND",30084
"38075","Renville, ND",23374
"38077","Richland, ND",27733
"38079","Rolette, ND",22408
"38081","Sargent, ND",40474
"38083","Sheridan, ND",27401
"38085","Sioux, ND",17025
"38087","Slope, ND",26702
"38089","Stark, ND",27261
"38091","Steele, ND",22961
"38093","Stutsman, ND",27984
"38095","Towner, ND",29169
"38097","Traill, ND",27429
"38099","Walsh, ND",26585
"38101","Ward, ND",31451
"38103","Wells, ND",28197
"38105","Williams, ND",28097
"39001","Adams, OH",22379
"39003","Allen, OH",27689
"39005","Ashland, OH",25345
"39007","Ashtabula, OH",25391
"39009","Athens, OH",21998
"39011","Auglaize, OH",30345
"39013","Belmont, OH",25543
"39015","Brown, OH",24143
"39017","Butler, OH",31996
"39019","Carroll, OH",23491
"39021","Champaign, OH",26984
"39023","Clark, OH",27454
"39025","Clermont, OH",32960
"39027","Clinton, OH",28845
"39029","Columbiana, OH",24621
"39031","Coshocton, OH",24183
"39033","Crawford, OH",26110
"39035","Cuyahoga, OH",34756
"39037","Darke, OH",27791
"39039","Defiance, OH",28182
"39041","Delaware, OH",51977
"39043","Erie, OH",44099
"39045","Fairfield, OH",31115
"39047","Fayette, OH",26552
"39049","Franklin, OH",34066
"39051","Fulton, OH",30342
"39053","Gallia, OH",27202
"39055","Geauga, OH",43586
"39057","Greene, OH",34044
"39059","Guernsey, OH",24279
"39061","Hamilton, OH",38647
"39063","Hancock, OH",31699
"39065","Hardin, OH",23725
"39067","Harrison, OH",24077
"39069","Henry, OH",28792
"39071","Highland, OH",24258
"39073","Hocking, OH",23689
"39075","Holmes, OH",23663
"39077","Huron, OH",26406
"39079","Jackson, OH",23810
"39081","Jefferson, OH",25540
"39083","Knox, OH",26542
"39085","Lake, OH",33523
"39087","Lawrence, OH",23390
"39089","Licking, OH",29530
"39091","Logan, OH",27482
"39093","Lorain, OH",29779
"39095","Lucas, OH",30841
"39097","Madison, OH",29579
"39099","Mahoning, OH",29893
"39101","Marion, OH",24842
"39103","Medina, OH",35293
"39105","Meigs, OH",19353
"39107","Mercer, OH",29161
"39109","Miami, OH",30315
"39111","Monroe, OH",21329
"39113","Montgomery, OH",31847
"39115","Morgan, OH",20118
"39117","Morrow, OH",24789
"39119","Muskingum, OH",27206
"39121","Noble, OH",19357
"39123","Ottawa, OH",32853
"39125","Paulding, OH",24890
"39127","Perry, OH",22736
"39129","Pickaway, OH",25844
"39131","Pike, OH",21256
"39133","Portage, OH",29028
"39135","Preble, OH",26425
"39137","Putnam, OH",31680
"39139","Richland, OH",27432
"39141","Ross, OH",24907
"39143","Sandusky, OH",27591
"39145","Scioto, OH",23709
"39147","Seneca, OH",26258
"39149","Shelby, OH",28932
"39151","Stark, OH",29631
"39153","Summit, OH",33811
"39155","Trumbull, OH",28034
"39157","Tuscarawas, OH",26923
"39159","Union, OH",30970
"39161","Van Wert, OH",27166
"39163","Vinton, OH",20140
"39165","Warren, OH",36619
"39167","Washington, OH",25312
"39169","Wayne, OH",28418
"39171","Williams, OH",26865
"39173","Wood, OH",30045
"39175","Wyandot, OH",30712
"40001","Adair, OK",18133
"40003","Alfalfa, OK",23287
"40005","Atoka, OK",18427
"40007","Beaver, OK",26255
"40009","Beckham, OK",23798
"40011","Blaine, OK",19408
"40013","Bryan, OK",22646
"40015","Caddo, OK",20575
"40017","Canadian, OK",27676
"40019","Carter, OK",25760
"40021","Cherokee, OK",19875
"40023","Choctaw, OK",20109
"40025","Cimarron, OK",27489
"40027","Cleveland, OK",29393
"40029","Coal, OK",18157
"40031","Comanche, OK",27165
"40033","Cotton, OK",27162
"40035","Craig, OK",22971
"40037","Creek, OK",24690
"40039","Custer, OK",24119
"40041","Delaware, OK",22220
"40043","Dewey, OK",26401
"40045","Ellis, OK",27141
"40047","Garfield, OK",29836
"40049","Garvin, OK",25030
"40051","Grady, OK",24894
"40053","Grant, OK",31661
"40055","Greer, OK",20833
"40057","Harmon, OK",23983
"40059","Harper, OK",32418
"40061","Haskell, OK",22342
"40063","Hughes, OK",20248
"40065","Jackson, OK",27554
"40067","Jefferson, OK",23018
"40069","Johnston, OK",22438
"40071","Kay, OK",26170
"40073","Kingfisher, OK",27496
"40075","Kiowa, OK",24881
"40077","Latimer, OK",23154
"40079","Le Flore, OK",21128
"40081","Lincoln, OK",20752
"40083","Logan, OK",26146
"40085","Love, OK",20972
"40087","McClain, OK",26358
"40089","McCurtain, OK",21259
"40091","McIntosh, OK",21349
"40093","Major, OK",25823
"40095","Marshall, OK",22395
"40097","Mayes, OK",22124
"40099","Murray, OK",22193
"40101","Muskogee, OK",23835
"40103","Noble, OK",24152
"40105","Nowata, OK",20643
"40107","Okfuskee, OK",18315
"40109","Oklahoma, OK",33936
"40111","Okmulgee, OK",21618
"40113","Osage, OK",23985
"40115","Ottawa, OK",22148
"40117","Pawnee, OK",23030
"40119","Payne, OK",24041
"40121","Pittsburg, OK",24255
"40123","Pontotoc, OK",25659
"40125","Pottawatomie, OK",26734
"40127","Pushmataha, OK",20361
"40129","Roger Mills, OK",28269
"40131","Rogers, OK",24135
"40133","Seminole, OK",20754
"40135","Sequoyah, OK",20548
"40137","Stephens, OK",25969
"40139","Texas, OK",28796
"40141","Tillman, OK",22679
"40143","Tulsa, OK",36133
"40145","Wagoner, OK",25484
"40147","Washington, OK",50003
"40149","Washita, OK",23851
"40151","Woods, OK",24789
"40153","Woodward, OK",25312
"41001","Baker, OR",23191
"41003","Benton, OR",33660
"41005","Clackamas, OR",37706
"41007","Clatsop, OR",28940
"41009","Columbia, OR",28270
"41011","Coos, OR",27204
"41013","Crook, OR",24690
"41015","Curry, OR",27221
"41017","Deschutes, OR",31648
"41019","Douglas, OR",26455
"41021","Gilliam, OR",24290
"41023","Grant, OR",26417
"41025","Harney, OR",24142
"41027","Hood River, OR",28256
"41029","Jackson, OR",29973
"41031","Jefferson, OR",23410
"41033","Josephine, OR",26048
"41035","Klamath, OR",25805
"41037","Lake, OR",24368
"41039","Lane, OR",29356
"41041","Lincoln, OR",28905
"41043","Linn, OR",26750
"41045","Malheur, OR",20271
"41047","Marion, OR",26395
"41049","Morrow, OR",25790
"41051","Multnomah, OR",35288
"41053","Polk, OR",28815
"41055","Sherman, OR",29845
"41057","Tillamook, OR",27844
"41059","Umatilla, OR",24748
"41061","Union, OR",27352
"41063","Wallowa, OR",26953
"41065","Wasco, OR",26660
"41067","Washington, OR",36132
"41069","Wheeler, OR",24629
"41071","Yamhill, OR",29166
"42001","Adams, PA",30924
"42003","Allegheny, PA",37897
"42005","Armstrong, PA",26929
"42007","Beaver, PA",28631
"42009","Bedford, PA",24261
"42011","Berks, PA",31920
"42013","Blair, PA",28668
"42015","Bradford, PA",25885
"42017","Bucks, PA",44321
"42019","Butler, PA",32999
"42021","Cambria, PA",27071
"42023","Cameron, PA",29267
"42025","Carbon, PA",28714
"42027","Centre, PA",29238
"42029","Chester, PA",55238
"42031","Clarion, PA",28010
"42033","Clearfield, PA",27343
"42035","Clinton, PA",24627
"42037","Columbia, PA",26627
"42039","Crawford, PA",25217
"42041","Cumberland, PA",37317
"42043","Dauphin, PA",34773
"42045","Delaware, PA",41277
"42047","Elk, PA",30088
"42049","Erie, PA",28488
"42051","Fayette, PA",25974
"42053","Forest, PA",19524
"42055","Franklin, PA",30278
"42057","Fulton, PA",25969
"42059","Greene, PA",23259
"42061","Huntingdon, PA",24003
"42063","Indiana, PA",26480
"42065","Jefferson, PA",26709
"42067","Juniata, PA",28180
"42069","Lackawanna, PA",31135
"42071","Lancaster, PA",33564
"42073","Lawrence, PA",26540
"42075","Lebanon, PA",31680
"42077","Lehigh, PA",36508
"42079","Luzerne, PA",30386
"42081","Lycoming, PA",27724
"42083","McKean, PA",27424
"42085","Mercer, PA",27029
"42087","Mifflin, PA",24331
"42089","Monroe, PA",28686
"42091","Montgomery, PA",54991
"42093","Montour, PA",31554
"42095","Northampton, PA",34196
"42097","Northumberland, PA",27541
"42099","Perry, PA",29126
"42101","Philadelphia, PA",30068
"42103","Pike, PA",30991
"42105","Potter, PA",58812
"42107","Schuylkill, PA",27242
"42109","Snyder, PA",29049
"42111","Somerset, PA",25501
"42113","Sullivan, PA",26364
"42115","Susquehanna, PA",27519
"42117","Tioga, PA",24174
"42119","Union, PA",27882
"42121","Venango, PA",28200
"42123","Warren, PA",28357
"42125","Washington, PA",32712
"42127","Wayne, PA",28312
"42129","Westmoreland, PA",32293
"42131","Wyoming, PA",26877
"42133","York, PA",34024
"44001","Bristol, RI",47821
"44003","Kent, RI",38752
"44005","Newport, RI",43950
"44007","Providence, RI",31649
"44009","Washington, RI",41863
"45001","Abbeville, SC",21227
"45003","Aiken, SC",27449
"45005","Allendale, SC",17739
"45007","Anderson, SC",25792
"45009","Bamberg, SC",20916
"45011","Barnwell, SC",21303
"45013","Beaufort, SC",38687
"45015","Berkeley, SC",24449
"45017","Calhoun, SC",25718
"45019","Charleston, SC",33101
"45021","Cherokee, SC",22514
"45023","Chester, SC",22732
"45025","Chesterfield, SC",21817
"45027","Clarendon, SC",20967
"45029","Colleton, SC",22551
"45031","Darlington, SC",25118
"45033","Dillon, SC",20767
"45035","Dorchester, SC",28462
"45037","Edgefield, SC",23953
"45039","Fairfield, SC",22842
"45041","Florence, SC",27762
"45043","Georgetown, SC",28240
"45045","Greenville, SC",31335
"45047","Greenwood, SC",25356
"45049","Hampton, SC",20652
"45051","Horry, SC",26852
"45053","Jasper, SC",21880
"45055","Kershaw, SC",28512
"45057","Lancaster, SC",24131
"45059","Laurens, SC",23147
"45061","Lee, SC",19205
"45063","Lexington, SC",31782
"45065","McCormick, SC",20232
"45067","Marion, SC",20759
"45069","Marlboro, SC",19693
"45071","Newberry, SC",25063
"45073","Oconee, SC",27401
"45075","Orangeburg, SC",22995
"45077","Pickens, SC",23783
"45079","Richland, SC",30414
"45081","Saluda, SC",26364
"45083","Spartanburg, SC",27808
"45085","Sumter, SC",25347
"45087","Union, SC",22416
"45089","Williamsburg, SC",18230
"45091","York, SC",30339
"46003","Aurora, SD",31883
"46005","Beadle, SD",32732
"46007","Bennett, SD",22131
"46009","Bon Homme, SD",29536
"46011","Brookings, SD",28073
"46013","Brown, SD",35106
"46015","Brule, SD",28009
"46017","Buffalo, SD",17602
"46019","Butte, SD",25368
"46021","Campbell, SD",26194
"46023","Charles Mix, SD",27816
"46025","Clark, SD",29901
"46027","Clay, SD",27717
"46029","Codington, SD",31055
"46031","Corson, SD",20828
"46033","Custer, SD",29940
"46035","Davison, SD",33081
"46037","Day, SD",28444
"46039","Deuel, SD",29669
"46041","Dewey, SD",22673
"46043","Douglas, SD",32719
"46045","Edmunds, SD",35024
"46047","Fall River, SD",30020
"46049","Faulk, SD",31173
"46051","Grant, SD",33118
"46053","Gregory, SD",29175
"46055","Haakon, SD",38074
"46057","Hamlin, SD",29542
"46059","Hand, SD",38806
"46061","Hanson, SD",32713
"46063","Harding, SD",29754
"46065","Hughes, SD",33827
"46067","Hutchinson, SD",33149
"46069","Hyde, SD",30454
"46071","Jackson, SD",19680
"46073","Jerauld, SD",35164
"46075","Jones, SD",34627
"46077","Kingsbury, SD",35940
"46079","Lake, SD",31883
"46081","Lawrence, SD",28014
"46083","Lincoln, SD",37103
"46085","Lyman, SD",26673
"46087","McCook, SD",32249
"46089","McPherson, SD",30309
"46091","Marshall, SD",28632
"46093","Meade, SD",28023
"46095","Mellette, SD",24085
"46097","Miner, SD",32330
"46099","Minnehaha, SD",34982
"46101","Moody, SD",30738
"46102","Oglala Lakota, SD*",16621
"46103","Pennington, SD",34687
"46105","Perkins, SD",30095
"46107","Potter, SD",45700
"46109","Roberts, SD",25721
"46111","Sanborn, SD",39180
"46115","Spink, SD",40467
"46117","Stanley, SD",34957
"46119","Sully, SD",54280
"46121","Todd, SD",16186
"46123","Tripp, SD",27976
"46125","Turner, SD",34660
"46127","Union, SD",52705
"46129","Walworth, SD",27595
"46135","Yankton, SD",29494
"46137","Ziebach, SD",15804
"47001","Anderson, TN",29625
"47003","Bedford, TN",25939
"47005","Benton, TN",21208
"47007","Bledsoe, TN",17392
"47009","Blount, TN",27594
"47011","Bradley, TN",27347
"47013","Campbell, TN",22393
"47015","Cannon, TN",24889
"47017","Carroll, TN",24764
"47019","Carter, TN",22290
"47021","Cheatham, TN",29745
"47023","Chester, TN",21089
"47025","Claiborne, TN",23090
"47027","Clay, TN",21900
"47029","Cocke, TN",20372
"47031","Coffee, TN",26755
"47033","Crockett, TN",24135
"47035","Cumberland, TN",23999
"47037","Davidson, TN",38710
"47039","Decatur, TN",24495
"47041","DeKalb, TN",23896
"47043","Dickson, TN",25323
"47045","Dyer, TN",27777
"47047","Fayette, TN",32281
"47049","Fentress, TN",21987
"47051","Franklin, TN",25088
"47053","Gibson, TN",26058
"47055","Giles, TN",24014
"47057","Grainger, TN",20972
"47059","Greene, TN",28997
"47061","Grundy, TN",21852
"47063","Hamblen, TN",26707
"47065","Hamilton, TN",33434
"47067","Hancock, TN",15985
"47069","Hardeman, TN",18915
"47071","Hardin, TN",23948
"47073","Hawkins, TN",23350
"47075","Haywood, TN",22143
"47077","Henderson, TN",25119
"47079","Henry, TN",26374
"47081","Hickman, TN",20474
"47083","Houston, TN",22903
"47085","Humphreys, TN",24303
"47087","Jackson, TN",22289
"47089","Jefferson, TN",23926
"47091","Johnson, TN",19815
"47093","Knox, TN",32390
"47095","Lake, TN",16805
"47097","Lauderdale, TN",19071
"47099","Lawrence, TN",24168
"47101","Lewis, TN",19974
"47103","Lincoln, TN",25696
"47105","Loudon, TN",30951
"47107","McMinn, TN",24385
"47109","McNairy, TN",24077
"47111","Macon, TN",22732
"47113","Madison, TN",28275
"47115","Marion, TN",24721
"47117","Marshall, TN",25197
"47119","Maury, TN",29250
"47121","Meigs, TN",19947
"47123","Monroe, TN",23889
"47125","Montgomery, TN",30827
"47127","Moore, TN",23850
"47129","Morgan, TN",19637
"47131","Obion, TN",27171
"47133","Overton, TN",21036
"47135","Perry, TN",23737
"47137","Pickett, TN",20186
"47139","Polk, TN",23610
"47141","Putnam, TN",27234
"47143","Rhea, TN",23744
"47145","Roane, TN",26391
"47147","Robertson, TN",29377
"47149","Rutherford, TN",29915
"47151","Scott, TN",19959
"47153","Sequatchie, TN",25236
"47155","Sevier, TN",27037
"47157","Shelby, TN",35814
"47159","Smith, TN",24209
"47161","Stewart, TN",26613
"47163","Sullivan, TN",28028
"47165","Sumner, TN",31404
"47167","Tipton, TN",27309
"47169","Trousdale, TN",24222
"47171","Unicoi, TN",25765
"47173","Union, TN",20323
"47175","Van Buren, TN",20066
"47177","Warren, TN",23910
"47179","Washington, TN",28741
"47181","Wayne, TN",19772
"47183","Weakley, TN",24409
"47185","White, TN",24346
"47187","Williamson, TN",49599
"47189","Wilson, TN",32888
"48001","Anderson, TX",19624
"48003","Andrews, TX",26883
"48005","Angelina, TX",25735
"48007","Aransas, TX",27678
"48009","Archer, TX",30650
"48011","Armstrong, TX",32444
"48013","Atascosa, TX",20702
"48015","Austin, TX",28922
"48017","Bailey, TX",24133
"48019","Bandera, TX",27838
"48021","Bastrop, TX",23364
"48023","Baylor, TX",27099
"48025","Bee, TX",17576
"48027","Bell, TX",29856
"48029","Bexar, TX",29829
"48031","Blanco, TX",31916
"48033","Borden, TX",36222
"48035","Bosque, TX",25160
"48037","Bowie, TX",27290
"48039","Brazoria, TX",28713
"48041","Brazos, TX",23180
"48043","Brewster, TX",31857
"48045","Briscoe, TX",23015
"48047","Brooks, TX",19781
"48049","Brown, TX",22746
"48051","Burleson, TX",23714
"48053","Burnet, TX",28711
"48055","Caldwell, TX",21161
"48057","Calhoun, TX",21487
"48059","Callahan, TX",22674
"48061","Cameron, TX",18086
"48063","Camp, TX",26337
"48065","Carson, TX",27353
"48067","Cass, TX",23311
"48069","Castro, TX",33319
"48071","Chambers, TX",30920
"48073","Cherokee, TX",22406
"48075","Childress, TX",18942
"48077","Clay, TX",24155
"48079","Cochran, TX",27087
"48081","Coke, TX",22509
"48083","Coleman, TX",22427
"48085","Collin, TX",43379
"48087","Collingsworth, TX",31074
"48089","Colorado, TX",28498
"48091","Comal, TX",34222
"48093","Comanche, TX",25496
"48095","Concho, TX",18910
"48097","Cooke, TX",24824
"48099","Coryell, TX",23941
"48101","Cottle, TX",37102
"48103","Crane, TX",22811
"48105","Crockett, TX",24247
"48107","Crosby, TX",29087
"48109","Culberson, TX",19070
"48111","Dallam, TX",38932
"48113","Dallas, TX",34966
"48115","Dawson, TX",22416
"48117","Deaf Smith, TX",22554
"48119","Delta, TX",20708
"48121","Denton, TX",34458
"48123","DeWitt, TX",22495
"48125","Dickens, TX",21433
"48127","Dimmit, TX",17254
"48129","Donley, TX",27050
"48131","Duval, TX",20130
"48133","Eastland, TX",25018
"48135","Ector, TX",23634
"48137","Edwards, TX",24259
"48139","Ellis, TX",29002
"48141","El Paso, TX",21607
"48143","Erath, TX",23276
"48145","Falls, TX",21687
"48147","Fannin, TX",22512
"48149","Fayette, TX",29716
"48151","Fisher, TX",26650
"48153","Floyd, TX",25133
"48155","Foard, TX",24993
"48157","Fort Bend, TX",36143
"48159","Franklin, TX",27420
"48161","Freestone, TX",21986
"48163","Frio, TX",17107
"48165","Gaines, TX",25535
"48167","Galveston, TX",31653
"48169","Garza, TX",21758
"48171","Gillespie, TX",32815
"48173","Glasscock, TX",30096
"48175","Goliad, TX",25898
"48177","Gonzales, TX",25506
"48179","Gray, TX",28336
"48181","Grayson, TX",25944
"48183","Gregg, TX",29787
"48185","Grimes, TX",19921
"48187","Guadalupe, TX",28246
"48189","Hale, TX",22655
"48191","Hall, TX",20352
"48193","Hamilton, TX",29652
"48195","Hansford, TX",36386
"48197","Hardeman, TX",23508
"48199","Hardin, TX",25475
"48201","Harris, TX",36716
"48203","Harrison, TX",26282
"48205","Hartley, TX",26109
"48207","Haskell, TX",26888
"48209","Hays, TX",26915
"48211","Hemphill, TX",34356
"48213","Henderson, TX",24079
"48215","Hidalgo, TX",16956
"48217","Hill, TX",22508
"48219","Hockley, TX",24644
"48221","Hood, TX",29673
"48223","Hopkins, TX",24149
"48225","Houston, TX",22794
"48227","Howard, TX",22518
"48229","Hudspeth, TX",17148
"48231","Hunt, TX",25116
"48233","Hutchinson, TX",23091
"48235","Irion, TX",28997
"48237","Jack, TX",20725
"48239","Jackson, TX",25307
"48241","Jasper, TX",22388
"48243","Jeff Davis, TX",26567
"48245","Jefferson, TX",26710
"48247","Jim Hogg, TX",23749
"48249","Jim Wells, TX",22891
"48251","Johnson, TX",25614
"48253","Jones, TX",20030
"48255","Karnes, TX",18791
"48257","Kaufman, TX",28131
"48259","Kendall, TX",43036
"48261","Kenedy, TX",30966
"48263","Kent, TX",30526
"48265","Kerr, TX",30721
"48267","Kimble, TX",25730
"48269","King, TX",34991
"48271","Kinney, TX",22481
"48273","Kleberg, TX",23850
"48275","Knox, TX",29695
"48277","Lamar, TX",24893
"48279","Lamb, TX",24241
"48281","Lampasas, TX",29268
"48283","La Salle, TX",15623
"48285","Lavaca, TX",27353
"48287","Lee, TX",25151
"48289","Leon, TX",24964
"48291","Liberty, TX",23381
"48293","Limestone, TX",21821
"48295","Lipscomb, TX",29614
"48297","Live Oak, TX",22340
"48299","Llano, TX",25907
"48301","Loving, TX",73182
"48303","Lubbock, TX",26344
"48305","Lynn, TX",30142
"48307","McCulloch, TX",23387
"48309","McLennan, TX",25995
"48311","McMullen, TX",36713
"48313","Madison, TX",20734
"48315","Marion, TX",20284
"48317","Martin, TX",29201
"48319","Mason, TX",25257
"48321","Matagorda, TX",23960
"48323","Maverick, TX",15589
"48325","Medina, TX",23058
"48327","Menard, TX",24188
"48329","Midland, TX",53920
"48331","Milam, TX",23019
"48333","Mills, TX",25848
"48335","Mitchell, TX",19068
"48337","Montague, TX",24929
"48339","Montgomery, TX",35201
"48341","Moore, TX",23929
"48343","Morris, TX",25860
"48345","Motley, TX",28946
"48347","Nacogdoches, TX",24318
"48349","Navarro, TX",23348
"48351","Newton, TX",17573
"48353","Nolan, TX",23706
"48355","Nueces, TX",28682
"48357","Ochiltree, TX",29030
"48359","Oldham, TX",32282
"48361","Orange, TX",24181
"48363","Palo Pinto, TX",23183
"48365","Panola, TX",24343
"48367","Parker, TX",30034
"48369","Parmer, TX",24481
"48371","Pecos, TX",17662
"48373","Polk, TX",25019
"48375","Potter, TX",23821
"48377","Presidio, TX",17790
"48379","Rains, TX",21260
"48381","Randall, TX",31839
"48383","Reagan, TX",25838
"48385","Real, TX",21304
"48387","Red River, TX",22035
"48389","Reeves, TX",17191
"48391","Refugio, TX",28436
"48393","Roberts, TX",32275
"48395","Robertson, TX",25191
"48397","Rockwall, TX",40994
"48399","Runnels, TX",23864
"48401","Rusk, TX",22833
"48403","Sabine, TX",23498
"48405","San Augustine, TX",20751
"48407","San Jacinto, TX",21062
"48409","San Patricio, TX",24273
"48411","San Saba, TX",22111
"48413","Schleicher, TX",25805
"48415","Scurry, TX",29101
"48417","Shackelford, TX",39052
"48419","Shelby, TX",24309
"48421","Sherman, TX",34090
"48423","Smith, TX",30753
"48425","Somervell, TX",24763
"48427","Starr, TX",14337
"48429","Stephens, TX",29466
"48431","Sterling, TX",26204
"48433","Stonewall, TX",30089
"48435","Sutton, TX",31721
"48437","Swisher, TX",28123
"48439","Tarrant, TX",33424
"48441","Taylor, TX",28451
"48443","Terrell, TX",31870
"48445","Terry, TX",26300
"48447","Throckmorton, TX",39531
"48449","Titus, TX",24862
"48451","Tom Green, TX",28639
"48453","Travis, TX",36942
"48455","Trinity, TX",21864
"48457","Tyler, TX",20871
"48459","Upshur, TX",23184
"48461","Upton, TX",26756
"48463","Uvalde, TX",22881
"48465","Val Verde, TX",22043
"48467","Van Zandt, TX",24755
"48469","Victoria, TX",29689
"48471","Walker, TX",17696
"48473","Waller, TX",23634
"48475","Ward, TX",22492
"48477","Washington, TX",36915
"48479","Webb, TX",19670
"48481","Wharton, TX",26626
"48483","Wheeler, TX",29919
"48485","Wichita, TX",28760
"48487","Wilbarger, TX",26560
"48489","Willacy, TX",17806
"48491","Williamson, TX",29395
"48493","Wilson, TX",26016
"48495","Winkler, TX",23579
"48497","Wise, TX",24546
"48499","Wood, TX",22697
"48501","Yoakum, TX",30078
"48503","Young, TX",29597
"48505","Zapata, TX",17305
"48507","Zavala, TX",15142
"49001","Beaver, UT",26313
"49003","Box Elder, UT",23204
"49005","Cache, UT",23088
"49007","Carbon, UT",24230
"49009","Daggett, UT",24917
"49011","Davis, UT",29853
"49013","Duchesne, UT",22747
"49015","Emery, UT",22578
"49017","Garfield, UT",22643
"49019","Grand, UT",24989
"49021","Iron, UT",20554
"49023","Juab, UT",21207
"49025","Kane, UT",26239
"49027","Millard, UT",22730
"49029","Morgan, UT",26953
"49031","Piute, UT",20187
"49033","Rich, UT",24251
"49035","Salt Lake, UT",29890
"49037","San Juan, UT",16696
"49039","Sanpete, UT",16878
"49041","Sevier, UT",20636
"49043","Summit, UT",52605
"49045","Tooele, UT",23573
"49047","Uintah, UT",22914
"49049","Utah, UT",22140
"49051","Wasatch, UT",25618
"49053","Washington, UT",22357
"49055","Wayne, UT",23556
"49057","Weber, UT",26609
"50001","Addison, VT",32024
"50003","Bennington, VT",35125
"50005","Caledonia, VT",26459
"50007","Chittenden, VT",38692
"50009","Essex, VT",22637
"50011","Franklin, VT",28941
"50013","Grand Isle, VT",37746
"50015","Lamoille, VT",35144
"50017","Orange, VT",29081
"50019","Orleans, VT",26834
"50021","Rutland, VT",33183
"50023","Washington, VT",35872
"50025","Windham, VT",33573
"50027","Windsor, VT",36303
"51001","Accomack, VA",25598
"51007","Amelia, VA",28289
"51009","Amherst, VA",25013
"51011","Appomattox, VA",26435
"51013","Arlington, VA",68049
"51017","Bath, VA",33627
"51019","Bedford, VA*",31491
"51021","Bland, VA",20734
"51023","Botetourt, VA",32704
"51025","Brunswick, VA",21463
"51027","Buchanan, VA",21763
"51029","Buckingham, VA",20155
"51033","Caroline, VA",28632
"51036","Charles City, VA",33145
"51037","Charlotte, VA",22987
"51041","Chesterfield, VA",37671
"51043","Clarke, VA",39648
"51045","Craig, VA",24083
"51047","Culpeper, VA",30498
"51049","Cumberland, VA",24440
"51051","Dickenson, VA",19266
"51057","Essex, VA",28222
"51061","Fauquier, VA",48733
"51063","Floyd, VA",25172
"51065","Fluvanna, VA",29284
"51067","Franklin, VA",28796
"51071","Giles, VA",25329
"51073","Gloucester, VA",32772
"51075","Goochland, VA",62183
"51077","Grayson, VA",24049
"51079","Greene, VA",22966
"51083","Halifax, VA",23354
"51085","Hanover, VA",37408
"51087","Henrico, VA",40787
"51091","Highland, VA",29294
"51093","Isle of Wight, VA",37514
"51097","King and Queen, VA",27877
"51099","King George, VA",36884
"51101","King William, VA",34558
"51103","Lancaster, VA",38946
"51105","Lee, VA",21434
"51107","Loudoun, VA",45699
"51109","Louisa, VA",31310
"51111","Lunenburg, VA",22020
"51113","Madison, VA",28784
"51115","Mathews, VA",39842
"51117","Mecklenburg, VA",23381
"51119","Middlesex, VA",33695
"51125","Nelson, VA",30838
"51127","New Kent, VA",35210
"51131","Northampton, VA",30729
"51133","Northumberland, VA",31101
"51135","Nottoway, VA",25182
"51137","Orange, VA",33099
"51139","Page, VA",25106
"51141","Patrick, VA",21317
"51145","Powhatan, VA",32641
"51147","Prince Edward, VA",20868
"51155","Pulaski, VA",28165
"51157","Rappahannock, VA",37947
"51159","Richmond, VA",21429
"51167","Russell, VA",22951
"51169","Scott, VA",22250
"51171","Shenandoah, VA",28348
"51173","Smyth, VA",24308
"51179","Stafford, VA",35994
"51181","Surry, VA",25970
"51183","Sussex, VA",21703
"51185","Tazewell, VA",25483
"51187","Warren, VA",30079
"51193","Westmoreland, VA",28531
"51197","Wythe, VA",23856
"51510","Alexandria (Independent City), VA",60984
"51550","Chesapeake (Independent City), VA",34843
"51650","Hampton (Independent City), VA",30522
"51700","Newport News (Independent City), VA",27690
"51710","Norfolk (Independent City), VA",32287
"51740","Portsmouth (Independent City), VA",28775
"51760","Richmond (Independent City), VA",38896
"51770","Roanoke (Independent City), VA",30166
"51800","Suffolk (Independent City), VA",31361
"51810","Virginia Beach (Independent City), VA",38330
"51901","Albemarle + Charlottesville, VA*",41841
"51903","Alleghany + Covington, VA*",26613
"51907","Augusta, Staunton + Waynesboro, VA*",29149
"51911","Campbell + Lynchburg, VA*",26909
"51913","Carroll + Galax, VA*",24048
"51918","Dinwiddie, Colonial Heights + Petersburg, VA*",29412
"51919","Fairfax, Fairfax City + Falls Church, VA*",58052
"51921","Frederick + Winchester, VA*",32859
"51923","Greensville + Emporia, VA*",21342
"51929","Henry + Martinsville, VA*",25713
"51931","James City + Williamsburg, VA*",41560
"51933","Montgomery + Radford, VA*",23477
"51939","Pittsylvania + Danville, VA*",25457
"51941","Prince George + Hopewell, VA*",25981
"51942","Prince William, Manassas + Manassas Park, VA*",38805
"51944","Roanoke + Salem, VA*",35807
"51945","Rockbridge, Buena Vista + Lexington, VA*",27198
"51947","Rockingham + Harrisonburg, VA*",26425
"51949","Southampton + Franklin, VA*",27197
"51951","Spotsylvania + Fredericksburg, VA*",33994
"51953","Washington + Bristol, VA*",28430
"51955","Wise + Norton, VA*",23648
"51958","York + Poquoson, VA*",38322
"53001","Adams, WA",24684
"53003","Asotin, WA",28293
"53005","Benton, WA",31993
"53007","Chelan, WA",29359
"53009","Clallam, WA",29164
"53011","Clark, WA",31779
"53013","Columbia, WA",28804
"53015","Cowlitz, WA",26167
"53017","Douglas, WA",25044
"53019","Ferry, WA",19913
"53021","Franklin, WA",23417
"53023","Garfield, WA",27685
"53025","Grant, WA",24520
"53027","Grays Harbor, WA",25773
"53029","Island, WA",34072
"53031","Jefferson, WA",34560
"53033","King, WA",51123
"53035","Kitsap, WA",36469
"53037","Kittitas, WA",25978
"53039","Klickitat, WA",24919
"53041","Lewis, WA",26504
"53043","Lincoln, WA",26884
"53045","Mason, WA",27469
"53047","Okanogan, WA",25473
"53049","Pacific, WA",25827
"53051","Pend Oreille, WA",23186
"53053","Pierce, WA",32928
"53055","San Juan, WA",47042
"53057","Skagit, WA",30985
"53059","Skamania, WA",27523
"53061","Snohomish, WA",33553
"53063","Spokane, WA",29016
"53065","Stevens, WA",23362
"53067","Thurston, WA",34760
"53069","Wahkiakum, WA",26467
"53071","Walla Walla, WA",26984
"53073","Whatcom, WA",29618
"53075","Whitman, WA",23424
"53077","Yakima, WA",25553
"54001","Barbour, WV",20158
"54003","Berkeley, WV",27356
"54005","Boone, WV",21096
"54007","Braxton, WV",19405
"54009","Brooke, WV",24765
"54011","Cabell, WV",27160
"54013","Calhoun, WV",18737
"54015","Clay, WV",17865
"54017","Doddridge, WV",16257
"54019","Fayette, WV",21461
"54021","Gilmer, WV",17904
"54023","Grant, WV",21139
"54025","Greenbrier, WV",25096
"54027","Hampshire, WV",22020
"54029","Hancock, WV",26134
"54031","Hardy, WV",23115
"54033","Harrison, WV",28838
"54035","Jackson, WV",21943
"54037","Jefferson, WV",32873
"54039","Kanawha, WV",31609
"54041","Lewis, WV",22195
"54043","Lincoln, WV",17673
"54045","Logan, WV",24202
"54047","McDowell, WV",17328
"54049","Marion, WV",25526
"54051","Marshall, WV",23758
"54053","Mason, WV",20442
"54055","Mercer, WV",25441
"54057","Mineral, WV",24127
"54059","Mingo, WV",21166
"54061","Monongalia, WV",27477
"54063","Monroe, WV",21409
"54065","Morgan, WV",26606
"54067","Nicholas, WV",22104
"54069","Ohio, WV",37786
"54071","Pendleton, WV",24613
"54073","Pleasants, WV",26053
"54075","Pocahontas, WV",23942
"54077","Preston, WV",24585
"54079","Putnam, WV",28993
"54081","Raleigh, WV",25606
"54083","Randolph, WV",24221
"54085","Ritchie, WV",21833
"54087","Roane, WV",18970
"54089","Summers, WV",19348
"54091","Taylor, WV",21402
"54093","Tucker, WV",22504
"54095","Tyler, WV",20231
"54097","Upshur, WV",21113
"54099","Wayne, WV",20123
"54101","Webster, WV",18781
"54103","Wetzel, WV",22757
"54105","Wirt, WV",18754
"54107","Wood, WV",27663
"54109","Wyoming, WV",19608
"55001","Adams, WI",24229
"55003","Ashland, WI",25297
"55005","Barron, WI",27484
"55007","Bayfield, WI",28383
"55009","Brown, WI",34413
"55011","Buffalo, WI",33067
"55013","Burnett, WI",25540
"55015","Calumet, WI",33131
"55017","Chippewa, WI",28361
"55019","Clark, WI",24948
"55021","Columbia, WI",32661
"55023","Crawford, WI",24894
"55025","Dane, WI",39802
"55027","Dodge, WI",28002
"55029","Door, WI",35548
"55031","Douglas, WI",25900
"55033","Dunn, WI",26045
"55035","Eau Claire, WI",29553
"55037","Florence, WI",29808
"55039","Fond du Lac, WI",31226
"55041","Forest, WI",23198
"55043","Grant, WI",26608
"55045","Green, WI",32625
"55047","Green Lake, WI",31025
"55049","Iowa, WI",31266
"55051","Iron, WI",28129
"55053","Jackson, WI",27450
"55055","Jefferson, WI",30907
"55057","Juneau, WI",25470
"55059","Kenosha, WI",31522
"55061","Kewaunee, WI",30048
"55063","La Crosse, WI",30484
"55065","Lafayette, WI",25842
"55067","Langlade, WI",26171
"55069","Lincoln, WI",28372
"55071","Manitowoc, WI",30960
"55073","Marathon, WI",32721
"55075","Marinette, WI",27775
"55077","Marquette, WI",25729
"55078","Menominee, WI*",19220
"55079","Milwaukee, WI",31854
"55081","Monroe, WI",26656
"55083","Oconto, WI",28261
"55085","Oneida, WI",30813
"55087","Outagamie, WI",33487
"55089","Ozaukee, WI",53450
"55091","Pepin, WI",29043
"55093","Pierce, WI",29866
"55095","Polk, WI",28933
"55097","Portage, WI",29409
"55099","Price, WI",29267
"55101","Racine, WI",33826
"55103","Richland, WI",25412
"55105","Rock, WI",29271
"55107","Rusk, WI",23418
"55109","St. Croix, WI",35029
"55111","Sauk, WI",32177
"55113","Sawyer, WI",28849
"55115","Shawano, WI*",26176
"55117","Sheboygan, WI",33871
"55119","Taylor, WI",26180
"55121","Trempealeau, WI",32539
"55123","Vernon, WI",25051
"55125","Vilas, WI",31657
"55127","Walworth, WI",30656
"55129","Washburn, WI",27938
"55131","Washington, WI",38231
"55133","Waukesha, WI",46678
"55135","Waupaca, WI",30833
"55137","Waushara, WI",25977
"55139","Winnebago, WI",32399
"55141","Wood, WI",33214
"55901","Shawano (includes Menominee), WI","(NA)"
"56001","Albany, WY",28200
"56003","Big Horn, WY",24262
"56005","Campbell, WY",33110
"56007","Carbon, WY",29178
"56009","Converse, WY",30790
"56011","Crook, WY",31604
"56013","Fremont, WY",27179
"56015","Goshen, WY",24517
"56017","Hot Springs, WY",29473
"56019","Johnson, WY",30394
"56021","Laramie, WY",34856
"56023","Lincoln, WY",28195
"56025","Natrona, WY",35071
"56027","Niobrara, WY",32031
"56029","Park, WY",32040
"56031","Platte, WY",29445
"56033","Sheridan, WY",42897
"56035","Sublette, WY",34947
"56037","Sweetwater, WY",33704
"56039","Teton, WY",102162
"56041","Uinta, WY",28631
"56043","Washakie, WY",34212
"56045","Weston, WY",27162
"Legend / Footnotes:"
"2/ Per capita personal income was computed using Census Bureau midyear population estimates. Estimates for 2010-2015 reflect county population estimates available as of March 2016."
"* Cibola, NM was separated from Valencia in June 1981, but in these estimates, Valencia includes Cibola through the end of 1981."
"* La Paz County, AZ was separated from Yuma County on January 1, 1983. The Yuma, AZ MSA contains the area that became La Paz County, AZ through 1982 and excludes it beginning with 1983."
"* Shawano, WI and Menominee, WI are combined as Shawano (incl. Menominee), WI for the years prior to 1989."
"* Broomfield County, CO, was created from parts of Adams, Boulder, Jefferson, and Weld counties effective November 15, 2001. Estimates for Broomfield county begin with 2002."
"* Estimates for 1979 forward reflect Alaska Census Areas as defined by the Census Bureau; those for prior years reflect Alaska Census Divisions as defined in the 1970 Decennial Census. Estimates from 1988 forward separate Aleutian Islands Census Area into Aleutians East Borough and Aleutians West Census Area. Estimates for 1991 forward separate Denali Borough from Yukon-Koyukuk Census Area and Lake and Peninsula Borough from Dillingham Census Area. Estimates from 1993 forward separate Skagway-Yakutat-Angoon Census Area into Skagway-Hoonah-Angoon Census Area and Yakutat Borough. Estimates from 2008 forward separate Skagway-Hoonah-Angoon Census Area into Skagway Municipality and Hoonah-Angoon Census Area. Estimates from 2009 forward separate Wrangell-Petersburg Census Area into Petersburg Census Area and Wrangell City and Borough. In addition, a part of the Prince of Wales-Outer Ketchikan Census Area was annexed by Ketchikan Gateway Borough and part (Meyers Chuck Area) was included in the new Wrangell City and Borough. The remainder of the Prince of Wales-Outer Ketchikan Census Area was renamed Prince of Wales-Hyder Census Area. Petersburg Borough was created from part of former Petersburg Census Area and part of Hoonah-Angoon Census Area for 2013 forward. Prince of Wales-Hyder Census Area added part of the former Petersburg Census Area beginning in 2013. For years 2009-2012, Petersburg Borough reflects the geographic boundaries of the former Petersburg Census Area. Wade Hampton Census Area was renamed Kusilvak Census Area on July 1, 2015."
"* Virginia combination areas consist of one or two independent cities with 1980 populations of less than 100,000 combined with an adjacent county. The county name appears first, followed by the city name(s). Separate estimates for the jurisdictions making up the combination area are not available. Bedford County, VA includes the independent city of Bedford for all years."
"* Shannon County, SD was renamed to Oglala Lakota County, SD on May 1, 2015."
"Note-- All dollar estimates are in current dollars (not adjusted for inflation)."
"(NA) Data not available for this year."
"Last updated: November 17, 2016-- new estimates for 2015; revised estimates for 1998-2014."
