"CA1 Personal Income Summary: Personal Income, Population, Per Capita Personal Income"
"Per capita personal income (dollars) 2/" 
"Bureau of Economic Analysis" 
"County"
"GeoFips","GeoName","2001"
"01001","Autauga, AL",24344
"01003","Baldwin, AL",27129
"01005","Barbour, AL",19988
"01007","Bibb, AL",17670
"01009","Blount, AL",21402
"01011","Bullock, AL",17311
"01013","Butler, AL",20781
"01015","Calhoun, AL",23222
"01017","Chambers, AL",21312
"01019","Cherokee, AL",19829
"01021","Chilton, AL",20889
"01023","Choctaw, AL",19893
"01025","Clarke, AL",20106
"01027","Clay, AL",20134
"01029","Cleburne, AL",20828
"01031","Coffee, AL",25846
"01033","Colbert, AL",21631
"01035","Conecuh, AL",19998
"01037","Coosa, AL",19353
"01039","Covington, AL",21790
"01041","Crenshaw, AL",22444
"01043","Cullman, AL",23507
"01045","Dale, AL",22011
"01047","Dallas, AL",20352
"01049","DeKalb, AL",21088
"01051","Elmore, AL",24100
"01053","Escambia, AL",19379
"01055","Etowah, AL",22519
"01057","Fayette, AL",19756
"01059","Franklin, AL",21227
"01061","Geneva, AL",22373
"01063","Greene, AL",18724
"01065","Hale, AL",17203
"01067","Henry, AL",21463
"01069","Houston, AL",26858
"01071","Jackson, AL",22040
"01073","Jefferson, AL",31065
"01075","Lamar, AL",20149
"01077","Lauderdale, AL",23520
"01079","Lawrence, AL",20879
"01081","Lee, AL",21363
"01083","Limestone, AL",22924
"01085","Lowndes, AL",18756
"01087","Macon, AL",17301
"01089","Madison, AL",29892
"01091","Marengo, AL",22212
"01093","Marion, AL",19023
"01095","Marshall, AL",24268
"01097","Mobile, AL",23015
"01099","Monroe, AL",20305
"01101","Montgomery, AL",28282
"01103","Morgan, AL",25517
"01105","Perry, AL",18104
"01107","Pickens, AL",20276
"01109","Pike, AL",22179
"01111","Randolph, AL",19355
"01113","Russell, AL",21423
"01115","St. Clair, AL",22955
"01117","Shelby, AL",35267
"01119","Sumter, AL",17560
"01121","Talladega, AL",20371
"01123","Tallapoosa, AL",22392
"01125","Tuscaloosa, AL",25150
"01127","Walker, AL",22914
"01129","Washington, AL",18815
"01131","Wilcox, AL",17235
"01133","Winston, AL",21141
"02010","Aleutian Islands Census Area, AK*","(NA)"
"02013","Aleutians East Borough, AK*",32933
"02016","Aleutians West Census Area, AK*",20967
"02020","Anchorage Municipality, AK",37596
"02050","Bethel Census Area, AK*",23953
"02060","Bristol Bay Borough, AK",33347
"02068","Denali Borough, AK*",39734
"02070","Dillingham Census Area, AK*",26396
"02090","Fairbanks North Star Borough, AK",29399
"02100","Haines Borough, AK",30941
"02105","Hoonah-Angoon Census Area, AK*","(NA)"
"02110","Juneau City and Borough, AK",38737
"02122","Kenai Peninsula Borough, AK",29967
"02130","Ketchikan Gateway Borough, AK*",38672
"02150","Kodiak Island Borough, AK",30652
"02158","Kusilvak Census Area, AK*",16931
"02164","Lake and Peninsula Borough, AK*",28057
"02170","Matanuska-Susitna Borough, AK",29305
"02180","Nome Census Area, AK*",23936
"02185","North Slope Borough, AK",33241
"02188","Northwest Arctic Borough, AK",25751
"02195","Petersburg Borough, AK*","(NA)"
"02198","Prince of Wales-Hyder Census Area, AK*","(NA)"
"02201","Prince of Wales-Outer Ketchikan Census Area, AK*",21148
"02220","Sitka City and Borough, AK",33120
"02230","Skagway Municipality, AK*","(NA)"
"02231","Skagway-Yakutat-Angoon Census Area, AK*","(NA)"
"02232","Skagway-Hoonah-Angoon Census Area, AK*",31484
"02240","Southeast Fairbanks Census Area, AK*",24390
"02261","Valdez-Cordova Census Area, AK*",32216
"02275","Wrangell City and Borough, AK*","(NA)"
"02280","Wrangell-Petersburg Census Area, AK*",35879
"02282","Yakutat City and Borough, AK*",29093
"02290","Yukon-Koyukuk Census Area, AK*",21342
"02901","Aleutian Islands Division, AK*","(NA)"
"02903","Angoon Division, AK*","(NA)"
"02904","Barrow-North Slope Division, AK*","(NA)"
"02905","Bethel Division, AK*","(NA)"
"02907","Bristol Bay Division, AK*","(NA)"
"02908","Cordova-McCarthy Division, AK*","(NA)"
"02910","Haines Division, AK*","(NA)"
"02912","Kenai-Cook Inlet Division, AK*","(NA)"
"02916","Kuskokwim Division, AK*","(NA)"
"02919","Outer Ketchikan Division, AK*","(NA)"
"02920","Prince of Wales Division, AK*","(NA)"
"02921","Seward Division, AK*","(NA)"
"02922","Sitka Division, AK*","(NA)"
"02923","Skagway-Yakutat Division, AK*","(NA)"
"02924","Southeast Fairbanks Division, AK*","(NA)"
"02925","Upper Yukon Division, AK*","(NA)"
"02926","Valdez-Chitina-Whittier Division, AK*","(NA)"
"02928","Wrangell-Petersburg Division, AK*","(NA)"
"02929","Yukon-Koyukuk Division, AK*","(NA)"
"04001","Apache, AZ",16265
"04003","Cochise, AZ",22354
"04005","Coconino, AZ",24775
"04007","Gila, AZ",20218
"04009","Graham, AZ",15364
"04011","Greenlee, AZ",20844
"04012","La Paz, AZ*",17959
"04013","Maricopa, AZ",29480
"04015","Mohave, AZ",20136
"04017","Navajo, AZ",16703
"04019","Pima, AZ",26465
"04021","Pinal, AZ",18680
"04023","Santa Cruz, AZ",19412
"04025","Yavapai, AZ",22236
"04027","Yuma, AZ*",18678
"05001","Arkansas, AR",23777
"05003","Ashley, AR",21699
"05005","Baxter, AR",22881
"05007","Benton, AR",33167
"05009","Boone, AR",21107
"05011","Bradley, AR",20127
"05013","Calhoun, AR",20228
"05015","Carroll, AR",19262
"05017","Chicot, AR",18877
"05019","Clark, AR",20013
"05021","Clay, AR",19801
"05023","Cleburne, AR",22613
"05025","Cleveland, AR",23268
"05027","Columbia, AR",21690
"05029","Conway, AR",22430
"05031","Craighead, AR",22506
"05033","Crawford, AR",19242
"05035","Crittenden, AR",21463
"05037","Cross, AR",19853
"05039","Dallas, AR",19737
"05041","Desha, AR",19746
"05043","Drew, AR",20520
"05045","Faulkner, AR",23299
"05047","Franklin, AR",20843
"05049","Fulton, AR",17083
"05051","Garland, AR",24251
"05053","Grant, AR",23710
"05055","Greene, AR",20019
"05057","Hempstead, AR",21162
"05059","Hot Spring, AR",19396
"05061","Howard, AR",21721
"05063","Independence, AR",22123
"05065","Izard, AR",19272
"05067","Jackson, AR",22076
"05069","Jefferson, AR",20944
"05071","Johnson, AR",19351
"05073","Lafayette, AR",20948
"05075","Lawrence, AR",19247
"05077","Lee, AR",17291
"05079","Lincoln, AR",16628
"05081","Little River, AR",20577
"05083","Logan, AR",20012
"05085","Lonoke, AR",24396
"05087","Madison, AR",20387
"05089","Marion, AR",17492
"05091","Miller, AR",21997
"05093","Mississippi, AR",30097
"05095","Monroe, AR",19964
"05097","Montgomery, AR",18778
"05099","Nevada, AR",20198
"05101","Newton, AR",16792
"05103","Ouachita, AR",19857
"05105","Perry, AR",22273
"05107","Phillips, AR",19103
"05109","Pike, AR",19898
"05111","Poinsett, AR",20553
"05113","Polk, AR",18557
"05115","Pope, AR",21825
"05117","Prairie, AR",20458
"05119","Pulaski, AR",32001
"05121","Randolph, AR",18681
"05123","St. Francis, AR",17167
"05125","Saline, AR",24403
"05127","Scott, AR",19942
"05129","Searcy, AR",16466
"05131","Sebastian, AR",25315
"05133","Sevier, AR",21475
"05135","Sharp, AR",17766
"05137","Stone, AR",17807
"05139","Union, AR",26800
"05141","Van Buren, AR",19288
"05143","Washington, AR",22826
"05145","White, AR",19765
"05147","Woodruff, AR",19789
"05149","Yell, AR",21366
"06001","Alameda, CA",39268
"06003","Alpine, CA",33148
"06005","Amador, CA",26659
"06007","Butte, CA",24697
"06009","Calaveras, CA",27933
"06011","Colusa, CA",25045
"06013","Contra Costa, CA",44706
"06015","Del Norte, CA",18926
"06017","El Dorado, CA",37680
"06019","Fresno, CA",23403
"06021","Glenn, CA",21755
"06023","Humboldt, CA",25648
"06025","Imperial, CA",20540
"06027","Inyo, CA",30159
"06029","Kern, CA",22310
"06031","Kings, CA",18676
"06033","Lake, CA",25464
"06035","Lassen, CA",19034
"06037","Los Angeles, CA",30729
"06039","Madera, CA",19967
"06041","Marin, CA",73861
"06043","Mariposa, CA",24160
"06045","Mendocino, CA",27914
"06047","Merced, CA",20812
"06049","Modoc, CA",22821
"06051","Mono, CA",30105
"06053","Monterey, CA",31554
"06055","Napa, CA",41159
"06057","Nevada, CA",33401
"06059","Orange, CA",38548
"06061","Placer, CA",39817
"06063","Plumas, CA",28824
"06065","Riverside, CA",25227
"06067","Sacramento, CA",31192
"06069","San Benito, CA",29060
"06071","San Bernardino, CA",23454
"06073","San Diego, CA",34158
"06075","San Francisco, CA",56333
"06077","San Joaquin, CA",25917
"06079","San Luis Obispo, CA",30244
"06081","San Mateo, CA",57474
"06083","Santa Barbara, CA",33788
"06085","Santa Clara, CA",50454
"06087","Santa Cruz, CA",39523
"06089","Shasta, CA",27412
"06091","Sierra, CA",26430
"06093","Siskiyou, CA",24622
"06095","Solano, CA",30527
"06097","Sonoma, CA",38241
"06099","Stanislaus, CA",24763
"06101","Sutter, CA",25439
"06103","Tehama, CA",20820
"06105","Trinity, CA",22861
"06107","Tulare, CA",21475
"06109","Tuolumne, CA",25785
"06111","Ventura, CA",35260
"06113","Yolo, CA",28930
"06115","Yuba, CA",21565
"08001","Adams, CO*",27555
"08003","Alamosa, CO",22830
"08005","Arapahoe, CO",40488
"08007","Archuleta, CO",24524
"08009","Baca, CO",26174
"08011","Bent, CO",20649
"08013","Boulder, CO*",41427
"08014","Broomfield, CO*","(NA)"
"08015","Chaffee, CO",23529
"08017","Cheyenne, CO",33860
"08019","Clear Creek, CO",37280
"08021","Conejos, CO",17823
"08023","Costilla, CO",20946
"08025","Crowley, CO",17529
"08027","Custer, CO",25796
"08029","Delta, CO",22238
"08031","Denver, CO",41550
"08033","Dolores, CO",21320
"08035","Douglas, CO",44828
"08037","Eagle, CO",43576
"08039","Elbert, CO",33555
"08041","El Paso, CO",31151
"08043","Fremont, CO",20394
"08045","Garfield, CO",31625
"08047","Gilpin, CO",44040
"08049","Grand, CO",28198
"08051","Gunnison, CO",26815
"08053","Hinsdale, CO",24125
"08055","Huerfano, CO",19799
"08057","Jackson, CO",22044
"08059","Jefferson, CO*",41286
"08061","Kiowa, CO",35146
"08063","Kit Carson, CO",26602
"08065","Lake, CO",21997
"08067","La Plata, CO",29046
"08069","Larimer, CO",31923
"08071","Las Animas, CO",22356
"08073","Lincoln, CO",19374
"08075","Logan, CO",26195
"08077","Mesa, CO",27302
"08079","Mineral, CO",30903
"08081","Moffat, CO",24761
"08083","Montezuma, CO",23563
"08085","Montrose, CO",23968
"08087","Morgan, CO",23992
"08089","Otero, CO",23843
"08091","Ouray, CO",34324
"08093","Park, CO",31895
"08095","Phillips, CO",28186
"08097","Pitkin, CO",80880
"08099","Prowers, CO",23890
"08101","Pueblo, CO",24195
"08103","Rio Blanco, CO",24312
"08105","Rio Grande, CO",23529
"08107","Routt, CO",45422
"08109","Saguache, CO",18161
"08111","San Juan, CO",34470
"08113","San Miguel, CO",46323
"08115","Sedgwick, CO",28393
"08117","Summit, CO",36678
"08119","Teller, CO",30666
"08121","Washington, CO",24397
"08123","Weld, CO*",25767
"08125","Yuma, CO",32294
"09001","Fairfield, CT",66371
"09003","Hartford, CT",39148
"09005","Litchfield, CT",42067
"09007","Middlesex, CT",41181
"09009","New Haven, CT",37103
"09011","New London, CT",35251
"09013","Tolland, CT",36397
"09015","Windham, CT",30612
"10001","Kent, DE",26631
"10003","New Castle, DE",42861
"10005","Sussex, DE",28937
"11001","District of Columbia, DC",44752
"12001","Alachua, FL",26093
"12003","Baker, FL",20903
"12005","Bay, FL",26869
"12007","Bradford, FL",20114
"12009","Brevard, FL",28551
"12011","Broward, FL",32623
"12013","Calhoun, FL",18123
"12015","Charlotte, FL",26597
"12017","Citrus, FL",23525
"12019","Clay, FL",28577
"12021","Collier, FL",47048
"12023","Columbia, FL",21365
"12027","DeSoto, FL",17758
"12029","Dixie, FL",16766
"12031","Duval, FL",30000
"12033","Escambia, FL",25692
"12035","Flagler, FL",26800
"12037","Franklin, FL",23957
"12039","Gadsden, FL",21144
"12041","Gilchrist, FL",22818
"12043","Glades, FL",18600
"12045","Gulf, FL",18960
"12047","Hamilton, FL",14129
"12049","Hardee, FL",19283
"12051","Hendry, FL",21345
"12053","Hernando, FL",24299
"12055","Highlands, FL",21793
"12057","Hillsborough, FL",29678
"12059","Holmes, FL",19320
"12061","Indian River, FL",42352
"12063","Jackson, FL",20127
"12065","Jefferson, FL",26087
"12067","Lafayette, FL",16399
"12069","Lake, FL",26936
"12071","Lee, FL",31973
"12073","Leon, FL",29055
"12075","Levy, FL",21080
"12077","Liberty, FL",19504
"12079","Madison, FL",18510
"12081","Manatee, FL",32248
"12083","Marion, FL",24593
"12085","Martin, FL",46459
"12086","Miami-Dade, FL",29830
"12087","Monroe, FL",41536
"12089","Nassau, FL",33185
"12091","Okaloosa, FL",30965
"12093","Okeechobee, FL",19056
"12095","Orange, FL",26962
"12097","Osceola, FL",21245
"12099","Palm Beach, FL",46395
"12101","Pasco, FL",24327
"12103","Pinellas, FL",32830
"12105","Polk, FL",25633
"12107","Putnam, FL",20580
"12109","St. Johns, FL",40078
"12111","St. Lucie, FL",23696
"12113","Santa Rosa, FL",26994
"12115","Sarasota, FL",40176
"12117","Seminole, FL",32376
"12119","Sumter, FL",17142
"12121","Suwannee, FL",20722
"12123","Taylor, FL",22916
"12125","Union, FL",14860
"12127","Volusia, FL",25895
"12129","Wakulla, FL",24298
"12131","Walton, FL",22163
"12133","Washington, FL",18865
"13001","Appling, GA",19667
"13003","Atkinson, GA",18412
"13005","Bacon, GA",20526
"13007","Baker, GA",22803
"13009","Baldwin, GA",21919
"13011","Banks, GA",23824
"13013","Barrow, GA",24483
"13015","Bartow, GA",26580
"13017","Ben Hill, GA",21413
"13019","Berrien, GA",21901
"13021","Bibb, GA",27996
"13023","Bleckley, GA",23167
"13025","Brantley, GA",19029
"13027","Brooks, GA",21547
"13029","Bryan, GA",27160
"13031","Bulloch, GA",20203
"13033","Burke, GA",18121
"13035","Butts, GA",23314
"13037","Calhoun, GA",18670
"13039","Camden, GA",22357
"13043","Candler, GA",20789
"13045","Carroll, GA",22951
"13047","Catoosa, GA",23380
"13049","Charlton, GA",15534
"13051","Chatham, GA",28591
"13053","Chattahoochee, GA",18975
"13055","Chattooga, GA",18659
"13057","Cherokee, GA",31282
"13059","Clarke, GA",21941
"13061","Clay, GA",23646
"13063","Clayton, GA",21988
"13065","Clinch, GA",16971
"13067","Cobb, GA",38098
"13069","Coffee, GA",20935
"13071","Colquitt, GA",20362
"13073","Columbia, GA",30809
"13075","Cook, GA",19247
"13077","Coweta, GA",27554
"13079","Crawford, GA",20545
"13081","Crisp, GA",20388
"13083","Dade, GA",21715
"13085","Dawson, GA",27723
"13087","Decatur, GA",21935
"13089","DeKalb, GA",32886
"13091","Dodge, GA",19083
"13093","Dooly, GA",19722
"13095","Dougherty, GA",22572
"13097","Douglas, GA",26597
"13099","Early, GA",23033
"13101","Echols, GA",17702
"13103","Effingham, GA",23574
"13105","Elbert, GA",21491
"13107","Emanuel, GA",19963
"13109","Evans, GA",21765
"13111","Fannin, GA",21580
"13113","Fayette, GA",37471
"13115","Floyd, GA",25089
"13117","Forsyth, GA",37509
"13119","Franklin, GA",23540
"13121","Fulton, GA",51710
"13123","Gilmer, GA",21485
"13125","Glascock, GA",21042
"13127","Glynn, GA",30096
"13129","Gordon, GA",22895
"13131","Grady, GA",21095
"13133","Greene, GA",23894
"13135","Gwinnett, GA",31769
"13137","Habersham, GA",23692
"13139","Hall, GA",25142
"13141","Hancock, GA",14170
"13143","Haralson, GA",22053
"13145","Harris, GA",30719
"13147","Hart, GA",22323
"13149","Heard, GA",19627
"13151","Henry, GA",28663
"13153","Houston, GA",26818
"13155","Irwin, GA",20846
"13157","Jackson, GA",25415
"13159","Jasper, GA",24248
"13161","Jeff Davis, GA",20736
"13163","Jefferson, GA",19540
"13165","Jenkins, GA",18462
"13167","Johnson, GA",18430
"13169","Jones, GA",23967
"13171","Lamar, GA",22674
"13173","Lanier, GA",19737
"13175","Laurens, GA",22551
"13177","Lee, GA",25272
"13179","Liberty, GA",19060
"13181","Lincoln, GA",20684
"13183","Long, GA",16935
"13185","Lowndes, GA",23190
"13187","Lumpkin, GA",22225
"13189","McDuffie, GA",23933
"13191","McIntosh, GA",17774
"13193","Macon, GA",19085
"13195","Madison, GA",24695
"13197","Marion, GA",20703
"13199","Meriwether, GA",20026
"13201","Miller, GA",22948
"13205","Mitchell, GA",21442
"13207","Monroe, GA",25929
"13209","Montgomery, GA",19097
"13211","Morgan, GA",28017
"13213","Murray, GA",20612
"13215","Muscogee, GA",27822
"13217","Newton, GA",24144
"13219","Oconee, GA",32727
"13221","Oglethorpe, GA",24140
"13223","Paulding, GA",23910
"13225","Peach, GA",23037
"13227","Pickens, GA",28107
"13229","Pierce, GA",21508
"13231","Pike, GA",24592
"13233","Polk, GA",20172
"13235","Pulaski, GA",24087
"13237","Putnam, GA",25261
"13239","Quitman, GA",22039
"13241","Rabun, GA",24196
"13243","Randolph, GA",19206
"13245","Richmond, GA",23453
"13247","Rockdale, GA",28785
"13249","Schley, GA",21002
"13251","Screven, GA",18828
"13253","Seminole, GA",24105
"13255","Spalding, GA",23041
"13257","Stephens, GA",23323
"13259","Stewart, GA",20252
"13261","Sumter, GA",21334
"13263","Talbot, GA",19812
"13265","Taliaferro, GA",18237
"13267","Tattnall, GA",19203
"13269","Taylor, GA",20492
"13271","Telfair, GA",18335
"13273","Terrell, GA",21028
"13275","Thomas, GA",25520
"13277","Tift, GA",22903
"13279","Toombs, GA",21279
"13281","Towns, GA",23929
"13283","Treutlen, GA",16532
"13285","Troup, GA",24981
"13287","Turner, GA",19554
"13289","Twiggs, GA",19406
"13291","Union, GA",22599
"13293","Upson, GA",20659
"13295","Walker, GA",21776
"13297","Walton, GA",25626
"13299","Ware, GA",20631
"13301","Warren, GA",19369
"13303","Washington, GA",21019
"13305","Wayne, GA",20592
"13307","Webster, GA",22870
"13309","Wheeler, GA",15241
"13311","White, GA",22898
"13313","Whitfield, GA",41060
"13315","Wilcox, GA",19980
"13317","Wilkes, GA",21335
"13319","Wilkinson, GA",20758
"13321","Worth, GA",21638
"15001","Hawaii, HI",23092
"15003","Honolulu, HI",32467
"15007","Kauai, HI",25919
"15901","Maui + Kalawao, HI",26580
"16001","Ada, ID",33609
"16003","Adams, ID",21619
"16005","Bannock, ID",22448
"16007","Bear Lake, ID",19039
"16009","Benewah, ID",22024
"16011","Bingham, ID",19628
"16013","Blaine, ID",48632
"16015","Boise, ID",24282
"16017","Bonner, ID",22300
"16019","Bonneville, ID",27685
"16021","Boundary, ID",18548
"16023","Butte, ID",23740
"16025","Camas, ID",27362
"16027","Canyon, ID",20773
"16029","Caribou, ID",21805
"16031","Cassia, ID",25249
"16033","Clark, ID",29494
"16035","Clearwater, ID",21666
"16037","Custer, ID",23603
"16039","Elmore, ID",23801
"16041","Franklin, ID",20114
"16043","Fremont (includes Yellowstone Park), ID",18964
"16045","Gem, ID",20917
"16047","Gooding, ID",28126
"16049","Idaho, ID",20671
"16051","Jefferson, ID",19852
"16053","Jerome, ID",24345
"16055","Kootenai, ID",25267
"16057","Latah, ID",24066
"16059","Lemhi, ID",21057
"16061","Lewis, ID",26195
"16063","Lincoln, ID",22193
"16065","Madison, ID",14677
"16067","Minidoka, ID",19722
"16069","Nez Perce, ID",27062
"16071","Oneida, ID",18125
"16073","Owyhee, ID",21507
"16075","Payette, ID",21600
"16077","Power, ID",21213
"16079","Shoshone, ID",20312
"16081","Teton, ID",22406
"16083","Twin Falls, ID",24147
"16085","Valley, ID",28765
"16087","Washington, ID",20819
"17001","Adams, IL",26390
"17003","Alexander, IL",17462
"17005","Bond, IL",25189
"17007","Boone, IL",28292
"17009","Brown, IL",18137
"17011","Bureau, IL",27904
"17013","Calhoun, IL",23677
"17015","Carroll, IL",26501
"17017","Cass, IL",25073
"17019","Champaign, IL",28185
"17021","Christian, IL",25723
"17023","Clark, IL",24189
"17025","Clay, IL",22692
"17027","Clinton, IL",28171
"17029","Coles, IL",24946
"17031","Cook, IL",36352
"17033","Crawford, IL",24069
"17035","Cumberland, IL",24847
"17037","DeKalb, IL",26707
"17039","De Witt, IL",27348
"17041","Douglas, IL",27320
"17043","DuPage, IL",46261
"17045","Edgar, IL",25011
"17047","Edwards, IL",22795
"17049","Effingham, IL",26896
"17051","Fayette, IL",19797
"17053","Ford, IL",30321
"17055","Franklin, IL",22261
"17057","Fulton, IL",23508
"17059","Gallatin, IL",21726
"17061","Greene, IL",21980
"17063","Grundy, IL",33502
"17065","Hamilton, IL",21120
"17067","Hancock, IL",24770
"17069","Hardin, IL",19521
"17071","Henderson, IL",23932
"17073","Henry, IL",27149
"17075","Iroquois, IL",25708
"17077","Jackson, IL",23891
"17079","Jasper, IL",23120
"17081","Jefferson, IL",24657
"17083","Jersey, IL",27201
"17085","Jo Daviess, IL",28935
"17087","Johnson, IL",18189
"17089","Kane, IL",32257
"17091","Kankakee, IL",26049
"17093","Kendall, IL",32442
"17095","Knox, IL",25410
"17097","Lake, IL",48312
"17099","LaSalle, IL",26447
"17101","Lawrence, IL",25495
"17103","Lee, IL",24410
"17105","Livingston, IL",28212
"17107","Logan, IL",23994
"17109","McDonough, IL",23096
"17111","McHenry, IL",35591
"17113","McLean, IL",31986
"17115","Macon, IL",30222
"17117","Macoupin, IL",25124
"17119","Madison, IL",27895
"17121","Marion, IL",24917
"17123","Marshall, IL",27371
"17125","Mason, IL",25858
"17127","Massac, IL",22751
"17129","Menard, IL",30122
"17131","Mercer, IL",25989
"17133","Monroe, IL",31824
"17135","Montgomery, IL",23399
"17137","Morgan, IL",25027
"17139","Moultrie, IL",30362
"17141","Ogle, IL",26978
"17143","Peoria, IL",29155
"17145","Perry, IL",20223
"17147","Piatt, IL",31519
"17149","Pike, IL",22413
"17151","Pope, IL",19009
"17153","Pulaski, IL",19504
"17155","Putnam, IL",27512
"17157","Randolph, IL",21292
"17159","Richland, IL",23337
"17161","Rock Island, IL",28091
"17163","St. Clair, IL",26801
"17165","Saline, IL",23323
"17167","Sangamon, IL",31693
"17169","Schuyler, IL",24532
"17171","Scott, IL",22303
"17173","Shelby, IL",23092
"17175","Stark, IL",27844
"17177","Stephenson, IL",28069
"17179","Tazewell, IL",29230
"17181","Union, IL",22509
"17183","Vermilion, IL",23457
"17185","Wabash, IL",23489
"17187","Warren, IL",23334
"17189","Washington, IL",29762
"17191","Wayne, IL",22416
"17193","White, IL",24582
"17195","Whiteside, IL",25235
"17197","Will, IL",32128
"17199","Williamson, IL",24805
"17201","Winnebago, IL",27584
"17203","Woodford, IL",28110
"18001","Adams, IN",25129
"18003","Allen, IN",29684
"18005","Bartholomew, IN",30004
"18007","Benton, IN",28043
"18009","Blackford, IN",23925
"18011","Boone, IN",39662
"18013","Brown, IN",29579
"18015","Carroll, IN",27626
"18017","Cass, IN",25178
"18019","Clark, IN",28023
"18021","Clay, IN",22353
"18023","Clinton, IN",23679
"18025","Crawford, IN",20949
"18027","Daviess, IN",24425
"18029","Dearborn, IN",32362
"18031","Decatur, IN",27000
"18033","DeKalb, IN",26097
"18035","Delaware, IN",25184
"18037","Dubois, IN",32340
"18039","Elkhart, IN",27047
"18041","Fayette, IN",26165
"18043","Floyd, IN",31379
"18045","Fountain, IN",24599
"18047","Franklin, IN",28420
"18049","Fulton, IN",24113
"18051","Gibson, IN",25736
"18053","Grant, IN",24186
"18055","Greene, IN",23291
"18057","Hamilton, IN",47849
"18059","Hancock, IN",34157
"18061","Harrison, IN",27291
"18063","Hendricks, IN",31563
"18065","Henry, IN",25607
"18067","Howard, IN",27738
"18069","Huntington, IN",26493
"18071","Jackson, IN",24921
"18073","Jasper, IN",26587
"18075","Jay, IN",22721
"18077","Jefferson, IN",23357
"18079","Jennings, IN",22602
"18081","Johnson, IN",31332
"18083","Knox, IN",25758
"18085","Kosciusko, IN",27676
"18087","Lagrange, IN",20945
"18089","Lake, IN",27274
"18091","LaPorte, IN",25422
"18093","Lawrence, IN",24572
"18095","Madison, IN",25849
"18097","Marion, IN",32802
"18099","Marshall, IN",24926
"18101","Martin, IN",25208
"18103","Miami, IN",22714
"18105","Monroe, IN",24806
"18107","Montgomery, IN",26380
"18109","Morgan, IN",28581
"18111","Newton, IN",23841
"18113","Noble, IN",23600
"18115","Ohio, IN",45379
"18117","Orange, IN",22341
"18119","Owen, IN",23176
"18121","Parke, IN",22548
"18123","Perry, IN",23949
"18125","Pike, IN",22758
"18127","Porter, IN",32493
"18129","Posey, IN",32325
"18131","Pulaski, IN",24117
"18133","Putnam, IN",23506
"18135","Randolph, IN",24157
"18137","Ripley, IN",25150
"18139","Rush, IN",27137
"18141","St. Joseph, IN",28488
"18143","Scott, IN",22518
"18145","Shelby, IN",28132
"18147","Spencer, IN",25147
"18149","Starke, IN",20433
"18151","Steuben, IN",25430
"18153","Sullivan, IN",21431
"18155","Switzerland, IN",22244
"18157","Tippecanoe, IN",25111
"18159","Tipton, IN",29278
"18161","Union, IN",23699
"18163","Vanderburgh, IN",29787
"18165","Vermillion, IN",25223
"18167","Vigo, IN",24865
"18169","Wabash, IN",25611
"18171","Warren, IN",24750
"18173","Warrick, IN",31433
"18175","Washington, IN",23333
"18177","Wayne, IN",25309
"18179","Wells, IN",26376
"18181","White, IN",24593
"18183","Whitley, IN",27537
"19001","Adair, IA",26637
"19003","Adams, IA",26428
"19005","Allamakee, IA",23788
"19007","Appanoose, IA",21462
"19009","Audubon, IA",25883
"19011","Benton, IA",27647
"19013","Black Hawk, IA",25670
"19015","Boone, IA",28425
"19017","Bremer, IA",27291
"19019","Buchanan, IA",25186
"19021","Buena Vista, IA",26127
"19023","Butler, IA",25802
"19025","Calhoun, IA",24603
"19027","Carroll, IA",28389
"19029","Cass, IA",25718
"19031","Cedar, IA",29072
"19033","Cerro Gordo, IA",28041
"19035","Cherokee, IA",27798
"19037","Chickasaw, IA",24214
"19039","Clarke, IA",21427
"19041","Clay, IA",27508
"19043","Clayton, IA",24990
"19045","Clinton, IA",25487
"19047","Crawford, IA",23899
"19049","Dallas, IA",32285
"19051","Davis, IA",19100
"19053","Decatur, IA",18275
"19055","Delaware, IA",24695
"19057","Des Moines, IA",27959
"19059","Dickinson, IA",32333
"19061","Dubuque, IA",27184
"19063","Emmet, IA",24939
"19065","Fayette, IA",22570
"19067","Floyd, IA",24289
"19069","Franklin, IA",27101
"19071","Fremont, IA",28268
"19073","Greene, IA",25369
"19075","Grundy, IA",28825
"19077","Guthrie, IA",27290
"19079","Hamilton, IA",27189
"19081","Hancock, IA",26297
"19083","Hardin, IA",27685
"19085","Harrison, IA",26436
"19087","Henry, IA",24636
"19089","Howard, IA",24353
"19091","Humboldt, IA",26970
"19093","Ida, IA",27891
"19095","Iowa, IA",30462
"19097","Jackson, IA",23647
"19099","Jasper, IA",28282
"19101","Jefferson, IA",27309
"19103","Johnson, IA",31269
"19105","Jones, IA",23632
"19107","Keokuk, IA",24808
"19109","Kossuth, IA",25716
"19111","Lee, IA",24635
"19113","Linn, IA",31978
"19115","Louisa, IA",25294
"19117","Lucas, IA",22009
"19119","Lyon, IA",26077
"19121","Madison, IA",26671
"19123","Mahaska, IA",25250
"19125","Marion, IA",26274
"19127","Marshall, IA",27375
"19129","Mills, IA",32202
"19131","Mitchell, IA",26027
"19133","Monona, IA",25986
"19135","Monroe, IA",25515
"19137","Montgomery, IA",26891
"19139","Muscatine, IA",27897
"19141","O'Brien, IA",27169
"19143","Osceola, IA",26127
"19145","Page, IA",23738
"19147","Palo Alto, IA",25149
"19149","Plymouth, IA",28143
"19151","Pocahontas, IA",25457
"19153","Polk, IA",34383
"19155","Pottawattamie, IA",27579
"19157","Poweshiek, IA",28326
"19159","Ringgold, IA",20528
"19161","Sac, IA",27082
"19163","Scott, IA",30657
"19165","Shelby, IA",27450
"19167","Sioux, IA",26259
"19169","Story, IA",27092
"19171","Tama, IA",24115
"19173","Taylor, IA",21712
"19175","Union, IA",23285
"19177","Van Buren, IA",20821
"19179","Wapello, IA",23219
"19181","Warren, IA",27807
"19183","Washington, IA",29094
"19185","Wayne, IA",21221
"19187","Webster, IA",26004
"19189","Winnebago, IA",24330
"19191","Winneshiek, IA",25804
"19193","Woodbury, IA",27055
"19195","Worth, IA",22753
"19197","Wright, IA",31319
"20001","Allen, KS",24508
"20003","Anderson, KS",23030
"20005","Atchison, KS",21701
"20007","Barber, KS",24614
"20009","Barton, KS",25682
"20011","Bourbon, KS",24329
"20013","Brown, KS",26132
"20015","Butler, KS",27867
"20017","Chase, KS",26310
"20019","Chautauqua, KS",23079
"20021","Cherokee, KS",20653
"20023","Cheyenne, KS",25499
"20025","Clark, KS",26807
"20027","Clay, KS",24457
"20029","Cloud, KS",23499
"20031","Coffey, KS",27692
"20033","Comanche, KS",26058
"20035","Cowley, KS",24775
"20037","Crawford, KS",23448
"20039","Decatur, KS",29014
"20041","Dickinson, KS",25186
"20043","Doniphan, KS",21104
"20045","Douglas, KS",26713
"20047","Edwards, KS",29802
"20049","Elk, KS",22545
"20051","Ellis, KS",26406
"20053","Ellsworth, KS",23811
"20055","Finney, KS",20737
"20057","Ford, KS",23007
"20059","Franklin, KS",24740
"20061","Geary, KS",27220
"20063","Gove, KS",41661
"20065","Graham, KS",28647
"20067","Grant, KS",24659
"20069","Gray, KS",28959
"20071","Greeley, KS",34497
"20073","Greenwood, KS",22646
"20075","Hamilton, KS",33194
"20077","Harper, KS",24721
"20079","Harvey, KS",25540
"20081","Haskell, KS",31778
"20083","Hodgeman, KS",24211
"20085","Jackson, KS",25899
"20087","Jefferson, KS",25047
"20089","Jewell, KS",25701
"20091","Johnson, KS",42531
"20093","Kearny, KS",23651
"20095","Kingman, KS",23759
"20097","Kiowa, KS",27194
"20099","Labette, KS",23481
"20101","Lane, KS",27444
"20103","Leavenworth, KS",25739
"20105","Lincoln, KS",22620
"20107","Linn, KS",23177
"20109","Logan, KS",26689
"20111","Lyon, KS",22320
"20113","McPherson, KS",27709
"20115","Marion, KS",22031
"20117","Marshall, KS",26140
"20119","Meade, KS",23564
"20121","Miami, KS",28155
"20123","Mitchell, KS",25837
"20125","Montgomery, KS",22903
"20127","Morris, KS",24783
"20129","Morton, KS",25700
"20131","Nemaha, KS",25276
"20133","Neosho, KS",22970
"20135","Ness, KS",28784
"20137","Norton, KS",24613
"20139","Osage, KS",24068
"20141","Osborne, KS",24132
"20143","Ottawa, KS",24763
"20145","Pawnee, KS",25071
"20147","Phillips, KS",27361
"20149","Pottawatomie, KS",25921
"20151","Pratt, KS",25837
"20153","Rawlins, KS",30118
"20155","Reno, KS",24819
"20157","Republic, KS",24854
"20159","Rice, KS",21285
"20161","Riley, KS",24746
"20163","Rooks, KS",24675
"20165","Rush, KS",27006
"20167","Russell, KS",23800
"20169","Saline, KS",27680
"20171","Scott, KS",32187
"20173","Sedgwick, KS",31774
"20175","Seward, KS",21853
"20177","Shawnee, KS",29656
"20179","Sheridan, KS",28912
"20181","Sherman, KS",24614
"20183","Smith, KS",26958
"20185","Stafford, KS",24630
"20187","Stanton, KS",28366
"20189","Stevens, KS",24977
"20191","Sumner, KS",24631
"20193","Thomas, KS",26397
"20195","Trego, KS",23053
"20197","Wabaunsee, KS",30665
"20199","Wallace, KS",26228
"20201","Washington, KS",23171
"20203","Wichita, KS",32077
"20205","Wilson, KS",22179
"20207","Woodson, KS",19981
"20209","Wyandotte, KS",20917
"21001","Adair, KY",18403
"21003","Allen, KY",20857
"21005","Anderson, KY",25190
"21007","Ballard, KY",25818
"21009","Barren, KY",23679
"21011","Bath, KY",19520
"21013","Bell, KY",18381
"21015","Boone, KY",30950
"21017","Bourbon, KY",27599
"21019","Boyd, KY",25520
"21021","Boyle, KY",25160
"21023","Bracken, KY",22838
"21025","Breathitt, KY",18415
"21027","Breckinridge, KY",20910
"21029","Bullitt, KY",24322
"21031","Butler, KY",19510
"21033","Caldwell, KY",21903
"21035","Calloway, KY",23620
"21037","Campbell, KY",27661
"21039","Carlisle, KY",23104
"21041","Carroll, KY",28984
"21043","Carter, KY",17475
"21045","Casey, KY",18486
"21047","Christian, KY",22613
"21049","Clark, KY",26803
"21051","Clay, KY",15174
"21053","Clinton, KY",18913
"21055","Crittenden, KY",20323
"21057","Cumberland, KY",18489
"21059","Daviess, KY",25239
"21061","Edmonson, KY",16963
"21063","Elliott, KY",14360
"21065","Estill, KY",17734
"21067","Fayette, KY",31663
"21069","Fleming, KY",20071
"21071","Floyd, KY",21348
"21073","Franklin, KY",28567
"21075","Fulton, KY",20760
"21077","Gallatin, KY",21666
"21079","Garrard, KY",21180
"21081","Grant, KY",21913
"21083","Graves, KY",22782
"21085","Grayson, KY",18643
"21087","Green, KY",18908
"21089","Greenup, KY",22702
"21091","Hancock, KY",20986
"21093","Hardin, KY",26980
"21095","Harlan, KY",17730
"21097","Harrison, KY",22744
"21099","Hart, KY",18004
"21101","Henderson, KY",25759
"21103","Henry, KY",23868
"21105","Hickman, KY",22554
"21107","Hopkins, KY",22932
"21109","Jackson, KY",15306
"21111","Jefferson, KY",32565
"21113","Jessamine, KY",27186
"21115","Johnson, KY",20455
"21117","Kenton, KY",32190
"21119","Knott, KY",18187
"21121","Knox, KY",17160
"21123","Larue, KY",23517
"21125","Laurel, KY",20921
"21127","Lawrence, KY",17275
"21129","Lee, KY",16748
"21131","Leslie, KY",18008
"21133","Letcher, KY",19822
"21135","Lewis, KY",15381
"21137","Lincoln, KY",19069
"21139","Livingston, KY",22528
"21141","Logan, KY",21653
"21143","Lyon, KY",19934
"21145","McCracken, KY",29013
"21147","McCreary, KY",15179
"21149","McLean, KY",24000
"21151","Madison, KY",21202
"21153","Magoffin, KY",17873
"21155","Marion, KY",20870
"21157","Marshall, KY",24513
"21159","Martin, KY",17792
"21161","Mason, KY",23424
"21163","Meade, KY",21574
"21165","Menifee, KY",15029
"21167","Mercer, KY",23415
"21169","Metcalfe, KY",16885
"21171","Monroe, KY",18028
"21173","Montgomery, KY",21060
"21175","Morgan, KY",15752
"21177","Muhlenberg, KY",19972
"21179","Nelson, KY",25487
"21181","Nicholas, KY",21487
"21183","Ohio, KY",19844
"21185","Oldham, KY",34000
"21187","Owen, KY",19347
"21189","Owsley, KY",18066
"21191","Pendleton, KY",21375
"21193","Perry, KY",21414
"21195","Pike, KY",20782
"21197","Powell, KY",17581
"21199","Pulaski, KY",22083
"21201","Robertson, KY",19045
"21203","Rockcastle, KY",16972
"21205","Rowan, KY",18735
"21207","Russell, KY",18484
"21209","Scott, KY",28978
"21211","Shelby, KY",28999
"21213","Simpson, KY",22572
"21215","Spencer, KY",24051
"21217","Taylor, KY",20616
"21219","Todd, KY",21067
"21221","Trigg, KY",24612
"21223","Trimble, KY",17028
"21225","Union, KY",23508
"21227","Warren, KY",25178
"21229","Washington, KY",20472
"21231","Wayne, KY",17147
"21233","Webster, KY",22942
"21235","Whitley, KY",20199
"21237","Wolfe, KY",16853
"21239","Woodford, KY",35879
"22001","Acadia, LA",21158
"22003","Allen, LA",16797
"22005","Ascension, LA",24263
"22007","Assumption, LA",23323
"22009","Avoyelles, LA",19222
"22011","Beauregard, LA",20632
"22013","Bienville, LA",19654
"22015","Bossier, LA",24457
"22017","Caddo, LA",29047
"22019","Calcasieu, LA",24359
"22021","Caldwell, LA",19136
"22023","Cameron, LA",18946
"22025","Catahoula, LA",19047
"22027","Claiborne, LA",20272
"22029","Concordia, LA",19125
"22031","De Soto, LA",19336
"22033","East Baton Rouge, LA",28616
"22035","East Carroll, LA",16548
"22037","East Feliciana, LA",20916
"22039","Evangeline, LA",18494
"22041","Franklin, LA",18431
"22043","Grant, LA",19589
"22045","Iberia, LA",22000
"22047","Iberville, LA",19223
"22049","Jackson, LA",22757
"22051","Jefferson, LA",32813
"22053","Jefferson Davis, LA",20098
"22055","Lafayette, LA",30059
"22057","Lafourche, LA",24469
"22059","LaSalle, LA",18590
"22061","Lincoln, LA",22862
"22063","Livingston, LA",21677
"22065","Madison, LA",17129
"22067","Morehouse, LA",19757
"22069","Natchitoches, LA",19776
"22071","Orleans, LA",25445
"22073","Ouachita, LA",24105
"22075","Plaquemines, LA",23239
"22077","Pointe Coupee, LA",21925
"22079","Rapides, LA",26237
"22081","Red River, LA",17579
"22083","Richland, LA",19768
"22085","Sabine, LA",19544
"22087","St. Bernard, LA",23622
"22089","St. Charles, LA",25646
"22091","St. Helena, LA",18532
"22093","St. James, LA",19071
"22095","St. John the Baptist, LA",20975
"22097","St. Landry, LA",19653
"22099","St. Martin, LA",20157
"22101","St. Mary, LA",23804
"22103","St. Tammany, LA",31731
"22105","Tangipahoa, LA",20945
"22107","Tensas, LA",18725
"22109","Terrebonne, LA",23514
"22111","Union, LA",21602
"22113","Vermilion, LA",21005
"22115","Vernon, LA",22764
"22117","Washington, LA",19511
"22119","Webster, LA",22156
"22121","West Baton Rouge, LA",23983
"22123","West Carroll, LA",19272
"22125","West Feliciana, LA",17536
"22127","Winn, LA",17703
"23001","Androscoggin, ME",26497
"23003","Aroostook, ME",23110
"23005","Cumberland, ME",34727
"23007","Franklin, ME",23244
"23009","Hancock, ME",31608
"23011","Kennebec, ME",27617
"23013","Knox, ME",32297
"23015","Lincoln, ME",30324
"23017","Oxford, ME",23381
"23019","Penobscot, ME",25562
"23021","Piscataquis, ME",22926
"23023","Sagadahoc, ME",29288
"23025","Somerset, ME",22978
"23027","Waldo, ME",24966
"23029","Washington, ME",24065
"23031","York, ME",30397
"24001","Allegany, MD",25555
"24003","Anne Arundel, MD",39607
"24005","Baltimore, MD",38912
"24009","Calvert, MD",34197
"24011","Caroline, MD",24025
"24013","Carroll, MD",34639
"24015","Cecil, MD",29474
"24017","Charles, MD",33527
"24019","Dorchester, MD",26083
"24021","Frederick, MD",35090
"24023","Garrett, MD",23693
"24025","Harford, MD",33923
"24027","Howard, MD",46481
"24029","Kent, MD",35166
"24031","Montgomery, MD",54345
"24033","Prince George's, MD",30677
"24035","Queen Anne's, MD",38224
"24037","St. Mary's, MD",30341
"24039","Somerset, MD",21179
"24041","Talbot, MD",43223
"24043","Washington, MD",27447
"24045","Wicomico, MD",26512
"24047","Worcester, MD",31314
"24510","Baltimore (Independent City), MD",25407
"25001","Barnstable, MA",40018
"25003","Berkshire, MA",31579
"25005","Bristol, MA",31059
"25007","Dukes, MA",48358
"25009","Essex, MA",39602
"25011","Franklin, MA",31283
"25013","Hampden, MA",29390
"25015","Hampshire, MA",30026
"25017","Middlesex, MA",47003
"25019","Nantucket, MA",65578
"25021","Norfolk, MA",49995
"25023","Plymouth, MA",35991
"25025","Suffolk, MA",42844
"25027","Worcester, MA",34180
"26001","Alcona, MI",21235
"26003","Alger, MI",21276
"26005","Allegan, MI",27132
"26007","Alpena, MI",25114
"26009","Antrim, MI",26098
"26011","Arenac, MI",21147
"26013","Baraga, MI",19901
"26015","Barry, MI",29450
"26017","Bay, MI",26940
"26019","Benzie, MI",25568
"26021","Berrien, MI",28271
"26023","Branch, MI",21852
"26025","Calhoun, MI",25881
"26027","Cass, MI",26056
"26029","Charlevoix, MI",28504
"26031","Cheboygan, MI",23187
"26033","Chippewa, MI",20702
"26035","Clare, MI",20305
"26037","Clinton, MI",30398
"26039","Crawford, MI",20566
"26041","Delta, MI",24407
"26043","Dickinson, MI",27831
"26045","Eaton, MI",29478
"26047","Emmet, MI",29701
"26049","Genesee, MI",26120
"26051","Gladwin, MI",21263
"26053","Gogebic, MI",21630
"26055","Grand Traverse, MI",28850
"26057","Gratiot, MI",21557
"26059","Hillsdale, MI",23675
"26061","Houghton, MI",22580
"26063","Huron, MI",25858
"26065","Ingham, MI",27847
"26067","Ionia, MI",22496
"26069","Iosco, MI",21492
"26071","Iron, MI",23426
"26073","Isabella, MI",22567
"26075","Jackson, MI",25522
"26077","Kalamazoo, MI",30473
"26079","Kalkaska, MI",19402
"26081","Kent, MI",32018
"26083","Keweenaw, MI",26265
"26085","Lake, MI",20061
"26087","Lapeer, MI",27888
"26089","Leelanau, MI",32198
"26091","Lenawee, MI",26584
"26093","Livingston, MI",37329
"26095","Luce, MI",19098
"26097","Mackinac, MI",27136
"26099","Macomb, MI",32981
"26101","Manistee, MI",23680
"26103","Marquette, MI",24265
"26105","Mason, MI",24455
"26107","Mecosta, MI",20166
"26109","Menominee, MI",23145
"26111","Midland, MI",33436
"26113","Missaukee, MI",20029
"26115","Monroe, MI",30351
"26117","Montcalm, MI",20912
"26119","Montmorency, MI",19760
"26121","Muskegon, MI",24191
"26123","Newaygo, MI",21875
"26125","Oakland, MI",49829
"26127","Oceana, MI",21484
"26129","Ogemaw, MI",19972
"26131","Ontonagon, MI",22670
"26133","Osceola, MI",20916
"26135","Oscoda, MI",17663
"26137","Otsego, MI",24921
"26139","Ottawa, MI",29951
"26141","Presque Isle, MI",22378
"26143","Roscommon, MI",21708
"26145","Saginaw, MI",25899
"26147","St. Clair, MI",28553
"26149","St. Joseph, MI",23434
"26151","Sanilac, MI",23848
"26153","Schoolcraft, MI",22053
"26155","Shiawassee, MI",23959
"26157","Tuscola, MI",21417
"26159","Van Buren, MI",24101
"26161","Washtenaw, MI",36956
"26163","Wayne, MI",27874
"26165","Wexford, MI",23059
"27001","Aitkin, MN",22596
"27003","Anoka, MN",31688
"27005","Becker, MN",24999
"27007","Beltrami, MN",22719
"27009","Benton, MN",26486
"27011","Big Stone, MN",23908
"27013","Blue Earth, MN",29017
"27015","Brown, MN",27301
"27017","Carlton, MN",24917
"27019","Carver, MN",40782
"27021","Cass, MN",25073
"27023","Chippewa, MN",27761
"27025","Chisago, MN",29296
"27027","Clay, MN",24438
"27029","Clearwater, MN",20850
"27031","Cook, MN",30309
"27033","Cottonwood, MN",24667
"27035","Crow Wing, MN",25924
"27037","Dakota, MN",37548
"27039","Dodge, MN",27754
"27041","Douglas, MN",26600
"27043","Faribault, MN",26242
"27045","Fillmore, MN",25885
"27047","Freeborn, MN",24909
"27049","Goodhue, MN",29437
"27051","Grant, MN",25472
"27053","Hennepin, MN",43432
"27055","Houston, MN",28385
"27057","Hubbard, MN",25020
"27059","Isanti, MN",26733
"27061","Itasca, MN",23600
"27063","Jackson, MN",25403
"27065","Kanabec, MN",22817
"27067","Kandiyohi, MN",27812
"27069","Kittson, MN",22188
"27071","Koochiching, MN",26276
"27073","Lac qui Parle, MN",24317
"27075","Lake, MN",27269
"27077","Lake of the Woods, MN",20024
"27079","Le Sueur, MN",27590
"27081","Lincoln, MN",23436
"27083","Lyon, MN",27038
"27085","McLeod, MN",27181
"27087","Mahnomen, MN",21723
"27089","Marshall, MN",23924
"27091","Martin, MN",27451
"27093","Meeker, MN",24630
"27095","Mille Lacs, MN",23636
"27097","Morrison, MN",22352
"27099","Mower, MN",26777
"27101","Murray, MN",26531
"27103","Nicollet, MN",28369
"27105","Nobles, MN",25585
"27107","Norman, MN",25587
"27109","Olmsted, MN",34021
"27111","Otter Tail, MN",24570
"27113","Pennington, MN",27400
"27115","Pine, MN",22517
"27117","Pipestone, MN",26518
"27119","Polk, MN",24290
"27121","Pope, MN",25662
"27123","Ramsey, MN",34648
"27125","Red Lake, MN",21806
"27127","Redwood, MN",25885
"27129","Renville, MN",25893
"27131","Rice, MN",25663
"27133","Rock, MN",27774
"27135","Roseau, MN",27495
"27137","St. Louis, MN",26758
"27139","Scott, MN",34762
"27141","Sherburne, MN",27547
"27143","Sibley, MN",25288
"27145","Stearns, MN",26363
"27147","Steele, MN",28391
"27149","Stevens, MN",28183
"27151","Swift, MN",25404
"27153","Todd, MN",20364
"27155","Traverse, MN",24058
"27157","Wabasha, MN",29746
"27159","Wadena, MN",21086
"27161","Waseca, MN",25600
"27163","Washington, MN",38739
"27165","Watonwan, MN",24927
"27167","Wilkin, MN",28776
"27169","Winona, MN",25511
"27171","Wright, MN",29283
"27173","Yellow Medicine, MN",24373
"28001","Adams, MS",22004
"28003","Alcorn, MS",21043
"28005","Amite, MS",18906
"28007","Attala, MS",18961
"28009","Benton, MS",17507
"28011","Bolivar, MS",20469
"28013","Calhoun, MS",20250
"28015","Carroll, MS",21219
"28017","Chickasaw, MS",20100
"28019","Choctaw, MS",16018
"28021","Claiborne, MS",16662
"28023","Clarke, MS",18811
"28025","Clay, MS",20356
"28027","Coahoma, MS",22165
"28029","Copiah, MS",18174
"28031","Covington, MS",18861
"28033","DeSoto, MS",27021
"28035","Forrest, MS",23101
"28037","Franklin, MS",17995
"28039","George, MS",19534
"28041","Greene, MS",14584
"28043","Grenada, MS",21859
"28045","Hancock, MS",22578
"28047","Harrison, MS",25416
"28049","Hinds, MS",26343
"28051","Holmes, MS",15389
"28053","Humphreys, MS",20035
"28055","Issaquena, MS",19385
"28057","Itawamba, MS",21162
"28059","Jackson, MS",24094
"28061","Jasper, MS",18829
"28063","Jefferson, MS",14800
"28065","Jefferson Davis, MS",17090
"28067","Jones, MS",22664
"28069","Kemper, MS",17757
"28071","Lafayette, MS",22767
"28073","Lamar, MS",23095
"28075","Lauderdale, MS",24079
"28077","Lawrence, MS",22046
"28079","Leake, MS",19727
"28081","Lee, MS",27003
"28083","Leflore, MS",20043
"28085","Lincoln, MS",23068
"28087","Lowndes, MS",22686
"28089","Madison, MS",34235
"28091","Marion, MS",19778
"28093","Marshall, MS",19013
"28095","Monroe, MS",20618
"28097","Montgomery, MS",18827
"28099","Neshoba, MS",24295
"28101","Newton, MS",20572
"28103","Noxubee, MS",18928
"28105","Oktibbeha, MS",20530
"28107","Panola, MS",19418
"28109","Pearl River, MS",19628
"28111","Perry, MS",17548
"28113","Pike, MS",20284
"28115","Pontotoc, MS",19716
"28117","Prentiss, MS",17895
"28119","Quitman, MS",19854
"28121","Rankin, MS",27934
"28123","Scott, MS",19098
"28125","Sharkey, MS",20387
"28127","Simpson, MS",21551
"28129","Smith, MS",22645
"28131","Stone, MS",19677
"28133","Sunflower, MS",17082
"28135","Tallahatchie, MS",18726
"28137","Tate, MS",22039
"28139","Tippah, MS",20235
"28141","Tishomingo, MS",18807
"28143","Tunica, MS",21590
"28145","Union, MS",21903
"28147","Walthall, MS",17518
"28149","Warren, MS",27159
"28151","Washington, MS",19841
"28153","Wayne, MS",18486
"28155","Webster, MS",20110
"28157","Wilkinson, MS",16828
"28159","Winston, MS",18391
"28161","Yalobusha, MS",20696
"28163","Yazoo, MS",20052
"29001","Adair, MO",21222
"29003","Andrew, MO",26780
"29005","Atchison, MO",26428
"29007","Audrain, MO",23369
"29009","Barry, MO",21566
"29011","Barton, MO",21636
"29013","Bates, MO",23047
"29015","Benton, MO",20443
"29017","Bollinger, MO",18737
"29019","Boone, MO",29062
"29021","Buchanan, MO",24914
"29023","Butler, MO",23503
"29025","Caldwell, MO",25160
"29027","Callaway, MO",21831
"29029","Camden, MO",25382
"29031","Cape Girardeau, MO",26910
"29033","Carroll, MO",23664
"29035","Carter, MO",18768
"29037","Cass, MO",28562
"29039","Cedar, MO",19179
"29041","Chariton, MO",25457
"29043","Christian, MO",24431
"29045","Clark, MO",20189
"29047","Clay, MO",33564
"29049","Clinton, MO",25910
"29051","Cole, MO",29881
"29053","Cooper, MO",21261
"29055","Crawford, MO",22074
"29057","Dade, MO",19743
"29059","Dallas, MO",20137
"29061","Daviess, MO",21816
"29063","DeKalb, MO",15438
"29065","Dent, MO",20455
"29067","Douglas, MO",17656
"29069","Dunklin, MO",21128
"29071","Franklin, MO",27450
"29073","Gasconade, MO",23552
"29075","Gentry, MO",23526
"29077","Greene, MO",28418
"29079","Grundy, MO",22371
"29081","Harrison, MO",23390
"29083","Henry, MO",23824
"29085","Hickory, MO",17623
"29087","Holt, MO",28063
"29089","Howard, MO",24495
"29091","Howell, MO",20613
"29093","Iron, MO",19088
"29095","Jackson, MO",28757
"29097","Jasper, MO",24871
"29099","Jefferson, MO",26038
"29101","Johnson, MO",21425
"29103","Knox, MO",23476
"29105","Laclede, MO",20821
"29107","Lafayette, MO",26530
"29109","Lawrence, MO",21044
"29111","Lewis, MO",19545
"29113","Lincoln, MO",23522
"29115","Linn, MO",22211
"29117","Livingston, MO",25089
"29119","McDonald, MO",20546
"29121","Macon, MO",23366
"29123","Madison, MO",18915
"29125","Maries, MO",20720
"29127","Marion, MO",24020
"29129","Mercer, MO",20921
"29131","Miller, MO",20384
"29133","Mississippi, MO",20519
"29135","Moniteau, MO",22202
"29137","Monroe, MO",22353
"29139","Montgomery, MO",23832
"29141","Morgan, MO",21430
"29143","New Madrid, MO",22024
"29145","Newton, MO",23767
"29147","Nodaway, MO",20650
"29149","Oregon, MO",17928
"29151","Osage, MO",25555
"29153","Ozark, MO",19400
"29155","Pemiscot, MO",21086
"29157","Perry, MO",23148
"29159","Pettis, MO",24158
"29161","Phelps, MO",23692
"29163","Pike, MO",19977
"29165","Platte, MO",35542
"29167","Polk, MO",19315
"29169","Pulaski, MO",23599
"29171","Putnam, MO",18516
"29173","Ralls, MO",25972
"29175","Randolph, MO",21364
"29177","Ray, MO",24425
"29179","Reynolds, MO",20124
"29181","Ripley, MO",18297
"29183","St. Charles, MO",31024
"29185","St. Clair, MO",20177
"29186","Ste. Genevieve, MO",23490
"29187","St. Francois, MO",20847
"29189","St. Louis, MO",41555
"29195","Saline, MO",24353
"29197","Schuyler, MO",21082
"29199","Scotland, MO",20501
"29201","Scott, MO",23556
"29203","Shannon, MO",17178
"29205","Shelby, MO",23968
"29207","Stoddard, MO",22113
"29209","Stone, MO",22157
"29211","Sullivan, MO",20406
"29213","Taney, MO",24031
"29215","Texas, MO",18398
"29217","Vernon, MO",22337
"29219","Warren, MO",25431
"29221","Washington, MO",17701
"29223","Wayne, MO",17928
"29225","Webster, MO",19812
"29227","Worth, MO",21540
"29229","Wright, MO",19115
"29510","St. Louis (Independent City), MO",26724
"30001","Beaverhead, MT",23118
"30003","Big Horn, MT",17201
"30005","Blaine, MT",17243
"30007","Broadwater, MT",19915
"30009","Carbon, MT",25825
"30011","Carter, MT",23497
"30013","Cascade, MT",26095
"30015","Chouteau, MT",19722
"30017","Custer, MT",23841
"30019","Daniels, MT",27073
"30021","Dawson, MT",22421
"30023","Deer Lodge, MT",20741
"30025","Fallon, MT",24881
"30027","Fergus, MT",23290
"30029","Flathead, MT",26045
"30031","Gallatin, MT",24947
"30033","Garfield, MT",24306
"30035","Glacier, MT",17988
"30037","Golden Valley, MT",21893
"30039","Granite, MT",19115
"30041","Hill, MT",23553
"30043","Jefferson, MT",24959
"30045","Judith Basin, MT",20767
"30047","Lake, MT",19236
"30049","Lewis and Clark, MT",27699
"30051","Liberty, MT",18956
"30053","Lincoln, MT",18583
"30055","McCone, MT",21188
"30057","Madison, MT",23384
"30059","Meagher, MT",20796
"30061","Mineral, MT",19335
"30063","Missoula, MT",25431
"30065","Musselshell, MT",18061
"30067","Park, MT",24226
"30069","Petroleum, MT",17906
"30071","Phillips, MT",20725
"30073","Pondera, MT",20293
"30075","Powder River, MT",20501
"30077","Powell, MT",18972
"30079","Prairie, MT",24729
"30081","Ravalli, MT",21775
"30083","Richland, MT",23205
"30085","Roosevelt, MT",18494
"30087","Rosebud, MT",24009
"30089","Sanders, MT",17846
"30091","Sheridan, MT",23724
"30093","Silver Bow, MT",24929
"30095","Stillwater, MT",26946
"30097","Sweet Grass, MT",23493
"30099","Teton, MT",22189
"30101","Toole, MT",21323
"30103","Treasure, MT",18422
"30105","Valley, MT",25629
"30107","Wheatland, MT",18495
"30109","Wibaux, MT",22274
"30111","Yellowstone, MT",27281
"31001","Adams, NE",27185
"31003","Antelope, NE",25527
"31005","Arthur, NE",20745
"31007","Banner, NE",25208
"31009","Blaine, NE",29372
"31011","Boone, NE",27437
"31013","Box Butte, NE",25013
"31015","Boyd, NE",23260
"31017","Brown, NE",21977
"31019","Buffalo, NE",25907
"31021","Burt, NE",26265
"31023","Butler, NE",25898
"31025","Cass, NE",30103
"31027","Cedar, NE",25694
"31029","Chase, NE",28588
"31031","Cherry, NE",24298
"31033","Cheyenne, NE",27788
"31035","Clay, NE",27800
"31037","Colfax, NE",27212
"31039","Cuming, NE",31820
"31041","Custer, NE",25122
"31043","Dakota, NE",22190
"31045","Dawes, NE",20784
"31047","Dawson, NE",23511
"31049","Deuel, NE",26009
"31051","Dixon, NE",24186
"31053","Dodge, NE",27164
"31055","Douglas, NE",36856
"31057","Dundy, NE",32330
"31059","Fillmore, NE",32024
"31061","Franklin, NE",25855
"31063","Frontier, NE",26723
"31065","Furnas, NE",27322
"31067","Gage, NE",28397
"31069","Garden, NE",25655
"31071","Garfield, NE",26891
"31073","Gosper, NE",28685
"31075","Grant, NE",18777
"31077","Greeley, NE",24484
"31079","Hall, NE",27036
"31081","Hamilton, NE",26109
"31083","Harlan, NE",23735
"31085","Hayes, NE",21301
"31087","Hitchcock, NE",22974
"31089","Holt, NE",23505
"31091","Hooker, NE",25497
"31093","Howard, NE",24946
"31095","Jefferson, NE",27798
"31097","Johnson, NE",25964
"31099","Kearney, NE",28224
"31101","Keith, NE",23781
"31103","Keya Paha, NE",20340
"31105","Kimball, NE",25214
"31107","Knox, NE",23782
"31109","Lancaster, NE",30529
"31111","Lincoln, NE",26669
"31113","Logan, NE",28264
"31115","Loup, NE",15263
"31117","McPherson, NE",17288
"31119","Madison, NE",26467
"31121","Merrick, NE",24106
"31123","Morrill, NE",22910
"31125","Nance, NE",23656
"31127","Nemaha, NE",30639
"31129","Nuckolls, NE",26591
"31131","Otoe, NE",26991
"31133","Pawnee, NE",26281
"31135","Perkins, NE",30347
"31137","Phelps, NE",30523
"31139","Pierce, NE",26376
"31141","Platte, NE",26103
"31143","Polk, NE",27774
"31145","Red Willow, NE",24904
"31147","Richardson, NE",26243
"31149","Rock, NE",24468
"31151","Saline, NE",25118
"31153","Sarpy, NE",29157
"31155","Saunders, NE",27584
"31157","Scotts Bluff, NE",25901
"31159","Seward, NE",28229
"31161","Sheridan, NE",24101
"31163","Sherman, NE",22109
"31165","Sioux, NE",22092
"31167","Stanton, NE",24136
"31169","Thayer, NE",27683
"31171","Thomas, NE",23418
"31173","Thurston, NE",22502
"31175","Valley, NE",25070
"31177","Washington, NE",30727
"31179","Wayne, NE",23616
"31181","Webster, NE",26332
"31183","Wheeler, NE",32175
"31185","York, NE",26048
"32001","Churchill, NV",25482
"32003","Clark, NV",31825
"32005","Douglas, NV",42270
"32007","Elko, NV",25245
"32009","Esmeralda, NV",28616
"32011","Eureka, NV",27601
"32013","Humboldt, NV",24340
"32015","Lander, NV",25806
"32017","Lincoln, NV",21482
"32019","Lyon, NV",24138
"32021","Mineral, NV",24589
"32023","Nye, NV",24656
"32027","Pershing, NV",16613
"32029","Storey, NV",34772
"32031","Washoe, NV",39984
"32033","White Pine, NV",27585
"32510","Carson City (Independent City), NV",23284
"33001","Belknap, NH",33910
"33003","Carroll, NH",36205
"33005","Cheshire, NH",29751
"33007","Coos, NH",26835
"33009","Grafton, NH",35672
"33011","Hillsborough, NH",38185
"33013","Merrimack, NH",41148
"33015","Rockingham, NH",40275
"33017","Strafford, NH",30686
"33019","Sullivan, NH",30532
"34001","Atlantic, NJ",29334
"34003","Bergen, NJ",52647
"34005","Burlington, NJ",36591
"34007","Camden, NJ",32121
"34009","Cape May, NJ",35854
"34011","Cumberland, NJ",25068
"34013","Essex, NJ",40262
"34015","Gloucester, NJ",30655
"34017","Hudson, NJ",31821
"34019","Hunterdon, NJ",58556
"34021","Mercer, NJ",44415
"34023","Middlesex, NJ",38208
"34025","Monmouth, NJ",46142
"34027","Morris, NJ",57323
"34029","Ocean, NJ",33450
"34031","Passaic, NJ",31927
"34033","Salem, NJ",29088
"34035","Somerset, NJ",55805
"34037","Sussex, NJ",38936
"34039","Union, NJ",42523
"34041","Warren, NJ",34471
"35001","Bernalillo, NM",29252
"35003","Catron, NM",19465
"35005","Chaves, NM",22074
"35006","Cibola, NM*",15002
"35007","Colfax, NM",22281
"35009","Curry, NM",23884
"35011","De Baca, NM",24729
"35013","Doa Ana, NM",20553
"35015","Eddy, NM",26579
"35017","Grant, NM",19635
"35019","Guadalupe, NM",15679
"35021","Harding, NM",39882
"35023","Hidalgo, NM",17408
"35025","Lea, NM",22723
"35027","Lincoln, NM",22788
"35028","Los Alamos, NM",49404
"35029","Luna, NM",17052
"35031","McKinley, NM",16268
"35033","Mora, NM",16781
"35035","Otero, NM",19623
"35037","Quay, NM",21194
"35039","Rio Arriba, NM",18714
"35041","Roosevelt, NM",21688
"35043","Sandoval, NM",25696
"35045","San Juan, NM",20425
"35047","San Miguel, NM",19217
"35049","Santa Fe, NM",33230
"35051","Sierra, NM",19572
"35053","Socorro, NM",18040
"35055","Taos, NM",20375
"35057","Torrance, NM",19475
"35059","Union, NM",29584
"35061","Valencia, NM*",20038
"36001","Albany, NY",35843
"36003","Allegany, NY",20194
"36005","Bronx, NY",21255
"36007","Broome, NY",26606
"36009","Cattaraugus, NY",23183
"36011","Cayuga, NY",24446
"36013","Chautauqua, NY",22524
"36015","Chemung, NY",25289
"36017","Chenango, NY",23194
"36019","Clinton, NY",25546
"36021","Columbia, NY",30235
"36023","Cortland, NY",23058
"36025","Delaware, NY",22626
"36027","Dutchess, NY",33910
"36029","Erie, NY",28952
"36031","Essex, NY",24332
"36033","Franklin, NY",21127
"36035","Fulton, NY",25032
"36037","Genesee, NY",25647
"36039","Greene, NY",26768
"36041","Hamilton, NY",26550
"36043","Herkimer, NY",23446
"36045","Jefferson, NY",24715
"36047","Kings, NY",25664
"36049","Lewis, NY",21025
"36051","Livingston, NY",23796
"36053","Madison, NY",26594
"36055","Monroe, NY",32733
"36057","Montgomery, NY",26066
"36059","Nassau, NY",50714
"36061","New York, NY",93696
"36063","Niagara, NY",25913
"36065","Oneida, NY",25924
"36067","Onondaga, NY",29823
"36069","Ontario, NY",29479
"36071","Orange, NY",29709
"36073","Orleans, NY",22136
"36075","Oswego, NY",22675
"36077","Otsego, NY",23458
"36079","Putnam, NY",41203
"36081","Queens, NY",29684
"36083","Rensselaer, NY",30033
"36085","Richmond, NY",35893
"36087","Rockland, NY",41337
"36089","St. Lawrence, NY",21230
"36091","Saratoga, NY",34007
"36093","Schenectady, NY",36916
"36095","Schoharie, NY",25013
"36097","Schuyler, NY",22998
"36099","Seneca, NY",23114
"36101","Steuben, NY",28696
"36103","Suffolk, NY",38507
"36105","Sullivan, NY",26327
"36107","Tioga, NY",25535
"36109","Tompkins, NY",25885
"36111","Ulster, NY",27771
"36113","Warren, NY",28153
"36115","Washington, NY",22997
"36117","Wayne, NY",26755
"36119","Westchester, NY",56958
"36121","Wyoming, NY",21401
"36123","Yates, NY",22569
"37001","Alamance, NC",26435
"37003","Alexander, NC",24714
"37005","Alleghany, NC",24959
"37007","Anson, NC",22998
"37009","Ashe, NC",23610
"37011","Avery, NC",22640
"37013","Beaufort, NC",23321
"37015","Bertie, NC",21558
"37017","Bladen, NC",22236
"37019","Brunswick, NC",23990
"37021","Buncombe, NC",27763
"37023","Burke, NC",23337
"37025","Cabarrus, NC",28742
"37027","Caldwell, NC",24421
"37029","Camden, NC",27601
"37031","Carteret, NC",27783
"37033","Caswell, NC",22552
"37035","Catawba, NC",28269
"37037","Chatham, NC",34852
"37039","Cherokee, NC",20910
"37041","Chowan, NC",25517
"37043","Clay, NC",22520
"37045","Cleveland, NC",23664
"37047","Columbus, NC",22106
"37049","Craven, NC",26542
"37051","Cumberland, NC",25736
"37053","Currituck, NC",27505
"37055","Dare, NC",31570
"37057","Davidson, NC",26008
"37059","Davie, NC",28892
"37061","Duplin, NC",22802
"37063","Durham, NC",30839
"37065","Edgecombe, NC",22915
"37067","Forsyth, NC",31689
"37069","Franklin, NC",24987
"37071","Gaston, NC",26717
"37073","Gates, NC",22311
"37075","Graham, NC",21217
"37077","Granville, NC",22783
"37079","Greene, NC",22100
"37081","Guilford, NC",31237
"37083","Halifax, NC",20899
"37085","Harnett, NC",22957
"37087","Haywood, NC",24374
"37089","Henderson, NC",28508
"37091","Hertford, NC",21619
"37093","Hoke, NC",18563
"37095","Hyde, NC",21559
"37097","Iredell, NC",28738
"37099","Jackson, NC",22614
"37101","Johnston, NC",26827
"37103","Jones, NC",24974
"37105","Lee, NC",26187
"37107","Lenoir, NC",24529
"37109","Lincoln, NC",24512
"37111","McDowell, NC",21254
"37113","Macon, NC",24370
"37115","Madison, NC",21880
"37117","Martin, NC",22189
"37119","Mecklenburg, NC",32994
"37121","Mitchell, NC",21030
"37123","Montgomery, NC",22319
"37125","Moore, NC",31831
"37127","Nash, NC",26893
"37129","New Hanover, NC",29509
"37131","Northampton, NC",22763
"37133","Onslow, NC",25445
"37135","Orange, NC",34281
"37137","Pamlico, NC",24801
"37139","Pasquotank, NC",22657
"37141","Pender, NC",23211
"37143","Perquimans, NC",23331
"37145","Person, NC",23968
"37147","Pitt, NC",25708
"37149","Polk, NC",31616
"37151","Randolph, NC",24840
"37153","Richmond, NC",21469
"37155","Robeson, NC",19122
"37157","Rockingham, NC",23230
"37159","Rowan, NC",25271
"37161","Rutherford, NC",22685
"37163","Sampson, NC",22702
"37165","Scotland, NC",22213
"37167","Stanly, NC",23866
"37169","Stokes, NC",23924
"37171","Surry, NC",24400
"37173","Swain, NC",19701
"37175","Transylvania, NC",26384
"37177","Tyrrell, NC",21176
"37179","Union, NC",29064
"37181","Vance, NC",22872
"37183","Wake, NC",37192
"37185","Warren, NC",18745
"37187","Washington, NC",22612
"37189","Watauga, NC",23405
"37191","Wayne, NC",24081
"37193","Wilkes, NC",24949
"37195","Wilson, NC",25510
"37197","Yadkin, NC",23898
"37199","Yancey, NC",20862
"38001","Adams, ND",25964
"38003","Barnes, ND",24428
"38005","Benson, ND",17975
"38007","Billings, ND",22808
"38009","Bottineau, ND",25695
"38011","Bowman, ND",29107
"38013","Burke, ND",22653
"38015","Burleigh, ND",29513
"38017","Cass, ND",29956
"38019","Cavalier, ND",27747
"38021","Dickey, ND",25017
"38023","Divide, ND",28739
"38025","Dunn, ND",21093
"38027","Eddy, ND",22940
"38029","Emmons, ND",22578
"38031","Foster, ND",26528
"38033","Golden Valley, ND",18931
"38035","Grand Forks, ND",25455
"38037","Grant, ND",26245
"38039","Griggs, ND",26287
"38041","Hettinger, ND",32088
"38043","Kidder, ND",24505
"38045","LaMoure, ND",26494
"38047","Logan, ND",25940
"38049","McHenry, ND",22070
"38051","McIntosh, ND",26439
"38053","McKenzie, ND",24464
"38055","McLean, ND",26041
"38057","Mercer, ND",28736
"38059","Morton, ND",24492
"38061","Mountrail, ND",23179
"38063","Nelson, ND",26867
"38065","Oliver, ND",25590
"38067","Pembina, ND",31623
"38069","Pierce, ND",22619
"38071","Ramsey, ND",25188
"38073","Ransom, ND",26483
"38075","Renville, ND",25301
"38077","Richland, ND",23965
"38079","Rolette, ND",19748
"38081","Sargent, ND",31787
"38083","Sheridan, ND",20731
"38085","Sioux, ND",15075
"38087","Slope, ND",29682
"38089","Stark, ND",24402
"38091","Steele, ND",25998
"38093","Stutsman, ND",26357
"38095","Towner, ND",25696
"38097","Traill, ND",25263
"38099","Walsh, ND",26057
"38101","Ward, ND",26819
"38103","Wells, ND",23737
"38105","Williams, ND",25964
"39001","Adams, OH",21063
"39003","Allen, OH",24976
"39005","Ashland, OH",23768
"39007","Ashtabula, OH",23448
"39009","Athens, OH",20293
"39011","Auglaize, OH",28387
"39013","Belmont, OH",23434
"39015","Brown, OH",22955
"39017","Butler, OH",30005
"39019","Carroll, OH",22172
"39021","Champaign, OH",25961
"39023","Clark, OH",26875
"39025","Clermont, OH",30445
"39027","Clinton, OH",26954
"39029","Columbiana, OH",23039
"39031","Coshocton, OH",23236
"39033","Crawford, OH",24446
"39035","Cuyahoga, OH",31699
"39037","Darke, OH",26881
"39039","Defiance, OH",26641
"39041","Delaware, OH",44328
"39043","Erie, OH",43336
"39045","Fairfield, OH",29862
"39047","Fayette, OH",24880
"39049","Franklin, OH",31646
"39051","Fulton, OH",27216
"39053","Gallia, OH",24660
"39055","Geauga, OH",40638
"39057","Greene, OH",30499
"39059","Guernsey, OH",21959
"39061","Hamilton, OH",35061
"39063","Hancock, OH",31942
"39065","Hardin, OH",22171
"39067","Harrison, OH",23436
"39069","Henry, OH",26371
"39071","Highland, OH",22331
"39073","Hocking, OH",21759
"39075","Holmes, OH",20947
"39077","Huron, OH",25142
"39079","Jackson, OH",21055
"39081","Jefferson, OH",23928
"39083","Knox, OH",24629
"39085","Lake, OH",31127
"39087","Lawrence, OH",20586
"39089","Licking, OH",28250
"39091","Logan, OH",26134
"39093","Lorain, OH",27423
"39095","Lucas, OH",28719
"39097","Madison, OH",26051
"39099","Mahoning, OH",27240
"39101","Marion, OH",23452
"39103","Medina, OH",32189
"39105","Meigs, OH",20725
"39107","Mercer, OH",26796
"39109","Miami, OH",29126
"39111","Monroe, OH",20475
"39113","Montgomery, OH",30443
"39115","Morgan, OH",18946
"39117","Morrow, OH",23534
"39119","Muskingum, OH",25123
"39121","Noble, OH",18299
"39123","Ottawa, OH",30217
"39125","Paulding, OH",23434
"39127","Perry, OH",19843
"39129","Pickaway, OH",23734
"39131","Pike, OH",20749
"39133","Portage, OH",27052
"39135","Preble, OH",24898
"39137","Putnam, OH",27650
"39139","Richland, OH",25268
"39141","Ross, OH",23396
"39143","Sandusky, OH",25193
"39145","Scioto, OH",21234
"39147","Seneca, OH",24593
"39149","Shelby, OH",26048
"39151","Stark, OH",27555
"39153","Summit, OH",30913
"39155","Trumbull, OH",25610
"39157","Tuscarawas, OH",24535
"39159","Union, OH",27654
"39161","Van Wert, OH",25740
"39163","Vinton, OH",18890
"39165","Warren, OH",32494
"39167","Washington, OH",24454
"39169","Wayne, OH",26086
"39171","Williams, OH",25442
"39173","Wood, OH",28217
"39175","Wyandot, OH",25969
"40001","Adair, OK",17159
"40003","Alfalfa, OK",22066
"40005","Atoka, OK",16461
"40007","Beaver, OK",25759
"40009","Beckham, OK",19593
"40011","Blaine, OK",18093
"40013","Bryan, OK",21130
"40015","Caddo, OK",19139
"40017","Canadian, OK",26574
"40019","Carter, OK",22577
"40021","Cherokee, OK",17493
"40023","Choctaw, OK",18417
"40025","Cimarron, OK",22904
"40027","Cleveland, OK",26054
"40029","Coal, OK",16793
"40031","Comanche, OK",24399
"40033","Cotton, OK",21623
"40035","Craig, OK",20582
"40037","Creek, OK",22361
"40039","Custer, OK",21195
"40041","Delaware, OK",21644
"40043","Dewey, OK",22736
"40045","Ellis, OK",23976
"40047","Garfield, OK",25300
"40049","Garvin, OK",22590
"40051","Grady, OK",22000
"40053","Grant, OK",24245
"40055","Greer, OK",21959
"40057","Harmon, OK",20700
"40059","Harper, OK",33439
"40061","Haskell, OK",21780
"40063","Hughes, OK",17615
"40065","Jackson, OK",23525
"40067","Jefferson, OK",17904
"40069","Johnston, OK",18834
"40071","Kay, OK",25039
"40073","Kingfisher, OK",25881
"40075","Kiowa, OK",22310
"40077","Latimer, OK",21841
"40079","Le Flore, OK",19814
"40081","Lincoln, OK",20591
"40083","Logan, OK",22366
"40085","Love, OK",21875
"40087","McClain, OK",23660
"40089","McCurtain, OK",19453
"40091","McIntosh, OK",18993
"40093","Major, OK",23051
"40095","Marshall, OK",19628
"40097","Mayes, OK",21771
"40099","Murray, OK",19976
"40101","Muskogee, OK",21274
"40103","Noble, OK",21367
"40105","Nowata, OK",18271
"40107","Okfuskee, OK",15515
"40109","Oklahoma, OK",30372
"40111","Okmulgee, OK",18765
"40113","Osage, OK",21431
"40115","Ottawa, OK",19361
"40117","Pawnee, OK",20854
"40119","Payne, OK",21687
"40121","Pittsburg, OK",20784
"40123","Pontotoc, OK",22233
"40125","Pottawatomie, OK",24268
"40127","Pushmataha, OK",17503
"40129","Roger Mills, OK",23440
"40131","Rogers, OK",25014
"40133","Seminole, OK",18837
"40135","Sequoyah, OK",18576
"40137","Stephens, OK",22725
"40139","Texas, OK",29072
"40141","Tillman, OK",17955
"40143","Tulsa, OK",30280
"40145","Wagoner, OK",23468
"40147","Washington, OK",33873
"40149","Washita, OK",19443
"40151","Woods, OK",21584
"40153","Woodward, OK",22975
"41001","Baker, OR",20890
"41003","Benton, OR",30370
"41005","Clackamas, OR",35526
"41007","Clatsop, OR",26475
"41009","Columbia, OR",27267
"41011","Coos, OR",24251
"41013","Crook, OR",22217
"41015","Curry, OR",24524
"41017","Deschutes, OR",29263
"41019","Douglas, OR",23892
"41021","Gilliam, OR",18452
"41023","Grant, OR",23727
"41025","Harney, OR",21213
"41027","Hood River, OR",24971
"41029","Jackson, OR",27069
"41031","Jefferson, OR",20927
"41033","Josephine, OR",23191
"41035","Klamath, OR",22463
"41037","Lake, OR",22768
"41039","Lane, OR",27067
"41041","Lincoln, OR",25945
"41043","Linn, OR",24589
"41045","Malheur, OR",18914
"41047","Marion, OR",24657
"41049","Morrow, OR",20541
"41051","Multnomah, OR",32712
"41053","Polk, OR",25470
"41055","Sherman, OR",18731
"41057","Tillamook, OR",25145
"41059","Umatilla, OR",23294
"41061","Union, OR",24010
"41063","Wallowa, OR",22176
"41065","Wasco, OR",24423
"41067","Washington, OR",33339
"41069","Wheeler, OR",23141
"41071","Yamhill, OR",26360
"42001","Adams, PA",27966
"42003","Allegheny, PA",34667
"42005","Armstrong, PA",24236
"42007","Beaver, PA",26609
"42009","Bedford, PA",22754
"42011","Berks, PA",30363
"42013","Blair, PA",25170
"42015","Bradford, PA",23506
"42017","Bucks, PA",40772
"42019","Butler, PA",30311
"42021","Cambria, PA",24475
"42023","Cameron, PA",24493
"42025","Carbon, PA",25005
"42027","Centre, PA",26511
"42029","Chester, PA",47408
"42031","Clarion, PA",24028
"42033","Clearfield, PA",23632
"42035","Clinton, PA",21971
"42037","Columbia, PA",23988
"42039","Crawford, PA",23349
"42041","Cumberland, PA",33645
"42043","Dauphin, PA",31825
"42045","Delaware, PA",38582
"42047","Elk, PA",26075
"42049","Erie, PA",25908
"42051","Fayette, PA",23247
"42053","Forest, PA",20480
"42055","Franklin, PA",26840
"42057","Fulton, PA",23582
"42059","Greene, PA",21330
"42061","Huntingdon, PA",21321
"42063","Indiana, PA",23577
"42065","Jefferson, PA",23985
"42067","Juniata, PA",24009
"42069","Lackawanna, PA",28919
"42071","Lancaster, PA",30466
"42073","Lawrence, PA",23615
"42075","Lebanon, PA",28633
"42077","Lehigh, PA",33852
"42079","Luzerne, PA",27280
"42081","Lycoming, PA",24896
"42083","McKean, PA",24987
"42085","Mercer, PA",24280
"42087","Mifflin, PA",22202
"42089","Monroe, PA",26438
"42091","Montgomery, PA",49972
"42093","Montour, PA",27243
"42095","Northampton, PA",30505
"42097","Northumberland, PA",24857
"42099","Perry, PA",26489
"42101","Philadelphia, PA",25734
"42103","Pike, PA",26599
"42105","Potter, PA",24884
"42107","Schuylkill, PA",24511
"42109","Snyder, PA",26285
"42111","Somerset, PA",22582
"42113","Sullivan, PA",24151
"42115","Susquehanna, PA",24769
"42117","Tioga, PA",21788
"42119","Union, PA",24342
"42121","Venango, PA",25026
"42123","Warren, PA",25159
"42125","Washington, PA",29455
"42127","Wayne, PA",25880
"42129","Westmoreland, PA",29128
"42131","Wyoming, PA",24257
"42133","York, PA",29620
"44001","Bristol, RI",41959
"44003","Kent, RI",33222
"44005","Newport, RI",38092
"44007","Providence, RI",28487
"44009","Washington, RI",37021
"45001","Abbeville, SC",23345
"45003","Aiken, SC",25546
"45005","Allendale, SC",16792
"45007","Anderson, SC",24581
"45009","Bamberg, SC",17956
"45011","Barnwell, SC",18962
"45013","Beaufort, SC",34589
"45015","Berkeley, SC",21631
"45017","Calhoun, SC",23440
"45019","Charleston, SC",29772
"45021","Cherokee, SC",20918
"45023","Chester, SC",20891
"45025","Chesterfield, SC",20391
"45027","Clarendon, SC",19319
"45029","Colleton, SC",20898
"45031","Darlington, SC",23571
"45033","Dillon, SC",18817
"45035","Dorchester, SC",24413
"45037","Edgefield, SC",20824
"45039","Fairfield, SC",22705
"45041","Florence, SC",25024
"45043","Georgetown, SC",24777
"45045","Greenville, SC",30808
"45047","Greenwood, SC",24086
"45049","Hampton, SC",19481
"45051","Horry, SC",24665
"45053","Jasper, SC",18146
"45055","Kershaw, SC",24567
"45057","Lancaster, SC",22060
"45059","Laurens, SC",21762
"45061","Lee, SC",18806
"45063","Lexington, SC",29069
"45065","McCormick, SC",18170
"45067","Marion, SC",18560
"45069","Marlboro, SC",18367
"45071","Newberry, SC",22177
"45073","Oconee, SC",25129
"45075","Orangeburg, SC",21268
"45077","Pickens, SC",22573
"45079","Richland, SC",28390
"45081","Saluda, SC",22794
"45083","Spartanburg, SC",25310
"45085","Sumter, SC",21851
"45087","Union, SC",21318
"45089","Williamsburg, SC",17595
"45091","York, SC",26894
"46003","Aurora, SD",27299
"46005","Beadle, SD",28304
"46007","Bennett, SD",21491
"46009","Bon Homme, SD",23994
"46011","Brookings, SD",25079
"46013","Brown, SD",30242
"46015","Brule, SD",26121
"46017","Buffalo, SD",14002
"46019","Butte, SD",21915
"46021","Campbell, SD",26710
"46023","Charles Mix, SD",25640
"46025","Clark, SD",24421
"46027","Clay, SD",24455
"46029","Codington, SD",27138
"46031","Corson, SD",19868
"46033","Custer, SD",25703
"46035","Davison, SD",28907
"46037","Day, SD",24559
"46039","Deuel, SD",25571
"46041","Dewey, SD",18561
"46043","Douglas, SD",26575
"46045","Edmunds, SD",29015
"46047","Fall River, SD",24979
"46049","Faulk, SD",26227
"46051","Grant, SD",26438
"46053","Gregory, SD",27243
"46055","Haakon, SD",34086
"46057","Hamlin, SD",23849
"46059","Hand, SD",32513
"46061","Hanson, SD",22558
"46063","Harding, SD",25812
"46065","Hughes, SD",30013
"46067","Hutchinson, SD",26762
"46069","Hyde, SD",26297
"46071","Jackson, SD",17118
"46073","Jerauld, SD",29015
"46075","Jones, SD",29001
"46077","Kingsbury, SD",30303
"46079","Lake, SD",25263
"46081","Lawrence, SD",24135
"46083","Lincoln, SD",31649
"46085","Lyman, SD",25619
"46087","McCook, SD",27940
"46089","McPherson, SD",26312
"46091","Marshall, SD",23674
"46093","Meade, SD",25082
"46095","Mellette, SD",18100
"46097","Miner, SD",24994
"46099","Minnehaha, SD",31468
"46101","Moody, SD",26423
"46102","Oglala Lakota, SD*",14081
"46103","Pennington, SD",29602
"46105","Perkins, SD",29205
"46107","Potter, SD",39322
"46109","Roberts, SD",20893
"46111","Sanborn, SD",31631
"46115","Spink, SD",29847
"46117","Stanley, SD",33063
"46119","Sully, SD",40132
"46121","Todd, SD",13571
"46123","Tripp, SD",26043
"46125","Turner, SD",28555
"46127","Union, SD",41922
"46129","Walworth, SD",25089
"46135","Yankton, SD",26602
"46137","Ziebach, SD",14563
"47001","Anderson, TN",27818
"47003","Bedford, TN",23958
"47005","Benton, TN",19311
"47007","Bledsoe, TN",18126
"47009","Blount, TN",24830
"47011","Bradley, TN",23739
"47013","Campbell, TN",19277
"47015","Cannon, TN",22422
"47017","Carroll, TN",21832
"47019","Carter, TN",20096
"47021","Cheatham, TN",25707
"47023","Chester, TN",20214
"47025","Claiborne, TN",21254
"47027","Clay, TN",19356
"47029","Cocke, TN",18619
"47031","Coffee, TN",23957
"47033","Crockett, TN",21990
"47035","Cumberland, TN",22249
"47037","Davidson, TN",36896
"47039","Decatur, TN",21071
"47041","DeKalb, TN",21346
"47043","Dickson, TN",23402
"47045","Dyer, TN",24228
"47047","Fayette, TN",27585
"47049","Fentress, TN",19807
"47051","Franklin, TN",22821
"47053","Gibson, TN",22610
"47055","Giles, TN",22890
"47057","Grainger, TN",19815
"47059","Greene, TN",23662
"47061","Grundy, TN",19226
"47063","Hamblen, TN",23833
"47065","Hamilton, TN",30554
"47067","Hancock, TN",14993
"47069","Hardeman, TN",17548
"47071","Hardin, TN",22118
"47073","Hawkins, TN",21467
"47075","Haywood, TN",20333
"47077","Henderson, TN",21252
"47079","Henry, TN",22807
"47081","Hickman, TN",19028
"47083","Houston, TN",19950
"47085","Humphreys, TN",22518
"47087","Jackson, TN",19323
"47089","Jefferson, TN",22079
"47091","Johnson, TN",16623
"47093","Knox, TN",29255
"47095","Lake, TN",13581
"47097","Lauderdale, TN",17819
"47099","Lawrence, TN",21340
"47101","Lewis, TN",18774
"47103","Lincoln, TN",23019
"47105","Loudon, TN",26565
"47107","McMinn, TN",21360
"47109","McNairy, TN",21827
"47111","Macon, TN",20598
"47113","Madison, TN",24889
"47115","Marion, TN",21975
"47117","Marshall, TN",24372
"47119","Maury, TN",26288
"47121","Meigs, TN",17894
"47123","Monroe, TN",19621
"47125","Montgomery, TN",25443
"47127","Moore, TN",22921
"47129","Morgan, TN",18299
"47131","Obion, TN",25474
"47133","Overton, TN",19550
"47135","Perry, TN",21482
"47137","Pickett, TN",17538
"47139","Polk, TN",22023
"47141","Putnam, TN",24517
"47143","Rhea, TN",20237
"47145","Roane, TN",23066
"47147","Robertson, TN",25538
"47149","Rutherford, TN",25789
"47151","Scott, TN",18406
"47153","Sequatchie, TN",20874
"47155","Sevier, TN",24587
"47157","Shelby, TN",33692
"47159","Smith, TN",22954
"47161","Stewart, TN",21523
"47163","Sullivan, TN",25571
"47165","Sumner, TN",27786
"47167","Tipton, TN",24009
"47169","Trousdale, TN",21010
"47171","Unicoi, TN",23426
"47173","Union, TN",19016
"47175","Van Buren, TN",18434
"47177","Warren, TN",20194
"47179","Washington, TN",25567
"47181","Wayne, TN",16137
"47183","Weakley, TN",21823
"47185","White, TN",20016
"47187","Williamson, TN",44683
"47189","Wilson, TN",29426
"48001","Anderson, TX",18635
"48003","Andrews, TX",23044
"48005","Angelina, TX",23556
"48007","Aransas, TX",25284
"48009","Archer, TX",28734
"48011","Armstrong, TX",26712
"48013","Atascosa, TX",20254
"48015","Austin, TX",28083
"48017","Bailey, TX",25259
"48019","Bandera, TX",27023
"48021","Bastrop, TX",23986
"48023","Baylor, TX",24732
"48025","Bee, TX",16095
"48027","Bell, TX",26100
"48029","Bexar, TX",27860
"48031","Blanco, TX",29549
"48033","Borden, TX",22978
"48035","Bosque, TX",23296
"48037","Bowie, TX",24903
"48039","Brazoria, TX",28168
"48041","Brazos, TX",20934
"48043","Brewster, TX",27219
"48045","Briscoe, TX",24776
"48047","Brooks, TX",17534
"48049","Brown, TX",21553
"48051","Burleson, TX",22819
"48053","Burnet, TX",26543
"48055","Caldwell, TX",21311
"48057","Calhoun, TX",21221
"48059","Callahan, TX",22682
"48061","Cameron, TX",16691
"48063","Camp, TX",25403
"48065","Carson, TX",28386
"48067","Cass, TX",20893
"48069","Castro, TX",27013
"48071","Chambers, TX",27616
"48073","Cherokee, TX",21519
"48075","Childress, TX",16299
"48077","Clay, TX",24611
"48079","Cochran, TX",21968
"48081","Coke, TX",23020
"48083","Coleman, TX",21225
"48085","Collin, TX",43877
"48087","Collingsworth, TX",27745
"48089","Colorado, TX",25339
"48091","Comal, TX",30721
"48093","Comanche, TX",22823
"48095","Concho, TX",18229
"48097","Cooke, TX",24537
"48099","Coryell, TX",20955
"48101","Cottle, TX",29968
"48103","Crane, TX",20000
"48105","Crockett, TX",23925
"48107","Crosby, TX",21733
"48109","Culberson, TX",14925
"48111","Dallam, TX",34738
"48113","Dallas, TX",36807
"48115","Dawson, TX",17799
"48117","Deaf Smith, TX",26195
"48119","Delta, TX",19899
"48121","Denton, TX",33798
"48123","DeWitt, TX",21909
"48125","Dickens, TX",17202
"48127","Dimmit, TX",15408
"48129","Donley, TX",27737
"48131","Duval, TX",18581
"48133","Eastland, TX",23367
"48135","Ector, TX",22749
"48137","Edwards, TX",21773
"48139","Ellis, TX",27700
"48141","El Paso, TX",19428
"48143","Erath, TX",23566
"48145","Falls, TX",18077
"48147","Fannin, TX",20673
"48149","Fayette, TX",27423
"48151","Fisher, TX",23071
"48153","Floyd, TX",23924
"48155","Foard, TX",23009
"48157","Fort Bend, TX",36646
"48159","Franklin, TX",26450
"48161","Freestone, TX",20086
"48163","Frio, TX",16848
"48165","Gaines, TX",21955
"48167","Galveston, TX",30579
"48169","Garza, TX",19665
"48171","Gillespie, TX",27820
"48173","Glasscock, TX",22132
"48175","Goliad, TX",23653
"48177","Gonzales, TX",24852
"48179","Gray, TX",26477
"48181","Grayson, TX",23986
"48183","Gregg, TX",28384
"48185","Grimes, TX",19711
"48187","Guadalupe, TX",25745
"48189","Hale, TX",21477
"48191","Hall, TX",18571
"48193","Hamilton, TX",27051
"48195","Hansford, TX",37069
"48197","Hardeman, TX",23164
"48199","Hardin, TX",23541
"48201","Harris, TX",34962
"48203","Harrison, TX",23074
"48205","Hartley, TX",31701
"48207","Haskell, TX",23092
"48209","Hays, TX",25471
"48211","Hemphill, TX",35019
"48213","Henderson, TX",24024
"48215","Hidalgo, TX",14831
"48217","Hill, TX",20702
"48219","Hockley, TX",23523
"48221","Hood, TX",29093
"48223","Hopkins, TX",23390
"48225","Houston, TX",21927
"48227","Howard, TX",21917
"48229","Hudspeth, TX",15315
"48231","Hunt, TX",24083
"48233","Hutchinson, TX",22391
"48235","Irion, TX",31608
"48237","Jack, TX",19671
"48239","Jackson, TX",24618
"48241","Jasper, TX",19773
"48243","Jeff Davis, TX",25653
"48245","Jefferson, TX",25257
"48247","Jim Hogg, TX",20714
"48249","Jim Wells, TX",20874
"48251","Johnson, TX",25588
"48253","Jones, TX",18222
"48255","Karnes, TX",17443
"48257","Kaufman, TX",26361
"48259","Kendall, TX",38392
"48261","Kenedy, TX",31651
"48263","Kent, TX",25416
"48265","Kerr, TX",28865
"48267","Kimble, TX",22767
"48269","King, TX",37492
"48271","Kinney, TX",19542
"48273","Kleberg, TX",20814
"48275","Knox, TX",24282
"48277","Lamar, TX",22951
"48279","Lamb, TX",21045
"48281","Lampasas, TX",27560
"48283","La Salle, TX",17182
"48285","Lavaca, TX",25325
"48287","Lee, TX",24110
"48289","Leon, TX",24486
"48291","Liberty, TX",22263
"48293","Limestone, TX",19968
"48295","Lipscomb, TX",25536
"48297","Live Oak, TX",19569
"48299","Llano, TX",24618
"48301","Loving, TX",65682
"48303","Lubbock, TX",24493
"48305","Lynn, TX",20603
"48307","McCulloch, TX",22655
"48309","McLennan, TX",23750
"48311","McMullen, TX",30741
"48313","Madison, TX",19015
"48315","Marion, TX",17839
"48317","Martin, TX",21480
"48319","Mason, TX",21186
"48321","Matagorda, TX",22711
"48323","Maverick, TX",13422
"48325","Medina, TX",21054
"48327","Menard, TX",21246
"48329","Midland, TX",49854
"48331","Milam, TX",22333
"48333","Mills, TX",23717
"48335","Mitchell, TX",15863
"48337","Montague, TX",23448
"48339","Montgomery, TX",34407
"48341","Moore, TX",24409
"48343","Morris, TX",22478
"48345","Motley, TX",23296
"48347","Nacogdoches, TX",22399
"48349","Navarro, TX",21866
"48351","Newton, TX",16211
"48353","Nolan, TX",20952
"48355","Nueces, TX",26205
"48357","Ochiltree, TX",30857
"48359","Oldham, TX",31099
"48361","Orange, TX",23601
"48363","Palo Pinto, TX",22647
"48365","Panola, TX",22777
"48367","Parker, TX",29239
"48369","Parmer, TX",28409
"48371","Pecos, TX",16121
"48373","Polk, TX",23863
"48375","Potter, TX",23363
"48377","Presidio, TX",18090
"48379","Rains, TX",20347
"48381","Randall, TX",28104
"48383","Reagan, TX",21469
"48385","Real, TX",21197
"48387","Red River, TX",19512
"48389","Reeves, TX",16921
"48391","Refugio, TX",26865
"48393","Roberts, TX",26324
"48395","Robertson, TX",22139
"48397","Rockwall, TX",38805
"48399","Runnels, TX",20278
"48401","Rusk, TX",22399
"48403","Sabine, TX",21547
"48405","San Augustine, TX",19919
"48407","San Jacinto, TX",20608
"48409","San Patricio, TX",21151
"48411","San Saba, TX",20073
"48413","Schleicher, TX",22978
"48415","Scurry, TX",25721
"48417","Shackelford, TX",39964
"48419","Shelby, TX",22669
"48421","Sherman, TX",35988
"48423","Smith, TX",28149
"48425","Somervell, TX",26526
"48427","Starr, TX",12244
"48429","Stephens, TX",28773
"48431","Sterling, TX",26206
"48433","Stonewall, TX",29185
"48435","Sutton, TX",28533
"48437","Swisher, TX",25028
"48439","Tarrant, TX",31693
"48441","Taylor, TX",24614
"48443","Terrell, TX",31387
"48445","Terry, TX",21749
"48447","Throckmorton, TX",30832
"48449","Titus, TX",23072
"48451","Tom Green, TX",26548
"48453","Travis, TX",38014
"48455","Trinity, TX",19600
"48457","Tyler, TX",19022
"48459","Upshur, TX",22173
"48461","Upton, TX",24339
"48463","Uvalde, TX",20096
"48465","Val Verde, TX",18884
"48467","Van Zandt, TX",23781
"48469","Victoria, TX",28314
"48471","Walker, TX",16984
"48473","Waller, TX",22200
"48475","Ward, TX",21337
"48477","Washington, TX",33868
"48479","Webb, TX",18708
"48481","Wharton, TX",24765
"48483","Wheeler, TX",29959
"48485","Wichita, TX",26521
"48487","Wilbarger, TX",24211
"48489","Willacy, TX",15772
"48491","Williamson, TX",31261
"48493","Wilson, TX",23947
"48495","Winkler, TX",20776
"48497","Wise, TX",25592
"48499","Wood, TX",21434
"48501","Yoakum, TX",23957
"48503","Young, TX",27644
"48505","Zapata, TX",14486
"48507","Zavala, TX",12105
"49001","Beaver, UT",25184
"49003","Box Elder, UT",21991
"49005","Cache, UT",20516
"49007","Carbon, UT",23248
"49009","Daggett, UT",21764
"49011","Davis, UT",26559
"49013","Duchesne, UT",22512
"49015","Emery, UT",18901
"49017","Garfield, UT",19994
"49019","Grand, UT",21977
"49021","Iron, UT",18359
"49023","Juab, UT",19066
"49025","Kane, UT",24698
"49027","Millard, UT",20097
"49029","Morgan, UT",23040
"49031","Piute, UT",17956
"49033","Rich, UT",24829
"49035","Salt Lake, UT",27991
"49037","San Juan, UT",15024
"49039","Sanpete, UT",16507
"49041","Sevier, UT",19053
"49043","Summit, UT",45562
"49045","Tooele, UT",20829
"49047","Uintah, UT",21457
"49049","Utah, UT",20052
"49051","Wasatch, UT",23752
"49053","Washington, UT",20176
"49055","Wayne, UT",23188
"49057","Weber, UT",25026
"50001","Addison, VT",28524
"50003","Bennington, VT",32175
"50005","Caledonia, VT",24354
"50007","Chittenden, VT",34946
"50009","Essex, VT",20229
"50011","Franklin, VT",25834
"50013","Grand Isle, VT",31424
"50015","Lamoille, VT",31057
"50017","Orange, VT",26590
"50019","Orleans, VT",23683
"50021","Rutland, VT",29313
"50023","Washington, VT",31620
"50025","Windham, VT",30275
"50027","Windsor, VT",32375
"51001","Accomack, VA",21301
"51007","Amelia, VA",25808
"51009","Amherst, VA",22363
"51011","Appomattox, VA",24327
"51013","Arlington, VA",56571
"51017","Bath, VA",30103
"51019","Bedford, VA*",29575
"51021","Bland, VA",20053
"51023","Botetourt, VA",31237
"51025","Brunswick, VA",19174
"51027","Buchanan, VA",20047
"51029","Buckingham, VA",17372
"51033","Caroline, VA",26169
"51036","Charles City, VA",28798
"51037","Charlotte, VA",20628
"51041","Chesterfield, VA",34694
"51043","Clarke, VA",33991
"51045","Craig, VA",23637
"51047","Culpeper, VA",29103
"51049","Cumberland, VA",22311
"51051","Dickenson, VA",18066
"51057","Essex, VA",24573
"51061","Fauquier, VA",42086
"51063","Floyd, VA",22051
"51065","Fluvanna, VA",26480
"51067","Franklin, VA",26176
"51071","Giles, VA",22471
"51073","Gloucester, VA",28193
"51075","Goochland, VA",48799
"51077","Grayson, VA",21472
"51079","Greene, VA",25158
"51083","Halifax, VA",21076
"51085","Hanover, VA",35403
"51087","Henrico, VA",38997
"51091","Highland, VA",26745
"51093","Isle of Wight, VA",29337
"51097","King and Queen, VA",24743
"51099","King George, VA",29823
"51101","King William, VA",30238
"51103","Lancaster, VA",35028
"51105","Lee, VA",19430
"51107","Loudoun, VA",41819
"51109","Louisa, VA",26834
"51111","Lunenburg, VA",20267
"51113","Madison, VA",26103
"51115","Mathews, VA",35813
"51117","Mecklenburg, VA",22048
"51119","Middlesex, VA",29573
"51125","Nelson, VA",28237
"51127","New Kent, VA",31033
"51131","Northampton, VA",24992
"51133","Northumberland, VA",27507
"51135","Nottoway, VA",22842
"51137","Orange, VA",28472
"51139","Page, VA",23679
"51141","Patrick, VA",20043
"51145","Powhatan, VA",30443
"51147","Prince Edward, VA",18872
"51155","Pulaski, VA",24705
"51157","Rappahannock, VA",31130
"51159","Richmond, VA",18311
"51167","Russell, VA",19721
"51169","Scott, VA",20112
"51171","Shenandoah, VA",26620
"51173","Smyth, VA",21739
"51179","Stafford, VA",32095
"51181","Surry, VA",23332
"51183","Sussex, VA",20807
"51185","Tazewell, VA",23221
"51187","Warren, VA",27935
"51193","Westmoreland, VA",25559
"51197","Wythe, VA",21670
"51510","Alexandria (Independent City), VA",55158
"51550","Chesapeake (Independent City), VA",29882
"51650","Hampton (Independent City), VA",27631
"51700","Newport News (Independent City), VA",24799
"51710","Norfolk (Independent City), VA",27979
"51740","Portsmouth (Independent City), VA",23967
"51760","Richmond (Independent City), VA",33724
"51770","Roanoke (Independent City), VA",26612
"51800","Suffolk (Independent City), VA",27817
"51810","Virginia Beach (Independent City), VA",32884
"51901","Albemarle + Charlottesville, VA*",36888
"51903","Alleghany + Covington, VA*",23783
"51907","Augusta, Staunton + Waynesboro, VA*",25282
"51911","Campbell + Lynchburg, VA*",24991
"51913","Carroll + Galax, VA*",21491
"51918","Dinwiddie, Colonial Heights + Petersburg, VA*",27073
"51919","Fairfax, Fairfax City + Falls Church, VA*",53166
"51921","Frederick + Winchester, VA*",28985
"51923","Greensville + Emporia, VA*",18150
"51929","Henry + Martinsville, VA*",23185
"51931","James City + Williamsburg, VA*",37390
"51933","Montgomery + Radford, VA*",20770
"51939","Pittsylvania + Danville, VA*",23086
"51941","Prince George + Hopewell, VA*",24272
"51942","Prince William, Manassas + Manassas Park, VA*",33406
"51944","Roanoke + Salem, VA*",33826
"51945","Rockbridge, Buena Vista + Lexington, VA*",24169
"51947","Rockingham + Harrisonburg, VA*",24661
"51949","Southampton + Franklin, VA*",25289
"51951","Spotsylvania + Fredericksburg, VA*",30256
"51953","Washington + Bristol, VA*",27449
"51955","Wise + Norton, VA*",20703
"51958","York + Poquoson, VA*",33115
"53001","Adams, WA",21639
"53003","Asotin, WA",25868
"53005","Benton, WA",28990
"53007","Chelan, WA",26483
"53009","Clallam, WA",26610
"53011","Clark, WA",29844
"53013","Columbia, WA",28578
"53015","Cowlitz, WA",24778
"53017","Douglas, WA",22922
"53019","Ferry, WA",18244
"53021","Franklin, WA",21299
"53023","Garfield, WA",25297
"53025","Grant, WA",21681
"53027","Grays Harbor, WA",23088
"53029","Island, WA",29309
"53031","Jefferson, WA",31078
"53033","King, WA",45038
"53035","Kitsap, WA",31457
"53037","Kittitas, WA",24675
"53039","Klickitat, WA",23780
"53041","Lewis, WA",23943
"53043","Lincoln, WA",24646
"53045","Mason, WA",24668
"53047","Okanogan, WA",21415
"53049","Pacific, WA",22988
"53051","Pend Oreille, WA",22251
"53053","Pierce, WA",29879
"53055","San Juan, WA",41257
"53057","Skagit, WA",28497
"53059","Skamania, WA",23525
"53061","Snohomish, WA",32393
"53063","Spokane, WA",26472
"53065","Stevens, WA",20909
"53067","Thurston, WA",32381
"53069","Wahkiakum, WA",24479
"53071","Walla Walla, WA",25092
"53073","Whatcom, WA",26373
"53075","Whitman, WA",20710
"53077","Yakima, WA",22962
"54001","Barbour, WV",17980
"54003","Berkeley, WV",24350
"54005","Boone, WV",18472
"54007","Braxton, WV",16541
"54009","Brooke, WV",23726
"54011","Cabell, WV",25307
"54013","Calhoun, WV",16653
"54015","Clay, WV",16153
"54017","Doddridge, WV",17268
"54019","Fayette, WV",19798
"54021","Gilmer, WV",18760
"54023","Grant, WV",24415
"54025","Greenbrier, WV",22554
"54027","Hampshire, WV",19732
"54029","Hancock, WV",24074
"54031","Hardy, WV",20985
"54033","Harrison, WV",25392
"54035","Jackson, WV",20778
"54037","Jefferson, WV",28809
"54039","Kanawha, WV",30352
"54041","Lewis, WV",20503
"54043","Lincoln, WV",16415
"54045","Logan, WV",21216
"54047","McDowell, WV",16693
"54049","Marion, WV",25050
"54051","Marshall, WV",22142
"54053","Mason, WV",19397
"54055","Mercer, WV",23234
"54057","Mineral, WV",22393
"54059","Mingo, WV",20497
"54061","Monongalia, WV",25238
"54063","Monroe, WV",20273
"54065","Morgan, WV",25134
"54067","Nicholas, WV",21039
"54069","Ohio, WV",33360
"54071","Pendleton, WV",22817
"54073","Pleasants, WV",21976
"54075","Pocahontas, WV",22223
"54077","Preston, WV",19749
"54079","Putnam, WV",26905
"54081","Raleigh, WV",24027
"54083","Randolph, WV",22400
"54085","Ritchie, WV",20159
"54087","Roane, WV",17100
"54089","Summers, WV",17100
"54091","Taylor, WV",18708
"54093","Tucker, WV",20776
"54095","Tyler, WV",18634
"54097","Upshur, WV",19177
"54099","Wayne, WV",18532
"54101","Webster, WV",15801
"54103","Wetzel, WV",21895
"54105","Wirt, WV",17793
"54107","Wood, WV",24769
"54109","Wyoming, WV",18305
"55001","Adams, WI",22510
"55003","Ashland, WI",23736
"55005","Barron, WI",25990
"55007","Bayfield, WI",24350
"55009","Brown, WI",31296
"55011","Buffalo, WI",28883
"55013","Burnett, WI",23512
"55015","Calumet, WI",30226
"55017","Chippewa, WI",27298
"55019","Clark, WI",22932
"55021","Columbia, WI",30484
"55023","Crawford, WI",22369
"55025","Dane, WI",37145
"55027","Dodge, WI",26222
"55029","Door, WI",31078
"55031","Douglas, WI",23822
"55033","Dunn, WI",23789
"55035","Eau Claire, WI",27273
"55037","Florence, WI",26842
"55039","Fond du Lac, WI",29373
"55041","Forest, WI",21307
"55043","Grant, WI",24110
"55045","Green, WI",28993
"55047","Green Lake, WI",29159
"55049","Iowa, WI",28190
"55051","Iron, WI",25779
"55053","Jackson, WI",24620
"55055","Jefferson, WI",29468
"55057","Juneau, WI",23599
"55059","Kenosha, WI",28686
"55061","Kewaunee, WI",27389
"55063","La Crosse, WI",28069
"55065","Lafayette, WI",23691
"55067","Langlade, WI",23705
"55069","Lincoln, WI",25463
"55071","Manitowoc, WI",27825
"55073","Marathon, WI",29115
"55075","Marinette, WI",24431
"55077","Marquette, WI",22992
"55078","Menominee, WI*",18930
"55079","Milwaukee, WI",30889
"55081","Monroe, WI",23231
"55083","Oconto, WI",26072
"55085","Oneida, WI",27961
"55087","Outagamie, WI",31378
"55089","Ozaukee, WI",49801
"55091","Pepin, WI",26008
"55093","Pierce, WI",28528
"55095","Polk, WI",25803
"55097","Portage, WI",27683
"55099","Price, WI",25756
"55101","Racine, WI",31233
"55103","Richland, WI",23426
"55105","Rock, WI",27252
"55107","Rusk, WI",21619
"55109","St. Croix, WI",32454
"55111","Sauk, WI",29944
"55113","Sawyer, WI",25746
"55115","Shawano, WI*",23987
"55117","Sheboygan, WI",30697
"55119","Taylor, WI",23386
"55121","Trempealeau, WI",26965
"55123","Vernon, WI",21734
"55125","Vilas, WI",28945
"55127","Walworth, WI",28947
"55129","Washburn, WI",24490
"55131","Washington, WI",36116
"55133","Waukesha, WI",44031
"55135","Waupaca, WI",27479
"55137","Waushara, WI",23106
"55139","Winnebago, WI",29875
"55141","Wood, WI",30057
"55901","Shawano (includes Menominee), WI","(NA)"
"56001","Albany, WY",25536
"56003","Big Horn, WY",23400
"56005","Campbell, WY",32044
"56007","Carbon, WY",25582
"56009","Converse, WY",27893
"56011","Crook, WY",29457
"56013","Fremont, WY",24124
"56015","Goshen, WY",23468
"56017","Hot Springs, WY",26640
"56019","Johnson, WY",28833
"56021","Laramie, WY",29846
"56023","Lincoln, WY",25218
"56025","Natrona, WY",31203
"56027","Niobrara, WY",28719
"56029","Park, WY",29807
"56031","Platte, WY",26727
"56033","Sheridan, WY",35558
"56035","Sublette, WY",31109
"56037","Sweetwater, WY",30223
"56039","Teton, WY",75923
"56041","Uinta, WY",26848
"56043","Washakie, WY",28668
"56045","Weston, WY",28090
"Legend / Footnotes:"
"2/ Per capita personal income was computed using Census Bureau midyear population estimates. Estimates for 2010-2015 reflect county population estimates available as of March 2016."
"* Cibola, NM was separated from Valencia in June 1981, but in these estimates, Valencia includes Cibola through the end of 1981."
"* La Paz County, AZ was separated from Yuma County on January 1, 1983. The Yuma, AZ MSA contains the area that became La Paz County, AZ through 1982 and excludes it beginning with 1983."
"* Shawano, WI and Menominee, WI are combined as Shawano (incl. Menominee), WI for the years prior to 1989."
"* Broomfield County, CO, was created from parts of Adams, Boulder, Jefferson, and Weld counties effective November 15, 2001. Estimates for Broomfield county begin with 2002."
"* Estimates for 1979 forward reflect Alaska Census Areas as defined by the Census Bureau; those for prior years reflect Alaska Census Divisions as defined in the 1970 Decennial Census. Estimates from 1988 forward separate Aleutian Islands Census Area into Aleutians East Borough and Aleutians West Census Area. Estimates for 1991 forward separate Denali Borough from Yukon-Koyukuk Census Area and Lake and Peninsula Borough from Dillingham Census Area. Estimates from 1993 forward separate Skagway-Yakutat-Angoon Census Area into Skagway-Hoonah-Angoon Census Area and Yakutat Borough. Estimates from 2008 forward separate Skagway-Hoonah-Angoon Census Area into Skagway Municipality and Hoonah-Angoon Census Area. Estimates from 2009 forward separate Wrangell-Petersburg Census Area into Petersburg Census Area and Wrangell City and Borough. In addition, a part of the Prince of Wales-Outer Ketchikan Census Area was annexed by Ketchikan Gateway Borough and part (Meyers Chuck Area) was included in the new Wrangell City and Borough. The remainder of the Prince of Wales-Outer Ketchikan Census Area was renamed Prince of Wales-Hyder Census Area. Petersburg Borough was created from part of former Petersburg Census Area and part of Hoonah-Angoon Census Area for 2013 forward. Prince of Wales-Hyder Census Area added part of the former Petersburg Census Area beginning in 2013. For years 2009-2012, Petersburg Borough reflects the geographic boundaries of the former Petersburg Census Area. Wade Hampton Census Area was renamed Kusilvak Census Area on July 1, 2015."
"* Virginia combination areas consist of one or two independent cities with 1980 populations of less than 100,000 combined with an adjacent county. The county name appears first, followed by the city name(s). Separate estimates for the jurisdictions making up the combination area are not available. Bedford County, VA includes the independent city of Bedford for all years."
"* Shannon County, SD was renamed to Oglala Lakota County, SD on May 1, 2015."
"Note-- All dollar estimates are in current dollars (not adjusted for inflation)."
"(NA) Data not available for this year."
"Last updated: November 17, 2016-- new estimates for 2015; revised estimates for 1998-2014."
