"CA1 Personal Income Summary: Personal Income, Population, Per Capita Personal Income"
"Per capita personal income (dollars) 2/" 
"Bureau of Economic Analysis" 
"County"
"GeoFips","GeoName","2011"
"01001","Autauga, AL",34303
"01003","Baldwin, AL",37472
"01005","Barbour, AL",28202
"01007","Bibb, AL",25939
"01009","Blount, AL",28133
"01011","Bullock, AL",24181
"01013","Butler, AL",28930
"01015","Calhoun, AL",31447
"01017","Chambers, AL",28595
"01019","Cherokee, AL",28351
"01021","Chilton, AL",28625
"01023","Choctaw, AL",27218
"01025","Clarke, AL",28573
"01027","Clay, AL",28362
"01029","Cleburne, AL",27942
"01031","Coffee, AL",35581
"01033","Colbert, AL",32824
"01035","Conecuh, AL",26781
"01037","Coosa, AL",25455
"01039","Covington, AL",28991
"01041","Crenshaw, AL",28534
"01043","Cullman, AL",30951
"01045","Dale, AL",33555
"01047","Dallas, AL",29517
"01049","DeKalb, AL",25650
"01051","Elmore, AL",35064
"01053","Escambia, AL",27410
"01055","Etowah, AL",30917
"01057","Fayette, AL",26549
"01059","Franklin, AL",28569
"01061","Geneva, AL",29182
"01063","Greene, AL",28602
"01065","Hale, AL",31195
"01067","Henry, AL",32191
"01069","Houston, AL",36336
"01071","Jackson, AL",30269
"01073","Jefferson, AL",43241
"01075","Lamar, AL",27790
"01077","Lauderdale, AL",32116
"01079","Lawrence, AL",28222
"01081","Lee, AL",30267
"01083","Limestone, AL",34854
"01085","Lowndes, AL",31404
"01087","Macon, AL",26840
"01089","Madison, AL",43053
"01091","Marengo, AL",31512
"01093","Marion, AL",25285
"01095","Marshall, AL",29480
"01097","Mobile, AL",33383
"01099","Monroe, AL",27689
"01101","Montgomery, AL",36905
"01103","Morgan, AL",32827
"01105","Perry, AL",27507
"01107","Pickens, AL",29484
"01109","Pike, AL",32798
"01111","Randolph, AL",27692
"01113","Russell, AL",29105
"01115","St. Clair, AL",30637
"01117","Shelby, AL",43588
"01119","Sumter, AL",27260
"01121","Talladega, AL",28658
"01123","Tallapoosa, AL",32586
"01125","Tuscaloosa, AL",32861
"01127","Walker, AL",34097
"01129","Washington, AL",30619
"01131","Wilcox, AL",26060
"01133","Winston, AL",28130
"02010","Aleutian Islands Census Area, AK*","(NA)"
"02013","Aleutians East Borough, AK*",37692
"02016","Aleutians West Census Area, AK*",45834
"02020","Anchorage Municipality, AK",58207
"02050","Bethel Census Area, AK*",35840
"02060","Bristol Bay Borough, AK",53119
"02068","Denali Borough, AK*",59266
"02070","Dillingham Census Area, AK*",46170
"02090","Fairbanks North Star Borough, AK",50269
"02100","Haines Borough, AK",41594
"02105","Hoonah-Angoon Census Area, AK*",44686
"02110","Juneau City and Borough, AK",56871
"02122","Kenai Peninsula Borough, AK",46600
"02130","Ketchikan Gateway Borough, AK*",55795
"02150","Kodiak Island Borough, AK",52198
"02158","Kusilvak Census Area, AK*",26990
"02164","Lake and Peninsula Borough, AK*",46407
"02170","Matanuska-Susitna Borough, AK",42571
"02180","Nome Census Area, AK*",41670
"02185","North Slope Borough, AK",31454
"02188","Northwest Arctic Borough, AK",40062
"02195","Petersburg Borough, AK*",54468
"02198","Prince of Wales-Hyder Census Area, AK*",34918
"02201","Prince of Wales-Outer Ketchikan Census Area, AK*","(NA)"
"02220","Sitka City and Borough, AK",57608
"02230","Skagway Municipality, AK*",76730
"02231","Skagway-Yakutat-Angoon Census Area, AK*","(NA)"
"02232","Skagway-Hoonah-Angoon Census Area, AK*","(NA)"
"02240","Southeast Fairbanks Census Area, AK*",40152
"02261","Valdez-Cordova Census Area, AK*",54032
"02275","Wrangell City and Borough, AK*",40990
"02280","Wrangell-Petersburg Census Area, AK*","(NA)"
"02282","Yakutat City and Borough, AK*",52419
"02290","Yukon-Koyukuk Census Area, AK*",47760
"02901","Aleutian Islands Division, AK*","(NA)"
"02903","Angoon Division, AK*","(NA)"
"02904","Barrow-North Slope Division, AK*","(NA)"
"02905","Bethel Division, AK*","(NA)"
"02907","Bristol Bay Division, AK*","(NA)"
"02908","Cordova-McCarthy Division, AK*","(NA)"
"02910","Haines Division, AK*","(NA)"
"02912","Kenai-Cook Inlet Division, AK*","(NA)"
"02916","Kuskokwim Division, AK*","(NA)"
"02919","Outer Ketchikan Division, AK*","(NA)"
"02920","Prince of Wales Division, AK*","(NA)"
"02921","Seward Division, AK*","(NA)"
"02922","Sitka Division, AK*","(NA)"
"02923","Skagway-Yakutat Division, AK*","(NA)"
"02924","Southeast Fairbanks Division, AK*","(NA)"
"02925","Upper Yukon Division, AK*","(NA)"
"02926","Valdez-Chitina-Whittier Division, AK*","(NA)"
"02928","Wrangell-Petersburg Division, AK*","(NA)"
"02929","Yukon-Koyukuk Division, AK*","(NA)"
"04001","Apache, AZ",26623
"04003","Cochise, AZ",35732
"04005","Coconino, AZ",36648
"04007","Gila, AZ",31779
"04009","Graham, AZ",25206
"04011","Greenlee, AZ",32451
"04012","La Paz, AZ*",27759
"04013","Maricopa, AZ",37552
"04015","Mohave, AZ",25513
"04017","Navajo, AZ",25570
"04019","Pima, AZ",35159
"04021","Pinal, AZ",24325
"04023","Santa Cruz, AZ",30986
"04025","Yavapai, AZ",30255
"04027","Yuma, AZ*",27854
"05001","Arkansas, AR",36859
"05003","Ashley, AR",31658
"05005","Baxter, AR",30159
"05007","Benton, AR",56918
"05009","Boone, AR",28923
"05011","Bradley, AR",27628
"05013","Calhoun, AR",26965
"05015","Carroll, AR",25228
"05017","Chicot, AR",30314
"05019","Clark, AR",27767
"05021","Clay, AR",29680
"05023","Cleburne, AR",30277
"05025","Cleveland, AR",28655
"05027","Columbia, AR",30663
"05029","Conway, AR",31679
"05031","Craighead, AR",31742
"05033","Crawford, AR",27692
"05035","Crittenden, AR",30643
"05037","Cross, AR",31753
"05039","Dallas, AR",27421
"05041","Desha, AR",34617
"05043","Drew, AR",31899
"05045","Faulkner, AR",31792
"05047","Franklin, AR",25667
"05049","Fulton, AR",23675
"05051","Garland, AR",33714
"05053","Grant, AR",31543
"05055","Greene, AR",28380
"05057","Hempstead, AR",26566
"05059","Hot Spring, AR",26568
"05061","Howard, AR",25931
"05063","Independence, AR",30488
"05065","Izard, AR",25562
"05067","Jackson, AR",27110
"05069","Jefferson, AR",30067
"05071","Johnson, AR",23233
"05073","Lafayette, AR",27284
"05075","Lawrence, AR",25965
"05077","Lee, AR",27974
"05079","Lincoln, AR",21396
"05081","Little River, AR",29852
"05083","Logan, AR",28709
"05085","Lonoke, AR",32896
"05087","Madison, AR",24496
"05089","Marion, AR",24646
"05091","Miller, AR",29605
"05093","Mississippi, AR",32152
"05095","Monroe, AR",30514
"05097","Montgomery, AR",23904
"05099","Nevada, AR",30258
"05101","Newton, AR",23223
"05103","Ouachita, AR",31060
"05105","Perry, AR",29970
"05107","Phillips, AR",28946
"05109","Pike, AR",25994
"05111","Poinsett, AR",28087
"05113","Polk, AR",24484
"05115","Pope, AR",29425
"05117","Prairie, AR",28556
"05119","Pulaski, AR",42042
"05121","Randolph, AR",27002
"05123","St. Francis, AR",24592
"05125","Saline, AR",34525
"05127","Scott, AR",22547
"05129","Searcy, AR",25665
"05131","Sebastian, AR",35251
"05133","Sevier, AR",22110
"05135","Sharp, AR",26740
"05137","Stone, AR",24473
"05139","Union, AR",41197
"05141","Van Buren, AR",27057
"05143","Washington, AR",29768
"05145","White, AR",30260
"05147","Woodruff, AR",30918
"05149","Yell, AR",26017
"06001","Alameda, CA",50783
"06003","Alpine, CA",56054
"06005","Amador, CA",35686
"06007","Butte, CA",34429
"06009","Calaveras, CA",39553
"06011","Colusa, CA",41629
"06013","Contra Costa, CA",57336
"06015","Del Norte, CA",28012
"06017","El Dorado, CA",50359
"06019","Fresno, CA",33310
"06021","Glenn, CA",34171
"06023","Humboldt, CA",36783
"06025","Imperial, CA",31266
"06027","Inyo, CA",43745
"06029","Kern, CA",32499
"06031","Kings, CA",29696
"06033","Lake, CA",31754
"06035","Lassen, CA",29708
"06037","Los Angeles, CA",45969
"06039","Madera, CA",29825
"06041","Marin, CA",90091
"06043","Mariposa, CA",37832
"06045","Mendocino, CA",38470
"06047","Merced, CA",30397
"06049","Modoc, CA",37083
"06051","Mono, CA",41821
"06053","Monterey, CA",42391
"06055","Napa, CA",48452
"06057","Nevada, CA",47481
"06059","Orange, CA",51383
"06061","Placer, CA",49513
"06063","Plumas, CA",39662
"06065","Riverside, CA",31828
"06067","Sacramento, CA",40053
"06069","San Benito, CA",36951
"06071","San Bernardino, CA",30738
"06073","San Diego, CA",46374
"06075","San Francisco, CA",80974
"06077","San Joaquin, CA",33098
"06079","San Luis Obispo, CA",42501
"06081","San Mateo, CA",79465
"06083","Santa Barbara, CA",48421
"06085","Santa Clara, CA",66222
"06087","Santa Cruz, CA",49439
"06089","Shasta, CA",35054
"06091","Sierra, CA",32342
"06093","Siskiyou, CA",33600
"06095","Solano, CA",38617
"06097","Sonoma, CA",44625
"06099","Stanislaus, CA",33253
"06101","Sutter, CA",35894
"06103","Tehama, CA",30004
"06105","Trinity, CA",29088
"06107","Tulare, CA",31928
"06109","Tuolumne, CA",35786
"06111","Ventura, CA",47679
"06113","Yolo, CA",42738
"06115","Yuba, CA",32702
"08001","Adams, CO*",32105
"08003","Alamosa, CO",30307
"08005","Arapahoe, CO",45432
"08007","Archuleta, CO",32272
"08009","Baca, CO",41906
"08011","Bent, CO",25096
"08013","Boulder, CO*",51764
"08014","Broomfield, CO*",73428
"08015","Chaffee, CO",31611
"08017","Cheyenne, CO",58598
"08019","Clear Creek, CO",45481
"08021","Conejos, CO",26609
"08023","Costilla, CO",27947
"08025","Crowley, CO",18787
"08027","Custer, CO",35773
"08029","Delta, CO",30235
"08031","Denver, CO",53016
"08033","Dolores, CO",26688
"08035","Douglas, CO",56321
"08037","Eagle, CO",44668
"08039","Elbert, CO",47730
"08041","El Paso, CO",39630
"08043","Fremont, CO",26461
"08045","Garfield, CO",39491
"08047","Gilpin, CO",34520
"08049","Grand, CO",31558
"08051","Gunnison, CO",35186
"08053","Hinsdale, CO",37343
"08055","Huerfano, CO",31400
"08057","Jackson, CO",37993
"08059","Jefferson, CO*",45302
"08061","Kiowa, CO",47706
"08063","Kit Carson, CO",35265
"08065","Lake, CO",27377
"08067","La Plata, CO",42349
"08069","Larimer, CO",38970
"08071","Las Animas, CO",30562
"08073","Lincoln, CO",30917
"08075","Logan, CO",38870
"08077","Mesa, CO",34832
"08079","Mineral, CO",41962
"08081","Moffat, CO",35162
"08083","Montezuma, CO",32259
"08085","Montrose, CO",30323
"08087","Morgan, CO",34026
"08089","Otero, CO",30320
"08091","Ouray, CO",39406
"08093","Park, CO",34276
"08095","Phillips, CO",44265
"08097","Pitkin, CO",92845
"08099","Prowers, CO",33026
"08101","Pueblo, CO",30689
"08103","Rio Blanco, CO",38062
"08105","Rio Grande, CO",34020
"08107","Routt, CO",59236
"08109","Saguache, CO",29865
"08111","San Juan, CO",38118
"08113","San Miguel, CO",48419
"08115","Sedgwick, CO",44707
"08117","Summit, CO",45012
"08119","Teller, CO",40547
"08121","Washington, CO",39506
"08123","Weld, CO*",34576
"08125","Yuma, CO",43839
"09001","Fairfield, CT",105745
"09003","Hartford, CT",52776
"09005","Litchfield, CT",51543
"09007","Middlesex, CT",54421
"09009","New Haven, CT",46373
"09011","New London, CT",47862
"09013","Tolland, CT",46613
"09015","Windham, CT",38641
"10001","Kent, DE",35199
"10003","New Castle, DE",48243
"10005","Sussex, DE",38471
"11001","District of Columbia, DC",65776
"12001","Alachua, FL",36946
"12003","Baker, FL",26263
"12005","Bay, FL",37706
"12007","Bradford, FL",24731
"12009","Brevard, FL",38469
"12011","Broward, FL",41735
"12013","Calhoun, FL",22929
"12015","Charlotte, FL",33923
"12017","Citrus, FL",31931
"12019","Clay, FL",35155
"12021","Collier, FL",67204
"12023","Columbia, FL",29873
"12027","DeSoto, FL",22557
"12029","Dixie, FL",21862
"12031","Duval, FL",38160
"12033","Escambia, FL",35925
"12035","Flagler, FL",35003
"12037","Franklin, FL",31783
"12039","Gadsden, FL",29034
"12041","Gilchrist, FL",27331
"12043","Glades, FL",19354
"12045","Gulf, FL",26957
"12047","Hamilton, FL",22741
"12049","Hardee, FL",23365
"12051","Hendry, FL",26064
"12053","Hernando, FL",31214
"12055","Highlands, FL",29782
"12057","Hillsborough, FL",42692
"12059","Holmes, FL",25247
"12061","Indian River, FL",59525
"12063","Jackson, FL",28518
"12065","Jefferson, FL",33785
"12067","Lafayette, FL",20074
"12069","Lake, FL",33423
"12071","Lee, FL",41762
"12073","Leon, FL",38397
"12075","Levy, FL",28877
"12077","Liberty, FL",24306
"12079","Madison, FL",25521
"12081","Manatee, FL",40453
"12083","Marion, FL",31726
"12085","Martin, FL",59532
"12086","Miami-Dade, FL",38880
"12087","Monroe, FL",64482
"12089","Nassau, FL",45309
"12091","Okaloosa, FL",41960
"12093","Okeechobee, FL",25694
"12095","Orange, FL",35498
"12097","Osceola, FL",27864
"12099","Palm Beach, FL",59721
"12101","Pasco, FL",33590
"12103","Pinellas, FL",44078
"12105","Polk, FL",32386
"12107","Putnam, FL",26760
"12109","St. Johns, FL",55674
"12111","St. Lucie, FL",32053
"12113","Santa Rosa, FL",37452
"12115","Sarasota, FL",49125
"12117","Seminole, FL",37865
"12119","Sumter, FL",33523
"12121","Suwannee, FL",28310
"12123","Taylor, FL",28153
"12125","Union, FL",17383
"12127","Volusia, FL",34475
"12129","Wakulla, FL",29300
"12131","Walton, FL",42660
"12133","Washington, FL",26226
"13001","Appling, GA",26840
"13003","Atkinson, GA",23280
"13005","Bacon, GA",25966
"13007","Baker, GA",35750
"13009","Baldwin, GA",26330
"13011","Banks, GA",26117
"13013","Barrow, GA",28030
"13015","Bartow, GA",29672
"13017","Ben Hill, GA",26370
"13019","Berrien, GA",26203
"13021","Bibb, GA",35675
"13023","Bleckley, GA",29757
"13025","Brantley, GA",22043
"13027","Brooks, GA",30981
"13029","Bryan, GA",44174
"13031","Bulloch, GA",26236
"13033","Burke, GA",29378
"13035","Butts, GA",26154
"13037","Calhoun, GA",23554
"13039","Camden, GA",30447
"13043","Candler, GA",25380
"13045","Carroll, GA",30438
"13047","Catoosa, GA",28962
"13049","Charlton, GA",21168
"13051","Chatham, GA",40043
"13053","Chattahoochee, GA",32807
"13055","Chattooga, GA",24880
"13057","Cherokee, GA",38378
"13059","Clarke, GA",26703
"13061","Clay, GA",26763
"13063","Clayton, GA",25884
"13065","Clinch, GA",27111
"13067","Cobb, GA",44090
"13069","Coffee, GA",25877
"13071","Colquitt, GA",27971
"13073","Columbia, GA",41399
"13075","Cook, GA",25764
"13077","Coweta, GA",35409
"13079","Crawford, GA",28885
"13081","Crisp, GA",25381
"13083","Dade, GA",26434
"13085","Dawson, GA",32725
"13087","Decatur, GA",31755
"13089","DeKalb, GA",39571
"13091","Dodge, GA",26203
"13093","Dooly, GA",21054
"13095","Dougherty, GA",31747
"13097","Douglas, GA",29718
"13099","Early, GA",33155
"13101","Echols, GA",21093
"13103","Effingham, GA",33950
"13105","Elbert, GA",27685
"13107","Emanuel, GA",26583
"13109","Evans, GA",26592
"13111","Fannin, GA",26842
"13113","Fayette, GA",47805
"13115","Floyd, GA",31669
"13117","Forsyth, GA",49007
"13119","Franklin, GA",27935
"13121","Fulton, GA",65465
"13123","Gilmer, GA",25114
"13125","Glascock, GA",25816
"13127","Glynn, GA",37650
"13129","Gordon, GA",27285
"13131","Grady, GA",29428
"13133","Greene, GA",40933
"13135","Gwinnett, GA",33545
"13137","Habersham, GA",26245
"13139","Hall, GA",32124
"13141","Hancock, GA",21653
"13143","Haralson, GA",28390
"13145","Harris, GA",38456
"13147","Hart, GA",28190
"13149","Heard, GA",24951
"13151","Henry, GA",31583
"13153","Houston, GA",37059
"13155","Irwin, GA",28429
"13157","Jackson, GA",30348
"13159","Jasper, GA",27619
"13161","Jeff Davis, GA",25543
"13163","Jefferson, GA",28182
"13165","Jenkins, GA",27422
"13167","Johnson, GA",20980
"13169","Jones, GA",30764
"13171","Lamar, GA",27174
"13173","Lanier, GA",22344
"13175","Laurens, GA",30054
"13177","Lee, GA",37585
"13179","Liberty, GA",30585
"13181","Lincoln, GA",28996
"13183","Long, GA",22096
"13185","Lowndes, GA",30593
"13187","Lumpkin, GA",28079
"13189","McDuffie, GA",29159
"13191","McIntosh, GA",23270
"13193","Macon, GA",23017
"13195","Madison, GA",28030
"13197","Marion, GA",21506
"13199","Meriwether, GA",28590
"13201","Miller, GA",34654
"13205","Mitchell, GA",27869
"13207","Monroe, GA",35755
"13209","Montgomery, GA",25298
"13211","Morgan, GA",35505
"13213","Murray, GA",23703
"13215","Muscogee, GA",36893
"13217","Newton, GA",27457
"13219","Oconee, GA",46359
"13221","Oglethorpe, GA",27856
"13223","Paulding, GA",29093
"13225","Peach, GA",30832
"13227","Pickens, GA",35744
"13229","Pierce, GA",29307
"13231","Pike, GA",30272
"13233","Polk, GA",26538
"13235","Pulaski, GA",25073
"13237","Putnam, GA",30138
"13239","Quitman, GA",23794
"13241","Rabun, GA",31951
"13243","Randolph, GA",27492
"13245","Richmond, GA",32338
"13247","Rockdale, GA",30552
"13249","Schley, GA",24556
"13251","Screven, GA",26176
"13253","Seminole, GA",33857
"13255","Spalding, GA",28932
"13257","Stephens, GA",28927
"13259","Stewart, GA",21167
"13261","Sumter, GA",28949
"13263","Talbot, GA",27119
"13265","Taliaferro, GA",22627
"13267","Tattnall, GA",25429
"13269","Taylor, GA",24432
"13271","Telfair, GA",18447
"13273","Terrell, GA",34118
"13275","Thomas, GA",35776
"13277","Tift, GA",31051
"13279","Toombs, GA",30307
"13281","Towns, GA",29685
"13283","Treutlen, GA",24901
"13285","Troup, GA",31508
"13287","Turner, GA",29757
"13289","Twiggs, GA",28782
"13291","Union, GA",30571
"13293","Upson, GA",28568
"13295","Walker, GA",26756
"13297","Walton, GA",30557
"13299","Ware, GA",27931
"13301","Warren, GA",27116
"13303","Washington, GA",27643
"13305","Wayne, GA",29892
"13307","Webster, GA",24325
"13309","Wheeler, GA",14905
"13311","White, GA",26741
"13313","Whitfield, GA",27769
"13315","Wilcox, GA",22983
"13317","Wilkes, GA",26769
"13319","Wilkinson, GA",26810
"13321","Worth, GA",30149
"15001","Hawaii, HI",31928
"15003","Honolulu, HI",46452
"15007","Kauai, HI",36129
"15901","Maui + Kalawao, HI",36675
"16001","Ada, ID",39278
"16003","Adams, ID",29419
"16005","Bannock, ID",29636
"16007","Bear Lake, ID",30465
"16009","Benewah, ID",28028
"16011","Bingham, ID",31122
"16013","Blaine, ID",67431
"16015","Boise, ID",31452
"16017","Bonner, ID",31254
"16019","Bonneville, ID",35446
"16021","Boundary, ID",27567
"16023","Butte, ID",30860
"16025","Camas, ID",31500
"16027","Canyon, ID",25532
"16029","Caribou, ID",34513
"16031","Cassia, ID",34515
"16033","Clark, ID",31781
"16035","Clearwater, ID",30198
"16037","Custer, ID",35964
"16039","Elmore, ID",29540
"16041","Franklin, ID",26777
"16043","Fremont (includes Yellowstone Park), ID",28297
"16045","Gem, ID",27785
"16047","Gooding, ID",43759
"16049","Idaho, ID",26684
"16051","Jefferson, ID",29833
"16053","Jerome, ID",31126
"16055","Kootenai, ID",33320
"16057","Latah, ID",32884
"16059","Lemhi, ID",30892
"16061","Lewis, ID",45684
"16063","Lincoln, ID",33649
"16065","Madison, ID",19722
"16067","Minidoka, ID",32927
"16069","Nez Perce, ID",35253
"16071","Oneida, ID",28919
"16073","Owyhee, ID",28240
"16075","Payette, ID",31414
"16077","Power, ID",35398
"16079","Shoshone, ID",30729
"16081","Teton, ID",25297
"16083","Twin Falls, ID",31147
"16085","Valley, ID",36181
"16087","Washington, ID",31707
"17001","Adams, IL",38033
"17003","Alexander, IL",26594
"17005","Bond, IL",30771
"17007","Boone, IL",36983
"17009","Brown, IL",25602
"17011","Bureau, IL",37124
"17013","Calhoun, IL",35514
"17015","Carroll, IL",40066
"17017","Cass, IL",34512
"17019","Champaign, IL",37799
"17021","Christian, IL",37006
"17023","Clark, IL",36091
"17025","Clay, IL",33786
"17027","Clinton, IL",38201
"17029","Coles, IL",33298
"17031","Cook, IL",45332
"17033","Crawford, IL",38933
"17035","Cumberland, IL",34641
"17037","DeKalb, IL",33412
"17039","De Witt, IL",40986
"17041","Douglas, IL",41923
"17043","DuPage, IL",55246
"17045","Edgar, IL",36038
"17047","Edwards, IL",33371
"17049","Effingham, IL",40894
"17051","Fayette, IL",29500
"17053","Ford, IL",44347
"17055","Franklin, IL",31322
"17057","Fulton, IL",32741
"17059","Gallatin, IL",37656
"17061","Greene, IL",34356
"17063","Grundy, IL",53311
"17065","Hamilton, IL",35565
"17067","Hancock, IL",37533
"17069","Hardin, IL",30810
"17071","Henderson, IL",36345
"17073","Henry, IL",39695
"17075","Iroquois, IL",39242
"17077","Jackson, IL",31487
"17079","Jasper, IL",38182
"17081","Jefferson, IL",33305
"17083","Jersey, IL",34982
"17085","Jo Daviess, IL",41061
"17087","Johnson, IL",24751
"17089","Kane, IL",40330
"17091","Kankakee, IL",33577
"17093","Kendall, IL",39422
"17095","Knox, IL",36261
"17097","Lake, IL",60170
"17099","LaSalle, IL",36913
"17101","Lawrence, IL",35807
"17103","Lee, IL",36510
"17105","Livingston, IL",38010
"17107","Logan, IL",32554
"17109","McDonough, IL",33218
"17111","McHenry, IL",43352
"17113","McLean, IL",42220
"17115","Macon, IL",41082
"17117","Macoupin, IL",34449
"17119","Madison, IL",37848
"17121","Marion, IL",35081
"17123","Marshall, IL",38817
"17125","Mason, IL",36245
"17127","Massac, IL",31998
"17129","Menard, IL",39028
"17131","Mercer, IL",40664
"17133","Monroe, IL",46005
"17135","Montgomery, IL",32314
"17137","Morgan, IL",35468
"17139","Moultrie, IL",49725
"17141","Ogle, IL",38217
"17143","Peoria, IL",45780
"17145","Perry, IL",31091
"17147","Piatt, IL",44796
"17149","Pike, IL",33665
"17151","Pope, IL",28094
"17153","Pulaski, IL",33516
"17155","Putnam, IL",43127
"17157","Randolph, IL",32153
"17159","Richland, IL",34923
"17161","Rock Island, IL",38911
"17163","St. Clair, IL",37292
"17165","Saline, IL",34743
"17167","Sangamon, IL",40386
"17169","Schuyler, IL",39064
"17171","Scott, IL",36147
"17173","Shelby, IL",35493
"17175","Stark, IL",39293
"17177","Stephenson, IL",36138
"17179","Tazewell, IL",40505
"17181","Union, IL",33733
"17183","Vermilion, IL",33866
"17185","Wabash, IL",38145
"17187","Warren, IL",35269
"17189","Washington, IL",49253
"17191","Wayne, IL",36503
"17193","White, IL",42322
"17195","Whiteside, IL",37759
"17197","Will, IL",41190
"17199","Williamson, IL",37487
"17201","Winnebago, IL",34711
"17203","Woodford, IL",44302
"18001","Adams, IN",30854
"18003","Allen, IN",36383
"18005","Bartholomew, IN",40166
"18007","Benton, IN",39296
"18009","Blackford, IN",32421
"18011","Boone, IN",54867
"18013","Brown, IN",36332
"18015","Carroll, IN",35895
"18017","Cass, IN",31720
"18019","Clark, IN",38580
"18021","Clay, IN",31274
"18023","Clinton, IN",32114
"18025","Crawford, IN",27825
"18027","Daviess, IN",34248
"18029","Dearborn, IN",36521
"18031","Decatur, IN",34361
"18033","DeKalb, IN",34103
"18035","Delaware, IN",29137
"18037","Dubois, IN",43568
"18039","Elkhart, IN",32222
"18041","Fayette, IN",30837
"18043","Floyd, IN",40612
"18045","Fountain, IN",33870
"18047","Franklin, IN",38367
"18049","Fulton, IN",34351
"18051","Gibson, IN",35382
"18053","Grant, IN",32221
"18055","Greene, IN",32440
"18057","Hamilton, IN",56621
"18059","Hancock, IN",39838
"18061","Harrison, IN",34256
"18063","Hendricks, IN",39173
"18065","Henry, IN",30199
"18067","Howard, IN",32956
"18069","Huntington, IN",33540
"18071","Jackson, IN",35571
"18073","Jasper, IN",36616
"18075","Jay, IN",32739
"18077","Jefferson, IN",34136
"18079","Jennings, IN",29622
"18081","Johnson, IN",38461
"18083","Knox, IN",36319
"18085","Kosciusko, IN",36027
"18087","Lagrange, IN",27035
"18089","Lake, IN",35543
"18091","LaPorte, IN",33723
"18093","Lawrence, IN",32051
"18095","Madison, IN",30149
"18097","Marion, IN",43992
"18099","Marshall, IN",32812
"18101","Martin, IN",35798
"18103","Miami, IN",27323
"18105","Monroe, IN",31694
"18107","Montgomery, IN",34477
"18109","Morgan, IN",35697
"18111","Newton, IN",34225
"18113","Noble, IN",30425
"18115","Ohio, IN",34739
"18117","Orange, IN",30938
"18119","Owen, IN",30340
"18121","Parke, IN",28720
"18123","Perry, IN",30337
"18125","Pike, IN",31293
"18127","Porter, IN",41036
"18129","Posey, IN",40721
"18131","Pulaski, IN",36823
"18133","Putnam, IN",29305
"18135","Randolph, IN",32506
"18137","Ripley, IN",37090
"18139","Rush, IN",34686
"18141","St. Joseph, IN",36249
"18143","Scott, IN",28736
"18145","Shelby, IN",33227
"18147","Spencer, IN",35871
"18149","Starke, IN",27993
"18151","Steuben, IN",32766
"18153","Sullivan, IN",29860
"18155","Switzerland, IN",25233
"18157","Tippecanoe, IN",31792
"18159","Tipton, IN",35568
"18161","Union, IN",29569
"18163","Vanderburgh, IN",40037
"18165","Vermillion, IN",32717
"18167","Vigo, IN",32009
"18169","Wabash, IN",33804
"18171","Warren, IN",38055
"18173","Warrick, IN",43016
"18175","Washington, IN",29958
"18177","Wayne, IN",31843
"18179","Wells, IN",34889
"18181","White, IN",35856
"18183","Whitley, IN",34921
"19001","Adair, IA",40414
"19003","Adams, IA",46444
"19005","Allamakee, IA",37654
"19007","Appanoose, IA",31896
"19009","Audubon, IA",50910
"19011","Benton, IA",42048
"19013","Black Hawk, IA",37055
"19015","Boone, IA",41820
"19017","Bremer, IA",41865
"19019","Buchanan, IA",42223
"19021","Buena Vista, IA",42727
"19023","Butler, IA",44230
"19025","Calhoun, IA",46374
"19027","Carroll, IA",45119
"19029","Cass, IA",38884
"19031","Cedar, IA",43520
"19033","Cerro Gordo, IA",41784
"19035","Cherokee, IA",43976
"19037","Chickasaw, IA",43850
"19039","Clarke, IA",32474
"19041","Clay, IA",43792
"19043","Clayton, IA",41482
"19045","Clinton, IA",37501
"19047","Crawford, IA",40329
"19049","Dallas, IA",51482
"19051","Davis, IA",31778
"19053","Decatur, IA",29415
"19055","Delaware, IA",39784
"19057","Des Moines, IA",38336
"19059","Dickinson, IA",46295
"19061","Dubuque, IA",39071
"19063","Emmet, IA",39511
"19065","Fayette, IA",37242
"19067","Floyd, IA",38257
"19069","Franklin, IA",48450
"19071","Fremont, IA",43607
"19073","Greene, IA",47115
"19075","Grundy, IA",47010
"19077","Guthrie, IA",45056
"19079","Hamilton, IA",45377
"19081","Hancock, IA",45314
"19083","Hardin, IA",46285
"19085","Harrison, IA",39424
"19087","Henry, IA",33508
"19089","Howard, IA",42197
"19091","Humboldt, IA",43891
"19093","Ida, IA",45854
"19095","Iowa, IA",43512
"19097","Jackson, IA",37598
"19099","Jasper, IA",36478
"19101","Jefferson, IA",34921
"19103","Johnson, IA",42244
"19105","Jones, IA",36491
"19107","Keokuk, IA",40017
"19109","Kossuth, IA",50295
"19111","Lee, IA",33210
"19113","Linn, IA",43006
"19115","Louisa, IA",34248
"19117","Lucas, IA",34372
"19119","Lyon, IA",48499
"19121","Madison, IA",39696
"19123","Mahaska, IA",35540
"19125","Marion, IA",37463
"19127","Marshall, IA",35664
"19129","Mills, IA",45264
"19131","Mitchell, IA",42545
"19133","Monona, IA",39943
"19135","Monroe, IA",35419
"19137","Montgomery, IA",36788
"19139","Muscatine, IA",38490
"19141","O'Brien, IA",48026
"19143","Osceola, IA",47470
"19145","Page, IA",34399
"19147","Palo Alto, IA",45483
"19149","Plymouth, IA",45925
"19151","Pocahontas, IA",50037
"19153","Polk, IA",42988
"19155","Pottawattamie, IA",35721
"19157","Poweshiek, IA",39700
"19159","Ringgold, IA",37849
"19161","Sac, IA",49131
"19163","Scott, IA",46342
"19165","Shelby, IA",46938
"19167","Sioux, IA",39240
"19169","Story, IA",34566
"19171","Tama, IA",41352
"19173","Taylor, IA",38990
"19175","Union, IA",35987
"19177","Van Buren, IA",32981
"19179","Wapello, IA",32635
"19181","Warren, IA",39814
"19183","Washington, IA",43842
"19185","Wayne, IA",36654
"19187","Webster, IA",37984
"19189","Winnebago, IA",37986
"19191","Winneshiek, IA",39548
"19193","Woodbury, IA",36077
"19195","Worth, IA",40157
"19197","Wright, IA",46661
"20001","Allen, KS",34744
"20003","Anderson, KS",35594
"20005","Atchison, KS",32392
"20007","Barber, KS",43232
"20009","Barton, KS",43887
"20011","Bourbon, KS",33649
"20013","Brown, KS",41748
"20015","Butler, KS",37998
"20017","Chase, KS",41004
"20019","Chautauqua, KS",38958
"20021","Cherokee, KS",31668
"20023","Cheyenne, KS",53201
"20025","Clark, KS",46838
"20027","Clay, KS",46203
"20029","Cloud, KS",33541
"20031","Coffey, KS",46523
"20033","Comanche, KS",38044
"20035","Cowley, KS",33363
"20037","Crawford, KS",32452
"20039","Decatur, KS",46389
"20041","Dickinson, KS",43324
"20043","Doniphan, KS",33386
"20045","Douglas, KS",34534
"20047","Edwards, KS",55233
"20049","Elk, KS",38210
"20051","Ellis, KS",43310
"20053","Ellsworth, KS",35694
"20055","Finney, KS",37352
"20057","Ford, KS",32749
"20059","Franklin, KS",33285
"20061","Geary, KS",42295
"20063","Gove, KS",71505
"20065","Graham, KS",52281
"20067","Grant, KS",40204
"20069","Gray, KS",61864
"20071","Greeley, KS",72107
"20073","Greenwood, KS",34525
"20075","Hamilton, KS",52405
"20077","Harper, KS",44124
"20079","Harvey, KS",35306
"20081","Haskell, KS",73605
"20083","Hodgeman, KS",45280
"20085","Jackson, KS",35369
"20087","Jefferson, KS",36795
"20089","Jewell, KS",53054
"20091","Johnson, KS",54510
"20093","Kearny, KS",51853
"20095","Kingman, KS",38555
"20097","Kiowa, KS",38169
"20099","Labette, KS",36762
"20101","Lane, KS",68273
"20103","Leavenworth, KS",35876
"20105","Lincoln, KS",38519
"20107","Linn, KS",31021
"20109","Logan, KS",51941
"20111","Lyon, KS",30308
"20113","McPherson, KS",44031
"20115","Marion, KS",32918
"20117","Marshall, KS",44543
"20119","Meade, KS",57931
"20121","Miami, KS",38721
"20123","Mitchell, KS",48803
"20125","Montgomery, KS",34651
"20127","Morris, KS",37915
"20129","Morton, KS",41014
"20131","Nemaha, KS",48566
"20133","Neosho, KS",30444
"20135","Ness, KS",46271
"20137","Norton, KS",39288
"20139","Osage, KS",34286
"20141","Osborne, KS",46014
"20143","Ottawa, KS",36795
"20145","Pawnee, KS",36721
"20147","Phillips, KS",48234
"20149","Pottawatomie, KS",45927
"20151","Pratt, KS",45488
"20153","Rawlins, KS",57125
"20155","Reno, KS",34964
"20157","Republic, KS",45961
"20159","Rice, KS",37398
"20161","Riley, KS",37294
"20163","Rooks, KS",42546
"20165","Rush, KS",42396
"20167","Russell, KS",49052
"20169","Saline, KS",39240
"20171","Scott, KS",58747
"20173","Sedgwick, KS",44335
"20175","Seward, KS",32740
"20177","Shawnee, KS",39339
"20179","Sheridan, KS",63092
"20181","Sherman, KS",44808
"20183","Smith, KS",47436
"20185","Stafford, KS",56204
"20187","Stanton, KS",69013
"20189","Stevens, KS",44119
"20191","Sumner, KS",34788
"20193","Thomas, KS",47786
"20195","Trego, KS",40421
"20197","Wabaunsee, KS",42057
"20199","Wallace, KS",56405
"20201","Washington, KS",44275
"20203","Wichita, KS",72704
"20205","Wilson, KS",34656
"20207","Woodson, KS",31839
"20209","Wyandotte, KS",37893
"21001","Adair, KY",24757
"21003","Allen, KY",25766
"21005","Anderson, KY",32900
"21007","Ballard, KY",33385
"21009","Barren, KY",30299
"21011","Bath, KY",25992
"21013","Bell, KY",26258
"21015","Boone, KY",38849
"21017","Bourbon, KY",33149
"21019","Boyd, KY",33345
"21021","Boyle, KY",31274
"21023","Bracken, KY",30326
"21025","Breathitt, KY",26960
"21027","Breckinridge, KY",28323
"21029","Bullitt, KY",32706
"21031","Butler, KY",28727
"21033","Caldwell, KY",30720
"21035","Calloway, KY",31364
"21037","Campbell, KY",37933
"21039","Carlisle, KY",39765
"21041","Carroll, KY",32142
"21043","Carter, KY",27147
"21045","Casey, KY",23777
"21047","Christian, KY",35412
"21049","Clark, KY",34205
"21051","Clay, KY",23710
"21053","Clinton, KY",25370
"21055","Crittenden, KY",31564
"21057","Cumberland, KY",25468
"21059","Daviess, KY",36620
"21061","Edmonson, KY",25909
"21063","Elliott, KY",18707
"21065","Estill, KY",26679
"21067","Fayette, KY",40320
"21069","Fleming, KY",25878
"21071","Floyd, KY",30468
"21073","Franklin, KY",35106
"21075","Fulton, KY",30067
"21077","Gallatin, KY",25124
"21079","Garrard, KY",26774
"21081","Grant, KY",28976
"21083","Graves, KY",31838
"21085","Grayson, KY",27662
"21087","Green, KY",29093
"21089","Greenup, KY",33831
"21091","Hancock, KY",33983
"21093","Hardin, KY",36512
"21095","Harlan, KY",27895
"21097","Harrison, KY",29676
"21099","Hart, KY",27719
"21101","Henderson, KY",33552
"21103","Henry, KY",31759
"21105","Hickman, KY",34921
"21107","Hopkins, KY",33028
"21109","Jackson, KY",22657
"21111","Jefferson, KY",40527
"21113","Jessamine, KY",34369
"21115","Johnson, KY",30889
"21117","Kenton, KY",44013
"21119","Knott, KY",27941
"21121","Knox, KY",24780
"21123","Larue, KY",29394
"21125","Laurel, KY",29463
"21127","Lawrence, KY",27065
"21129","Lee, KY",23455
"21131","Leslie, KY",29489
"21133","Letcher, KY",30715
"21135","Lewis, KY",24694
"21137","Lincoln, KY",26113
"21139","Livingston, KY",32228
"21141","Logan, KY",31827
"21143","Lyon, KY",26516
"21145","McCracken, KY",38998
"21147","McCreary, KY",19879
"21149","McLean, KY",35470
"21151","Madison, KY",30136
"21153","Magoffin, KY",22876
"21155","Marion, KY",27972
"21157","Marshall, KY",34660
"21159","Martin, KY",26509
"21161","Mason, KY",32649
"21163","Meade, KY",30507
"21165","Menifee, KY",24686
"21167","Mercer, KY",30608
"21169","Metcalfe, KY",25370
"21171","Monroe, KY",27171
"21173","Montgomery, KY",28945
"21175","Morgan, KY",22216
"21177","Muhlenberg, KY",29237
"21179","Nelson, KY",33373
"21181","Nicholas, KY",29408
"21183","Ohio, KY",28710
"21185","Oldham, KY",49172
"21187","Owen, KY",30354
"21189","Owsley, KY",23674
"21191","Pendleton, KY",29732
"21193","Perry, KY",32836
"21195","Pike, KY",32808
"21197","Powell, KY",25588
"21199","Pulaski, KY",31206
"21201","Robertson, KY",25675
"21203","Rockcastle, KY",25229
"21205","Rowan, KY",26459
"21207","Russell, KY",30055
"21209","Scott, KY",35195
"21211","Shelby, KY",36047
"21213","Simpson, KY",30472
"21215","Spencer, KY",35457
"21217","Taylor, KY",29523
"21219","Todd, KY",36199
"21221","Trigg, KY",34527
"21223","Trimble, KY",29611
"21225","Union, KY",33385
"21227","Warren, KY",32845
"21229","Washington, KY",31413
"21231","Wayne, KY",23800
"21233","Webster, KY",33158
"21235","Whitley, KY",29270
"21237","Wolfe, KY",22371
"21239","Woodford, KY",40313
"22001","Acadia, LA",32402
"22003","Allen, LA",26802
"22005","Ascension, LA",40692
"22007","Assumption, LA",35165
"22009","Avoyelles, LA",31638
"22011","Beauregard, LA",37274
"22013","Bienville, LA",30999
"22015","Bossier, LA",38362
"22017","Caddo, LA",40202
"22019","Calcasieu, LA",35477
"22021","Caldwell, LA",31111
"22023","Cameron, LA",35753
"22025","Catahoula, LA",29230
"22027","Claiborne, LA",29833
"22029","Concordia, LA",34175
"22031","De Soto, LA",35526
"22033","East Baton Rouge, LA",41777
"22035","East Carroll, LA",31877
"22037","East Feliciana, LA",34060
"22039","Evangeline, LA",31994
"22041","Franklin, LA",29596
"22043","Grant, LA",27262
"22045","Iberia, LA",36634
"22047","Iberville, LA",34314
"22049","Jackson, LA",31200
"22051","Jefferson, LA",42438
"22053","Jefferson Davis, LA",32260
"22055","Lafayette, LA",43855
"22057","Lafourche, LA",40131
"22059","LaSalle, LA",33199
"22061","Lincoln, LA",31125
"22063","Livingston, LA",34476
"22065","Madison, LA",27876
"22067","Morehouse, LA",31680
"22069","Natchitoches, LA",31963
"22071","Orleans, LA",41210
"22073","Ouachita, LA",33942
"22075","Plaquemines, LA",39854
"22077","Pointe Coupee, LA",36952
"22079","Rapides, LA",37917
"22081","Red River, LA",30422
"22083","Richland, LA",30747
"22085","Sabine, LA",30451
"22087","St. Bernard, LA",29081
"22089","St. Charles, LA",42124
"22091","St. Helena, LA",35140
"22093","St. James, LA",39442
"22095","St. John the Baptist, LA",35006
"22097","St. Landry, LA",34159
"22099","St. Martin, LA",32947
"22101","St. Mary, LA",35260
"22103","St. Tammany, LA",46242
"22105","Tangipahoa, LA",34024
"22107","Tensas, LA",37038
"22109","Terrebonne, LA",39506
"22111","Union, LA",30665
"22113","Vermilion, LA",34575
"22115","Vernon, LA",37027
"22117","Washington, LA",28856
"22119","Webster, LA",32980
"22121","West Baton Rouge, LA",39479
"22123","West Carroll, LA",26025
"22125","West Feliciana, LA",29305
"22127","Winn, LA",30143
"23001","Androscoggin, ME",34495
"23003","Aroostook, ME",34131
"23005","Cumberland, ME",47504
"23007","Franklin, ME",32012
"23009","Hancock, ME",40395
"23011","Kennebec, ME",38419
"23013","Knox, ME",39721
"23015","Lincoln, ME",40871
"23017","Oxford, ME",32103
"23019","Penobscot, ME",34126
"23021","Piscataquis, ME",32148
"23023","Sagadahoc, ME",40566
"23025","Somerset, ME",32991
"23027","Waldo, ME",33634
"23029","Washington, ME",33286
"23031","York, ME",40889
"24001","Allegany, MD",33447
"24003","Anne Arundel, MD",55679
"24005","Baltimore, MD",50279
"24009","Calvert, MD",52135
"24011","Caroline, MD",36555
"24013","Carroll, MD",50258
"24015","Cecil, MD",39137
"24017","Charles, MD",49710
"24019","Dorchester, MD",37697
"24021","Frederick, MD",50734
"24023","Garrett, MD",36176
"24025","Harford, MD",48432
"24027","Howard, MD",67772
"24029","Kent, MD",47320
"24031","Montgomery, MD",74333
"24033","Prince George's, MD",42385
"24035","Queen Anne's, MD",51119
"24037","St. Mary's, MD",48701
"24039","Somerset, MD",26065
"24041","Talbot, MD",59324
"24043","Washington, MD",38294
"24045","Wicomico, MD",35107
"24047","Worcester, MD",46212
"24510","Baltimore (Independent City), MD",39689
"25001","Barnstable, MA",55199
"25003","Berkshire, MA",43609
"25005","Bristol, MA",42089
"25007","Dukes, MA",69689
"25009","Essex, MA",54124
"25011","Franklin, MA",42016
"25013","Hampden, MA",40565
"25015","Hampshire, MA",40792
"25017","Middlesex, MA",64144
"25019","Nantucket, MA",89104
"25021","Norfolk, MA",69134
"25023","Plymouth, MA",50740
"25025","Suffolk, MA",63314
"25027","Worcester, MA",45735
"26001","Alcona, MI",29742
"26003","Alger, MI",25579
"26005","Allegan, MI",35337
"26007","Alpena, MI",32997
"26009","Antrim, MI",33114
"26011","Arenac, MI",30012
"26013","Baraga, MI",27001
"26015","Barry, MI",34906
"26017","Bay, MI",34591
"26019","Benzie, MI",32105
"26021","Berrien, MI",37623
"26023","Branch, MI",29111
"26025","Calhoun, MI",32836
"26027","Cass, MI",33925
"26029","Charlevoix, MI",40502
"26031","Cheboygan, MI",29623
"26033","Chippewa, MI",28443
"26035","Clare, MI",27318
"26037","Clinton, MI",36466
"26039","Crawford, MI",26117
"26041","Delta, MI",33040
"26043","Dickinson, MI",38202
"26045","Eaton, MI",33937
"26047","Emmet, MI",41915
"26049","Genesee, MI",31869
"26051","Gladwin, MI",28558
"26053","Gogebic, MI",29596
"26055","Grand Traverse, MI",37640
"26057","Gratiot, MI",31384
"26059","Hillsdale, MI",29429
"26061","Houghton, MI",29130
"26063","Huron, MI",40966
"26065","Ingham, MI",33810
"26067","Ionia, MI",27728
"26069","Iosco, MI",29446
"26071","Iron, MI",32756
"26073","Isabella, MI",27926
"26075","Jackson, MI",32084
"26077","Kalamazoo, MI",38422
"26079","Kalkaska, MI",27164
"26081","Kent, MI",42091
"26083","Keweenaw, MI",34485
"26085","Lake, MI",26387
"26087","Lapeer, MI",32815
"26089","Leelanau, MI",43810
"26091","Lenawee, MI",31827
"26093","Livingston, MI",42382
"26095","Luce, MI",25169
"26097","Mackinac, MI",33752
"26099","Macomb, MI",36382
"26101","Manistee, MI",31798
"26103","Marquette, MI",33665
"26105","Mason, MI",32789
"26107","Mecosta, MI",26628
"26109","Menominee, MI",34259
"26111","Midland, MI",45537
"26113","Missaukee, MI",28595
"26115","Monroe, MI",35934
"26117","Montcalm, MI",27458
"26119","Montmorency, MI",28592
"26121","Muskegon, MI",30288
"26123","Newaygo, MI",28976
"26125","Oakland, MI",54110
"26127","Oceana, MI",29925
"26129","Ogemaw, MI",27204
"26131","Ontonagon, MI",29167
"26133","Osceola, MI",27771
"26135","Oscoda, MI",27737
"26137","Otsego, MI",31784
"26139","Ottawa, MI",36492
"26141","Presque Isle, MI",30500
"26143","Roscommon, MI",29428
"26145","Saginaw, MI",31888
"26147","St. Clair, MI",34064
"26149","St. Joseph, MI",30372
"26151","Sanilac, MI",31563
"26153","Schoolcraft, MI",31378
"26155","Shiawassee, MI",31359
"26157","Tuscola, MI",29818
"26159","Van Buren, MI",33560
"26161","Washtenaw, MI",44528
"26163","Wayne, MI",34292
"26165","Wexford, MI",29582
"27001","Aitkin, MN",30446
"27003","Anoka, MN",40004
"27005","Becker, MN",36977
"27007","Beltrami, MN",31608
"27009","Benton, MN",34303
"27011","Big Stone, MN",41110
"27013","Blue Earth, MN",36204
"27015","Brown, MN",42668
"27017","Carlton, MN",33679
"27019","Carver, MN",54229
"27021","Cass, MN",36654
"27023","Chippewa, MN",43831
"27025","Chisago, MN",37020
"27027","Clay, MN",35822
"27029","Clearwater, MN",32095
"27031","Cook, MN",41262
"27033","Cottonwood, MN",41198
"27035","Crow Wing, MN",34941
"27037","Dakota, MN",47449
"27039","Dodge, MN",40950
"27041","Douglas, MN",41462
"27043","Faribault, MN",43689
"27045","Fillmore, MN",38740
"27047","Freeborn, MN",37546
"27049","Goodhue, MN",41723
"27051","Grant, MN",41569
"27053","Hennepin, MN",56748
"27055","Houston, MN",40886
"27057","Hubbard, MN",31893
"27059","Isanti, MN",34494
"27061","Itasca, MN",33611
"27063","Jackson, MN",46364
"27065","Kanabec, MN",31001
"27067","Kandiyohi, MN",42163
"27069","Kittson, MN",45937
"27071","Koochiching, MN",35414
"27073","Lac qui Parle, MN",46895
"27075","Lake, MN",37879
"27077","Lake of the Woods, MN",37065
"27079","Le Sueur, MN",37234
"27081","Lincoln, MN",42386
"27083","Lyon, MN",41728
"27085","McLeod, MN",37762
"27087","Mahnomen, MN",30571
"27089","Marshall, MN",42632
"27091","Martin, MN",42727
"27093","Meeker, MN",35307
"27095","Mille Lacs, MN",32459
"27097","Morrison, MN",34338
"27099","Mower, MN",38872
"27101","Murray, MN",49812
"27103","Nicollet, MN",39491
"27105","Nobles, MN",39479
"27107","Norman, MN",41357
"27109","Olmsted, MN",45351
"27111","Otter Tail, MN",37459
"27113","Pennington, MN",42149
"27115","Pine, MN",29051
"27117","Pipestone, MN",45141
"27119","Polk, MN",39584
"27121","Pope, MN",39688
"27123","Ramsey, MN",42947
"27125","Red Lake, MN",38186
"27127","Redwood, MN",45116
"27129","Renville, MN",44384
"27131","Rice, MN",34773
"27133","Rock, MN",45528
"27135","Roseau, MN",40163
"27137","St. Louis, MN",39954
"27139","Scott, MN",46459
"27141","Sherburne, MN",36706
"27143","Sibley, MN",40058
"27145","Stearns, MN",36941
"27147","Steele, MN",39116
"27149","Stevens, MN",46153
"27151","Swift, MN",40240
"27153","Todd, MN",32773
"27155","Traverse, MN",46686
"27157","Wabasha, MN",39832
"27159","Wadena, MN",31342
"27161","Waseca, MN",40190
"27163","Washington, MN",50503
"27165","Watonwan, MN",37860
"27167","Wilkin, MN",49861
"27169","Winona, MN",38100
"27171","Wright, MN",38517
"27173","Yellow Medicine, MN",46941
"28001","Adams, MS",30828
"28003","Alcorn, MS",27453
"28005","Amite, MS",26236
"28007","Attala, MS",29011
"28009","Benton, MS",23809
"28011","Bolivar, MS",31677
"28013","Calhoun, MS",27402
"28015","Carroll, MS",29606
"28017","Chickasaw, MS",29268
"28019","Choctaw, MS",25240
"28021","Claiborne, MS",27546
"28023","Clarke, MS",30649
"28025","Clay, MS",30964
"28027","Coahoma, MS",29717
"28029","Copiah, MS",28866
"28031","Covington, MS",27582
"28033","DeSoto, MS",33099
"28035","Forrest, MS",31544
"28037","Franklin, MS",28287
"28039","George, MS",28081
"28041","Greene, MS",21460
"28043","Grenada, MS",32522
"28045","Hancock, MS",31442
"28047","Harrison, MS",33613
"28049","Hinds, MS",36065
"28051","Holmes, MS",25672
"28053","Humphreys, MS",30395
"28055","Issaquena, MS",26983
"28057","Itawamba, MS",28567
"28059","Jackson, MS",34386
"28061","Jasper, MS",28764
"28063","Jefferson, MS",27682
"28065","Jefferson Davis, MS",26138
"28067","Jones, MS",32447
"28069","Kemper, MS",23599
"28071","Lafayette, MS",32125
"28073","Lamar, MS",31502
"28075","Lauderdale, MS",31439
"28077","Lawrence, MS",27751
"28079","Leake, MS",22522
"28081","Lee, MS",33399
"28083","Leflore, MS",30646
"28085","Lincoln, MS",31832
"28087","Lowndes, MS",33915
"28089","Madison, MS",50242
"28091","Marion, MS",26806
"28093","Marshall, MS",26352
"28095","Monroe, MS",29153
"28097","Montgomery, MS",28847
"28099","Neshoba, MS",31889
"28101","Newton, MS",28200
"28103","Noxubee, MS",27117
"28105","Oktibbeha, MS",28408
"28107","Panola, MS",27743
"28109","Pearl River, MS",32109
"28111","Perry, MS",25122
"28113","Pike, MS",27442
"28115","Pontotoc, MS",28341
"28117","Prentiss, MS",26097
"28119","Quitman, MS",27081
"28121","Rankin, MS",37300
"28123","Scott, MS",25284
"28125","Sharkey, MS",28701
"28127","Simpson, MS",29282
"28129","Smith, MS",25793
"28131","Stone, MS",28532
"28133","Sunflower, MS",25767
"28135","Tallahatchie, MS",24876
"28137","Tate, MS",28972
"28139","Tippah, MS",27035
"28141","Tishomingo, MS",25819
"28143","Tunica, MS",28946
"28145","Union, MS",27374
"28147","Walthall, MS",23693
"28149","Warren, MS",34615
"28151","Washington, MS",30870
"28153","Wayne, MS",28473
"28155","Webster, MS",29770
"28157","Wilkinson, MS",25735
"28159","Winston, MS",27143
"28161","Yalobusha, MS",27978
"28163","Yazoo, MS",26479
"29001","Adair, MO",28228
"29003","Andrew, MO",36995
"29005","Atchison, MO",46137
"29007","Audrain, MO",33287
"29009","Barry, MO",30169
"29011","Barton, MO",31841
"29013","Bates, MO",31348
"29015","Benton, MO",29697
"29017","Bollinger, MO",27331
"29019","Boone, MO",38325
"29021","Buchanan, MO",33323
"29023","Butler, MO",32035
"29025","Caldwell, MO",30381
"29027","Callaway, MO",32111
"29029","Camden, MO",30771
"29031","Cape Girardeau, MO",36340
"29033","Carroll, MO",40970
"29035","Carter, MO",28050
"29037","Cass, MO",36923
"29039","Cedar, MO",28033
"29041","Chariton, MO",40629
"29043","Christian, MO",31273
"29045","Clark, MO",30678
"29047","Clay, MO",39414
"29049","Clinton, MO",34791
"29051","Cole, MO",39095
"29053","Cooper, MO",31268
"29055","Crawford, MO",28409
"29057","Dade, MO",26423
"29059","Dallas, MO",25825
"29061","Daviess, MO",32314
"29063","DeKalb, MO",25003
"29065","Dent, MO",29038
"29067","Douglas, MO",21878
"29069","Dunklin, MO",31423
"29071","Franklin, MO",34715
"29073","Gasconade, MO",32407
"29075","Gentry, MO",36719
"29077","Greene, MO",35137
"29079","Grundy, MO",31505
"29081","Harrison, MO",35325
"29083","Henry, MO",33502
"29085","Hickory, MO",22048
"29087","Holt, MO",38239
"29089","Howard, MO",32756
"29091","Howell, MO",28153
"29093","Iron, MO",27779
"29095","Jackson, MO",38502
"29097","Jasper, MO",31872
"29099","Jefferson, MO",33750
"29101","Johnson, MO",29595
"29103","Knox, MO",31188
"29105","Laclede, MO",28423
"29107","Lafayette, MO",33562
"29109","Lawrence, MO",26631
"29111","Lewis, MO",29887
"29113","Lincoln, MO",31006
"29115","Linn, MO",34578
"29117","Livingston, MO",31493
"29119","McDonald, MO",23101
"29121","Macon, MO",32894
"29123","Madison, MO",29362
"29125","Maries, MO",28962
"29127","Marion, MO",34600
"29129","Mercer, MO",28775
"29131","Miller, MO",26573
"29133","Mississippi, MO",28007
"29135","Moniteau, MO",29706
"29137","Monroe, MO",35377
"29139","Montgomery, MO",29719
"29141","Morgan, MO",33264
"29143","New Madrid, MO",31516
"29145","Newton, MO",32980
"29147","Nodaway, MO",28471
"29149","Oregon, MO",23285
"29151","Osage, MO",35342
"29153","Ozark, MO",25526
"29155","Pemiscot, MO",32938
"29157","Perry, MO",31444
"29159","Pettis, MO",32195
"29161","Phelps, MO",30482
"29163","Pike, MO",28932
"29165","Platte, MO",46869
"29167","Polk, MO",26399
"29169","Pulaski, MO",40596
"29171","Putnam, MO",30135
"29173","Ralls, MO",35475
"29175","Randolph, MO",30995
"29177","Ray, MO",33045
"29179","Reynolds, MO",25533
"29181","Ripley, MO",27477
"29183","St. Charles, MO",41625
"29185","St. Clair, MO",26829
"29186","Ste. Genevieve, MO",32266
"29187","St. Francois, MO",27611
"29189","St. Louis, MO",54873
"29195","Saline, MO",36912
"29197","Schuyler, MO",28402
"29199","Scotland, MO",32728
"29201","Scott, MO",34745
"29203","Shannon, MO",21489
"29205","Shelby, MO",37004
"29207","Stoddard, MO",35168
"29209","Stone, MO",27901
"29211","Sullivan, MO",34731
"29213","Taney, MO",29951
"29215","Texas, MO",24255
"29217","Vernon, MO",30772
"29219","Warren, MO",32539
"29221","Washington, MO",24737
"29223","Wayne, MO",25298
"29225","Webster, MO",27614
"29227","Worth, MO",32350
"29229","Wright, MO",24313
"29510","St. Louis (Independent City), MO",37388
"30001","Beaverhead, MT",33657
"30003","Big Horn, MT",27347
"30005","Blaine, MT",28466
"30007","Broadwater, MT",33060
"30009","Carbon, MT",38287
"30011","Carter, MT",34369
"30013","Cascade, MT",39059
"30015","Chouteau, MT",35141
"30017","Custer, MT",36146
"30019","Daniels, MT",41251
"30021","Dawson, MT",37733
"30023","Deer Lodge, MT",31263
"30025","Fallon, MT",45450
"30027","Fergus, MT",35802
"30029","Flathead, MT",35382
"30031","Gallatin, MT",38404
"30033","Garfield, MT",34921
"30035","Glacier, MT",31422
"30037","Golden Valley, MT",42227
"30039","Granite, MT",33464
"30041","Hill, MT",39379
"30043","Jefferson, MT",40066
"30045","Judith Basin, MT",38397
"30047","Lake, MT",28634
"30049","Lewis and Clark, MT",45903
"30051","Liberty, MT",34786
"30053","Lincoln, MT",27928
"30055","McCone, MT",34614
"30057","Madison, MT",38776
"30059","Meagher, MT",38339
"30061","Mineral, MT",28903
"30063","Missoula, MT",35936
"30065","Musselshell, MT",33718
"30067","Park, MT",38713
"30069","Petroleum, MT",40953
"30071","Phillips, MT",36218
"30073","Pondera, MT",40222
"30075","Powder River, MT",28782
"30077","Powell, MT",28038
"30079","Prairie, MT",34853
"30081","Ravalli, MT",33560
"30083","Richland, MT",53317
"30085","Roosevelt, MT",32186
"30087","Rosebud, MT",34526
"30089","Sanders, MT",27019
"30091","Sheridan, MT",50541
"30093","Silver Bow, MT",49425
"30095","Stillwater, MT",40019
"30097","Sweet Grass, MT",36474
"30099","Teton, MT",44001
"30101","Toole, MT",40967
"30103","Treasure, MT",52112
"30105","Valley, MT",37757
"30107","Wheatland, MT",31588
"30109","Wibaux, MT",37638
"30111","Yellowstone, MT",40682
"31001","Adams, NE",40015
"31003","Antelope, NE",52399
"31005","Arthur, NE",40160
"31007","Banner, NE",64948
"31009","Blaine, NE",52185
"31011","Boone, NE",59649
"31013","Box Butte, NE",41339
"31015","Boyd, NE",47718
"31017","Brown, NE",44247
"31019","Buffalo, NE",42237
"31021","Burt, NE",44347
"31023","Butler, NE",45247
"31025","Cass, NE",42773
"31027","Cedar, NE",49430
"31029","Chase, NE",45521
"31031","Cherry, NE",43791
"31033","Cheyenne, NE",48197
"31035","Clay, NE",48022
"31037","Colfax, NE",38483
"31039","Cuming, NE",60374
"31041","Custer, NE",44802
"31043","Dakota, NE",30757
"31045","Dawes, NE",30175
"31047","Dawson, NE",33746
"31049","Deuel, NE",40775
"31051","Dixon, NE",36506
"31053","Dodge, NE",39047
"31055","Douglas, NE",52845
"31057","Dundy, NE",66339
"31059","Fillmore, NE",60763
"31061","Franklin, NE",43890
"31063","Frontier, NE",51651
"31065","Furnas, NE",51974
"31067","Gage, NE",42979
"31069","Garden, NE",50653
"31071","Garfield, NE",43895
"31073","Gosper, NE",53536
"31075","Grant, NE",39645
"31077","Greeley, NE",39150
"31079","Hall, NE",35867
"31081","Hamilton, NE",48979
"31083","Harlan, NE",49162
"31085","Hayes, NE",65458
"31087","Hitchcock, NE",42430
"31089","Holt, NE",48605
"31091","Hooker, NE",37915
"31093","Howard, NE",40827
"31095","Jefferson, NE",43949
"31097","Johnson, NE",34546
"31099","Kearney, NE",56013
"31101","Keith, NE",40018
"31103","Keya Paha, NE",49682
"31105","Kimball, NE",48910
"31107","Knox, NE",43850
"31109","Lancaster, NE",40007
"31111","Lincoln, NE",41112
"31113","Logan, NE",50507
"31115","Loup, NE",40622
"31117","McPherson, NE",42479
"31119","Madison, NE",39833
"31121","Merrick, NE",44063
"31123","Morrill, NE",51845
"31125","Nance, NE",47367
"31127","Nemaha, NE",44774
"31129","Nuckolls, NE",46427
"31131","Otoe, NE",42811
"31133","Pawnee, NE",43269
"31135","Perkins, NE",62291
"31137","Phelps, NE",49957
"31139","Pierce, NE",46495
"31141","Platte, NE",41195
"31143","Polk, NE",49738
"31145","Red Willow, NE",41482
"31147","Richardson, NE",42696
"31149","Rock, NE",57193
"31151","Saline, NE",38029
"31153","Sarpy, NE",40999
"31155","Saunders, NE",41561
"31157","Scotts Bluff, NE",36361
"31159","Seward, NE",42304
"31161","Sheridan, NE",43837
"31163","Sherman, NE",39043
"31165","Sioux, NE",51750
"31167","Stanton, NE",42734
"31169","Thayer, NE",53475
"31171","Thomas, NE",50837
"31173","Thurston, NE",46723
"31175","Valley, NE",41195
"31177","Washington, NE",45663
"31179","Wayne, NE",41920
"31181","Webster, NE",41581
"31183","Wheeler, NE",69142
"31185","York, NE",47519
"32001","Churchill, NV",33669
"32003","Clark, NV",36512
"32005","Douglas, NV",52092
"32007","Elko, NV",42913
"32009","Esmeralda, NV",40974
"32011","Eureka, NV",37737
"32013","Humboldt, NV",43384
"32015","Lander, NV",46848
"32017","Lincoln, NV",27162
"32019","Lyon, NV",29495
"32021","Mineral, NV",33850
"32023","Nye, NV",31676
"32027","Pershing, NV",24966
"32029","Storey, NV",35126
"32031","Washoe, NV",44223
"32033","White Pine, NV",38586
"32510","Carson City (Independent City), NV",40982
"33001","Belknap, NH",46783
"33003","Carroll, NH",45268
"33005","Cheshire, NH",42648
"33007","Coos, NH",35607
"33009","Grafton, NH",47231
"33011","Hillsborough, NH",51134
"33013","Merrimack, NH",54081
"33015","Rockingham, NH",55751
"33017","Strafford, NH",39959
"33019","Sullivan, NH",41012
"34001","Atlantic, NJ",39709
"34003","Bergen, NJ",69021
"34005","Burlington, NJ",49698
"34007","Camden, NJ",43563
"34009","Cape May, NJ",46731
"34011","Cumberland, NJ",33781
"34013","Essex, NJ",54342
"34015","Gloucester, NJ",43527
"34017","Hudson, NJ",45584
"34019","Hunterdon, NJ",72827
"34021","Mercer, NJ",56399
"34023","Middlesex, NJ",50530
"34025","Monmouth, NJ",60789
"34027","Morris, NJ",77213
"34029","Ocean, NJ",41475
"34031","Passaic, NJ",42073
"34033","Salem, NJ",41476
"34035","Somerset, NJ",71898
"34037","Sussex, NJ",48972
"34039","Union, NJ",53064
"34041","Warren, NJ",45643
"35001","Bernalillo, NM",36743
"35003","Catron, NM",28988
"35005","Chaves, NM",34041
"35006","Cibola, NM*",23901
"35007","Colfax, NM",35716
"35009","Curry, NM",38118
"35011","De Baca, NM",41960
"35013","Doa Ana, NM",29868
"35015","Eddy, NM",45504
"35017","Grant, NM",31995
"35019","Guadalupe, NM",27765
"35021","Harding, NM",44732
"35023","Hidalgo, NM",30108
"35025","Lea, NM",35678
"35027","Lincoln, NM",33048
"35028","Los Alamos, NM",62951
"35029","Luna, NM",27586
"35031","McKinley, NM",24283
"35033","Mora, NM",41802
"35035","Otero, NM",32480
"35037","Quay, NM",30633
"35039","Rio Arriba, NM",30533
"35041","Roosevelt, NM",34369
"35043","Sandoval, NM",35019
"35045","San Juan, NM",33033
"35047","San Miguel, NM",28916
"35049","Santa Fe, NM",44773
"35051","Sierra, NM",30577
"35053","Socorro, NM",28816
"35055","Taos, NM",30192
"35057","Torrance, NM",25489
"35059","Union, NM",30869
"35061","Valencia, NM*",28203
"36001","Albany, NY",48398
"36003","Allegany, NY",29647
"36005","Bronx, NY",30107
"36007","Broome, NY",36383
"36009","Cattaraugus, NY",33338
"36011","Cayuga, NY",34275
"36013","Chautauqua, NY",32549
"36015","Chemung, NY",36565
"36017","Chenango, NY",32780
"36019","Clinton, NY",35455
"36021","Columbia, NY",43510
"36023","Cortland, NY",32702
"36025","Delaware, NY",31515
"36027","Dutchess, NY",43475
"36029","Erie, NY",41314
"36031","Essex, NY",35601
"36033","Franklin, NY",32826
"36035","Fulton, NY",34523
"36037","Genesee, NY",36007
"36039","Greene, NY",36211
"36041","Hamilton, NY",42474
"36043","Herkimer, NY",33873
"36045","Jefferson, NY",42641
"36047","Kings, NY",37230
"36049","Lewis, NY",39133
"36051","Livingston, NY",34508
"36053","Madison, NY",35176
"36055","Monroe, NY",43374
"36057","Montgomery, NY",35621
"36059","Nassau, NY",67581
"36061","New York, NY",126400
"36063","Niagara, NY",36799
"36065","Oneida, NY",36889
"36067","Onondaga, NY",41508
"36069","Ontario, NY",41463
"36071","Orange, NY",41462
"36073","Orleans, NY",31531
"36075","Oswego, NY",32592
"36077","Otsego, NY",33986
"36079","Putnam, NY",52527
"36081","Queens, NY",37804
"36083","Rensselaer, NY",39875
"36085","Richmond, NY",44539
"36087","Rockland, NY",49729
"36089","St. Lawrence, NY",30670
"36091","Saratoga, NY",51548
"36093","Schenectady, NY",43241
"36095","Schoharie, NY",31649
"36097","Schuyler, NY",34190
"36099","Seneca, NY",32066
"36101","Steuben, NY",36338
"36103","Suffolk, NY",52217
"36105","Sullivan, NY",35753
"36107","Tioga, NY",36565
"36109","Tompkins, NY",36604
"36111","Ulster, NY",39281
"36113","Warren, NY",42421
"36115","Washington, NY",32929
"36117","Wayne, NY",36492
"36119","Westchester, NY",79416
"36121","Wyoming, NY",33958
"36123","Yates, NY",32762
"37001","Alamance, NC",32739
"37003","Alexander, NC",28011
"37005","Alleghany, NC",29039
"37007","Anson, NC",27590
"37009","Ashe, NC",28708
"37011","Avery, NC",27011
"37013","Beaufort, NC",33949
"37015","Bertie, NC",27111
"37017","Bladen, NC",29909
"37019","Brunswick, NC",32404
"37021","Buncombe, NC",35572
"37023","Burke, NC",27472
"37025","Cabarrus, NC",35047
"37027","Caldwell, NC",27842
"37029","Camden, NC",39244
"37031","Carteret, NC",40023
"37033","Caswell, NC",26624
"37035","Catawba, NC",35271
"37037","Chatham, NC",45347
"37039","Cherokee, NC",26263
"37041","Chowan, NC",31914
"37043","Clay, NC",26347
"37045","Cleveland, NC",29828
"37047","Columbus, NC",27981
"37049","Craven, NC",37476
"37051","Cumberland, NC",34911
"37053","Currituck, NC",36953
"37055","Dare, NC",41989
"37057","Davidson, NC",31444
"37059","Davie, NC",38054
"37061","Duplin, NC",28499
"37063","Durham, NC",40939
"37065","Edgecombe, NC",29591
"37067","Forsyth, NC",39206
"37069","Franklin, NC",28529
"37071","Gaston, NC",33071
"37073","Gates, NC",30462
"37075","Graham, NC",26453
"37077","Granville, NC",31128
"37079","Greene, NC",25475
"37081","Guilford, NC",37375
"37083","Halifax, NC",30136
"37085","Harnett, NC",28874
"37087","Haywood, NC",31940
"37089","Henderson, NC",33808
"37091","Hertford, NC",25897
"37093","Hoke, NC",27339
"37095","Hyde, NC",28764
"37097","Iredell, NC",37596
"37099","Jackson, NC",27381
"37101","Johnston, NC",32376
"37103","Jones, NC",33251
"37105","Lee, NC",32983
"37107","Lenoir, NC",33933
"37109","Lincoln, NC",32716
"37111","McDowell, NC",26920
"37113","Macon, NC",31096
"37115","Madison, NC",26633
"37117","Martin, NC",29918
"37119","Mecklenburg, NC",47607
"37121","Mitchell, NC",28226
"37123","Montgomery, NC",27330
"37125","Moore, NC",40065
"37127","Nash, NC",34790
"37129","New Hanover, NC",36020
"37131","Northampton, NC",27534
"37133","Onslow, NC",45306
"37135","Orange, NC",50139
"37137","Pamlico, NC",34751
"37139","Pasquotank, NC",32588
"37141","Pender, NC",30265
"37143","Perquimans, NC",33996
"37145","Person, NC",30881
"37147","Pitt, NC",32780
"37149","Polk, NC",35683
"37151","Randolph, NC",30050
"37153","Richmond, NC",27124
"37155","Robeson, NC",25137
"37157","Rockingham, NC",30576
"37159","Rowan, NC",30262
"37161","Rutherford, NC",26460
"37163","Sampson, NC",32096
"37165","Scotland, NC",28244
"37167","Stanly, NC",29680
"37169","Stokes, NC",28932
"37171","Surry, NC",30315
"37173","Swain, NC",28482
"37175","Transylvania, NC",30645
"37177","Tyrrell, NC",25308
"37179","Union, NC",37063
"37181","Vance, NC",29835
"37183","Wake, NC",46615
"37185","Warren, NC",24860
"37187","Washington, NC",30082
"37189","Watauga, NC",29542
"37191","Wayne, NC",32832
"37193","Wilkes, NC",28575
"37195","Wilson, NC",34648
"37197","Yadkin, NC",29826
"37199","Yancey, NC",28320
"38001","Adams, ND",45454
"38003","Barnes, ND",46162
"38005","Benson, ND",35675
"38007","Billings, ND",74582
"38009","Bottineau, ND",53906
"38011","Bowman, ND",61738
"38013","Burke, ND",78230
"38015","Burleigh, ND",47707
"38017","Cass, ND",45324
"38019","Cavalier, ND",67445
"38021","Dickey, ND",60626
"38023","Divide, ND",63215
"38025","Dunn, ND",62731
"38027","Eddy, ND",40740
"38029","Emmons, ND",47273
"38031","Foster, ND",52064
"38033","Golden Valley, ND",46662
"38035","Grand Forks, ND",40705
"38037","Grant, ND",42428
"38039","Griggs, ND",48971
"38041","Hettinger, ND",54149
"38043","Kidder, ND",47911
"38045","LaMoure, ND",68926
"38047","Logan, ND",58507
"38049","McHenry, ND",47306
"38051","McIntosh, ND",49309
"38053","McKenzie, ND",65478
"38055","McLean, ND",48262
"38057","Mercer, ND",45222
"38059","Morton, ND",41798
"38061","Mountrail, ND",54566
"38063","Nelson, ND",50769
"38065","Oliver, ND",45035
"38067","Pembina, ND",49641
"38069","Pierce, ND",41079
"38071","Ramsey, ND",41920
"38073","Ransom, ND",45273
"38075","Renville, ND",65305
"38077","Richland, ND",44532
"38079","Rolette, ND",32104
"38081","Sargent, ND",53675
"38083","Sheridan, ND",60275
"38085","Sioux, ND",25678
"38087","Slope, ND",71173
"38089","Stark, ND",65270
"38091","Steele, ND",57201
"38093","Stutsman, ND",43341
"38095","Towner, ND",48112
"38097","Traill, ND",48840
"38099","Walsh, ND",44221
"38101","Ward, ND",48687
"38103","Wells, ND",51530
"38105","Williams, ND",87185
"39001","Adams, OH",27127
"39003","Allen, OH",34190
"39005","Ashland, OH",31257
"39007","Ashtabula, OH",31312
"39009","Athens, OH",28906
"39011","Auglaize, OH",38486
"39013","Belmont, OH",32573
"39015","Brown, OH",29884
"39017","Butler, OH",36763
"39019","Carroll, OH",31269
"39021","Champaign, OH",32898
"39023","Clark, OH",33808
"39025","Clermont, OH",40157
"39027","Clinton, OH",37616
"39029","Columbiana, OH",31603
"39031","Coshocton, OH",29579
"39033","Crawford, OH",32452
"39035","Cuyahoga, OH",42645
"39037","Darke, OH",34338
"39039","Defiance, OH",32640
"39041","Delaware, OH",56849
"39043","Erie, OH",48358
"39045","Fairfield, OH",36642
"39047","Fayette, OH",31870
"39049","Franklin, OH",41400
"39051","Fulton, OH",36100
"39053","Gallia, OH",32471
"39055","Geauga, OH",54873
"39057","Greene, OH",40349
"39059","Guernsey, OH",31094
"39061","Hamilton, OH",49213
"39063","Hancock, OH",39285
"39065","Hardin, OH",30829
"39067","Harrison, OH",29160
"39069","Henry, OH",35359
"39071","Highland, OH",28611
"39073","Hocking, OH",29434
"39075","Holmes, OH",29991
"39077","Huron, OH",32824
"39079","Jackson, OH",30401
"39081","Jefferson, OH",31860
"39083","Knox, OH",33512
"39085","Lake, OH",40288
"39087","Lawrence, OH",31438
"39089","Licking, OH",36644
"39091","Logan, OH",33822
"39093","Lorain, OH",36629
"39095","Lucas, OH",37105
"39097","Madison, OH",33712
"39099","Mahoning, OH",36990
"39101","Marion, OH",30298
"39103","Medina, OH",42857
"39105","Meigs, OH",27516
"39107","Mercer, OH",40126
"39109","Miami, OH",38645
"39111","Monroe, OH",28035
"39113","Montgomery, OH",37683
"39115","Morgan, OH",26059
"39117","Morrow, OH",31324
"39119","Muskingum, OH",32994
"39121","Noble, OH",24947
"39123","Ottawa, OH",40432
"39125","Paulding, OH",33645
"39127","Perry, OH",29321
"39129","Pickaway, OH",33053
"39131","Pike, OH",28409
"39133","Portage, OH",35706
"39135","Preble, OH",32938
"39137","Putnam, OH",40813
"39139","Richland, OH",32353
"39141","Ross, OH",30616
"39143","Sandusky, OH",34298
"39145","Scioto, OH",29503
"39147","Seneca, OH",32155
"39149","Shelby, OH",36429
"39151","Stark, OH",36611
"39153","Summit, OH",40949
"39155","Trumbull, OH",33425
"39157","Tuscarawas, OH",34578
"39159","Union, OH",37945
"39161","Van Wert, OH",34164
"39163","Vinton, OH",27034
"39165","Warren, OH",45150
"39167","Washington, OH",33613
"39169","Wayne, OH",33973
"39171","Williams, OH",33674
"39173","Wood, OH",38490
"39175","Wyandot, OH",34716
"40001","Adair, OK",24117
"40003","Alfalfa, OK",37648
"40005","Atoka, OK",26002
"40007","Beaver, OK",46157
"40009","Beckham, OK",36745
"40011","Blaine, OK",37252
"40013","Bryan, OK",26754
"40015","Caddo, OK",27450
"40017","Canadian, OK",38371
"40019","Carter, OK",36752
"40021","Cherokee, OK",26038
"40023","Choctaw, OK",26798
"40025","Cimarron, OK",47933
"40027","Cleveland, OK",38048
"40029","Coal, OK",29561
"40031","Comanche, OK",36036
"40033","Cotton, OK",37595
"40035","Craig, OK",29280
"40037","Creek, OK",34229
"40039","Custer, OK",38343
"40041","Delaware, OK",27681
"40043","Dewey, OK",39485
"40045","Ellis, OK",50501
"40047","Garfield, OK",41172
"40049","Garvin, OK",34795
"40051","Grady, OK",34446
"40053","Grant, OK",43418
"40055","Greer, OK",23131
"40057","Harmon, OK",31419
"40059","Harper, OK",42631
"40061","Haskell, OK",31067
"40063","Hughes, OK",29782
"40065","Jackson, OK",34999
"40067","Jefferson, OK",32303
"40069","Johnston, OK",29674
"40071","Kay, OK",35261
"40073","Kingfisher, OK",37347
"40075","Kiowa, OK",31787
"40077","Latimer, OK",29817
"40079","Le Flore, OK",28357
"40081","Lincoln, OK",29625
"40083","Logan, OK",34469
"40085","Love, OK",31568
"40087","McClain, OK",37666
"40089","McCurtain, OK",27791
"40091","McIntosh, OK",28810
"40093","Major, OK",37354
"40095","Marshall, OK",30469
"40097","Mayes, OK",29191
"40099","Murray, OK",35462
"40101","Muskogee, OK",30654
"40103","Noble, OK",32862
"40105","Nowata, OK",30773
"40107","Okfuskee, OK",24735
"40109","Oklahoma, OK",43484
"40111","Okmulgee, OK",28169
"40113","Osage, OK",29501
"40115","Ottawa, OK",30893
"40117","Pawnee, OK",29227
"40119","Payne, OK",31975
"40121","Pittsburg, OK",33099
"40123","Pontotoc, OK",35736
"40125","Pottawatomie, OK",34086
"40127","Pushmataha, OK",27420
"40129","Roger Mills, OK",38437
"40131","Rogers, OK",35784
"40133","Seminole, OK",30038
"40135","Sequoyah, OK",27594
"40137","Stephens, OK",39731
"40139","Texas, OK",37384
"40141","Tillman, OK",31409
"40143","Tulsa, OK",50838
"40145","Wagoner, OK",31931
"40147","Washington, OK",44419
"40149","Washita, OK",31553
"40151","Woods, OK",36841
"40153","Woodward, OK",39923
"41001","Baker, OR",29511
"41003","Benton, OR",37474
"41005","Clackamas, OR",43880
"41007","Clatsop, OR",34790
"41009","Columbia, OR",33377
"41011","Coos, OR",33246
"41013","Crook, OR",29810
"41015","Curry, OR",33645
"41017","Deschutes, OR",36127
"41019","Douglas, OR",31501
"41021","Gilliam, OR",41656
"41023","Grant, OR",31283
"41025","Harney, OR",28569
"41027","Hood River, OR",37389
"41029","Jackson, OR",34554
"41031","Jefferson, OR",27473
"41033","Josephine, OR",30921
"41035","Klamath, OR",30072
"41037","Lake, OR",28882
"41039","Lane, OR",34430
"41041","Lincoln, OR",34511
"41043","Linn, OR",32115
"41045","Malheur, OR",23976
"41047","Marion, OR",31806
"41049","Morrow, OR",33501
"41051","Multnomah, OR",41833
"41053","Polk, OR",31829
"41055","Sherman, OR",53286
"41057","Tillamook, OR",32554
"41059","Umatilla, OR",31493
"41061","Union, OR",31737
"41063","Wallowa, OR",33816
"41065","Wasco, OR",36155
"41067","Washington, OR",44011
"41069","Wheeler, OR",27651
"41071","Yamhill, OR",33193
"42001","Adams, PA",38995
"42003","Allegheny, PA",48187
"42005","Armstrong, PA",38418
"42007","Beaver, PA",38632
"42009","Bedford, PA",33375
"42011","Berks, PA",39945
"42013","Blair, PA",36430
"42015","Bradford, PA",35161
"42017","Bucks, PA",55420
"42019","Butler, PA",45448
"42021","Cambria, PA",34994
"42023","Cameron, PA",38710
"42025","Carbon, PA",36911
"42027","Centre, PA",36924
"42029","Chester, PA",64435
"42031","Clarion, PA",36085
"42033","Clearfield, PA",36650
"42035","Clinton, PA",31997
"42037","Columbia, PA",34155
"42039","Crawford, PA",33077
"42041","Cumberland, PA",44671
"42043","Dauphin, PA",42031
"42045","Delaware, PA",50870
"42047","Elk, PA",39769
"42049","Erie, PA",36764
"42051","Fayette, PA",34609
"42053","Forest, PA",21513
"42055","Franklin, PA",37804
"42057","Fulton, PA",32546
"42059","Greene, PA",37035
"42061","Huntingdon, PA",32564
"42063","Indiana, PA",32851
"42065","Jefferson, PA",35901
"42067","Juniata, PA",32959
"42069","Lackawanna, PA",38922
"42071","Lancaster, PA",39123
"42073","Lawrence, PA",36122
"42075","Lebanon, PA",38670
"42077","Lehigh, PA",44363
"42079","Luzerne, PA",36993
"42081","Lycoming, PA",37050
"42083","McKean, PA",36668
"42085","Mercer, PA",34248
"42087","Mifflin, PA",31117
"42089","Monroe, PA",33325
"42091","Montgomery, PA",65565
"42093","Montour, PA",45135
"42095","Northampton, PA",42184
"42097","Northumberland, PA",34631
"42099","Perry, PA",35784
"42101","Philadelphia, PA",41660
"42103","Pike, PA",35437
"42105","Potter, PA",31828
"42107","Schuylkill, PA",35570
"42109","Snyder, PA",34517
"42111","Somerset, PA",34165
"42113","Sullivan, PA",33817
"42115","Susquehanna, PA",34852
"42117","Tioga, PA",33066
"42119","Union, PA",32152
"42121","Venango, PA",35587
"42123","Warren, PA",35856
"42125","Washington, PA",44929
"42127","Wayne, PA",34584
"42129","Westmoreland, PA",41955
"42131","Wyoming, PA",36061
"42133","York, PA",41584
"44001","Bristol, RI",60986
"44003","Kent, RI",47481
"44005","Newport, RI",52779
"44007","Providence, RI",39594
"44009","Washington, RI",51781
"45001","Abbeville, SC",27500
"45003","Aiken, SC",34809
"45005","Allendale, SC",26430
"45007","Anderson, SC",31590
"45009","Bamberg, SC",27929
"45011","Barnwell, SC",26806
"45013","Beaufort, SC",43088
"45015","Berkeley, SC",31419
"45017","Calhoun, SC",30907
"45019","Charleston, SC",44081
"45021","Cherokee, SC",27569
"45023","Chester, SC",26507
"45025","Chesterfield, SC",25732
"45027","Clarendon, SC",24105
"45029","Colleton, SC",28818
"45031","Darlington, SC",30172
"45033","Dillon, SC",23459
"45035","Dorchester, SC",33102
"45037","Edgefield, SC",27307
"45039","Fairfield, SC",29554
"45041","Florence, SC",33868
"45043","Georgetown, SC",36527
"45045","Greenville, SC",37053
"45047","Greenwood, SC",30977
"45049","Hampton, SC",26734
"45051","Horry, SC",29566
"45053","Jasper, SC",22496
"45055","Kershaw, SC",32665
"45057","Lancaster, SC",32049
"45059","Laurens, SC",28535
"45061","Lee, SC",23921
"45063","Lexington, SC",35923
"45065","McCormick, SC",29209
"45067","Marion, SC",25567
"45069","Marlboro, SC",22416
"45071","Newberry, SC",31224
"45073","Oconee, SC",34338
"45075","Orangeburg, SC",27734
"45077","Pickens, SC",29834
"45079","Richland, SC",36490
"45081","Saluda, SC",28898
"45083","Spartanburg, SC",33609
"45085","Sumter, SC",32215
"45087","Union, SC",26787
"45089","Williamsburg, SC",25561
"45091","York, SC",34936
"46003","Aurora, SD",52471
"46005","Beadle, SD",49167
"46007","Bennett, SD",27686
"46009","Bon Homme, SD",38545
"46011","Brookings, SD",39552
"46013","Brown, SD",46020
"46015","Brule, SD",46819
"46017","Buffalo, SD",26468
"46019","Butte, SD",31325
"46021","Campbell, SD",51444
"46023","Charles Mix, SD",41982
"46025","Clark, SD",55718
"46027","Clay, SD",32625
"46029","Codington, SD",40679
"46031","Corson, SD",29243
"46033","Custer, SD",37244
"46035","Davison, SD",43742
"46037","Day, SD",45613
"46039","Deuel, SD",55591
"46041","Dewey, SD",38829
"46043","Douglas, SD",56231
"46045","Edmunds, SD",54904
"46047","Fall River, SD",42335
"46049","Faulk, SD",62629
"46051","Grant, SD",48901
"46053","Gregory, SD",47948
"46055","Haakon, SD",46155
"46057","Hamlin, SD",41565
"46059","Hand, SD",55893
"46061","Hanson, SD",61478
"46063","Harding, SD",46294
"46065","Hughes, SD",46694
"46067","Hutchinson, SD",53859
"46069","Hyde, SD",55416
"46071","Jackson, SD",27418
"46073","Jerauld, SD",53277
"46075","Jones, SD",54824
"46077","Kingsbury, SD",58214
"46079","Lake, SD",49898
"46081","Lawrence, SD",38750
"46083","Lincoln, SD",54704
"46085","Lyman, SD",44118
"46087","McCook, SD",50943
"46089","McPherson, SD",46127
"46091","Marshall, SD",49503
"46093","Meade, SD",39244
"46095","Mellette, SD",29212
"46097","Miner, SD",53651
"46099","Minnehaha, SD",44817
"46101","Moody, SD",50706
"46102","Oglala Lakota, SD*",22920
"46103","Pennington, SD",41947
"46105","Perkins, SD",38782
"46107","Potter, SD",98228
"46109","Roberts, SD",34188
"46111","Sanborn, SD",49661
"46115","Spink, SD",60277
"46117","Stanley, SD",54089
"46119","Sully, SD",98558
"46121","Todd, SD",23319
"46123","Tripp, SD",48691
"46125","Turner, SD",51836
"46127","Union, SD",80429
"46129","Walworth, SD",41324
"46135","Yankton, SD",41728
"46137","Ziebach, SD",20182
"47001","Anderson, TN",35912
"47003","Bedford, TN",29253
"47005","Benton, TN",30377
"47007","Bledsoe, TN",20018
"47009","Blount, TN",33658
"47011","Bradley, TN",33388
"47013","Campbell, TN",28008
"47015","Cannon, TN",29204
"47017","Carroll, TN",32045
"47019","Carter, TN",28647
"47021","Cheatham, TN",33337
"47023","Chester, TN",27522
"47025","Claiborne, TN",28814
"47027","Clay, TN",29035
"47029","Cocke, TN",26651
"47031","Coffee, TN",32668
"47033","Crockett, TN",35347
"47035","Cumberland, TN",30510
"47037","Davidson, TN",48919
"47039","Decatur, TN",32867
"47041","DeKalb, TN",29566
"47043","Dickson, TN",31425
"47045","Dyer, TN",35113
"47047","Fayette, TN",42724
"47049","Fentress, TN",25892
"47051","Franklin, TN",31405
"47053","Gibson, TN",32577
"47055","Giles, TN",30827
"47057","Grainger, TN",26166
"47059","Greene, TN",33547
"47061","Grundy, TN",26359
"47063","Hamblen, TN",31814
"47065","Hamilton, TN",42145
"47067","Hancock, TN",21050
"47069","Hardeman, TN",24626
"47071","Hardin, TN",31851
"47073","Hawkins, TN",29148
"47075","Haywood, TN",29357
"47077","Henderson, TN",29934
"47079","Henry, TN",33175
"47081","Hickman, TN",25692
"47083","Houston, TN",28859
"47085","Humphreys, TN",31468
"47087","Jackson, TN",25476
"47089","Jefferson, TN",28532
"47091","Johnson, TN",26170
"47093","Knox, TN",39455
"47095","Lake, TN",23001
"47097","Lauderdale, TN",24391
"47099","Lawrence, TN",28253
"47101","Lewis, TN",24598
"47103","Lincoln, TN",33794
"47105","Loudon, TN",39429
"47107","McMinn, TN",29604
"47109","McNairy, TN",27209
"47111","Macon, TN",27218
"47113","Madison, TN",35283
"47115","Marion, TN",31764
"47117","Marshall, TN",28138
"47119","Maury, TN",33333
"47121","Meigs, TN",26776
"47123","Monroe, TN",27135
"47125","Montgomery, TN",40439
"47127","Moore, TN",32344
"47129","Morgan, TN",24891
"47131","Obion, TN",34597
"47133","Overton, TN",26557
"47135","Perry, TN",25198
"47137","Pickett, TN",28795
"47139","Polk, TN",27834
"47141","Putnam, TN",33187
"47143","Rhea, TN",29000
"47145","Roane, TN",34123
"47147","Robertson, TN",32898
"47149","Rutherford, TN",32543
"47151","Scott, TN",24926
"47153","Sequatchie, TN",30072
"47155","Sevier, TN",30413
"47157","Shelby, TN",41176
"47159","Smith, TN",30511
"47161","Stewart, TN",38350
"47163","Sullivan, TN",36171
"47165","Sumner, TN",37353
"47167","Tipton, TN",31763
"47169","Trousdale, TN",30188
"47171","Unicoi, TN",31861
"47173","Union, TN",25203
"47175","Van Buren, TN",23776
"47177","Warren, TN",28183
"47179","Washington, TN",36125
"47181","Wayne, TN",24788
"47183","Weakley, TN",30872
"47185","White, TN",28114
"47187","Williamson, TN",70556
"47189","Wilson, TN",37564
"48001","Anderson, TX",27809
"48003","Andrews, TX",44029
"48005","Angelina, TX",33630
"48007","Aransas, TX",39392
"48009","Archer, TX",41945
"48011","Armstrong, TX",39375
"48013","Atascosa, TX",31875
"48015","Austin, TX",41000
"48017","Bailey, TX",33821
"48019","Bandera, TX",35617
"48021","Bastrop, TX",28776
"48023","Baylor, TX",35978
"48025","Bee, TX",24866
"48027","Bell, TX",40409
"48029","Bexar, TX",37804
"48031","Blanco, TX",41709
"48033","Borden, TX",52554
"48035","Bosque, TX",34221
"48037","Bowie, TX",35334
"48039","Brazoria, TX",38593
"48041","Brazos, TX",30213
"48043","Brewster, TX",37734
"48045","Briscoe, TX",33526
"48047","Brooks, TX",31814
"48049","Brown, TX",29205
"48051","Burleson, TX",35318
"48053","Burnet, TX",37046
"48055","Caldwell, TX",28002
"48057","Calhoun, TX",33788
"48059","Callahan, TX",31123
"48061","Cameron, TX",23918
"48063","Camp, TX",31530
"48065","Carson, TX",36548
"48067","Cass, TX",30957
"48069","Castro, TX",50686
"48071","Chambers, TX",42405
"48073","Cherokee, TX",28232
"48075","Childress, TX",26228
"48077","Clay, TX",37035
"48079","Cochran, TX",35249
"48081","Coke, TX",29840
"48083","Coleman, TX",31474
"48085","Collin, TX",52970
"48087","Collingsworth, TX",31400
"48089","Colorado, TX",41349
"48091","Comal, TX",46227
"48093","Comanche, TX",31946
"48095","Concho, TX",23007
"48097","Cooke, TX",41644
"48099","Coryell, TX",29751
"48101","Cottle, TX",45216
"48103","Crane, TX",39292
"48105","Crockett, TX",34217
"48107","Crosby, TX",30657
"48109","Culberson, TX",29617
"48111","Dallam, TX",50508
"48113","Dallas, TX",46859
"48115","Dawson, TX",31363
"48117","Deaf Smith, TX",38027
"48119","Delta, TX",31938
"48121","Denton, TX",43238
"48123","DeWitt, TX",35667
"48125","Dickens, TX",27123
"48127","Dimmit, TX",37526
"48129","Donley, TX",34327
"48131","Duval, TX",32537
"48133","Eastland, TX",46324
"48135","Ector, TX",40149
"48137","Edwards, TX",31174
"48139","Ellis, TX",34556
"48141","El Paso, TX",29369
"48143","Erath, TX",29195
"48145","Falls, TX",28142
"48147","Fannin, TX",29578
"48149","Fayette, TX",40568
"48151","Fisher, TX",44173
"48153","Floyd, TX",36031
"48155","Foard, TX",31528
"48157","Fort Bend, TX",48963
"48159","Franklin, TX",32405
"48161","Freestone, TX",29915
"48163","Frio, TX",26129
"48165","Gaines, TX",35190
"48167","Galveston, TX",42764
"48169","Garza, TX",34470
"48171","Gillespie, TX",44626
"48173","Glasscock, TX",51172
"48175","Goliad, TX",35498
"48177","Gonzales, TX",32729
"48179","Gray, TX",42501
"48181","Grayson, TX",33755
"48183","Gregg, TX",46685
"48185","Grimes, TX",30526
"48187","Guadalupe, TX",35653
"48189","Hale, TX",30116
"48191","Hall, TX",32209
"48193","Hamilton, TX",43826
"48195","Hansford, TX",59640
"48197","Hardeman, TX",33930
"48199","Hardin, TX",36715
"48201","Harris, TX",48401
"48203","Harrison, TX",36996
"48205","Hartley, TX",50751
"48207","Haskell, TX",33190
"48209","Hays, TX",34427
"48211","Hemphill, TX",66314
"48213","Henderson, TX",31977
"48215","Hidalgo, TX",22395
"48217","Hill, TX",31222
"48219","Hockley, TX",37948
"48221","Hood, TX",41858
"48223","Hopkins, TX",31666
"48225","Houston, TX",29571
"48227","Howard, TX",32025
"48229","Hudspeth, TX",19796
"48231","Hunt, TX",31035
"48233","Hutchinson, TX",35473
"48235","Irion, TX",46740
"48237","Jack, TX",34156
"48239","Jackson, TX",34771
"48241","Jasper, TX",32206
"48243","Jeff Davis, TX",32053
"48245","Jefferson, TX",36013
"48247","Jim Hogg, TX",27217
"48249","Jim Wells, TX",37205
"48251","Johnson, TX",34662
"48253","Jones, TX",26991
"48255","Karnes, TX",29305
"48257","Kaufman, TX",33678
"48259","Kendall, TX",65578
"48261","Kenedy, TX",44461
"48263","Kent, TX",38035
"48265","Kerr, TX",39103
"48267","Kimble, TX",36288
"48269","King, TX",95814
"48271","Kinney, TX",28519
"48273","Kleberg, TX",31287
"48275","Knox, TX",31990
"48277","Lamar, TX",33610
"48279","Lamb, TX",32349
"48281","Lampasas, TX",45968
"48283","La Salle, TX",33825
"48285","Lavaca, TX",39782
"48287","Lee, TX",37190
"48289","Leon, TX",33006
"48291","Liberty, TX",30253
"48293","Limestone, TX",28748
"48295","Lipscomb, TX",49068
"48297","Live Oak, TX",34855
"48299","Llano, TX",35760
"48301","Loving, TX",26726
"48303","Lubbock, TX",34291
"48305","Lynn, TX",34898
"48307","McCulloch, TX",36027
"48309","McLennan, TX",32536
"48311","McMullen, TX",60524
"48313","Madison, TX",25225
"48315","Marion, TX",29715
"48317","Martin, TX",43278
"48319","Mason, TX",32220
"48321","Matagorda, TX",32881
"48323","Maverick, TX",24383
"48325","Medina, TX",30950
"48327","Menard, TX",28589
"48329","Midland, TX",96686
"48331","Milam, TX",30597
"48333","Mills, TX",31457
"48335","Mitchell, TX",28434
"48337","Montague, TX",40565
"48339","Montgomery, TX",51575
"48341","Moore, TX",31645
"48343","Morris, TX",41025
"48345","Motley, TX",33973
"48347","Nacogdoches, TX",30645
"48349","Navarro, TX",31432
"48351","Newton, TX",24903
"48353","Nolan, TX",33361
"48355","Nueces, TX",38351
"48357","Ochiltree, TX",54122
"48359","Oldham, TX",49370
"48361","Orange, TX",36584
"48363","Palo Pinto, TX",32919
"48365","Panola, TX",35217
"48367","Parker, TX",41371
"48369","Parmer, TX",41610
"48371","Pecos, TX",28820
"48373","Polk, TX",33613
"48375","Potter, TX",37289
"48377","Presidio, TX",26984
"48379","Rains, TX",28471
"48381","Randall, TX",40590
"48383","Reagan, TX",53489
"48385","Real, TX",24009
"48387","Red River, TX",32198
"48389","Reeves, TX",24196
"48391","Refugio, TX",40228
"48393","Roberts, TX",40230
"48395","Robertson, TX",33636
"48397","Rockwall, TX",46567
"48399","Runnels, TX",33488
"48401","Rusk, TX",32348
"48403","Sabine, TX",31197
"48405","San Augustine, TX",29129
"48407","San Jacinto, TX",27506
"48409","San Patricio, TX",36488
"48411","San Saba, TX",28924
"48413","Schleicher, TX",41048
"48415","Scurry, TX",43151
"48417","Shackelford, TX",94734
"48419","Shelby, TX",32137
"48421","Sherman, TX",62417
"48423","Smith, TX",45908
"48425","Somervell, TX",38389
"48427","Starr, TX",21989
"48429","Stephens, TX",51579
"48431","Sterling, TX",46653
"48433","Stonewall, TX",47493
"48435","Sutton, TX",55105
"48437","Swisher, TX",38816
"48439","Tarrant, TX",41068
"48441","Taylor, TX",37886
"48443","Terrell, TX",44399
"48445","Terry, TX",32690
"48447","Throckmorton, TX",47395
"48449","Titus, TX",28458
"48451","Tom Green, TX",38475
"48453","Travis, TX",47742
"48455","Trinity, TX",28776
"48457","Tyler, TX",27473
"48459","Upshur, TX",31782
"48461","Upton, TX",45266
"48463","Uvalde, TX",33303
"48465","Val Verde, TX",30868
"48467","Van Zandt, TX",30415
"48469","Victoria, TX",39438
"48471","Walker, TX",22677
"48473","Waller, TX",32422
"48475","Ward, TX",38858
"48477","Washington, TX",45384
"48479","Webb, TX",27337
"48481","Wharton, TX",35384
"48483","Wheeler, TX",46568
"48485","Wichita, TX",41601
"48487","Wilbarger, TX",35053
"48489","Willacy, TX",23786
"48491","Williamson, TX",38292
"48493","Wilson, TX",35665
"48495","Winkler, TX",35548
"48497","Wise, TX",36636
"48499","Wood, TX",31353
"48501","Yoakum, TX",38432
"48503","Young, TX",45966
"48505","Zapata, TX",26294
"48507","Zavala, TX",22871
"49001","Beaver, UT",29421
"49003","Box Elder, UT",29090
"49005","Cache, UT",29382
"49007","Carbon, UT",34001
"49009","Daggett, UT",30046
"49011","Davis, UT",34876
"49013","Duchesne, UT",34312
"49015","Emery, UT",30739
"49017","Garfield, UT",29204
"49019","Grand, UT",37551
"49021","Iron, UT",23222
"49023","Juab, UT",25979
"49025","Kane, UT",31393
"49027","Millard, UT",28996
"49029","Morgan, UT",40162
"49031","Piute, UT",23147
"49033","Rich, UT",27867
"49035","Salt Lake, UT",38338
"49037","San Juan, UT",21955
"49039","Sanpete, UT",22458
"49041","Sevier, UT",26327
"49043","Summit, UT",75997
"49045","Tooele, UT",29733
"49047","Uintah, UT",33060
"49049","Utah, UT",27611
"49051","Wasatch, UT",35313
"49053","Washington, UT",26187
"49055","Wayne, UT",27678
"49057","Weber, UT",32560
"50001","Addison, VT",41605
"50003","Bennington, VT",42670
"50005","Caledonia, VT",34603
"50007","Chittenden, VT",49047
"50009","Essex, VT",31275
"50011","Franklin, VT",37467
"50013","Grand Isle, VT",46802
"50015","Lamoille, VT",43254
"50017","Orange, VT",37793
"50019","Orleans, VT",36616
"50021","Rutland, VT",42923
"50023","Washington, VT",45694
"50025","Windham, VT",41745
"50027","Windsor, VT",46108
"51001","Accomack, VA",33943
"51007","Amelia, VA",35624
"51009","Amherst, VA",30826
"51011","Appomattox, VA",31800
"51013","Arlington, VA",82064
"51017","Bath, VA",43234
"51019","Bedford, VA*",37520
"51021","Bland, VA",29747
"51023","Botetourt, VA",41394
"51025","Brunswick, VA",27575
"51027","Buchanan, VA",32082
"51029","Buckingham, VA",24514
"51033","Caroline, VA",35147
"51036","Charles City, VA",35601
"51037","Charlotte, VA",27926
"51041","Chesterfield, VA",43782
"51043","Clarke, VA",51674
"51045","Craig, VA",30244
"51047","Culpeper, VA",38500
"51049","Cumberland, VA",29007
"51051","Dickenson, VA",29203
"51057","Essex, VA",35076
"51061","Fauquier, VA",57791
"51063","Floyd, VA",30871
"51065","Fluvanna, VA",35666
"51067","Franklin, VA",33290
"51071","Giles, VA",32596
"51073","Gloucester, VA",41362
"51075","Goochland, VA",76705
"51077","Grayson, VA",27898
"51079","Greene, VA",34726
"51083","Halifax, VA",29604
"51085","Hanover, VA",47193
"51087","Henrico, VA",49548
"51091","Highland, VA",38043
"51093","Isle of Wight, VA",47061
"51097","King and Queen, VA",33975
"51099","King George, VA",45937
"51101","King William, VA",37779
"51103","Lancaster, VA",45656
"51105","Lee, VA",26892
"51107","Loudoun, VA",66010
"51109","Louisa, VA",37039
"51111","Lunenburg, VA",26976
"51113","Madison, VA",35280
"51115","Mathews, VA",46083
"51117","Mecklenburg, VA",29914
"51119","Middlesex, VA",41025
"51125","Nelson, VA",38950
"51127","New Kent, VA",45009
"51131","Northampton, VA",33909
"51133","Northumberland, VA",38416
"51135","Nottoway, VA",31648
"51137","Orange, VA",38298
"51139","Page, VA",32017
"51141","Patrick, VA",27309
"51145","Powhatan, VA",41064
"51147","Prince Edward, VA",25269
"51155","Pulaski, VA",32227
"51157","Rappahannock, VA",51671
"51159","Richmond, VA",27759
"51167","Russell, VA",30463
"51169","Scott, VA",28802
"51171","Shenandoah, VA",34620
"51173","Smyth, VA",29274
"51179","Stafford, VA",48104
"51181","Surry, VA",35683
"51183","Sussex, VA",26949
"51185","Tazewell, VA",33041
"51187","Warren, VA",38976
"51193","Westmoreland, VA",35098
"51197","Wythe, VA",31149
"51510","Alexandria (Independent City), VA",78599
"51550","Chesapeake (Independent City), VA",43393
"51650","Hampton (Independent City), VA",37218
"51700","Newport News (Independent City), VA",37170
"51710","Norfolk (Independent City), VA",35342
"51740","Portsmouth (Independent City), VA",36167
"51760","Richmond (Independent City), VA",46064
"51770","Roanoke (Independent City), VA",37672
"51800","Suffolk (Independent City), VA",43845
"51810","Virginia Beach (Independent City), VA",46684
"51901","Albemarle + Charlottesville, VA*",52295
"51903","Alleghany + Covington, VA*",33064
"51907","Augusta, Staunton + Waynesboro, VA*",36150
"51911","Campbell + Lynchburg, VA*",33191
"51913","Carroll + Galax, VA*",29304
"51918","Dinwiddie, Colonial Heights + Petersburg, VA*",36080
"51919","Fairfax, Fairfax City + Falls Church, VA*",69875
"51921","Frederick + Winchester, VA*",40500
"51923","Greensville + Emporia, VA*",28118
"51929","Henry + Martinsville, VA*",31142
"51931","James City + Williamsburg, VA*",54224
"51933","Montgomery + Radford, VA*",28961
"51939","Pittsylvania + Danville, VA*",30064
"51941","Prince George + Hopewell, VA*",33397
"51942","Prince William, Manassas + Manassas Park, VA*",47994
"51944","Roanoke + Salem, VA*",43138
"51945","Rockbridge, Buena Vista + Lexington, VA*",32906
"51947","Rockingham + Harrisonburg, VA*",31702
"51949","Southampton + Franklin, VA*",31241
"51951","Spotsylvania + Fredericksburg, VA*",43063
"51953","Washington + Bristol, VA*",37551
"51955","Wise + Norton, VA*",31058
"51958","York + Poquoson, VA*",49738
"53001","Adams, WA",35050
"53003","Asotin, WA",36919
"53005","Benton, WA",41963
"53007","Chelan, WA",37398
"53009","Clallam, WA",35963
"53011","Clark, WA",39020
"53013","Columbia, WA",43418
"53015","Cowlitz, WA",35676
"53017","Douglas, WA",31880
"53019","Ferry, WA",27600
"53021","Franklin, WA",31815
"53023","Garfield, WA",43206
"53025","Grant, WA",32611
"53027","Grays Harbor, WA",31235
"53029","Island, WA",41414
"53031","Jefferson, WA",41144
"53033","King, WA",58685
"53035","Kitsap, WA",42715
"53037","Kittitas, WA",34944
"53039","Klickitat, WA",38717
"53041","Lewis, WA",32798
"53043","Lincoln, WA",40580
"53045","Mason, WA",32984
"53047","Okanogan, WA",31996
"53049","Pacific, WA",35180
"53051","Pend Oreille, WA",31736
"53053","Pierce, WA",39361
"53055","San Juan, WA",53293
"53057","Skagit, WA",39259
"53059","Skamania, WA",34091
"53061","Snohomish, WA",41626
"53063","Spokane, WA",36305
"53065","Stevens, WA",30407
"53067","Thurston, WA",40288
"53069","Wahkiakum, WA",32509
"53071","Walla Walla, WA",36680
"53073","Whatcom, WA",38211
"53075","Whitman, WA",34119
"53077","Yakima, WA",33693
"54001","Barbour, WV",27507
"54003","Berkeley, WV",34318
"54005","Boone, WV",32824
"54007","Braxton, WV",27095
"54009","Brooke, WV",32635
"54011","Cabell, WV",35502
"54013","Calhoun, WV",24806
"54015","Clay, WV",27067
"54017","Doddridge, WV",19016
"54019","Fayette, WV",29003
"54021","Gilmer, WV",21531
"54023","Grant, WV",29576
"54025","Greenbrier, WV",32860
"54027","Hampshire, WV",28449
"54029","Hancock, WV",34238
"54031","Hardy, WV",26340
"54033","Harrison, WV",39696
"54035","Jackson, WV",30339
"54037","Jefferson, WV",41903
"54039","Kanawha, WV",40784
"54041","Lewis, WV",33412
"54043","Lincoln, WV",27541
"54045","Logan, WV",34093
"54047","McDowell, WV",26682
"54049","Marion, WV",36014
"54051","Marshall, WV",29940
"54053","Mason, WV",27712
"54055","Mercer, WV",32650
"54057","Mineral, WV",32974
"54059","Mingo, WV",34391
"54061","Monongalia, WV",37635
"54063","Monroe, WV",26886
"54065","Morgan, WV",30225
"54067","Nicholas, WV",32320
"54069","Ohio, WV",42450
"54071","Pendleton, WV",32136
"54073","Pleasants, WV",32755
"54075","Pocahontas, WV",29185
"54077","Preston, WV",30604
"54079","Putnam, WV",39584
"54081","Raleigh, WV",34856
"54083","Randolph, WV",29977
"54085","Ritchie, WV",27699
"54087","Roane, WV",28841
"54089","Summers, WV",25367
"54091","Taylor, WV",30664
"54093","Tucker, WV",30471
"54095","Tyler, WV",28816
"54097","Upshur, WV",30489
"54099","Wayne, WV",27313
"54101","Webster, WV",26817
"54103","Wetzel, WV",29193
"54105","Wirt, WV",27080
"54107","Wood, WV",34424
"54109","Wyoming, WV",29237
"55001","Adams, WI",30867
"55003","Ashland, WI",31778
"55005","Barron, WI",37417
"55007","Bayfield, WI",36375
"55009","Brown, WI",41669
"55011","Buffalo, WI",38210
"55013","Burnett, WI",33764
"55015","Calumet, WI",39499
"55017","Chippewa, WI",37061
"55019","Clark, WI",31919
"55021","Columbia, WI",41376
"55023","Crawford, WI",32089
"55025","Dane, WI",46815
"55027","Dodge, WI",36508
"55029","Door, WI",44684
"55031","Douglas, WI",34078
"55033","Dunn, WI",33002
"55035","Eau Claire, WI",38362
"55037","Florence, WI",40622
"55039","Fond du Lac, WI",38390
"55041","Forest, WI",29708
"55043","Grant, WI",35407
"55045","Green, WI",41035
"55047","Green Lake, WI",40066
"55049","Iowa, WI",37927
"55051","Iron, WI",36385
"55053","Jackson, WI",36173
"55055","Jefferson, WI",36626
"55057","Juneau, WI",33172
"55059","Kenosha, WI",36384
"55061","Kewaunee, WI",38829
"55063","La Crosse, WI",39945
"55065","Lafayette, WI",38469
"55067","Langlade, WI",34501
"55069","Lincoln, WI",36770
"55071","Manitowoc, WI",40303
"55073","Marathon, WI",39847
"55075","Marinette, WI",35225
"55077","Marquette, WI",32629
"55078","Menominee, WI*",24246
"55079","Milwaukee, WI",38893
"55081","Monroe, WI",33541
"55083","Oconto, WI",36949
"55085","Oneida, WI",39368
"55087","Outagamie, WI",40470
"55089","Ozaukee, WI",66882
"55091","Pepin, WI",39121
"55093","Pierce, WI",37093
"55095","Polk, WI",36171
"55097","Portage, WI",36854
"55099","Price, WI",37259
"55101","Racine, WI",39572
"55103","Richland, WI",32727
"55105","Rock, WI",35542
"55107","Rusk, WI",29507
"55109","St. Croix, WI",41709
"55111","Sauk, WI",37470
"55113","Sawyer, WI",36615
"55115","Shawano, WI*",33474
"55117","Sheboygan, WI",40509
"55119","Taylor, WI",31197
"55121","Trempealeau, WI",38169
"55123","Vernon, WI",33193
"55125","Vilas, WI",38653
"55127","Walworth, WI",36767
"55129","Washburn, WI",37098
"55131","Washington, WI",45928
"55133","Waukesha, WI",56567
"55135","Waupaca, WI",37540
"55137","Waushara, WI",34140
"55139","Winnebago, WI",38889
"55141","Wood, WI",38419
"55901","Shawano (includes Menominee), WI","(NA)"
"56001","Albany, WY",36533
"56003","Big Horn, WY",34826
"56005","Campbell, WY",55623
"56007","Carbon, WY",42918
"56009","Converse, WY",46464
"56011","Crook, WY",42543
"56013","Fremont, WY",38058
"56015","Goshen, WY",37818
"56017","Hot Springs, WY",43444
"56019","Johnson, WY",38972
"56021","Laramie, WY",47434
"56023","Lincoln, WY",36352
"56025","Natrona, WY",53880
"56027","Niobrara, WY",42103
"56029","Park, WY",43887
"56031","Platte, WY",41136
"56033","Sheridan, WY",47955
"56035","Sublette, WY",54195
"56037","Sweetwater, WY",46331
"56039","Teton, WY",147253
"56041","Uinta, WY",40685
"56043","Washakie, WY",41267
"56045","Weston, WY",39387
"Legend / Footnotes:"
"2/ Per capita personal income was computed using Census Bureau midyear population estimates. Estimates for 2010-2015 reflect county population estimates available as of March 2016."
"* Cibola, NM was separated from Valencia in June 1981, but in these estimates, Valencia includes Cibola through the end of 1981."
"* La Paz County, AZ was separated from Yuma County on January 1, 1983. The Yuma, AZ MSA contains the area that became La Paz County, AZ through 1982 and excludes it beginning with 1983."
"* Shawano, WI and Menominee, WI are combined as Shawano (incl. Menominee), WI for the years prior to 1989."
"* Broomfield County, CO, was created from parts of Adams, Boulder, Jefferson, and Weld counties effective November 15, 2001. Estimates for Broomfield county begin with 2002."
"* Estimates for 1979 forward reflect Alaska Census Areas as defined by the Census Bureau; those for prior years reflect Alaska Census Divisions as defined in the 1970 Decennial Census. Estimates from 1988 forward separate Aleutian Islands Census Area into Aleutians East Borough and Aleutians West Census Area. Estimates for 1991 forward separate Denali Borough from Yukon-Koyukuk Census Area and Lake and Peninsula Borough from Dillingham Census Area. Estimates from 1993 forward separate Skagway-Yakutat-Angoon Census Area into Skagway-Hoonah-Angoon Census Area and Yakutat Borough. Estimates from 2008 forward separate Skagway-Hoonah-Angoon Census Area into Skagway Municipality and Hoonah-Angoon Census Area. Estimates from 2009 forward separate Wrangell-Petersburg Census Area into Petersburg Census Area and Wrangell City and Borough. In addition, a part of the Prince of Wales-Outer Ketchikan Census Area was annexed by Ketchikan Gateway Borough and part (Meyers Chuck Area) was included in the new Wrangell City and Borough. The remainder of the Prince of Wales-Outer Ketchikan Census Area was renamed Prince of Wales-Hyder Census Area. Petersburg Borough was created from part of former Petersburg Census Area and part of Hoonah-Angoon Census Area for 2013 forward. Prince of Wales-Hyder Census Area added part of the former Petersburg Census Area beginning in 2013. For years 2009-2012, Petersburg Borough reflects the geographic boundaries of the former Petersburg Census Area. Wade Hampton Census Area was renamed Kusilvak Census Area on July 1, 2015."
"* Virginia combination areas consist of one or two independent cities with 1980 populations of less than 100,000 combined with an adjacent county. The county name appears first, followed by the city name(s). Separate estimates for the jurisdictions making up the combination area are not available. Bedford County, VA includes the independent city of Bedford for all years."
"* Shannon County, SD was renamed to Oglala Lakota County, SD on May 1, 2015."
"Note-- All dollar estimates are in current dollars (not adjusted for inflation)."
"(NA) Data not available for this year."
"Last updated: November 17, 2016-- new estimates for 2015; revised estimates for 1998-2014."
