"CA1 Personal Income Summary: Personal Income, Population, Per Capita Personal Income"
"Per capita personal income (dollars) 2/" 
"Bureau of Economic Analysis" 
"County"
"GeoFips","GeoName","2003"
"01001","Autauga, AL",25795
"01003","Baldwin, AL",28266
"01005","Barbour, AL",20697
"01007","Bibb, AL",18680
"01009","Blount, AL",21305
"01011","Bullock, AL",18366
"01013","Butler, AL",22534
"01015","Calhoun, AL",25088
"01017","Chambers, AL",22558
"01019","Cherokee, AL",20839
"01021","Chilton, AL",21876
"01023","Choctaw, AL",21070
"01025","Clarke, AL",21456
"01027","Clay, AL",21737
"01029","Cleburne, AL",21610
"01031","Coffee, AL",27683
"01033","Colbert, AL",23920
"01035","Conecuh, AL",20870
"01037","Coosa, AL",20321
"01039","Covington, AL",23486
"01041","Crenshaw, AL",22375
"01043","Cullman, AL",25022
"01045","Dale, AL",23589
"01047","Dallas, AL",21724
"01049","DeKalb, AL",22209
"01051","Elmore, AL",27177
"01053","Escambia, AL",19710
"01055","Etowah, AL",23975
"01057","Fayette, AL",20004
"01059","Franklin, AL",21927
"01061","Geneva, AL",23015
"01063","Greene, AL",19940
"01065","Hale, AL",20292
"01067","Henry, AL",23544
"01069","Houston, AL",28054
"01071","Jackson, AL",23061
"01073","Jefferson, AL",33288
"01075","Lamar, AL",20837
"01077","Lauderdale, AL",23972
"01079","Lawrence, AL",20869
"01081","Lee, AL",23568
"01083","Limestone, AL",26801
"01085","Lowndes, AL",18528
"01087","Macon, AL",18331
"01089","Madison, AL",31608
"01091","Marengo, AL",23003
"01093","Marion, AL",20331
"01095","Marshall, AL",25105
"01097","Mobile, AL",24012
"01099","Monroe, AL",21127
"01101","Montgomery, AL",30481
"01103","Morgan, AL",26094
"01105","Perry, AL",19698
"01107","Pickens, AL",21884
"01109","Pike, AL",24144
"01111","Randolph, AL",20963
"01113","Russell, AL",22312
"01115","St. Clair, AL",24227
"01117","Shelby, AL",35040
"01119","Sumter, AL",19141
"01121","Talladega, AL",23019
"01123","Tallapoosa, AL",22966
"01125","Tuscaloosa, AL",26512
"01127","Walker, AL",25059
"01129","Washington, AL",20314
"01131","Wilcox, AL",18735
"01133","Winston, AL",21495
"02010","Aleutian Islands Census Area, AK*","(NA)"
"02013","Aleutians East Borough, AK*",29569
"02016","Aleutians West Census Area, AK*",28477
"02020","Anchorage Municipality, AK",40332
"02050","Bethel Census Area, AK*",27228
"02060","Bristol Bay Borough, AK",38068
"02068","Denali Borough, AK*",39968
"02070","Dillingham Census Area, AK*",28731
"02090","Fairbanks North Star Borough, AK",32777
"02100","Haines Borough, AK",30150
"02105","Hoonah-Angoon Census Area, AK*","(NA)"
"02110","Juneau City and Borough, AK",40180
"02122","Kenai Peninsula Borough, AK",31203
"02130","Ketchikan Gateway Borough, AK*",40502
"02150","Kodiak Island Borough, AK",34361
"02158","Kusilvak Census Area, AK*",18854
"02164","Lake and Peninsula Borough, AK*",31128
"02170","Matanuska-Susitna Borough, AK",31843
"02180","Nome Census Area, AK*",27744
"02185","North Slope Borough, AK",24985
"02188","Northwest Arctic Borough, AK",26200
"02195","Petersburg Borough, AK*","(NA)"
"02198","Prince of Wales-Hyder Census Area, AK*","(NA)"
"02201","Prince of Wales-Outer Ketchikan Census Area, AK*",24226
"02220","Sitka City and Borough, AK",35314
"02230","Skagway Municipality, AK*","(NA)"
"02231","Skagway-Yakutat-Angoon Census Area, AK*","(NA)"
"02232","Skagway-Hoonah-Angoon Census Area, AK*",33623
"02240","Southeast Fairbanks Census Area, AK*",29117
"02261","Valdez-Cordova Census Area, AK*",35085
"02275","Wrangell City and Borough, AK*","(NA)"
"02280","Wrangell-Petersburg Census Area, AK*",36790
"02282","Yakutat City and Borough, AK*",35175
"02290","Yukon-Koyukuk Census Area, AK*",25625
"02901","Aleutian Islands Division, AK*","(NA)"
"02903","Angoon Division, AK*","(NA)"
"02904","Barrow-North Slope Division, AK*","(NA)"
"02905","Bethel Division, AK*","(NA)"
"02907","Bristol Bay Division, AK*","(NA)"
"02908","Cordova-McCarthy Division, AK*","(NA)"
"02910","Haines Division, AK*","(NA)"
"02912","Kenai-Cook Inlet Division, AK*","(NA)"
"02916","Kuskokwim Division, AK*","(NA)"
"02919","Outer Ketchikan Division, AK*","(NA)"
"02920","Prince of Wales Division, AK*","(NA)"
"02921","Seward Division, AK*","(NA)"
"02922","Sitka Division, AK*","(NA)"
"02923","Skagway-Yakutat Division, AK*","(NA)"
"02924","Southeast Fairbanks Division, AK*","(NA)"
"02925","Upper Yukon Division, AK*","(NA)"
"02926","Valdez-Chitina-Whittier Division, AK*","(NA)"
"02928","Wrangell-Petersburg Division, AK*","(NA)"
"02929","Yukon-Koyukuk Division, AK*","(NA)"
"04001","Apache, AZ",18070
"04003","Cochise, AZ",25332
"04005","Coconino, AZ",26110
"04007","Gila, AZ",22104
"04009","Graham, AZ",17473
"04011","Greenlee, AZ",21255
"04012","La Paz, AZ*",20456
"04013","Maricopa, AZ",30699
"04015","Mohave, AZ",21245
"04017","Navajo, AZ",19025
"04019","Pima, AZ",27769
"04021","Pinal, AZ",20418
"04023","Santa Cruz, AZ",23143
"04025","Yavapai, AZ",23650
"04027","Yuma, AZ*",21216
"05001","Arkansas, AR",27098
"05003","Ashley, AR",23271
"05005","Baxter, AR",23964
"05007","Benton, AR",35907
"05009","Boone, AR",22357
"05011","Bradley, AR",21857
"05013","Calhoun, AR",21166
"05015","Carroll, AR",19558
"05017","Chicot, AR",21079
"05019","Clark, AR",21540
"05021","Clay, AR",23017
"05023","Cleburne, AR",22962
"05025","Cleveland, AR",24099
"05027","Columbia, AR",22509
"05029","Conway, AR",23438
"05031","Craighead, AR",24780
"05033","Crawford, AR",20213
"05035","Crittenden, AR",23309
"05037","Cross, AR",23023
"05039","Dallas, AR",20441
"05041","Desha, AR",23568
"05043","Drew, AR",22882
"05045","Faulkner, AR",23783
"05047","Franklin, AR",21835
"05049","Fulton, AR",17815
"05051","Garland, AR",25417
"05053","Grant, AR",24604
"05055","Greene, AR",21551
"05057","Hempstead, AR",21347
"05059","Hot Spring, AR",20143
"05061","Howard, AR",21549
"05063","Independence, AR",23114
"05065","Izard, AR",20271
"05067","Jackson, AR",23739
"05069","Jefferson, AR",22728
"05071","Johnson, AR",20062
"05073","Lafayette, AR",22340
"05075","Lawrence, AR",21817
"05077","Lee, AR",21125
"05079","Lincoln, AR",18159
"05081","Little River, AR",21796
"05083","Logan, AR",21416
"05085","Lonoke, AR",26311
"05087","Madison, AR",22167
"05089","Marion, AR",18732
"05091","Miller, AR",22674
"05093","Mississippi, AR",29836
"05095","Monroe, AR",22459
"05097","Montgomery, AR",19696
"05099","Nevada, AR",21831
"05101","Newton, AR",17513
"05103","Ouachita, AR",20875
"05105","Perry, AR",22557
"05107","Phillips, AR",21685
"05109","Pike, AR",20579
"05111","Poinsett, AR",23908
"05113","Polk, AR",18355
"05115","Pope, AR",22772
"05117","Prairie, AR",23682
"05119","Pulaski, AR",34356
"05121","Randolph, AR",20404
"05123","St. Francis, AR",18583
"05125","Saline, AR",26198
"05127","Scott, AR",19376
"05129","Searcy, AR",18716
"05131","Sebastian, AR",26594
"05133","Sevier, AR",20718
"05135","Sharp, AR",18872
"05137","Stone, AR",18893
"05139","Union, AR",27784
"05141","Van Buren, AR",19499
"05143","Washington, AR",24236
"05145","White, AR",21583
"05147","Woodruff, AR",22766
"05149","Yell, AR",21910
"06001","Alameda, CA",41432
"06003","Alpine, CA",34586
"06005","Amador, CA",28705
"06007","Butte, CA",26057
"06009","Calaveras, CA",29987
"06011","Colusa, CA",27953
"06013","Contra Costa, CA",46393
"06015","Del Norte, CA",20249
"06017","El Dorado, CA",39563
"06019","Fresno, CA",26002
"06021","Glenn, CA",22761
"06023","Humboldt, CA",27822
"06025","Imperial, CA",23252
"06027","Inyo, CA",31448
"06029","Kern, CA",24118
"06031","Kings, CA",21795
"06033","Lake, CA",27140
"06035","Lassen, CA",21176
"06037","Los Angeles, CA",32834
"06039","Madera, CA",22039
"06041","Marin, CA",76247
"06043","Mariposa, CA",25522
"06045","Mendocino, CA",28967
"06047","Merced, CA",23303
"06049","Modoc, CA",25762
"06051","Mono, CA",34853
"06053","Monterey, CA",33543
"06055","Napa, CA",41947
"06057","Nevada, CA",35264
"06059","Orange, CA",41348
"06061","Placer, CA",41582
"06063","Plumas, CA",31007
"06065","Riverside, CA",26848
"06067","Sacramento, CA",32673
"06069","San Benito, CA",31490
"06071","San Bernardino, CA",25169
"06073","San Diego, CA",37133
"06075","San Francisco, CA",55129
"06077","San Joaquin, CA",27595
"06079","San Luis Obispo, CA",32325
"06081","San Mateo, CA",55189
"06083","Santa Barbara, CA",35295
"06085","Santa Clara, CA",47981
"06087","Santa Cruz, CA",40068
"06089","Shasta, CA",28350
"06091","Sierra, CA",26255
"06093","Siskiyou, CA",26106
"06095","Solano, CA",32573
"06097","Sonoma, CA",38523
"06099","Stanislaus, CA",26330
"06101","Sutter, CA",26861
"06103","Tehama, CA",22936
"06105","Trinity, CA",23932
"06107","Tulare, CA",23051
"06109","Tuolumne, CA",27433
"06111","Ventura, CA",37832
"06113","Yolo, CA",31054
"06115","Yuba, CA",24957
"08001","Adams, CO*",28383
"08003","Alamosa, CO",23236
"08005","Arapahoe, CO",40309
"08007","Archuleta, CO",24832
"08009","Baca, CO",27186
"08011","Bent, CO",19384
"08013","Boulder, CO*",39881
"08014","Broomfield, CO*",55542
"08015","Chaffee, CO",23913
"08017","Cheyenne, CO",35912
"08019","Clear Creek, CO",39059
"08021","Conejos, CO",19683
"08023","Costilla, CO",21275
"08025","Crowley, CO",15452
"08027","Custer, CO",27409
"08029","Delta, CO",22724
"08031","Denver, CO",41800
"08033","Dolores, CO",21620
"08035","Douglas, CO",44519
"08037","Eagle, CO",43486
"08039","Elbert, CO",36351
"08041","El Paso, CO",32088
"08043","Fremont, CO",20575
"08045","Garfield, CO",31305
"08047","Gilpin, CO",42433
"08049","Grand, CO",29051
"08051","Gunnison, CO",27876
"08053","Hinsdale, CO",26965
"08055","Huerfano, CO",20901
"08057","Jackson, CO",26481
"08059","Jefferson, CO*",39985
"08061","Kiowa, CO",32958
"08063","Kit Carson, CO",28011
"08065","Lake, CO",23518
"08067","La Plata, CO",30901
"08069","Larimer, CO",31851
"08071","Las Animas, CO",23097
"08073","Lincoln, CO",20456
"08075","Logan, CO",25584
"08077","Mesa, CO",28044
"08079","Mineral, CO",31797
"08081","Moffat, CO",26614
"08083","Montezuma, CO",24437
"08085","Montrose, CO",25148
"08087","Morgan, CO",24633
"08089","Otero, CO",24698
"08091","Ouray, CO",38747
"08093","Park, CO",29654
"08095","Phillips, CO",26462
"08097","Pitkin, CO",84181
"08099","Prowers, CO",24765
"08101","Pueblo, CO",25418
"08103","Rio Blanco, CO",25479
"08105","Rio Grande, CO",23987
"08107","Routt, CO",45781
"08109","Saguache, CO",17225
"08111","San Juan, CO",35603
"08113","San Miguel, CO",45900
"08115","Sedgwick, CO",27695
"08117","Summit, CO",35468
"08119","Teller, CO",30649
"08121","Washington, CO",24528
"08123","Weld, CO*",25655
"08125","Yuma, CO",31331
"09001","Fairfield, CT",65172
"09003","Hartford, CT",39501
"09005","Litchfield, CT",42449
"09007","Middlesex, CT",41668
"09009","New Haven, CT",37915
"09011","New London, CT",37885
"09013","Tolland, CT",36540
"09015","Windham, CT",31307
"10001","Kent, DE",29419
"10003","New Castle, DE",42846
"10005","Sussex, DE",30961
"11001","District of Columbia, DC",46452
"12001","Alachua, FL",27052
"12003","Baker, FL",23054
"12005","Bay, FL",29447
"12007","Bradford, FL",20771
"12009","Brevard, FL",30346
"12011","Broward, FL",33922
"12013","Calhoun, FL",18040
"12015","Charlotte, FL",26383
"12017","Citrus, FL",24599
"12019","Clay, FL",30519
"12021","Collier, FL",48695
"12023","Columbia, FL",22179
"12027","DeSoto, FL",16882
"12029","Dixie, FL",17170
"12031","Duval, FL",31653
"12033","Escambia, FL",27323
"12035","Flagler, FL",29411
"12037","Franklin, FL",26462
"12039","Gadsden, FL",23119
"12041","Gilchrist, FL",22537
"12043","Glades, FL",17069
"12045","Gulf, FL",20412
"12047","Hamilton, FL",15366
"12049","Hardee, FL",19058
"12051","Hendry, FL",20744
"12053","Hernando, FL",25950
"12055","Highlands, FL",23291
"12057","Hillsborough, FL",31318
"12059","Holmes, FL",19223
"12061","Indian River, FL",44270
"12063","Jackson, FL",22791
"12065","Jefferson, FL",26508
"12067","Lafayette, FL",15699
"12069","Lake, FL",28565
"12071","Lee, FL",33182
"12073","Leon, FL",30353
"12075","Levy, FL",22027
"12077","Liberty, FL",21436
"12079","Madison, FL",19303
"12081","Manatee, FL",32995
"12083","Marion, FL",25294
"12085","Martin, FL",46834
"12086","Miami-Dade, FL",31233
"12087","Monroe, FL",43567
"12089","Nassau, FL",34918
"12091","Okaloosa, FL",35106
"12093","Okeechobee, FL",19683
"12095","Orange, FL",28010
"12097","Osceola, FL",22428
"12099","Palm Beach, FL",47073
"12101","Pasco, FL",26518
"12103","Pinellas, FL",34409
"12105","Polk, FL",26380
"12107","Putnam, FL",22441
"12109","St. Johns, FL",41159
"12111","St. Lucie, FL",25195
"12113","Santa Rosa, FL",28484
"12115","Sarasota, FL",41992
"12117","Seminole, FL",32667
"12119","Sumter, FL",20114
"12121","Suwannee, FL",21374
"12123","Taylor, FL",23271
"12125","Union, FL",15869
"12127","Volusia, FL",27659
"12129","Wakulla, FL",21956
"12131","Walton, FL",25523
"12133","Washington, FL",20253
"13001","Appling, GA",20253
"13003","Atkinson, GA",19213
"13005","Bacon, GA",20215
"13007","Baker, GA",24191
"13009","Baldwin, GA",23300
"13011","Banks, GA",22579
"13013","Barrow, GA",25149
"13015","Bartow, GA",26714
"13017","Ben Hill, GA",22185
"13019","Berrien, GA",23647
"13021","Bibb, GA",29021
"13023","Bleckley, GA",26557
"13025","Brantley, GA",19573
"13027","Brooks, GA",22878
"13029","Bryan, GA",30604
"13031","Bulloch, GA",21846
"13033","Burke, GA",20020
"13035","Butts, GA",23741
"13037","Calhoun, GA",19487
"13039","Camden, GA",24528
"13043","Candler, GA",21620
"13045","Carroll, GA",23482
"13047","Catoosa, GA",23796
"13049","Charlton, GA",17154
"13051","Chatham, GA",30574
"13053","Chattahoochee, GA",19451
"13055","Chattooga, GA",19698
"13057","Cherokee, GA",32716
"13059","Clarke, GA",23263
"13061","Clay, GA",29336
"13063","Clayton, GA",22019
"13065","Clinch, GA",18034
"13067","Cobb, GA",39039
"13069","Coffee, GA",21900
"13071","Colquitt, GA",21386
"13073","Columbia, GA",33384
"13075","Cook, GA",20286
"13077","Coweta, GA",29099
"13079","Crawford, GA",22356
"13081","Crisp, GA",21644
"13083","Dade, GA",22807
"13085","Dawson, GA",27671
"13087","Decatur, GA",23510
"13089","DeKalb, GA",33533
"13091","Dodge, GA",20448
"13093","Dooly, GA",19916
"13095","Dougherty, GA",24196
"13097","Douglas, GA",26552
"13099","Early, GA",24748
"13101","Echols, GA",18684
"13103","Effingham, GA",25669
"13105","Elbert, GA",22168
"13107","Emanuel, GA",21929
"13109","Evans, GA",22095
"13111","Fannin, GA",21761
"13113","Fayette, GA",40082
"13115","Floyd, GA",26426
"13117","Forsyth, GA",37305
"13119","Franklin, GA",24135
"13121","Fulton, GA",53100
"13123","Gilmer, GA",21977
"13125","Glascock, GA",25152
"13127","Glynn, GA",32055
"13129","Gordon, GA",23758
"13131","Grady, GA",21532
"13133","Greene, GA",25850
"13135","Gwinnett, GA",31664
"13137","Habersham, GA",24330
"13139","Hall, GA",26955
"13141","Hancock, GA",16566
"13143","Haralson, GA",22458
"13145","Harris, GA",33088
"13147","Hart, GA",22333
"13149","Heard, GA",18434
"13151","Henry, GA",29527
"13153","Houston, GA",29849
"13155","Irwin, GA",22143
"13157","Jackson, GA",26074
"13159","Jasper, GA",25305
"13161","Jeff Davis, GA",21345
"13163","Jefferson, GA",20546
"13165","Jenkins, GA",20669
"13167","Johnson, GA",17865
"13169","Jones, GA",24026
"13171","Lamar, GA",22729
"13173","Lanier, GA",19392
"13175","Laurens, GA",23743
"13177","Lee, GA",29090
"13179","Liberty, GA",22198
"13181","Lincoln, GA",21071
"13183","Long, GA",18695
"13185","Lowndes, GA",25328
"13187","Lumpkin, GA",22633
"13189","McDuffie, GA",24925
"13191","McIntosh, GA",19168
"13193","Macon, GA",19127
"13195","Madison, GA",24336
"13197","Marion, GA",20169
"13199","Meriwether, GA",21896
"13201","Miller, GA",26017
"13205","Mitchell, GA",22596
"13207","Monroe, GA",26814
"13209","Montgomery, GA",19685
"13211","Morgan, GA",29093
"13213","Murray, GA",20250
"13215","Muscogee, GA",30407
"13217","Newton, GA",23998
"13219","Oconee, GA",34768
"13221","Oglethorpe, GA",22892
"13223","Paulding, GA",25636
"13225","Peach, GA",24645
"13227","Pickens, GA",28971
"13229","Pierce, GA",23611
"13231","Pike, GA",26050
"13233","Polk, GA",21597
"13235","Pulaski, GA",24864
"13237","Putnam, GA",24842
"13239","Quitman, GA",29467
"13241","Rabun, GA",24827
"13243","Randolph, GA",21668
"13245","Richmond, GA",25277
"13247","Rockdale, GA",29656
"13249","Schley, GA",21293
"13251","Screven, GA",20325
"13253","Seminole, GA",24631
"13255","Spalding, GA",23422
"13257","Stephens, GA",23103
"13259","Stewart, GA",19166
"13261","Sumter, GA",22998
"13263","Talbot, GA",22414
"13265","Taliaferro, GA",19884
"13267","Tattnall, GA",20145
"13269","Taylor, GA",21093
"13271","Telfair, GA",17264
"13273","Terrell, GA",23181
"13275","Thomas, GA",27034
"13277","Tift, GA",24529
"13279","Toombs, GA",22633
"13281","Towns, GA",24755
"13283","Treutlen, GA",18166
"13285","Troup, GA",26368
"13287","Turner, GA",20827
"13289","Twiggs, GA",20703
"13291","Union, GA",23865
"13293","Upson, GA",21583
"13295","Walker, GA",22753
"13297","Walton, GA",27421
"13299","Ware, GA",21764
"13301","Warren, GA",19184
"13303","Washington, GA",21784
"13305","Wayne, GA",22354
"13307","Webster, GA",22992
"13309","Wheeler, GA",16967
"13311","White, GA",22306
"13313","Whitfield, GA",38412
"13315","Wilcox, GA",20319
"13317","Wilkes, GA",21084
"13319","Wilkinson, GA",21940
"13321","Worth, GA",23228
"15001","Hawaii, HI",24781
"15003","Honolulu, HI",34871
"15007","Kauai, HI",27856
"15901","Maui + Kalawao, HI",28763
"16001","Ada, ID",34661
"16003","Adams, ID",23320
"16005","Bannock, ID",24311
"16007","Bear Lake, ID",20294
"16009","Benewah, ID",22522
"16011","Bingham, ID",20437
"16013","Blaine, ID",50241
"16015","Boise, ID",24707
"16017","Bonner, ID",23218
"16019","Bonneville, ID",29709
"16021","Boundary, ID",20327
"16023","Butte, ID",17109
"16025","Camas, ID",29744
"16027","Canyon, ID",20778
"16029","Caribou, ID",24610
"16031","Cassia, ID",25377
"16033","Clark, ID",27391
"16035","Clearwater, ID",23784
"16037","Custer, ID",24013
"16039","Elmore, ID",26831
"16041","Franklin, ID",19707
"16043","Fremont (includes Yellowstone Park), ID",19000
"16045","Gem, ID",19786
"16047","Gooding, ID",24494
"16049","Idaho, ID",21454
"16051","Jefferson, ID",21604
"16053","Jerome, ID",22930
"16055","Kootenai, ID",26298
"16057","Latah, ID",25520
"16059","Lemhi, ID",22213
"16061","Lewis, ID",27820
"16063","Lincoln, ID",21238
"16065","Madison, ID",15048
"16067","Minidoka, ID",19470
"16069","Nez Perce, ID",27528
"16071","Oneida, ID",19624
"16073","Owyhee, ID",20392
"16075","Payette, ID",23957
"16077","Power, ID",19895
"16079","Shoshone, ID",22537
"16081","Teton, ID",21528
"16083","Twin Falls, ID",24736
"16085","Valley, ID",30406
"16087","Washington, ID",21920
"17001","Adams, IL",28515
"17003","Alexander, IL",18334
"17005","Bond, IL",25395
"17007","Boone, IL",28209
"17009","Brown, IL",18866
"17011","Bureau, IL",28383
"17013","Calhoun, IL",24812
"17015","Carroll, IL",27332
"17017","Cass, IL",25888
"17019","Champaign, IL",29264
"17021","Christian, IL",26645
"17023","Clark, IL",25016
"17025","Clay, IL",23898
"17027","Clinton, IL",29979
"17029","Coles, IL",25437
"17031","Cook, IL",37093
"17033","Crawford, IL",23783
"17035","Cumberland, IL",23719
"17037","DeKalb, IL",27327
"17039","De Witt, IL",26714
"17041","Douglas, IL",27996
"17043","DuPage, IL",47031
"17045","Edgar, IL",24957
"17047","Edwards, IL",24255
"17049","Effingham, IL",28424
"17051","Fayette, IL",21015
"17053","Ford, IL",30252
"17055","Franklin, IL",23474
"17057","Fulton, IL",25653
"17059","Gallatin, IL",22078
"17061","Greene, IL",23989
"17063","Grundy, IL",37379
"17065","Hamilton, IL",21470
"17067","Hancock, IL",26784
"17069","Hardin, IL",21092
"17071","Henderson, IL",25406
"17073","Henry, IL",28415
"17075","Iroquois, IL",27562
"17077","Jackson, IL",24946
"17079","Jasper, IL",23077
"17081","Jefferson, IL",25549
"17083","Jersey, IL",27397
"17085","Jo Daviess, IL",30114
"17087","Johnson, IL",19367
"17089","Kane, IL",32367
"17091","Kankakee, IL",27142
"17093","Kendall, IL",32960
"17095","Knox, IL",27009
"17097","Lake, IL",49434
"17099","LaSalle, IL",27363
"17101","Lawrence, IL",26181
"17103","Lee, IL",27039
"17105","Livingston, IL",28834
"17107","Logan, IL",23500
"17109","McDonough, IL",23171
"17111","McHenry, IL",36443
"17113","McLean, IL",33225
"17115","Macon, IL",30091
"17117","Macoupin, IL",27377
"17119","Madison, IL",29811
"17121","Marion, IL",26030
"17123","Marshall, IL",29499
"17125","Mason, IL",25129
"17127","Massac, IL",23282
"17129","Menard, IL",30590
"17131","Mercer, IL",27703
"17133","Monroe, IL",33120
"17135","Montgomery, IL",23715
"17137","Morgan, IL",26637
"17139","Moultrie, IL",32120
"17141","Ogle, IL",27869
"17143","Peoria, IL",30315
"17145","Perry, IL",21604
"17147","Piatt, IL",31061
"17149","Pike, IL",24228
"17151","Pope, IL",20339
"17153","Pulaski, IL",21510
"17155","Putnam, IL",25825
"17157","Randolph, IL",22487
"17159","Richland, IL",23537
"17161","Rock Island, IL",29914
"17163","St. Clair, IL",29378
"17165","Saline, IL",24701
"17167","Sangamon, IL",32352
"17169","Schuyler, IL",27559
"17171","Scott, IL",22428
"17173","Shelby, IL",23635
"17175","Stark, IL",26755
"17177","Stephenson, IL",29095
"17179","Tazewell, IL",29818
"17181","Union, IL",24156
"17183","Vermilion, IL",25762
"17185","Wabash, IL",24797
"17187","Warren, IL",24900
"17189","Washington, IL",30278
"17191","Wayne, IL",23170
"17193","White, IL",25381
"17195","Whiteside, IL",25468
"17197","Will, IL",32010
"17199","Williamson, IL",26492
"17201","Winnebago, IL",28751
"17203","Woodford, IL",30414
"18001","Adams, IN",26389
"18003","Allen, IN",29599
"18005","Bartholomew, IN",30608
"18007","Benton, IN",27183
"18009","Blackford, IN",24108
"18011","Boone, IN",41542
"18013","Brown, IN",29840
"18015","Carroll, IN",26605
"18017","Cass, IN",25919
"18019","Clark, IN",28914
"18021","Clay, IN",24725
"18023","Clinton, IN",24908
"18025","Crawford, IN",22402
"18027","Daviess, IN",25657
"18029","Dearborn, IN",34371
"18031","Decatur, IN",27444
"18033","DeKalb, IN",27530
"18035","Delaware, IN",25593
"18037","Dubois, IN",33186
"18039","Elkhart, IN",28329
"18041","Fayette, IN",27072
"18043","Floyd, IN",32478
"18045","Fountain, IN",24209
"18047","Franklin, IN",28722
"18049","Fulton, IN",25124
"18051","Gibson, IN",30039
"18053","Grant, IN",25510
"18055","Greene, IN",24350
"18057","Hamilton, IN",45032
"18059","Hancock, IN",34479
"18061","Harrison, IN",28233
"18063","Hendricks, IN",32378
"18065","Henry, IN",27849
"18067","Howard, IN",28999
"18069","Huntington, IN",27044
"18071","Jackson, IN",26323
"18073","Jasper, IN",26482
"18075","Jay, IN",24073
"18077","Jefferson, IN",24740
"18079","Jennings, IN",22913
"18081","Johnson, IN",32898
"18083","Knox, IN",26401
"18085","Kosciusko, IN",29698
"18087","Lagrange, IN",22467
"18089","Lake, IN",28277
"18091","LaPorte, IN",26444
"18093","Lawrence, IN",25066
"18095","Madison, IN",26814
"18097","Marion, IN",32945
"18099","Marshall, IN",25556
"18101","Martin, IN",26612
"18103","Miami, IN",22541
"18105","Monroe, IN",25872
"18107","Montgomery, IN",26492
"18109","Morgan, IN",29396
"18111","Newton, IN",24762
"18113","Noble, IN",24380
"18115","Ohio, IN",43526
"18117","Orange, IN",21655
"18119","Owen, IN",23913
"18121","Parke, IN",22002
"18123","Perry, IN",25262
"18125","Pike, IN",23053
"18127","Porter, IN",32563
"18129","Posey, IN",29733
"18131","Pulaski, IN",24393
"18133","Putnam, IN",23928
"18135","Randolph, IN",25405
"18137","Ripley, IN",27182
"18139","Rush, IN",26940
"18141","St. Joseph, IN",29807
"18143","Scott, IN",22760
"18145","Shelby, IN",28864
"18147","Spencer, IN",26904
"18149","Starke, IN",20751
"18151","Steuben, IN",25706
"18153","Sullivan, IN",22178
"18155","Switzerland, IN",20506
"18157","Tippecanoe, IN",25364
"18159","Tipton, IN",29677
"18161","Union, IN",25696
"18163","Vanderburgh, IN",30949
"18165","Vermillion, IN",25498
"18167","Vigo, IN",26469
"18169","Wabash, IN",26266
"18171","Warren, IN",24759
"18173","Warrick, IN",32279
"18175","Washington, IN",23368
"18177","Wayne, IN",26416
"18179","Wells, IN",26913
"18181","White, IN",23900
"18183","Whitley, IN",28362
"19001","Adair, IA",27743
"19003","Adams, IA",26368
"19005","Allamakee, IA",25101
"19007","Appanoose, IA",23195
"19009","Audubon, IA",27695
"19011","Benton, IA",27660
"19013","Black Hawk, IA",27642
"19015","Boone, IA",30741
"19017","Bremer, IA",27407
"19019","Buchanan, IA",25984
"19021","Buena Vista, IA",26319
"19023","Butler, IA",25855
"19025","Calhoun, IA",26469
"19027","Carroll, IA",29017
"19029","Cass, IA",26725
"19031","Cedar, IA",29661
"19033","Cerro Gordo, IA",31167
"19035","Cherokee, IA",29665
"19037","Chickasaw, IA",24825
"19039","Clarke, IA",22678
"19041","Clay, IA",28875
"19043","Clayton, IA",25999
"19045","Clinton, IA",26316
"19047","Crawford, IA",24969
"19049","Dallas, IA",32514
"19051","Davis, IA",20442
"19053","Decatur, IA",19387
"19055","Delaware, IA",24861
"19057","Des Moines, IA",27876
"19059","Dickinson, IA",35655
"19061","Dubuque, IA",28338
"19063","Emmet, IA",26780
"19065","Fayette, IA",22788
"19067","Floyd, IA",25426
"19069","Franklin, IA",26269
"19071","Fremont, IA",30391
"19073","Greene, IA",27892
"19075","Grundy, IA",29601
"19077","Guthrie, IA",28460
"19079","Hamilton, IA",28058
"19081","Hancock, IA",28688
"19083","Hardin, IA",26618
"19085","Harrison, IA",27544
"19087","Henry, IA",25528
"19089","Howard, IA",26183
"19091","Humboldt, IA",28009
"19093","Ida, IA",29455
"19095","Iowa, IA",32593
"19097","Jackson, IA",25211
"19099","Jasper, IA",30205
"19101","Jefferson, IA",26927
"19103","Johnson, IA",32863
"19105","Jones, IA",24558
"19107","Keokuk, IA",26502
"19109","Kossuth, IA",28132
"19111","Lee, IA",25910
"19113","Linn, IA",32722
"19115","Louisa, IA",25906
"19117","Lucas, IA",23481
"19119","Lyon, IA",25926
"19121","Madison, IA",27895
"19123","Mahaska, IA",26141
"19125","Marion, IA",26552
"19127","Marshall, IA",28415
"19129","Mills, IA",33341
"19131","Mitchell, IA",25256
"19133","Monona, IA",27158
"19135","Monroe, IA",25998
"19137","Montgomery, IA",26908
"19139","Muscatine, IA",29151
"19141","O'Brien, IA",28173
"19143","Osceola, IA",26505
"19145","Page, IA",24472
"19147","Palo Alto, IA",26361
"19149","Plymouth, IA",29596
"19151","Pocahontas, IA",26580
"19153","Polk, IA",35651
"19155","Pottawattamie, IA",28389
"19157","Poweshiek, IA",28734
"19159","Ringgold, IA",21204
"19161","Sac, IA",26746
"19163","Scott, IA",32313
"19165","Shelby, IA",27303
"19167","Sioux, IA",28466
"19169","Story, IA",28270
"19171","Tama, IA",24373
"19173","Taylor, IA",22929
"19175","Union, IA",23418
"19177","Van Buren, IA",22993
"19179","Wapello, IA",24713
"19181","Warren, IA",29970
"19183","Washington, IA",29826
"19185","Wayne, IA",22317
"19187","Webster, IA",27523
"19189","Winnebago, IA",24754
"19191","Winneshiek, IA",27624
"19193","Woodbury, IA",28195
"19195","Worth, IA",22348
"19197","Wright, IA",32698
"20001","Allen, KS",26064
"20003","Anderson, KS",22890
"20005","Atchison, KS",21761
"20007","Barber, KS",30085
"20009","Barton, KS",27242
"20011","Bourbon, KS",26863
"20013","Brown, KS",26987
"20015","Butler, KS",28577
"20017","Chase, KS",24711
"20019","Chautauqua, KS",25903
"20021","Cherokee, KS",21100
"20023","Cheyenne, KS",25025
"20025","Clark, KS",27664
"20027","Clay, KS",26995
"20029","Cloud, KS",24535
"20031","Coffey, KS",29340
"20033","Comanche, KS",33058
"20035","Cowley, KS",25070
"20037","Crawford, KS",24523
"20039","Decatur, KS",26754
"20041","Dickinson, KS",29084
"20043","Doniphan, KS",19028
"20045","Douglas, KS",27718
"20047","Edwards, KS",35173
"20049","Elk, KS",23362
"20051","Ellis, KS",27431
"20053","Ellsworth, KS",25958
"20055","Finney, KS",22377
"20057","Ford, KS",24078
"20059","Franklin, KS",25565
"20061","Geary, KS",29814
"20063","Gove, KS",34476
"20065","Graham, KS",28257
"20067","Grant, KS",24847
"20069","Gray, KS",26698
"20071","Greeley, KS",45076
"20073","Greenwood, KS",24699
"20075","Hamilton, KS",29756
"20077","Harper, KS",31413
"20079","Harvey, KS",26102
"20081","Haskell, KS",33182
"20083","Hodgeman, KS",24325
"20085","Jackson, KS",26855
"20087","Jefferson, KS",26232
"20089","Jewell, KS",30060
"20091","Johnson, KS",42724
"20093","Kearny, KS",26793
"20095","Kingman, KS",26031
"20097","Kiowa, KS",31442
"20099","Labette, KS",24490
"20101","Lane, KS",28055
"20103","Leavenworth, KS",28088
"20105","Lincoln, KS",24097
"20107","Linn, KS",23409
"20109","Logan, KS",29359
"20111","Lyon, KS",23243
"20113","McPherson, KS",29637
"20115","Marion, KS",24421
"20117","Marshall, KS",27046
"20119","Meade, KS",26079
"20121","Miami, KS",29207
"20123","Mitchell, KS",28402
"20125","Montgomery, KS",23775
"20127","Morris, KS",26728
"20129","Morton, KS",25673
"20131","Nemaha, KS",25306
"20133","Neosho, KS",24365
"20135","Ness, KS",33004
"20137","Norton, KS",24359
"20139","Osage, KS",24580
"20141","Osborne, KS",27100
"20143","Ottawa, KS",27105
"20145","Pawnee, KS",25111
"20147","Phillips, KS",28938
"20149","Pottawatomie, KS",27063
"20151","Pratt, KS",29272
"20153","Rawlins, KS",28691
"20155","Reno, KS",26356
"20157","Republic, KS",25562
"20159","Rice, KS",21849
"20161","Riley, KS",27049
"20163","Rooks, KS",25545
"20165","Rush, KS",29568
"20167","Russell, KS",25716
"20169","Saline, KS",28974
"20171","Scott, KS",30564
"20173","Sedgwick, KS",31377
"20175","Seward, KS",22213
"20177","Shawnee, KS",30680
"20179","Sheridan, KS",29459
"20181","Sherman, KS",24953
"20183","Smith, KS",27740
"20185","Stafford, KS",28491
"20187","Stanton, KS",29107
"20189","Stevens, KS",26461
"20191","Sumner, KS",25726
"20193","Thomas, KS",26748
"20195","Trego, KS",24466
"20197","Wabaunsee, KS",27149
"20199","Wallace, KS",30672
"20201","Washington, KS",23377
"20203","Wichita, KS",30479
"20205","Wilson, KS",23816
"20207","Woodson, KS",21162
"20209","Wyandotte, KS",21468
"21001","Adair, KY",17993
"21003","Allen, KY",20278
"21005","Anderson, KY",25709
"21007","Ballard, KY",25182
"21009","Barren, KY",24351
"21011","Bath, KY",19980
"21013","Bell, KY",19116
"21015","Boone, KY",34106
"21017","Bourbon, KY",26739
"21019","Boyd, KY",27160
"21021","Boyle, KY",25479
"21023","Bracken, KY",23481
"21025","Breathitt, KY",19410
"21027","Breckinridge, KY",20984
"21029","Bullitt, KY",23785
"21031","Butler, KY",18889
"21033","Caldwell, KY",22854
"21035","Calloway, KY",23663
"21037","Campbell, KY",29281
"21039","Carlisle, KY",23373
"21041","Carroll, KY",31940
"21043","Carter, KY",18770
"21045","Casey, KY",18697
"21047","Christian, KY",25090
"21049","Clark, KY",27707
"21051","Clay, KY",16010
"21053","Clinton, KY",18889
"21055","Crittenden, KY",20785
"21057","Cumberland, KY",17478
"21059","Daviess, KY",26666
"21061","Edmonson, KY",18340
"21063","Elliott, KY",15128
"21065","Estill, KY",18908
"21067","Fayette, KY",32539
"21069","Fleming, KY",19971
"21071","Floyd, KY",22136
"21073","Franklin, KY",29128
"21075","Fulton, KY",22783
"21077","Gallatin, KY",22031
"21079","Garrard, KY",21195
"21081","Grant, KY",22984
"21083","Graves, KY",22735
"21085","Grayson, KY",19574
"21087","Green, KY",19860
"21089","Greenup, KY",24044
"21091","Hancock, KY",22340
"21093","Hardin, KY",29003
"21095","Harlan, KY",18373
"21097","Harrison, KY",23172
"21099","Hart, KY",18169
"21101","Henderson, KY",27394
"21103","Henry, KY",24814
"21105","Hickman, KY",20221
"21107","Hopkins, KY",23300
"21109","Jackson, KY",16994
"21111","Jefferson, KY",33361
"21113","Jessamine, KY",27438
"21115","Johnson, KY",21581
"21117","Kenton, KY",33088
"21119","Knott, KY",19737
"21121","Knox, KY",18101
"21123","Larue, KY",24307
"21125","Laurel, KY",21294
"21127","Lawrence, KY",18110
"21129","Lee, KY",17294
"21131","Leslie, KY",18128
"21133","Letcher, KY",19660
"21135","Lewis, KY",17775
"21137","Lincoln, KY",19177
"21139","Livingston, KY",23869
"21141","Logan, KY",22316
"21143","Lyon, KY",19384
"21145","McCracken, KY",30161
"21147","McCreary, KY",15302
"21149","McLean, KY",22799
"21151","Madison, KY",22662
"21153","Magoffin, KY",17580
"21155","Marion, KY",22548
"21157","Marshall, KY",24825
"21159","Martin, KY",17456
"21161","Mason, KY",24579
"21163","Meade, KY",21739
"21165","Menifee, KY",16167
"21167","Mercer, KY",23597
"21169","Metcalfe, KY",17581
"21171","Monroe, KY",19634
"21173","Montgomery, KY",22377
"21175","Morgan, KY",16129
"21177","Muhlenberg, KY",20830
"21179","Nelson, KY",26577
"21181","Nicholas, KY",22276
"21183","Ohio, KY",20602
"21185","Oldham, KY",35013
"21187","Owen, KY",19956
"21189","Owsley, KY",18181
"21191","Pendleton, KY",20883
"21193","Perry, KY",22834
"21195","Pike, KY",21629
"21197","Powell, KY",18993
"21199","Pulaski, KY",23706
"21201","Robertson, KY",18576
"21203","Rockcastle, KY",18036
"21205","Rowan, KY",20736
"21207","Russell, KY",19439
"21209","Scott, KY",29224
"21211","Shelby, KY",30804
"21213","Simpson, KY",23591
"21215","Spencer, KY",24611
"21217","Taylor, KY",21563
"21219","Todd, KY",23195
"21221","Trigg, KY",25770
"21223","Trimble, KY",16351
"21225","Union, KY",23648
"21227","Warren, KY",26414
"21229","Washington, KY",22544
"21231","Wayne, KY",18038
"21233","Webster, KY",22357
"21235","Whitley, KY",20629
"21237","Wolfe, KY",17232
"21239","Woodford, KY",37030
"22001","Acadia, LA",21930
"22003","Allen, LA",18549
"22005","Ascension, LA",25444
"22007","Assumption, LA",25309
"22009","Avoyelles, LA",20437
"22011","Beauregard, LA",23190
"22013","Bienville, LA",21175
"22015","Bossier, LA",26710
"22017","Caddo, LA",30032
"22019","Calcasieu, LA",24905
"22021","Caldwell, LA",20655
"22023","Cameron, LA",16999
"22025","Catahoula, LA",20913
"22027","Claiborne, LA",21463
"22029","Concordia, LA",21604
"22031","De Soto, LA",21228
"22033","East Baton Rouge, LA",30384
"22035","East Carroll, LA",19846
"22037","East Feliciana, LA",23436
"22039","Evangeline, LA",20138
"22041","Franklin, LA",19826
"22043","Grant, LA",21158
"22045","Iberia, LA",23461
"22047","Iberville, LA",20343
"22049","Jackson, LA",23620
"22051","Jefferson, LA",32259
"22053","Jefferson Davis, LA",22787
"22055","Lafayette, LA",30390
"22057","Lafourche, LA",25789
"22059","LaSalle, LA",18407
"22061","Lincoln, LA",22721
"22063","Livingston, LA",22802
"22065","Madison, LA",19785
"22067","Morehouse, LA",22149
"22069","Natchitoches, LA",21036
"22071","Orleans, LA",27990
"22073","Ouachita, LA",25134
"22075","Plaquemines, LA",22817
"22077","Pointe Coupee, LA",23304
"22079","Rapides, LA",27275
"22081","Red River, LA",18275
"22083","Richland, LA",21220
"22085","Sabine, LA",20072
"22087","St. Bernard, LA",23795
"22089","St. Charles, LA",26772
"22091","St. Helena, LA",19209
"22093","St. James, LA",21085
"22095","St. John the Baptist, LA",21197
"22097","St. Landry, LA",22094
"22099","St. Martin, LA",20147
"22101","St. Mary, LA",24727
"22103","St. Tammany, LA",33379
"22105","Tangipahoa, LA",22151
"22107","Tensas, LA",22657
"22109","Terrebonne, LA",24279
"22111","Union, LA",22697
"22113","Vermilion, LA",22673
"22115","Vernon, LA",26405
"22117","Washington, LA",19857
"22119","Webster, LA",22828
"22121","West Baton Rouge, LA",23872
"22123","West Carroll, LA",19638
"22125","West Feliciana, LA",18895
"22127","Winn, LA",18953
"23001","Androscoggin, ME",28774
"23003","Aroostook, ME",25454
"23005","Cumberland, ME",37256
"23007","Franklin, ME",25215
"23009","Hancock, ME",32734
"23011","Kennebec, ME",29724
"23013","Knox, ME",35207
"23015","Lincoln, ME",32027
"23017","Oxford, ME",25370
"23019","Penobscot, ME",27064
"23021","Piscataquis, ME",24005
"23023","Sagadahoc, ME",31379
"23025","Somerset, ME",24915
"23027","Waldo, ME",26074
"23029","Washington, ME",25720
"23031","York, ME",32089
"24001","Allegany, MD",28297
"24003","Anne Arundel, MD",41725
"24005","Baltimore, MD",40078
"24009","Calvert, MD",37679
"24011","Caroline, MD",26782
"24013","Carroll, MD",36206
"24015","Cecil, MD",31219
"24017","Charles, MD",36490
"24019","Dorchester, MD",28079
"24021","Frederick, MD",37830
"24023","Garrett, MD",26399
"24025","Harford, MD",36934
"24027","Howard, MD",48176
"24029","Kent, MD",37017
"24031","Montgomery, MD",56764
"24033","Prince George's, MD",32331
"24035","Queen Anne's, MD",40946
"24037","St. Mary's, MD",34747
"24039","Somerset, MD",21490
"24041","Talbot, MD",46138
"24043","Washington, MD",28659
"24045","Wicomico, MD",27618
"24047","Worcester, MD",33146
"24510","Baltimore (Independent City), MD",27284
"25001","Barnstable, MA",41929
"25003","Berkshire, MA",32358
"25005","Bristol, MA",32473
"25007","Dukes, MA",51652
"25009","Essex, MA",40925
"25011","Franklin, MA",32468
"25013","Hampden, MA",31037
"25015","Hampshire, MA",31664
"25017","Middlesex, MA",47054
"25019","Nantucket, MA",68834
"25021","Norfolk, MA",51588
"25023","Plymouth, MA",38411
"25025","Suffolk, MA",41856
"25027","Worcester, MA",35181
"26001","Alcona, MI",22405
"26003","Alger, MI",21672
"26005","Allegan, MI",26026
"26007","Alpena, MI",26281
"26009","Antrim, MI",25955
"26011","Arenac, MI",21875
"26013","Baraga, MI",20785
"26015","Barry, MI",29111
"26017","Bay, MI",27621
"26019","Benzie, MI",24919
"26021","Berrien, MI",29496
"26023","Branch, MI",22672
"26025","Calhoun, MI",26996
"26027","Cass, MI",27113
"26029","Charlevoix, MI",30327
"26031","Cheboygan, MI",23742
"26033","Chippewa, MI",21658
"26035","Clare, MI",21001
"26037","Clinton, MI",31208
"26039","Crawford, MI",20348
"26041","Delta, MI",25816
"26043","Dickinson, MI",29028
"26045","Eaton, MI",28391
"26047","Emmet, MI",31800
"26049","Genesee, MI",27231
"26051","Gladwin, MI",21754
"26053","Gogebic, MI",22479
"26055","Grand Traverse, MI",29961
"26057","Gratiot, MI",22291
"26059","Hillsdale, MI",24476
"26061","Houghton, MI",22766
"26063","Huron, MI",27009
"26065","Ingham, MI",28241
"26067","Ionia, MI",22465
"26069","Iosco, MI",22018
"26071","Iron, MI",24328
"26073","Isabella, MI",21936
"26075","Jackson, MI",25647
"26077","Kalamazoo, MI",31778
"26079","Kalkaska, MI",18971
"26081","Kent, MI",32557
"26083","Keweenaw, MI",27741
"26085","Lake, MI",20329
"26087","Lapeer, MI",27670
"26089","Leelanau, MI",32945
"26091","Lenawee, MI",27454
"26093","Livingston, MI",37186
"26095","Luce, MI",20342
"26097","Mackinac, MI",26676
"26099","Macomb, MI",33793
"26101","Manistee, MI",24225
"26103","Marquette, MI",25703
"26105","Mason, MI",25383
"26107","Mecosta, MI",20461
"26109","Menominee, MI",23659
"26111","Midland, MI",34155
"26113","Missaukee, MI",19904
"26115","Monroe, MI",31808
"26117","Montcalm, MI",22502
"26119","Montmorency, MI",21385
"26121","Muskegon, MI",24611
"26123","Newaygo, MI",22020
"26125","Oakland, MI",49779
"26127","Oceana, MI",22692
"26129","Ogemaw, MI",20534
"26131","Ontonagon, MI",23629
"26133","Osceola, MI",22039
"26135","Oscoda, MI",18949
"26137","Otsego, MI",25023
"26139","Ottawa, MI",30193
"26141","Presque Isle, MI",22977
"26143","Roscommon, MI",22952
"26145","Saginaw, MI",26064
"26147","St. Clair, MI",28977
"26149","St. Joseph, MI",24265
"26151","Sanilac, MI",24299
"26153","Schoolcraft, MI",22987
"26155","Shiawassee, MI",24623
"26157","Tuscola, MI",21935
"26159","Van Buren, MI",25110
"26161","Washtenaw, MI",39097
"26163","Wayne, MI",28087
"26165","Wexford, MI",23826
"27001","Aitkin, MN",24026
"27003","Anoka, MN",33953
"27005","Becker, MN",27118
"27007","Beltrami, MN",24241
"27009","Benton, MN",29706
"27011","Big Stone, MN",26313
"27013","Blue Earth, MN",30591
"27015","Brown, MN",30355
"27017","Carlton, MN",25907
"27019","Carver, MN",41729
"27021","Cass, MN",28565
"27023","Chippewa, MN",29701
"27025","Chisago, MN",30802
"27027","Clay, MN",27764
"27029","Clearwater, MN",21746
"27031","Cook, MN",31186
"27033","Cottonwood, MN",28003
"27035","Crow Wing, MN",27251
"27037","Dakota, MN",40453
"27039","Dodge, MN",29413
"27041","Douglas, MN",29433
"27043","Faribault, MN",29846
"27045","Fillmore, MN",27159
"27047","Freeborn, MN",26603
"27049","Goodhue, MN",31266
"27051","Grant, MN",27712
"27053","Hennepin, MN",44863
"27055","Houston, MN",31101
"27057","Hubbard, MN",31370
"27059","Isanti, MN",27749
"27061","Itasca, MN",25027
"27063","Jackson, MN",28027
"27065","Kanabec, MN",23668
"27067","Kandiyohi, MN",29920
"27069","Kittson, MN",34074
"27071","Koochiching, MN",28343
"27073","Lac qui Parle, MN",25539
"27075","Lake, MN",29401
"27077","Lake of the Woods, MN",26514
"27079","Le Sueur, MN",29032
"27081","Lincoln, MN",25316
"27083","Lyon, MN",29390
"27085","McLeod, MN",29593
"27087","Mahnomen, MN",23567
"27089","Marshall, MN",31649
"27091","Martin, MN",29839
"27093","Meeker, MN",26438
"27095","Mille Lacs, MN",25225
"27097","Morrison, MN",24559
"27099","Mower, MN",29382
"27101","Murray, MN",29062
"27103","Nicollet, MN",29496
"27105","Nobles, MN",27916
"27107","Norman, MN",31479
"27109","Olmsted, MN",37160
"27111","Otter Tail, MN",26737
"27113","Pennington, MN",30464
"27115","Pine, MN",23215
"27117","Pipestone, MN",27203
"27119","Polk, MN",28305
"27121","Pope, MN",28935
"27123","Ramsey, MN",36222
"27125","Red Lake, MN",26045
"27127","Redwood, MN",28479
"27129","Renville, MN",28011
"27131","Rice, MN",27460
"27133","Rock, MN",28217
"27135","Roseau, MN",31607
"27137","St. Louis, MN",28929
"27139","Scott, MN",36239
"27141","Sherburne, MN",29910
"27143","Sibley, MN",27901
"27145","Stearns, MN",28221
"27147","Steele, MN",28792
"27149","Stevens, MN",31632
"27151","Swift, MN",26256
"27153","Todd, MN",22389
"27155","Traverse, MN",27895
"27157","Wabasha, MN",32169
"27159","Wadena, MN",23778
"27161","Waseca, MN",27018
"27163","Washington, MN",41044
"27165","Watonwan, MN",26445
"27167","Wilkin, MN",32794
"27169","Winona, MN",27508
"27171","Wright, MN",31323
"27173","Yellow Medicine, MN",27117
"28001","Adams, MS",22136
"28003","Alcorn, MS",21162
"28005","Amite, MS",18143
"28007","Attala, MS",22212
"28009","Benton, MS",18623
"28011","Bolivar, MS",21166
"28013","Calhoun, MS",20603
"28015","Carroll, MS",20154
"28017","Chickasaw, MS",21412
"28019","Choctaw, MS",18803
"28021","Claiborne, MS",17691
"28023","Clarke, MS",18387
"28025","Clay, MS",21737
"28027","Coahoma, MS",22662
"28029","Copiah, MS",19593
"28031","Covington, MS",20202
"28033","DeSoto, MS",27727
"28035","Forrest, MS",23575
"28037","Franklin, MS",19247
"28039","George, MS",20046
"28041","Greene, MS",15760
"28043","Grenada, MS",23738
"28045","Hancock, MS",23016
"28047","Harrison, MS",27055
"28049","Hinds, MS",27293
"28051","Holmes, MS",17133
"28053","Humphreys, MS",20827
"28055","Issaquena, MS",18247
"28057","Itawamba, MS",21436
"28059","Jackson, MS",24698
"28061","Jasper, MS",19318
"28063","Jefferson, MS",16838
"28065","Jefferson Davis, MS",17381
"28067","Jones, MS",23982
"28069","Kemper, MS",17178
"28071","Lafayette, MS",23816
"28073","Lamar, MS",24387
"28075","Lauderdale, MS",25653
"28077","Lawrence, MS",22017
"28079","Leake, MS",19305
"28081","Lee, MS",28045
"28083","Leflore, MS",21957
"28085","Lincoln, MS",24052
"28087","Lowndes, MS",23692
"28089","Madison, MS",39029
"28091","Marion, MS",20498
"28093","Marshall, MS",19348
"28095","Monroe, MS",21579
"28097","Montgomery, MS",20048
"28099","Neshoba, MS",26420
"28101","Newton, MS",22149
"28103","Noxubee, MS",19466
"28105","Oktibbeha, MS",21548
"28107","Panola, MS",19659
"28109","Pearl River, MS",21452
"28111","Perry, MS",19025
"28113","Pike, MS",21352
"28115","Pontotoc, MS",21482
"28117","Prentiss, MS",19456
"28119","Quitman, MS",19303
"28121","Rankin, MS",28333
"28123","Scott, MS",19407
"28125","Sharkey, MS",20992
"28127","Simpson, MS",22624
"28129","Smith, MS",23569
"28131","Stone, MS",22834
"28133","Sunflower, MS",16969
"28135","Tallahatchie, MS",19337
"28137","Tate, MS",23173
"28139","Tippah, MS",20894
"28141","Tishomingo, MS",19364
"28143","Tunica, MS",20744
"28145","Union, MS",21898
"28147","Walthall, MS",17483
"28149","Warren, MS",28875
"28151","Washington, MS",21507
"28153","Wayne, MS",19410
"28155","Webster, MS",19112
"28157","Wilkinson, MS",17345
"28159","Winston, MS",20070
"28161","Yalobusha, MS",21497
"28163","Yazoo, MS",20816
"29001","Adair, MO",21399
"29003","Andrew, MO",27587
"29005","Atchison, MO",27551
"29007","Audrain, MO",23092
"29009","Barry, MO",22219
"29011","Barton, MO",23823
"29013","Bates, MO",23018
"29015","Benton, MO",21190
"29017","Bollinger, MO",19818
"29019","Boone, MO",30385
"29021","Buchanan, MO",26246
"29023","Butler, MO",25744
"29025","Caldwell, MO",23398
"29027","Callaway, MO",23269
"29029","Camden, MO",26379
"29031","Cape Girardeau, MO",29105
"29033","Carroll, MO",25630
"29035","Carter, MO",21749
"29037","Cass, MO",30274
"29039","Cedar, MO",19833
"29041","Chariton, MO",26420
"29043","Christian, MO",25301
"29045","Clark, MO",22197
"29047","Clay, MO",35660
"29049","Clinton, MO",25960
"29051","Cole, MO",31392
"29053","Cooper, MO",22923
"29055","Crawford, MO",22330
"29057","Dade, MO",22894
"29059","Dallas, MO",21930
"29061","Daviess, MO",21813
"29063","DeKalb, MO",16062
"29065","Dent, MO",20970
"29067","Douglas, MO",17352
"29069","Dunklin, MO",24454
"29071","Franklin, MO",27896
"29073","Gasconade, MO",23782
"29075","Gentry, MO",24090
"29077","Greene, MO",30537
"29079","Grundy, MO",22601
"29081","Harrison, MO",24208
"29083","Henry, MO",25552
"29085","Hickory, MO",17852
"29087","Holt, MO",27962
"29089","Howard, MO",24895
"29091","Howell, MO",21968
"29093","Iron, MO",19932
"29095","Jackson, MO",29232
"29097","Jasper, MO",25733
"29099","Jefferson, MO",26933
"29101","Johnson, MO",23325
"29103","Knox, MO",24094
"29105","Laclede, MO",23064
"29107","Lafayette, MO",26696
"29109","Lawrence, MO",21357
"29111","Lewis, MO",21203
"29113","Lincoln, MO",25305
"29115","Linn, MO",23382
"29117","Livingston, MO",24062
"29119","McDonald, MO",19799
"29121","Macon, MO",23955
"29123","Madison, MO",20688
"29125","Maries, MO",20969
"29127","Marion, MO",24457
"29129","Mercer, MO",20671
"29131","Miller, MO",21714
"29133","Mississippi, MO",23239
"29135","Moniteau, MO",21883
"29137","Monroe, MO",22940
"29139","Montgomery, MO",24587
"29141","Morgan, MO",23178
"29143","New Madrid, MO",24218
"29145","Newton, MO",24645
"29147","Nodaway, MO",21515
"29149","Oregon, MO",18523
"29151","Osage, MO",25988
"29153","Ozark, MO",20320
"29155","Pemiscot, MO",23816
"29157","Perry, MO",24544
"29159","Pettis, MO",25081
"29161","Phelps, MO",25075
"29163","Pike, MO",20877
"29165","Platte, MO",36664
"29167","Polk, MO",20495
"29169","Pulaski, MO",27151
"29171","Putnam, MO",19241
"29173","Ralls, MO",28503
"29175","Randolph, MO",23298
"29177","Ray, MO",25170
"29179","Reynolds, MO",19797
"29181","Ripley, MO",20128
"29183","St. Charles, MO",34188
"29185","St. Clair, MO",21414
"29186","Ste. Genevieve, MO",23827
"29187","St. Francois, MO",22716
"29189","St. Louis, MO",43950
"29195","Saline, MO",25511
"29197","Schuyler, MO",21851
"29199","Scotland, MO",22395
"29201","Scott, MO",25244
"29203","Shannon, MO",18690
"29205","Shelby, MO",23807
"29207","Stoddard, MO",25049
"29209","Stone, MO",23241
"29211","Sullivan, MO",19500
"29213","Taney, MO",24679
"29215","Texas, MO",18714
"29217","Vernon, MO",23077
"29219","Warren, MO",25825
"29221","Washington, MO",18470
"29223","Wayne, MO",19175
"29225","Webster, MO",21083
"29227","Worth, MO",23336
"29229","Wright, MO",19277
"29510","St. Louis (Independent City), MO",27065
"30001","Beaverhead, MT",24667
"30003","Big Horn, MT",19273
"30005","Blaine, MT",17986
"30007","Broadwater, MT",22384
"30009","Carbon, MT",26651
"30011","Carter, MT",23088
"30013","Cascade, MT",28418
"30015","Chouteau, MT",24134
"30017","Custer, MT",26311
"30019","Daniels, MT",27925
"30021","Dawson, MT",24394
"30023","Deer Lodge, MT",22908
"30025","Fallon, MT",26012
"30027","Fergus, MT",24744
"30029","Flathead, MT",27439
"30031","Gallatin, MT",28099
"30033","Garfield, MT",25683
"30035","Glacier, MT",19973
"30037","Golden Valley, MT",22582
"30039","Granite, MT",21532
"30041","Hill, MT",28345
"30043","Jefferson, MT",27481
"30045","Judith Basin, MT",20866
"30047","Lake, MT",20988
"30049","Lewis and Clark, MT",28878
"30051","Liberty, MT",23050
"30053","Lincoln, MT",20516
"30055","McCone, MT",23790
"30057","Madison, MT",24744
"30059","Meagher, MT",22405
"30061","Mineral, MT",21231
"30063","Missoula, MT",27726
"30065","Musselshell, MT",20544
"30067","Park, MT",25474
"30069","Petroleum, MT",20180
"30071","Phillips, MT",23244
"30073","Pondera, MT",23318
"30075","Powder River, MT",20495
"30077","Powell, MT",20503
"30079","Prairie, MT",26706
"30081","Ravalli, MT",23583
"30083","Richland, MT",24968
"30085","Roosevelt, MT",21215
"30087","Rosebud, MT",26515
"30089","Sanders, MT",19941
"30091","Sheridan, MT",28375
"30093","Silver Bow, MT",26656
"30095","Stillwater, MT",27458
"30097","Sweet Grass, MT",24565
"30099","Teton, MT",24897
"30101","Toole, MT",25951
"30103","Treasure, MT",20245
"30105","Valley, MT",29356
"30107","Wheatland, MT",18141
"30109","Wibaux, MT",23771
"30111","Yellowstone, MT",29027
"31001","Adams, NE",29512
"31003","Antelope, NE",30075
"31005","Arthur, NE",27679
"31007","Banner, NE",38345
"31009","Blaine, NE",35842
"31011","Boone, NE",30443
"31013","Box Butte, NE",26964
"31015","Boyd, NE",27009
"31017","Brown, NE",25238
"31019","Buffalo, NE",28928
"31021","Burt, NE",28615
"31023","Butler, NE",27334
"31025","Cass, NE",31729
"31027","Cedar, NE",27918
"31029","Chase, NE",32101
"31031","Cherry, NE",29757
"31033","Cheyenne, NE",31557
"31035","Clay, NE",31453
"31037","Colfax, NE",28829
"31039","Cuming, NE",35283
"31041","Custer, NE",28003
"31043","Dakota, NE",23686
"31045","Dawes, NE",22743
"31047","Dawson, NE",25613
"31049","Deuel, NE",29643
"31051","Dixon, NE",25995
"31053","Dodge, NE",28976
"31055","Douglas, NE",38252
"31057","Dundy, NE",35951
"31059","Fillmore, NE",35030
"31061","Franklin, NE",30648
"31063","Frontier, NE",30080
"31065","Furnas, NE",29983
"31067","Gage, NE",29903
"31069","Garden, NE",31864
"31071","Garfield, NE",28461
"31073","Gosper, NE",30044
"31075","Grant, NE",24032
"31077","Greeley, NE",26002
"31079","Hall, NE",29120
"31081","Hamilton, NE",28399
"31083","Harlan, NE",25970
"31085","Hayes, NE",25512
"31087","Hitchcock, NE",24719
"31089","Holt, NE",28455
"31091","Hooker, NE",28811
"31093","Howard, NE",27980
"31095","Jefferson, NE",28921
"31097","Johnson, NE",28770
"31099","Kearney, NE",32431
"31101","Keith, NE",26438
"31103","Keya Paha, NE",25243
"31105","Kimball, NE",29074
"31107","Knox, NE",26848
"31109","Lancaster, NE",32513
"31111","Lincoln, NE",29830
"31113","Logan, NE",31316
"31115","Loup, NE",22497
"31117","McPherson, NE",25028
"31119","Madison, NE",28848
"31121","Merrick, NE",25948
"31123","Morrill, NE",28553
"31125","Nance, NE",26663
"31127","Nemaha, NE",32131
"31129","Nuckolls, NE",28754
"31131","Otoe, NE",28708
"31133","Pawnee, NE",27798
"31135","Perkins, NE",34943
"31137","Phelps, NE",33637
"31139","Pierce, NE",28464
"31141","Platte, NE",27942
"31143","Polk, NE",29848
"31145","Red Willow, NE",26567
"31147","Richardson, NE",27816
"31149","Rock, NE",29752
"31151","Saline, NE",26712
"31153","Sarpy, NE",33023
"31155","Saunders, NE",28492
"31157","Scotts Bluff, NE",27413
"31159","Seward, NE",29919
"31161","Sheridan, NE",28731
"31163","Sherman, NE",27101
"31165","Sioux, NE",25934
"31167","Stanton, NE",24202
"31169","Thayer, NE",30430
"31171","Thomas, NE",28460
"31173","Thurston, NE",26119
"31175","Valley, NE",28670
"31177","Washington, NE",32924
"31179","Wayne, NE",25924
"31181","Webster, NE",28621
"31183","Wheeler, NE",38674
"31185","York, NE",28318
"32001","Churchill, NV",27738
"32003","Clark, NV",32723
"32005","Douglas, NV",43776
"32007","Elko, NV",27248
"32009","Esmeralda, NV",30116
"32011","Eureka, NV",25957
"32013","Humboldt, NV",25862
"32015","Lander, NV",28371
"32017","Lincoln, NV",22562
"32019","Lyon, NV",25016
"32021","Mineral, NV",26898
"32023","Nye, NV",27399
"32027","Pershing, NV",17922
"32029","Storey, NV",35715
"32031","Washoe, NV",40441
"32033","White Pine, NV",28571
"32510","Carson City (Independent City), NV",20970
"33001","Belknap, NH",34533
"33003","Carroll, NH",36490
"33005","Cheshire, NH",30777
"33007","Coos, NH",28834
"33009","Grafton, NH",37227
"33011","Hillsborough, NH",39412
"33013","Merrimack, NH",39889
"33015","Rockingham, NH",41424
"33017","Strafford, NH",30869
"33019","Sullivan, NH",31226
"34001","Atlantic, NJ",30516
"34003","Bergen, NJ",53397
"34005","Burlington, NJ",38577
"34007","Camden, NJ",34520
"34009","Cape May, NJ",37667
"34011","Cumberland, NJ",27266
"34013","Essex, NJ",41909
"34015","Gloucester, NJ",32818
"34017","Hudson, NJ",33770
"34019","Hunterdon, NJ",60874
"34021","Mercer, NJ",46350
"34023","Middlesex, NJ",38795
"34025","Monmouth, NJ",47852
"34027","Morris, NJ",58102
"34029","Ocean, NJ",35062
"34031","Passaic, NJ",33397
"34033","Salem, NJ",31909
"34035","Somerset, NJ",58462
"34037","Sussex, NJ",40943
"34039","Union, NJ",45022
"34041","Warren, NJ",37383
"35001","Bernalillo, NM",30157
"35003","Catron, NM",20481
"35005","Chaves, NM",22167
"35006","Cibola, NM*",17578
"35007","Colfax, NM",24130
"35009","Curry, NM",25657
"35011","De Baca, NM",23932
"35013","Doa Ana, NM",22414
"35015","Eddy, NM",26782
"35017","Grant, NM",20570
"35019","Guadalupe, NM",16162
"35021","Harding, NM",32781
"35023","Hidalgo, NM",18021
"35025","Lea, NM",22829
"35027","Lincoln, NM",23882
"35028","Los Alamos, NM",56508
"35029","Luna, NM",19088
"35031","McKinley, NM",18516
"35033","Mora, NM",18794
"35035","Otero, NM",21804
"35037","Quay, NM",21859
"35039","Rio Arriba, NM",22286
"35041","Roosevelt, NM",22613
"35043","Sandoval, NM",25762
"35045","San Juan, NM",21151
"35047","San Miguel, NM",21185
"35049","Santa Fe, NM",33486
"35051","Sierra, NM",19453
"35053","Socorro, NM",19562
"35055","Taos, NM",21995
"35057","Torrance, NM",20976
"35059","Union, NM",26703
"35061","Valencia, NM*",22306
"36001","Albany, NY",36056
"36003","Allegany, NY",21085
"36005","Bronx, NY",22930
"36007","Broome, NY",27186
"36009","Cattaraugus, NY",25023
"36011","Cayuga, NY",26211
"36013","Chautauqua, NY",23434
"36015","Chemung, NY",26122
"36017","Chenango, NY",23776
"36019","Clinton, NY",26955
"36021","Columbia, NY",30477
"36023","Cortland, NY",23874
"36025","Delaware, NY",23960
"36027","Dutchess, NY",34306
"36029","Erie, NY",30555
"36031","Essex, NY",25572
"36033","Franklin, NY",22627
"36035","Fulton, NY",26734
"36037","Genesee, NY",26689
"36039","Greene, NY",29268
"36041","Hamilton, NY",28317
"36043","Herkimer, NY",24491
"36045","Jefferson, NY",27655
"36047","Kings, NY",27682
"36049","Lewis, NY",24492
"36051","Livingston, NY",25211
"36053","Madison, NY",26601
"36055","Monroe, NY",33155
"36057","Montgomery, NY",28307
"36059","Nassau, NY",51966
"36061","New York, NY",86665
"36063","Niagara, NY",27455
"36065","Oneida, NY",26822
"36067","Onondaga, NY",31595
"36069","Ontario, NY",30160
"36071","Orange, NY",31737
"36073","Orleans, NY",23253
"36075","Oswego, NY",24120
"36077","Otsego, NY",24833
"36079","Putnam, NY",42709
"36081","Queens, NY",31057
"36083","Rensselaer, NY",30447
"36085","Richmond, NY",36380
"36087","Rockland, NY",41053
"36089","St. Lawrence, NY",22580
"36091","Saratoga, NY",35056
"36093","Schenectady, NY",38199
"36095","Schoharie, NY",24926
"36097","Schuyler, NY",24368
"36099","Seneca, NY",24070
"36101","Steuben, NY",25493
"36103","Suffolk, NY",38939
"36105","Sullivan, NY",28126
"36107","Tioga, NY",25039
"36109","Tompkins, NY",27520
"36111","Ulster, NY",28565
"36113","Warren, NY",30006
"36115","Washington, NY",23881
"36117","Wayne, NY",28051
"36119","Westchester, NY",58125
"36121","Wyoming, NY",23934
"36123","Yates, NY",22971
"37001","Alamance, NC",26848
"37003","Alexander, NC",24241
"37005","Alleghany, NC",24621
"37007","Anson, NC",21789
"37009","Ashe, NC",23459
"37011","Avery, NC",22709
"37013","Beaufort, NC",24633
"37015","Bertie, NC",21455
"37017","Bladen, NC",22471
"37019","Brunswick, NC",25022
"37021","Buncombe, NC",27851
"37023","Burke, NC",23661
"37025","Cabarrus, NC",29624
"37027","Caldwell, NC",24753
"37029","Camden, NC",26681
"37031","Carteret, NC",29555
"37033","Caswell, NC",21258
"37035","Catawba, NC",28191
"37037","Chatham, NC",34599
"37039","Cherokee, NC",20550
"37041","Chowan, NC",25403
"37043","Clay, NC",22824
"37045","Cleveland, NC",23995
"37047","Columbus, NC",22361
"37049","Craven, NC",28660
"37051","Cumberland, NC",28091
"37053","Currituck, NC",30103
"37055","Dare, NC",34808
"37057","Davidson, NC",26688
"37059","Davie, NC",29429
"37061","Duplin, NC",21602
"37063","Durham, NC",30360
"37065","Edgecombe, NC",23031
"37067","Forsyth, NC",32928
"37069","Franklin, NC",23477
"37071","Gaston, NC",27309
"37073","Gates, NC",23486
"37075","Graham, NC",21354
"37077","Granville, NC",23117
"37079","Greene, NC",19533
"37081","Guilford, NC",31460
"37083","Halifax, NC",21728
"37085","Harnett, NC",23103
"37087","Haywood, NC",25114
"37089","Henderson, NC",28815
"37091","Hertford, NC",21670
"37093","Hoke, NC",19951
"37095","Hyde, NC",22277
"37097","Iredell, NC",30984
"37099","Jackson, NC",22922
"37101","Johnston, NC",27200
"37103","Jones, NC",23667
"37105","Lee, NC",27545
"37107","Lenoir, NC",25345
"37109","Lincoln, NC",25072
"37111","McDowell, NC",21561
"37113","Macon, NC",25418
"37115","Madison, NC",21978
"37117","Martin, NC",24351
"37119","Mecklenburg, NC",34950
"37121","Mitchell, NC",21203
"37123","Montgomery, NC",22713
"37125","Moore, NC",32116
"37127","Nash, NC",27212
"37129","New Hanover, NC",29894
"37131","Northampton, NC",22795
"37133","Onslow, NC",28176
"37135","Orange, NC",36578
"37137","Pamlico, NC",25292
"37139","Pasquotank, NC",24515
"37141","Pender, NC",23723
"37143","Perquimans, NC",24608
"37145","Person, NC",26158
"37147","Pitt, NC",26719
"37149","Polk, NC",31018
"37151","Randolph, NC",24996
"37153","Richmond, NC",21020
"37155","Robeson, NC",19609
"37157","Rockingham, NC",24300
"37159","Rowan, NC",25828
"37161","Rutherford, NC",22896
"37163","Sampson, NC",22933
"37165","Scotland, NC",22780
"37167","Stanly, NC",23785
"37169","Stokes, NC",24337
"37171","Surry, NC",24511
"37173","Swain, NC",20916
"37175","Transylvania, NC",24238
"37177","Tyrrell, NC",19563
"37179","Union, NC",29130
"37181","Vance, NC",23392
"37183","Wake, NC",37562
"37185","Warren, NC",18715
"37187","Washington, NC",22891
"37189","Watauga, NC",24335
"37191","Wayne, NC",25126
"37193","Wilkes, NC",24134
"37195","Wilson, NC",26126
"37197","Yadkin, NC",23651
"37199","Yancey, NC",21339
"38001","Adams, ND",30665
"38003","Barnes, ND",27797
"38005","Benson, ND",24841
"38007","Billings, ND",25991
"38009","Bottineau, ND",31979
"38011","Bowman, ND",32648
"38013","Burke, ND",31648
"38015","Burleigh, ND",31557
"38017","Cass, ND",31767
"38019","Cavalier, ND",40429
"38021","Dickey, ND",27465
"38023","Divide, ND",35683
"38025","Dunn, ND",24321
"38027","Eddy, ND",28220
"38029","Emmons, ND",25947
"38031","Foster, ND",32898
"38033","Golden Valley, ND",23014
"38035","Grand Forks, ND",28411
"38037","Grant, ND",27523
"38039","Griggs, ND",31462
"38041","Hettinger, ND",34939
"38043","Kidder, ND",27947
"38045","LaMoure, ND",28433
"38047","Logan, ND",30076
"38049","McHenry, ND",25194
"38051","McIntosh, ND",29906
"38053","McKenzie, ND",26204
"38055","McLean, ND",29695
"38057","Mercer, ND",29491
"38059","Morton, ND",26159
"38061","Mountrail, ND",26963
"38063","Nelson, ND",34741
"38065","Oliver, ND",26583
"38067","Pembina, ND",35172
"38069","Pierce, ND",26540
"38071","Ramsey, ND",28224
"38073","Ransom, ND",27800
"38075","Renville, ND",35225
"38077","Richland, ND",27374
"38079","Rolette, ND",22714
"38081","Sargent, ND",33708
"38083","Sheridan, ND",28527
"38085","Sioux, ND",17329
"38087","Slope, ND",33888
"38089","Stark, ND",26218
"38091","Steele, ND",31791
"38093","Stutsman, ND",27852
"38095","Towner, ND",40648
"38097","Traill, ND",29616
"38099","Walsh, ND",27577
"38101","Ward, ND",31198
"38103","Wells, ND",31573
"38105","Williams, ND",27302
"39001","Adams, OH",20850
"39003","Allen, OH",26558
"39005","Ashland, OH",24657
"39007","Ashtabula, OH",24517
"39009","Athens, OH",21553
"39011","Auglaize, OH",29291
"39013","Belmont, OH",25102
"39015","Brown, OH",22659
"39017","Butler, OH",30964
"39019","Carroll, OH",22291
"39021","Champaign, OH",25881
"39023","Clark, OH",27041
"39025","Clermont, OH",30861
"39027","Clinton, OH",27195
"39029","Columbiana, OH",24470
"39031","Coshocton, OH",23389
"39033","Crawford, OH",25601
"39035","Cuyahoga, OH",32305
"39037","Darke, OH",27467
"39039","Defiance, OH",28464
"39041","Delaware, OH",50799
"39043","Erie, OH",46679
"39045","Fairfield, OH",30408
"39047","Fayette, OH",25681
"39049","Franklin, OH",32681
"39051","Fulton, OH",29064
"39053","Gallia, OH",25686
"39055","Geauga, OH",40928
"39057","Greene, OH",32705
"39059","Guernsey, OH",23538
"39061","Hamilton, OH",36549
"39063","Hancock, OH",31982
"39065","Hardin, OH",22646
"39067","Harrison, OH",23466
"39069","Henry, OH",27537
"39071","Highland, OH",23045
"39073","Hocking, OH",22308
"39075","Holmes, OH",21403
"39077","Huron, OH",25286
"39079","Jackson, OH",22735
"39081","Jefferson, OH",25036
"39083","Knox, OH",25505
"39085","Lake, OH",32743
"39087","Lawrence, OH",21903
"39089","Licking, OH",28657
"39091","Logan, OH",26611
"39093","Lorain, OH",28262
"39095","Lucas, OH",30157
"39097","Madison, OH",26830
"39099","Mahoning, OH",29098
"39101","Marion, OH",24253
"39103","Medina, OH",34071
"39105","Meigs, OH",18363
"39107","Mercer, OH",27863
"39109","Miami, OH",29820
"39111","Monroe, OH",22405
"39113","Montgomery, OH",31118
"39115","Morgan, OH",20351
"39117","Morrow, OH",23803
"39119","Muskingum, OH",26393
"39121","Noble, OH",18952
"39123","Ottawa, OH",32542
"39125","Paulding, OH",23133
"39127","Perry, OH",21812
"39129","Pickaway, OH",24296
"39131","Pike, OH",20611
"39133","Portage, OH",28415
"39135","Preble, OH",25191
"39137","Putnam, OH",29456
"39139","Richland, OH",26849
"39141","Ross, OH",24390
"39143","Sandusky, OH",26848
"39145","Scioto, OH",22779
"39147","Seneca, OH",25594
"39149","Shelby, OH",27492
"39151","Stark, OH",28725
"39153","Summit, OH",32699
"39155","Trumbull, OH",27222
"39157","Tuscarawas, OH",25920
"39159","Union, OH",29879
"39161","Van Wert, OH",25439
"39163","Vinton, OH",20318
"39165","Warren, OH",33552
"39167","Washington, OH",25473
"39169","Wayne, OH",26698
"39171","Williams, OH",25968
"39173","Wood, OH",29058
"39175","Wyandot, OH",29152
"40001","Adair, OK",17556
"40003","Alfalfa, OK",23909
"40005","Atoka, OK",18367
"40007","Beaver, OK",25289
"40009","Beckham, OK",21158
"40011","Blaine, OK",20746
"40013","Bryan, OK",21648
"40015","Caddo, OK",20661
"40017","Canadian, OK",27061
"40019","Carter, OK",24365
"40021","Cherokee, OK",18752
"40023","Choctaw, OK",19130
"40025","Cimarron, OK",27261
"40027","Cleveland, OK",27762
"40029","Coal, OK",17532
"40031","Comanche, OK",27578
"40033","Cotton, OK",23493
"40035","Craig, OK",22042
"40037","Creek, OK",23266
"40039","Custer, OK",22724
"40041","Delaware, OK",20883
"40043","Dewey, OK",26529
"40045","Ellis, OK",25833
"40047","Garfield, OK",27946
"40049","Garvin, OK",23557
"40051","Grady, OK",23325
"40053","Grant, OK",27642
"40055","Greer, OK",20701
"40057","Harmon, OK",22217
"40059","Harper, OK",35456
"40061","Haskell, OK",21411
"40063","Hughes, OK",18770
"40065","Jackson, OK",27216
"40067","Jefferson, OK",21664
"40069","Johnston, OK",20842
"40071","Kay, OK",25317
"40073","Kingfisher, OK",27169
"40075","Kiowa, OK",23209
"40077","Latimer, OK",21252
"40079","Le Flore, OK",20073
"40081","Lincoln, OK",20351
"40083","Logan, OK",24484
"40085","Love, OK",22110
"40087","McClain, OK",25019
"40089","McCurtain, OK",19415
"40091","McIntosh, OK",20078
"40093","Major, OK",25008
"40095","Marshall, OK",21118
"40097","Mayes, OK",21387
"40099","Murray, OK",20503
"40101","Muskogee, OK",23077
"40103","Noble, OK",22545
"40105","Nowata, OK",18877
"40107","Okfuskee, OK",16719
"40109","Oklahoma, OK",32499
"40111","Okmulgee, OK",20405
"40113","Osage, OK",22885
"40115","Ottawa, OK",20377
"40117","Pawnee, OK",21444
"40119","Payne, OK",23294
"40121","Pittsburg, OK",22308
"40123","Pontotoc, OK",24184
"40125","Pottawatomie, OK",25900
"40127","Pushmataha, OK",19378
"40129","Roger Mills, OK",25815
"40131","Rogers, OK",24854
"40133","Seminole, OK",20095
"40135","Sequoyah, OK",19590
"40137","Stephens, OK",24749
"40139","Texas, OK",26999
"40141","Tillman, OK",22422
"40143","Tulsa, OK",30696
"40145","Wagoner, OK",23962
"40147","Washington, OK",39137
"40149","Washita, OK",22253
"40151","Woods, OK",25376
"40153","Woodward, OK",22976
"41001","Baker, OR",22304
"41003","Benton, OR",32393
"41005","Clackamas, OR",35535
"41007","Clatsop, OR",28728
"41009","Columbia, OR",27073
"41011","Coos, OR",26694
"41013","Crook, OR",23961
"41015","Curry, OR",25546
"41017","Deschutes, OR",30270
"41019","Douglas, OR",24953
"41021","Gilliam, OR",23762
"41023","Grant, OR",24955
"41025","Harney, OR",23072
"41027","Hood River, OR",26301
"41029","Jackson, OR",28740
"41031","Jefferson, OR",22017
"41033","Josephine, OR",24285
"41035","Klamath, OR",24893
"41037","Lake, OR",23669
"41039","Lane, OR",27626
"41041","Lincoln, OR",27195
"41043","Linn, OR",25246
"41045","Malheur, OR",20314
"41047","Marion, OR",25631
"41049","Morrow, OR",24600
"41051","Multnomah, OR",33394
"41053","Polk, OR",27342
"41055","Sherman, OR",29759
"41057","Tillamook, OR",26071
"41059","Umatilla, OR",24591
"41061","Union, OR",25876
"41063","Wallowa, OR",24352
"41065","Wasco, OR",25502
"41067","Washington, OR",33740
"41069","Wheeler, OR",26262
"41071","Yamhill, OR",27606
"42001","Adams, PA",29964
"42003","Allegheny, PA",36278
"42005","Armstrong, PA",26047
"42007","Beaver, PA",27114
"42009","Bedford, PA",23983
"42011","Berks, PA",31291
"42013","Blair, PA",27239
"42015","Bradford, PA",25219
"42017","Bucks, PA",42086
"42019","Butler, PA",31396
"42021","Cambria, PA",26069
"42023","Cameron, PA",26916
"42025","Carbon, PA",26621
"42027","Centre, PA",27442
"42029","Chester, PA",50194
"42031","Clarion, PA",25734
"42033","Clearfield, PA",25920
"42035","Clinton, PA",22965
"42037","Columbia, PA",25849
"42039","Crawford, PA",24326
"42041","Cumberland, PA",35774
"42043","Dauphin, PA",33442
"42045","Delaware, PA",39897
"42047","Elk, PA",27776
"42049","Erie, PA",27046
"42051","Fayette, PA",25496
"42053","Forest, PA",19952
"42055","Franklin, PA",28350
"42057","Fulton, PA",23502
"42059","Greene, PA",22211
"42061","Huntingdon, PA",22417
"42063","Indiana, PA",24998
"42065","Jefferson, PA",25733
"42067","Juniata, PA",26422
"42069","Lackawanna, PA",29690
"42071","Lancaster, PA",31744
"42073","Lawrence, PA",25651
"42075","Lebanon, PA",29678
"42077","Lehigh, PA",35137
"42079","Luzerne, PA",28974
"42081","Lycoming, PA",26637
"42083","McKean, PA",25996
"42085","Mercer, PA",25736
"42087","Mifflin, PA",23000
"42089","Monroe, PA",27410
"42091","Montgomery, PA",51705
"42093","Montour, PA",28742
"42095","Northampton, PA",32701
"42097","Northumberland, PA",26178
"42099","Perry, PA",27049
"42101","Philadelphia, PA",27770
"42103","Pike, PA",28735
"42105","Potter, PA",27082
"42107","Schuylkill, PA",26328
"42109","Snyder, PA",27044
"42111","Somerset, PA",23508
"42113","Sullivan, PA",25533
"42115","Susquehanna, PA",25504
"42117","Tioga, PA",22987
"42119","Union, PA",25717
"42121","Venango, PA",26635
"42123","Warren, PA",26200
"42125","Washington, PA",30347
"42127","Wayne, PA",27451
"42129","Westmoreland, PA",30232
"42131","Wyoming, PA",25663
"42133","York, PA",31351
"44001","Bristol, RI",45457
"44003","Kent, RI",37230
"44005","Newport, RI",41684
"44007","Providence, RI",30591
"44009","Washington, RI",39184
"45001","Abbeville, SC",19780
"45003","Aiken, SC",26863
"45005","Allendale, SC",16801
"45007","Anderson, SC",25076
"45009","Bamberg, SC",19339
"45011","Barnwell, SC",20247
"45013","Beaufort, SC",36184
"45015","Berkeley, SC",23515
"45017","Calhoun, SC",24481
"45019","Charleston, SC",31024
"45021","Cherokee, SC",21279
"45023","Chester, SC",21664
"45025","Chesterfield, SC",21313
"45027","Clarendon, SC",19590
"45029","Colleton, SC",21383
"45031","Darlington, SC",24082
"45033","Dillon, SC",19921
"45035","Dorchester, SC",26599
"45037","Edgefield, SC",21539
"45039","Fairfield, SC",22121
"45041","Florence, SC",26385
"45043","Georgetown, SC",26209
"45045","Greenville, SC",31024
"45047","Greenwood, SC",24571
"45049","Hampton, SC",20011
"45051","Horry, SC",25685
"45053","Jasper, SC",19579
"45055","Kershaw, SC",26890
"45057","Lancaster, SC",22918
"45059","Laurens, SC",21389
"45061","Lee, SC",18434
"45063","Lexington, SC",30303
"45065","McCormick, SC",18800
"45067","Marion, SC",20198
"45069","Marlboro, SC",18815
"45071","Newberry, SC",23065
"45073","Oconee, SC",25929
"45075","Orangeburg, SC",22165
"45077","Pickens, SC",23506
"45079","Richland, SC",29457
"45081","Saluda, SC",23890
"45083","Spartanburg, SC",26118
"45085","Sumter, SC",24072
"45087","Union, SC",21976
"45089","Williamsburg, SC",17886
"45091","York, SC",29027
"46003","Aurora, SD",31821
"46005","Beadle, SD",29715
"46007","Bennett, SD",23018
"46009","Bon Homme, SD",27457
"46011","Brookings, SD",26507
"46013","Brown, SD",32242
"46015","Brule, SD",28803
"46017","Buffalo, SD",17199
"46019","Butte, SD",24109
"46021","Campbell, SD",25302
"46023","Charles Mix, SD",27571
"46025","Clark, SD",26200
"46027","Clay, SD",25341
"46029","Codington, SD",29022
"46031","Corson, SD",23126
"46033","Custer, SD",28402
"46035","Davison, SD",32175
"46037","Day, SD",26184
"46039","Deuel, SD",28783
"46041","Dewey, SD",21595
"46043","Douglas, SD",30393
"46045","Edmunds, SD",30592
"46047","Fall River, SD",27804
"46049","Faulk, SD",27005
"46051","Grant, SD",27956
"46053","Gregory, SD",30724
"46055","Haakon, SD",42675
"46057","Hamlin, SD",26827
"46059","Hand, SD",32302
"46061","Hanson, SD",26963
"46063","Harding, SD",29941
"46065","Hughes, SD",31983
"46067","Hutchinson, SD",30930
"46069","Hyde, SD",30052
"46071","Jackson, SD",20949
"46073","Jerauld, SD",32844
"46075","Jones, SD",36351
"46077","Kingsbury, SD",35142
"46079","Lake, SD",28884
"46081","Lawrence, SD",26415
"46083","Lincoln, SD",34900
"46085","Lyman, SD",28738
"46087","McCook, SD",29555
"46089","McPherson, SD",29446
"46091","Marshall, SD",26214
"46093","Meade, SD",27668
"46095","Mellette, SD",21172
"46097","Miner, SD",28801
"46099","Minnehaha, SD",33257
"46101","Moody, SD",28598
"46102","Oglala Lakota, SD*",16123
"46103","Pennington, SD",32354
"46105","Perkins, SD",32067
"46107","Potter, SD",42953
"46109","Roberts, SD",22426
"46111","Sanborn, SD",37785
"46115","Spink, SD",34674
"46117","Stanley, SD",38321
"46119","Sully, SD",49931
"46121","Todd, SD",15972
"46123","Tripp, SD",28327
"46125","Turner, SD",32065
"46127","Union, SD",46854
"46129","Walworth, SD",26214
"46135","Yankton, SD",28338
"46137","Ziebach, SD",15930
"47001","Anderson, TN",29761
"47003","Bedford, TN",24288
"47005","Benton, TN",20305
"47007","Bledsoe, TN",16696
"47009","Blount, TN",26771
"47011","Bradley, TN",25566
"47013","Campbell, TN",20749
"47015","Cannon, TN",24172
"47017","Carroll, TN",24163
"47019","Carter, TN",20571
"47021","Cheatham, TN",28605
"47023","Chester, TN",21320
"47025","Claiborne, TN",21624
"47027","Clay, TN",20186
"47029","Cocke, TN",19567
"47031","Coffee, TN",25811
"47033","Crockett, TN",23942
"47035","Cumberland, TN",23055
"47037","Davidson, TN",38560
"47039","Decatur, TN",22073
"47041","DeKalb, TN",23177
"47043","Dickson, TN",24017
"47045","Dyer, TN",25436
"47047","Fayette, TN",30799
"47049","Fentress, TN",20095
"47051","Franklin, TN",23275
"47053","Gibson, TN",24848
"47055","Giles, TN",23064
"47057","Grainger, TN",20017
"47059","Greene, TN",27015
"47061","Grundy, TN",20248
"47063","Hamblen, TN",25393
"47065","Hamilton, TN",32121
"47067","Hancock, TN",15995
"47069","Hardeman, TN",18523
"47071","Hardin, TN",22285
"47073","Hawkins, TN",22137
"47075","Haywood, TN",21230
"47077","Henderson, TN",23065
"47079","Henry, TN",24048
"47081","Hickman, TN",19570
"47083","Houston, TN",21194
"47085","Humphreys, TN",23407
"47087","Jackson, TN",21407
"47089","Jefferson, TN",23023
"47091","Johnson, TN",18661
"47093","Knox, TN",30605
"47095","Lake, TN",15039
"47097","Lauderdale, TN",18566
"47099","Lawrence, TN",23180
"47101","Lewis, TN",18524
"47103","Lincoln, TN",24184
"47105","Loudon, TN",28764
"47107","McMinn, TN",22959
"47109","McNairy, TN",23435
"47111","Macon, TN",20451
"47113","Madison, TN",26668
"47115","Marion, TN",22587
"47117","Marshall, TN",23730
"47119","Maury, TN",28672
"47121","Meigs, TN",19110
"47123","Monroe, TN",21491
"47125","Montgomery, TN",28590
"47127","Moore, TN",22827
"47129","Morgan, TN",18651
"47131","Obion, TN",26366
"47133","Overton, TN",20228
"47135","Perry, TN",21506
"47137","Pickett, TN",17652
"47139","Polk, TN",22121
"47141","Putnam, TN",25894
"47143","Rhea, TN",22980
"47145","Roane, TN",24797
"47147","Robertson, TN",27193
"47149","Rutherford, TN",27438
"47151","Scott, TN",18703
"47153","Sequatchie, TN",22356
"47155","Sevier, TN",25913
"47157","Shelby, TN",34815
"47159","Smith, TN",23316
"47161","Stewart, TN",24999
"47163","Sullivan, TN",26595
"47165","Sumner, TN",28967
"47167","Tipton, TN",25130
"47169","Trousdale, TN",22419
"47171","Unicoi, TN",24167
"47173","Union, TN",19256
"47175","Van Buren, TN",17586
"47177","Warren, TN",21934
"47179","Washington, TN",26734
"47181","Wayne, TN",17631
"47183","Weakley, TN",22991
"47185","White, TN",21351
"47187","Williamson, TN",45117
"47189","Wilson, TN",30603
"48001","Anderson, TX",19008
"48003","Andrews, TX",25199
"48005","Angelina, TX",24952
"48007","Aransas, TX",25678
"48009","Archer, TX",30090
"48011","Armstrong, TX",31723
"48013","Atascosa, TX",20515
"48015","Austin, TX",28160
"48017","Bailey, TX",24291
"48019","Bandera, TX",26489
"48021","Bastrop, TX",23310
"48023","Baylor, TX",26809
"48025","Bee, TX",16856
"48027","Bell, TX",28900
"48029","Bexar, TX",29275
"48031","Blanco, TX",30371
"48033","Borden, TX",35575
"48035","Bosque, TX",24088
"48037","Bowie, TX",26015
"48039","Brazoria, TX",28432
"48041","Brazos, TX",22495
"48043","Brewster, TX",29884
"48045","Briscoe, TX",25078
"48047","Brooks, TX",18967
"48049","Brown, TX",22465
"48051","Burleson, TX",24158
"48053","Burnet, TX",27667
"48055","Caldwell, TX",21331
"48057","Calhoun, TX",21328
"48059","Callahan, TX",23059
"48061","Cameron, TX",17955
"48063","Camp, TX",26272
"48065","Carson, TX",27558
"48067","Cass, TX",21839
"48069","Castro, TX",36075
"48071","Chambers, TX",30273
"48073","Cherokee, TX",22429
"48075","Childress, TX",18459
"48077","Clay, TX",23178
"48079","Cochran, TX",21624
"48081","Coke, TX",23370
"48083","Coleman, TX",22291
"48085","Collin, TX",42591
"48087","Collingsworth, TX",32197
"48089","Colorado, TX",26653
"48091","Comal, TX",32370
"48093","Comanche, TX",24936
"48095","Concho, TX",17917
"48097","Cooke, TX",24768
"48099","Coryell, TX",23467
"48101","Cottle, TX",35989
"48103","Crane, TX",22907
"48105","Crockett, TX",25875
"48107","Crosby, TX",25240
"48109","Culberson, TX",17397
"48111","Dallam, TX",34254
"48113","Dallas, TX",35813
"48115","Dawson, TX",21510
"48117","Deaf Smith, TX",24047
"48119","Delta, TX",21135
"48121","Denton, TX",33124
"48123","DeWitt, TX",22836
"48125","Dickens, TX",19753
"48127","Dimmit, TX",16710
"48129","Donley, TX",27179
"48131","Duval, TX",19622
"48133","Eastland, TX",24965
"48135","Ector, TX",23355
"48137","Edwards, TX",26871
"48139","Ellis, TX",28041
"48141","El Paso, TX",20837
"48143","Erath, TX",22456
"48145","Falls, TX",21141
"48147","Fannin, TX",21817
"48149","Fayette, TX",28838
"48151","Fisher, TX",25609
"48153","Floyd, TX",23983
"48155","Foard, TX",26647
"48157","Fort Bend, TX",35516
"48159","Franklin, TX",26925
"48161","Freestone, TX",20957
"48163","Frio, TX",17881
"48165","Gaines, TX",25508
"48167","Galveston, TX",31531
"48169","Garza, TX",20653
"48171","Gillespie, TX",30097
"48173","Glasscock, TX",30616
"48175","Goliad, TX",26010
"48177","Gonzales, TX",25103
"48179","Gray, TX",27015
"48181","Grayson, TX",25161
"48183","Gregg, TX",29546
"48185","Grimes, TX",19641
"48187","Guadalupe, TX",26495
"48189","Hale, TX",22672
"48191","Hall, TX",21416
"48193","Hamilton, TX",28030
"48195","Hansford, TX",36300
"48197","Hardeman, TX",23949
"48199","Hardin, TX",24536
"48201","Harris, TX",34418
"48203","Harrison, TX",24803
"48205","Hartley, TX",29898
"48207","Haskell, TX",25467
"48209","Hays, TX",25720
"48211","Hemphill, TX",36124
"48213","Henderson, TX",24703
"48215","Hidalgo, TX",16156
"48217","Hill, TX",21311
"48219","Hockley, TX",23760
"48221","Hood, TX",28379
"48223","Hopkins, TX",23394
"48225","Houston, TX",22618
"48227","Howard, TX",22994
"48229","Hudspeth, TX",18197
"48231","Hunt, TX",25251
"48233","Hutchinson, TX",22805
"48235","Irion, TX",29442
"48237","Jack, TX",20777
"48239","Jackson, TX",25578
"48241","Jasper, TX",21772
"48243","Jeff Davis, TX",27898
"48245","Jefferson, TX",26484
"48247","Jim Hogg, TX",24144
"48249","Jim Wells, TX",22316
"48251","Johnson, TX",25618
"48253","Jones, TX",19051
"48255","Karnes, TX",18908
"48257","Kaufman, TX",27223
"48259","Kendall, TX",40279
"48261","Kenedy, TX",32294
"48263","Kent, TX",30670
"48265","Kerr, TX",29084
"48267","Kimble, TX",25086
"48269","King, TX",38987
"48271","Kinney, TX",22614
"48273","Kleberg, TX",23123
"48275","Knox, TX",28148
"48277","Lamar, TX",24537
"48279","Lamb, TX",23131
"48281","Lampasas, TX",29415
"48283","La Salle, TX",16108
"48285","Lavaca, TX",27599
"48287","Lee, TX",25140
"48289","Leon, TX",24797
"48291","Liberty, TX",22860
"48293","Limestone, TX",21699
"48295","Lipscomb, TX",28809
"48297","Live Oak, TX",21333
"48299","Llano, TX",25036
"48301","Loving, TX",58444
"48303","Lubbock, TX",25904
"48305","Lynn, TX",27902
"48307","McCulloch, TX",24784
"48309","McLennan, TX",25593
"48311","McMullen, TX",32915
"48313","Madison, TX",21467
"48315","Marion, TX",18720
"48317","Martin, TX",28402
"48319","Mason, TX",24048
"48321","Matagorda, TX",22851
"48323","Maverick, TX",14939
"48325","Medina, TX",22473
"48327","Menard, TX",23740
"48329","Midland, TX",53087
"48331","Milam, TX",23139
"48333","Mills, TX",24745
"48335","Mitchell, TX",18122
"48337","Montague, TX",24126
"48339","Montgomery, TX",33971
"48341","Moore, TX",23866
"48343","Morris, TX",22882
"48345","Motley, TX",25513
"48347","Nacogdoches, TX",23629
"48349","Navarro, TX",22975
"48351","Newton, TX",16382
"48353","Nolan, TX",22628
"48355","Nueces, TX",27691
"48357","Ochiltree, TX",29790
"48359","Oldham, TX",31256
"48361","Orange, TX",24317
"48363","Palo Pinto, TX",23026
"48365","Panola, TX",22907
"48367","Parker, TX",29393
"48369","Parmer, TX",26308
"48371","Pecos, TX",17803
"48373","Polk, TX",24760
"48375","Potter, TX",24199
"48377","Presidio, TX",18122
"48379","Rains, TX",19996
"48381","Randall, TX",30727
"48383","Reagan, TX",25381
"48385","Real, TX",21289
"48387","Red River, TX",21235
"48389","Reeves, TX",17117
"48391","Refugio, TX",27630
"48393","Roberts, TX",29098
"48395","Robertson, TX",24817
"48397","Rockwall, TX",38480
"48399","Runnels, TX",22370
"48401","Rusk, TX",23200
"48403","Sabine, TX",22612
"48405","San Augustine, TX",20346
"48407","San Jacinto, TX",20176
"48409","San Patricio, TX",24509
"48411","San Saba, TX",21679
"48413","Schleicher, TX",25251
"48415","Scurry, TX",26165
"48417","Shackelford, TX",38870
"48419","Shelby, TX",23675
"48421","Sherman, TX",32815
"48423","Smith, TX",29464
"48425","Somervell, TX",25487
"48427","Starr, TX",14130
"48429","Stephens, TX",28769
"48431","Sterling, TX",28210
"48433","Stonewall, TX",29539
"48435","Sutton, TX",30936
"48437","Swisher, TX",26825
"48439","Tarrant, TX",32269
"48441","Taylor, TX",27494
"48443","Terrell, TX",30622
"48445","Terry, TX",24946
"48447","Throckmorton, TX",35810
"48449","Titus, TX",24236
"48451","Tom Green, TX",28296
"48453","Travis, TX",37171
"48455","Trinity, TX",21184
"48457","Tyler, TX",20576
"48459","Upshur, TX",22886
"48461","Upton, TX",24839
"48463","Uvalde, TX",21998
"48465","Val Verde, TX",22304
"48467","Van Zandt, TX",24774
"48469","Victoria, TX",28698
"48471","Walker, TX",18049
"48473","Waller, TX",23202
"48475","Ward, TX",22171
"48477","Washington, TX",35541
"48479","Webb, TX",19776
"48481","Wharton, TX",26158
"48483","Wheeler, TX",31093
"48485","Wichita, TX",28885
"48487","Wilbarger, TX",27214
"48489","Willacy, TX",18067
"48491","Williamson, TX",28609
"48493","Wilson, TX",26126
"48495","Winkler, TX",22572
"48497","Wise, TX",25082
"48499","Wood, TX",21982
"48501","Yoakum, TX",28754
"48503","Young, TX",28319
"48505","Zapata, TX",16481
"48507","Zavala, TX",14868
"49001","Beaver, UT",22624
"49003","Box Elder, UT",22221
"49005","Cache, UT",21610
"49007","Carbon, UT",23215
"49009","Daggett, UT",25697
"49011","Davis, UT",28733
"49013","Duchesne, UT",22030
"49015","Emery, UT",20709
"49017","Garfield, UT",20939
"49019","Grand, UT",23391
"49021","Iron, UT",19531
"49023","Juab, UT",19264
"49025","Kane, UT",26655
"49027","Millard, UT",21256
"49029","Morgan, UT",24413
"49031","Piute, UT",18520
"49033","Rich, UT",23619
"49035","Salt Lake, UT",28569
"49037","San Juan, UT",15904
"49039","Sanpete, UT",16646
"49041","Sevier, UT",19784
"49043","Summit, UT",46497
"49045","Tooele, UT",22368
"49047","Uintah, UT",21922
"49049","Utah, UT",20818
"49051","Wasatch, UT",25168
"49053","Washington, UT",20916
"49055","Wayne, UT",23356
"49057","Weber, UT",26345
"50001","Addison, VT",30836
"50003","Bennington, VT",33016
"50005","Caledonia, VT",25422
"50007","Chittenden, VT",37072
"50009","Essex, VT",20166
"50011","Franklin, VT",27589
"50013","Grand Isle, VT",33334
"50015","Lamoille, VT",32921
"50017","Orange, VT",27935
"50019","Orleans, VT",25404
"50021","Rutland, VT",30971
"50023","Washington, VT",33447
"50025","Windham, VT",31612
"50027","Windsor, VT",33852
"51001","Accomack, VA",24061
"51007","Amelia, VA",26559
"51009","Amherst, VA",23838
"51011","Appomattox, VA",25460
"51013","Arlington, VA",61040
"51017","Bath, VA",31343
"51019","Bedford, VA*",31149
"51021","Bland, VA",20357
"51023","Botetourt, VA",32240
"51025","Brunswick, VA",20217
"51027","Buchanan, VA",21337
"51029","Buckingham, VA",19056
"51033","Caroline, VA",27174
"51036","Charles City, VA",33020
"51037","Charlotte, VA",21472
"51041","Chesterfield, VA",36444
"51043","Clarke, VA",37763
"51045","Craig, VA",24435
"51047","Culpeper, VA",29212
"51049","Cumberland, VA",22803
"51051","Dickenson, VA",18515
"51057","Essex, VA",26121
"51061","Fauquier, VA",45928
"51063","Floyd, VA",24103
"51065","Fluvanna, VA",27226
"51067","Franklin, VA",27388
"51071","Giles, VA",23801
"51073","Gloucester, VA",30446
"51075","Goochland, VA",53600
"51077","Grayson, VA",22946
"51079","Greene, VA",24363
"51083","Halifax, VA",21653
"51085","Hanover, VA",36855
"51087","Henrico, VA",39574
"51091","Highland, VA",27571
"51093","Isle of Wight, VA",34646
"51097","King and Queen, VA",26937
"51099","King George, VA",33778
"51101","King William, VA",32232
"51103","Lancaster, VA",36977
"51105","Lee, VA",20601
"51107","Loudoun, VA",40961
"51109","Louisa, VA",29091
"51111","Lunenburg, VA",20731
"51113","Madison, VA",27831
"51115","Mathews, VA",37689
"51117","Mecklenburg, VA",22832
"51119","Middlesex, VA",31316
"51125","Nelson, VA",29023
"51127","New Kent, VA",33750
"51131","Northampton, VA",28859
"51133","Northumberland, VA",27878
"51135","Nottoway, VA",24077
"51137","Orange, VA",30996
"51139","Page, VA",23913
"51141","Patrick, VA",21453
"51145","Powhatan, VA",29767
"51147","Prince Edward, VA",20038
"51155","Pulaski, VA",26994
"51157","Rappahannock, VA",34688
"51159","Richmond, VA",19943
"51167","Russell, VA",21958
"51169","Scott, VA",20928
"51171","Shenandoah, VA",27002
"51173","Smyth, VA",22654
"51179","Stafford, VA",32868
"51181","Surry, VA",26228
"51183","Sussex, VA",21104
"51185","Tazewell, VA",24355
"51187","Warren, VA",28284
"51193","Westmoreland, VA",26486
"51197","Wythe, VA",23009
"51510","Alexandria (Independent City), VA",58333
"51550","Chesapeake (Independent City), VA",33008
"51650","Hampton (Independent City), VA",30495
"51700","Newport News (Independent City), VA",26264
"51710","Norfolk (Independent City), VA",30193
"51740","Portsmouth (Independent City), VA",27984
"51760","Richmond (Independent City), VA",35942
"51770","Roanoke (Independent City), VA",28358
"51800","Suffolk (Independent City), VA",29651
"51810","Virginia Beach (Independent City), VA",36183
"51901","Albemarle + Charlottesville, VA*",39548
"51903","Alleghany + Covington, VA*",25959
"51907","Augusta, Staunton + Waynesboro, VA*",26652
"51911","Campbell + Lynchburg, VA*",25545
"51913","Carroll + Galax, VA*",23143
"51918","Dinwiddie, Colonial Heights + Petersburg, VA*",28599
"51919","Fairfax, Fairfax City + Falls Church, VA*",55124
"51921","Frederick + Winchester, VA*",30747
"51923","Greensville + Emporia, VA*",20045
"51929","Henry + Martinsville, VA*",24935
"51931","James City + Williamsburg, VA*",39794
"51933","Montgomery + Radford, VA*",22355
"51939","Pittsylvania + Danville, VA*",24980
"51941","Prince George + Hopewell, VA*",25309
"51942","Prince William, Manassas + Manassas Park, VA*",36014
"51944","Roanoke + Salem, VA*",34826
"51945","Rockbridge, Buena Vista + Lexington, VA*",25741
"51947","Rockingham + Harrisonburg, VA*",25576
"51949","Southampton + Franklin, VA*",26237
"51951","Spotsylvania + Fredericksburg, VA*",31888
"51953","Washington + Bristol, VA*",29836
"51955","Wise + Norton, VA*",22253
"51958","York + Poquoson, VA*",36341
"53001","Adams, WA",23782
"53003","Asotin, WA",27480
"53005","Benton, WA",30715
"53007","Chelan, WA",27884
"53009","Clallam, WA",28651
"53011","Clark, WA",30326
"53013","Columbia, WA",28270
"53015","Cowlitz, WA",25284
"53017","Douglas, WA",24436
"53019","Ferry, WA",18957
"53021","Franklin, WA",22854
"53023","Garfield, WA",28031
"53025","Grant, WA",23648
"53027","Grays Harbor, WA",24857
"53029","Island, WA",32437
"53031","Jefferson, WA",31706
"53033","King, WA",46440
"53035","Kitsap, WA",34632
"53037","Kittitas, WA",25245
"53039","Klickitat, WA",24474
"53041","Lewis, WA",25034
"53043","Lincoln, WA",26498
"53045","Mason, WA",25981
"53047","Okanogan, WA",23546
"53049","Pacific, WA",23922
"53051","Pend Oreille, WA",23101
"53053","Pierce, WA",31594
"53055","San Juan, WA",42995
"53057","Skagit, WA",29701
"53059","Skamania, WA",25540
"53061","Snohomish, WA",32695
"53063","Spokane, WA",27864
"53065","Stevens, WA",22211
"53067","Thurston, WA",33695
"53069","Wahkiakum, WA",25796
"53071","Walla Walla, WA",26034
"53073","Whatcom, WA",27847
"53075","Whitman, WA",22246
"53077","Yakima, WA",24603
"54001","Barbour, WV",19833
"54003","Berkeley, WV",26635
"54005","Boone, WV",19988
"54007","Braxton, WV",18501
"54009","Brooke, WV",23318
"54011","Cabell, WV",26762
"54013","Calhoun, WV",18328
"54015","Clay, WV",17204
"54017","Doddridge, WV",16404
"54019","Fayette, WV",20682
"54021","Gilmer, WV",18887
"54023","Grant, WV",22427
"54025","Greenbrier, WV",23609
"54027","Hampshire, WV",21224
"54029","Hancock, WV",26366
"54031","Hardy, WV",22210
"54033","Harrison, WV",27648
"54035","Jackson, WV",21321
"54037","Jefferson, WV",30810
"54039","Kanawha, WV",31724
"54041","Lewis, WV",21279
"54043","Lincoln, WV",17254
"54045","Logan, WV",22952
"54047","McDowell, WV",17208
"54049","Marion, WV",25740
"54051","Marshall, WV",23110
"54053","Mason, WV",19854
"54055","Mercer, WV",24739
"54057","Mineral, WV",23320
"54059","Mingo, WV",20600
"54061","Monongalia, WV",26838
"54063","Monroe, WV",19939
"54065","Morgan, WV",26367
"54067","Nicholas, WV",21172
"54069","Ohio, WV",35609
"54071","Pendleton, WV",23169
"54073","Pleasants, WV",24034
"54075","Pocahontas, WV",23149
"54077","Preston, WV",20230
"54079","Putnam, WV",28261
"54081","Raleigh, WV",25091
"54083","Randolph, WV",23527
"54085","Ritchie, WV",20219
"54087","Roane, WV",17721
"54089","Summers, WV",18929
"54091","Taylor, WV",20200
"54093","Tucker, WV",21633
"54095","Tyler, WV",19865
"54097","Upshur, WV",19815
"54099","Wayne, WV",19381
"54101","Webster, WV",17863
"54103","Wetzel, WV",22430
"54105","Wirt, WV",19121
"54107","Wood, WV",26503
"54109","Wyoming, WV",18966
"55001","Adams, WI",23760
"55003","Ashland, WI",24257
"55005","Barron, WI",26843
"55007","Bayfield, WI",26230
"55009","Brown, WI",33194
"55011","Buffalo, WI",30116
"55013","Burnett, WI",24571
"55015","Calumet, WI",31158
"55017","Chippewa, WI",28245
"55019","Clark, WI",24374
"55021","Columbia, WI",32023
"55023","Crawford, WI",23447
"55025","Dane, WI",38753
"55027","Dodge, WI",27180
"55029","Door, WI",32119
"55031","Douglas, WI",24998
"55033","Dunn, WI",25067
"55035","Eau Claire, WI",28583
"55037","Florence, WI",27946
"55039","Fond du Lac, WI",30731
"55041","Forest, WI",22485
"55043","Grant, WI",25795
"55045","Green, WI",31463
"55047","Green Lake, WI",29544
"55049","Iowa, WI",29501
"55051","Iron, WI",27831
"55053","Jackson, WI",26697
"55055","Jefferson, WI",29901
"55057","Juneau, WI",24576
"55059","Kenosha, WI",30370
"55061","Kewaunee, WI",26803
"55063","La Crosse, WI",29455
"55065","Lafayette, WI",23167
"55067","Langlade, WI",25004
"55069","Lincoln, WI",26972
"55071","Manitowoc, WI",29199
"55073","Marathon, WI",31395
"55075","Marinette, WI",26926
"55077","Marquette, WI",24653
"55078","Menominee, WI*",19554
"55079","Milwaukee, WI",31273
"55081","Monroe, WI",25015
"55083","Oconto, WI",26890
"55085","Oneida, WI",29691
"55087","Outagamie, WI",32419
"55089","Ozaukee, WI",49850
"55091","Pepin, WI",27261
"55093","Pierce, WI",29112
"55095","Polk, WI",27011
"55097","Portage, WI",28804
"55099","Price, WI",27634
"55101","Racine, WI",32627
"55103","Richland, WI",24964
"55105","Rock, WI",28935
"55107","Rusk, WI",22399
"55109","St. Croix, WI",33270
"55111","Sauk, WI",31091
"55113","Sawyer, WI",27264
"55115","Shawano, WI*",24657
"55117","Sheboygan, WI",32479
"55119","Taylor, WI",25140
"55121","Trempealeau, WI",29379
"55123","Vernon, WI",23136
"55125","Vilas, WI",29398
"55127","Walworth, WI",29632
"55129","Washburn, WI",25792
"55131","Washington, WI",37157
"55133","Waukesha, WI",44578
"55135","Waupaca, WI",29142
"55137","Waushara, WI",23189
"55139","Winnebago, WI",31353
"55141","Wood, WI",32403
"55901","Shawano (includes Menominee), WI","(NA)"
"56001","Albany, WY",28486
"56003","Big Horn, WY",24906
"56005","Campbell, WY",31310
"56007","Carbon, WY",27847
"56009","Converse, WY",29135
"56011","Crook, WY",30163
"56013","Fremont, WY",25880
"56015","Goshen, WY",23609
"56017","Hot Springs, WY",28462
"56019","Johnson, WY",31091
"56021","Laramie, WY",33572
"56023","Lincoln, WY",28893
"56025","Natrona, WY",33634
"56027","Niobrara, WY",31344
"56029","Park, WY",30262
"56031","Platte, WY",28165
"56033","Sheridan, WY",39472
"56035","Sublette, WY",32677
"56037","Sweetwater, WY",32209
"56039","Teton, WY",89118
"56041","Uinta, WY",28391
"56043","Washakie, WY",31442
"56045","Weston, WY",27380
"Legend / Footnotes:"
"2/ Per capita personal income was computed using Census Bureau midyear population estimates. Estimates for 2010-2015 reflect county population estimates available as of March 2016."
"* Cibola, NM was separated from Valencia in June 1981, but in these estimates, Valencia includes Cibola through the end of 1981."
"* La Paz County, AZ was separated from Yuma County on January 1, 1983. The Yuma, AZ MSA contains the area that became La Paz County, AZ through 1982 and excludes it beginning with 1983."
"* Shawano, WI and Menominee, WI are combined as Shawano (incl. Menominee), WI for the years prior to 1989."
"* Broomfield County, CO, was created from parts of Adams, Boulder, Jefferson, and Weld counties effective November 15, 2001. Estimates for Broomfield county begin with 2002."
"* Estimates for 1979 forward reflect Alaska Census Areas as defined by the Census Bureau; those for prior years reflect Alaska Census Divisions as defined in the 1970 Decennial Census. Estimates from 1988 forward separate Aleutian Islands Census Area into Aleutians East Borough and Aleutians West Census Area. Estimates for 1991 forward separate Denali Borough from Yukon-Koyukuk Census Area and Lake and Peninsula Borough from Dillingham Census Area. Estimates from 1993 forward separate Skagway-Yakutat-Angoon Census Area into Skagway-Hoonah-Angoon Census Area and Yakutat Borough. Estimates from 2008 forward separate Skagway-Hoonah-Angoon Census Area into Skagway Municipality and Hoonah-Angoon Census Area. Estimates from 2009 forward separate Wrangell-Petersburg Census Area into Petersburg Census Area and Wrangell City and Borough. In addition, a part of the Prince of Wales-Outer Ketchikan Census Area was annexed by Ketchikan Gateway Borough and part (Meyers Chuck Area) was included in the new Wrangell City and Borough. The remainder of the Prince of Wales-Outer Ketchikan Census Area was renamed Prince of Wales-Hyder Census Area. Petersburg Borough was created from part of former Petersburg Census Area and part of Hoonah-Angoon Census Area for 2013 forward. Prince of Wales-Hyder Census Area added part of the former Petersburg Census Area beginning in 2013. For years 2009-2012, Petersburg Borough reflects the geographic boundaries of the former Petersburg Census Area. Wade Hampton Census Area was renamed Kusilvak Census Area on July 1, 2015."
"* Virginia combination areas consist of one or two independent cities with 1980 populations of less than 100,000 combined with an adjacent county. The county name appears first, followed by the city name(s). Separate estimates for the jurisdictions making up the combination area are not available. Bedford County, VA includes the independent city of Bedford for all years."
"* Shannon County, SD was renamed to Oglala Lakota County, SD on May 1, 2015."
"Note-- All dollar estimates are in current dollars (not adjusted for inflation)."
"(NA) Data not available for this year."
"Last updated: November 17, 2016-- new estimates for 2015; revised estimates for 1998-2014."
