"CA1 Personal Income Summary: Personal Income, Population, Per Capita Personal Income"
"Per capita personal income (dollars) 2/" 
"Bureau of Economic Analysis" 
"County"
"GeoFips","GeoName","2013"
"01001","Autauga, AL",35345
"01003","Baldwin, AL",37727
"01005","Barbour, AL",30081
"01007","Bibb, AL",27375
"01009","Blount, AL",29846
"01011","Bullock, AL",26008
"01013","Butler, AL",31572
"01015","Calhoun, AL",31347
"01017","Chambers, AL",29498
"01019","Cherokee, AL",30660
"01021","Chilton, AL",29508
"01023","Choctaw, AL",29135
"01025","Clarke, AL",29823
"01027","Clay, AL",30484
"01029","Cleburne, AL",29942
"01031","Coffee, AL",37126
"01033","Colbert, AL",33566
"01035","Conecuh, AL",28754
"01037","Coosa, AL",26605
"01039","Covington, AL",30347
"01041","Crenshaw, AL",32065
"01043","Cullman, AL",34141
"01045","Dale, AL",33416
"01047","Dallas, AL",30035
"01049","DeKalb, AL",27818
"01051","Elmore, AL",35447
"01053","Escambia, AL",28743
"01055","Etowah, AL",31680
"01057","Fayette, AL",28193
"01059","Franklin, AL",29425
"01061","Geneva, AL",30513
"01063","Greene, AL",31793
"01065","Hale, AL",33319
"01067","Henry, AL",34313
"01069","Houston, AL",36433
"01071","Jackson, AL",32119
"01073","Jefferson, AL",44605
"01075","Lamar, AL",28944
"01077","Lauderdale, AL",32838
"01079","Lawrence, AL",31016
"01081","Lee, AL",31413
"01083","Limestone, AL",35802
"01085","Lowndes, AL",35070
"01087","Macon, AL",29275
"01089","Madison, AL",43391
"01091","Marengo, AL",34093
"01093","Marion, AL",26918
"01095","Marshall, AL",31049
"01097","Mobile, AL",33459
"01099","Monroe, AL",28855
"01101","Montgomery, AL",37961
"01103","Morgan, AL",33956
"01105","Perry, AL",29336
"01107","Pickens, AL",31570
"01109","Pike, AL",31599
"01111","Randolph, AL",29846
"01113","Russell, AL",27921
"01115","St. Clair, AL",32020
"01117","Shelby, AL",45703
"01119","Sumter, AL",30379
"01121","Talladega, AL",29635
"01123","Tallapoosa, AL",34184
"01125","Tuscaloosa, AL",33897
"01127","Walker, AL",34737
"01129","Washington, AL",31734
"01131","Wilcox, AL",29108
"01133","Winston, AL",29720
"02010","Aleutian Islands Census Area, AK*","(NA)"
"02013","Aleutians East Borough, AK*",39481
"02016","Aleutians West Census Area, AK*",50336
"02020","Anchorage Municipality, AK",57265
"02050","Bethel Census Area, AK*",35750
"02060","Bristol Bay Borough, AK",59879
"02068","Denali Borough, AK*",58736
"02070","Dillingham Census Area, AK*",47629
"02090","Fairbanks North Star Borough, AK",48564
"02100","Haines Borough, AK",43593
"02105","Hoonah-Angoon Census Area, AK*",48984
"02110","Juneau City and Borough, AK",58869
"02122","Kenai Peninsula Borough, AK",48351
"02130","Ketchikan Gateway Borough, AK*",58086
"02150","Kodiak Island Borough, AK",53256
"02158","Kusilvak Census Area, AK*",26956
"02164","Lake and Peninsula Borough, AK*",50506
"02170","Matanuska-Susitna Borough, AK",43486
"02180","Nome Census Area, AK*",42592
"02185","North Slope Borough, AK",32527
"02188","Northwest Arctic Borough, AK",41906
"02195","Petersburg Borough, AK*",62867
"02198","Prince of Wales-Hyder Census Area, AK*",36775
"02201","Prince of Wales-Outer Ketchikan Census Area, AK*","(NA)"
"02220","Sitka City and Borough, AK",62487
"02230","Skagway Municipality, AK*",83136
"02231","Skagway-Yakutat-Angoon Census Area, AK*","(NA)"
"02232","Skagway-Hoonah-Angoon Census Area, AK*","(NA)"
"02240","Southeast Fairbanks Census Area, AK*",38642
"02261","Valdez-Cordova Census Area, AK*",54491
"02275","Wrangell City and Borough, AK*",42201
"02280","Wrangell-Petersburg Census Area, AK*","(NA)"
"02282","Yakutat City and Borough, AK*",62187
"02290","Yukon-Koyukuk Census Area, AK*",49014
"02901","Aleutian Islands Division, AK*","(NA)"
"02903","Angoon Division, AK*","(NA)"
"02904","Barrow-North Slope Division, AK*","(NA)"
"02905","Bethel Division, AK*","(NA)"
"02907","Bristol Bay Division, AK*","(NA)"
"02908","Cordova-McCarthy Division, AK*","(NA)"
"02910","Haines Division, AK*","(NA)"
"02912","Kenai-Cook Inlet Division, AK*","(NA)"
"02916","Kuskokwim Division, AK*","(NA)"
"02919","Outer Ketchikan Division, AK*","(NA)"
"02920","Prince of Wales Division, AK*","(NA)"
"02921","Seward Division, AK*","(NA)"
"02922","Sitka Division, AK*","(NA)"
"02923","Skagway-Yakutat Division, AK*","(NA)"
"02924","Southeast Fairbanks Division, AK*","(NA)"
"02925","Upper Yukon Division, AK*","(NA)"
"02926","Valdez-Chitina-Whittier Division, AK*","(NA)"
"02928","Wrangell-Petersburg Division, AK*","(NA)"
"02929","Yukon-Koyukuk Division, AK*","(NA)"
"04001","Apache, AZ",26851
"04003","Cochise, AZ",35424
"04005","Coconino, AZ",37553
"04007","Gila, AZ",33327
"04009","Graham, AZ",27971
"04011","Greenlee, AZ",36457
"04012","La Paz, AZ*",28511
"04013","Maricopa, AZ",39301
"04015","Mohave, AZ",26735
"04017","Navajo, AZ",26368
"04019","Pima, AZ",36548
"04021","Pinal, AZ",25835
"04023","Santa Cruz, AZ",31354
"04025","Yavapai, AZ",32222
"04027","Yuma, AZ*",29314
"05001","Arkansas, AR",42526
"05003","Ashley, AR",32290
"05005","Baxter, AR",31721
"05007","Benton, AR",64305
"05009","Boone, AR",30132
"05011","Bradley, AR",29343
"05013","Calhoun, AR",28321
"05015","Carroll, AR",28259
"05017","Chicot, AR",35208
"05019","Clark, AR",28975
"05021","Clay, AR",36027
"05023","Cleburne, AR",31865
"05025","Cleveland, AR",32222
"05027","Columbia, AR",31747
"05029","Conway, AR",34000
"05031","Craighead, AR",33131
"05033","Crawford, AR",28529
"05035","Crittenden, AR",33199
"05037","Cross, AR",35336
"05039","Dallas, AR",27442
"05041","Desha, AR",39200
"05043","Drew, AR",34289
"05045","Faulkner, AR",32514
"05047","Franklin, AR",27365
"05049","Fulton, AR",24146
"05051","Garland, AR",34738
"05053","Grant, AR",32282
"05055","Greene, AR",30985
"05057","Hempstead, AR",27911
"05059","Hot Spring, AR",27250
"05061","Howard, AR",29318
"05063","Independence, AR",31032
"05065","Izard, AR",27589
"05067","Jackson, AR",32535
"05069","Jefferson, AR",31285
"05071","Johnson, AR",24814
"05073","Lafayette, AR",31774
"05075","Lawrence, AR",29521
"05077","Lee, AR",30778
"05079","Lincoln, AR",25777
"05081","Little River, AR",30352
"05083","Logan, AR",31512
"05085","Lonoke, AR",34753
"05087","Madison, AR",29009
"05089","Marion, AR",26541
"05091","Miller, AR",29206
"05093","Mississippi, AR",31803
"05095","Monroe, AR",34450
"05097","Montgomery, AR",26160
"05099","Nevada, AR",30841
"05101","Newton, AR",24632
"05103","Ouachita, AR",31643
"05105","Perry, AR",30443
"05107","Phillips, AR",32238
"05109","Pike, AR",27517
"05111","Poinsett, AR",31109
"05113","Polk, AR",26802
"05115","Pope, AR",31040
"05117","Prairie, AR",34258
"05119","Pulaski, AR",43231
"05121","Randolph, AR",29030
"05123","St. Francis, AR",26164
"05125","Saline, AR",35533
"05127","Scott, AR",26736
"05129","Searcy, AR",26096
"05131","Sebastian, AR",36020
"05133","Sevier, AR",24405
"05135","Sharp, AR",28348
"05137","Stone, AR",25377
"05139","Union, AR",44001
"05141","Van Buren, AR",27744
"05143","Washington, AR",32457
"05145","White, AR",30777
"05147","Woodruff, AR",33982
"05149","Yell, AR",28745
"06001","Alameda, CA",54684
"06003","Alpine, CA",59025
"06005","Amador, CA",38197
"06007","Butte, CA",36633
"06009","Calaveras, CA",41153
"06011","Colusa, CA",47380
"06013","Contra Costa, CA",60776
"06015","Del Norte, CA",29561
"06017","El Dorado, CA",53958
"06019","Fresno, CA",34766
"06021","Glenn, CA",38900
"06023","Humboldt, CA",38055
"06025","Imperial, CA",32262
"06027","Inyo, CA",47364
"06029","Kern, CA",35039
"06031","Kings, CA",30127
"06033","Lake, CA",34268
"06035","Lassen, CA",31495
"06037","Los Angeles, CA",48140
"06039","Madera, CA",32821
"06041","Marin, CA",96868
"06043","Mariposa, CA",40411
"06045","Mendocino, CA",39738
"06047","Merced, CA",32858
"06049","Modoc, CA",37843
"06051","Mono, CA",42926
"06053","Monterey, CA",44707
"06055","Napa, CA",54270
"06057","Nevada, CA",49754
"06059","Orange, CA",53321
"06061","Placer, CA",52739
"06063","Plumas, CA",43192
"06065","Riverside, CA",32765
"06067","Sacramento, CA",42162
"06069","San Benito, CA",39526
"06071","San Bernardino, CA",31916
"06073","San Diego, CA",48938
"06075","San Francisco, CA",88825
"06077","San Joaquin, CA",35026
"06079","San Luis Obispo, CA",45527
"06081","San Mateo, CA",86911
"06083","Santa Barbara, CA",49864
"06085","Santa Clara, CA",72246
"06087","Santa Cruz, CA",52908
"06089","Shasta, CA",36257
"06091","Sierra, CA",32622
"06093","Siskiyou, CA",34969
"06095","Solano, CA",40285
"06097","Sonoma, CA",47859
"06099","Stanislaus, CA",35077
"06101","Sutter, CA",37310
"06103","Tehama, CA",31697
"06105","Trinity, CA",31040
"06107","Tulare, CA",33508
"06109","Tuolumne, CA",36439
"06111","Ventura, CA",49619
"06113","Yolo, CA",44556
"06115","Yuba, CA",34137
"08001","Adams, CO*",33850
"08003","Alamosa, CO",30934
"08005","Arapahoe, CO",48790
"08007","Archuleta, CO",34785
"08009","Baca, CO",43347
"08011","Bent, CO",27969
"08013","Boulder, CO*",55705
"08014","Broomfield, CO*",74119
"08015","Chaffee, CO",34125
"08017","Cheyenne, CO",54918
"08019","Clear Creek, CO",47974
"08021","Conejos, CO",28008
"08023","Costilla, CO",28596
"08025","Crowley, CO",22531
"08027","Custer, CO",39097
"08029","Delta, CO",30264
"08031","Denver, CO",62320
"08033","Dolores, CO",29571
"08035","Douglas, CO",61369
"08037","Eagle, CO",53623
"08039","Elbert, CO",46042
"08041","El Paso, CO",40642
"08043","Fremont, CO",28234
"08045","Garfield, CO",44579
"08047","Gilpin, CO",38448
"08049","Grand, CO",36694
"08051","Gunnison, CO",38493
"08053","Hinsdale, CO",39163
"08055","Huerfano, CO",33129
"08057","Jackson, CO",36058
"08059","Jefferson, CO*",50035
"08061","Kiowa, CO",57459
"08063","Kit Carson, CO",35147
"08065","Lake, CO",29991
"08067","La Plata, CO",50425
"08069","Larimer, CO",42239
"08071","Las Animas, CO",34396
"08073","Lincoln, CO",29954
"08075","Logan, CO",43578
"08077","Mesa, CO",36470
"08079","Mineral, CO",49430
"08081","Moffat, CO",37626
"08083","Montezuma, CO",35204
"08085","Montrose, CO",31838
"08087","Morgan, CO",36116
"08089","Otero, CO",32269
"08091","Ouray, CO",46511
"08093","Park, CO",36264
"08095","Phillips, CO",43212
"08097","Pitkin, CO",103091
"08099","Prowers, CO",36361
"08101","Pueblo, CO",31802
"08103","Rio Blanco, CO",39186
"08105","Rio Grande, CO",34833
"08107","Routt, CO",60244
"08109","Saguache, CO",29004
"08111","San Juan, CO",45745
"08113","San Miguel, CO",57394
"08115","Sedgwick, CO",45102
"08117","Summit, CO",49287
"08119","Teller, CO",41745
"08121","Washington, CO",39176
"08123","Weld, CO*",37615
"08125","Yuma, CO",49531
"09001","Fairfield, CT",99274
"09003","Hartford, CT",55324
"09005","Litchfield, CT",55056
"09007","Middlesex, CT",58029
"09009","New Haven, CT",48701
"09011","New London, CT",49234
"09013","Tolland, CT",48617
"09015","Windham, CT",40135
"10001","Kent, DE",35815
"10003","New Castle, DE",46912
"10005","Sussex, DE",42238
"11001","District of Columbia, DC",66502
"12001","Alachua, FL",36966
"12003","Baker, FL",26465
"12005","Bay, FL",37088
"12007","Bradford, FL",26273
"12009","Brevard, FL",38035
"12011","Broward, FL",40910
"12013","Calhoun, FL",22566
"12015","Charlotte, FL",34937
"12017","Citrus, FL",33330
"12019","Clay, FL",36166
"12021","Collier, FL",70972
"12023","Columbia, FL",29386
"12027","DeSoto, FL",21215
"12029","Dixie, FL",23281
"12031","Duval, FL",38805
"12033","Escambia, FL",35766
"12035","Flagler, FL",36803
"12037","Franklin, FL",33202
"12039","Gadsden, FL",27916
"12041","Gilchrist, FL",28221
"12043","Glades, FL",20178
"12045","Gulf, FL",26935
"12047","Hamilton, FL",23085
"12049","Hardee, FL",23552
"12051","Hendry, FL",28091
"12053","Hernando, FL",31263
"12055","Highlands, FL",29799
"12057","Hillsborough, FL",40290
"12059","Holmes, FL",25036
"12061","Indian River, FL",61586
"12063","Jackson, FL",27851
"12065","Jefferson, FL",33105
"12067","Lafayette, FL",20264
"12069","Lake, FL",34711
"12071","Lee, FL",41159
"12073","Leon, FL",36750
"12075","Levy, FL",29615
"12077","Liberty, FL",24621
"12079","Madison, FL",26658
"12081","Manatee, FL",38992
"12083","Marion, FL",31453
"12085","Martin, FL",63062
"12086","Miami-Dade, FL",39104
"12087","Monroe, FL",67081
"12089","Nassau, FL",45816
"12091","Okaloosa, FL",42778
"12093","Okeechobee, FL",26319
"12095","Orange, FL",36127
"12097","Osceola, FL",27733
"12099","Palm Beach, FL",62290
"12101","Pasco, FL",33701
"12103","Pinellas, FL",43486
"12105","Polk, FL",32030
"12107","Putnam, FL",26411
"12109","St. Johns, FL",58019
"12111","St. Lucie, FL",33240
"12113","Santa Rosa, FL",37608
"12115","Sarasota, FL",51179
"12117","Seminole, FL",39427
"12119","Sumter, FL",36973
"12121","Suwannee, FL",27579
"12123","Taylor, FL",28015
"12125","Union, FL",17450
"12127","Volusia, FL",35296
"12129","Wakulla, FL",29148
"12131","Walton, FL",46280
"12133","Washington, FL",25111
"13001","Appling, GA",28731
"13003","Atkinson, GA",25355
"13005","Bacon, GA",27068
"13007","Baker, GA",37969
"13009","Baldwin, GA",26866
"13011","Banks, GA",29511
"13013","Barrow, GA",29936
"13015","Bartow, GA",31044
"13017","Ben Hill, GA",26244
"13019","Berrien, GA",27470
"13021","Bibb, GA",35564
"13023","Bleckley, GA",30085
"13025","Brantley, GA",22770
"13027","Brooks, GA",31506
"13029","Bryan, GA",44089
"13031","Bulloch, GA",27728
"13033","Burke, GA",29345
"13035","Butts, GA",27620
"13037","Calhoun, GA",24629
"13039","Camden, GA",30393
"13043","Candler, GA",26209
"13045","Carroll, GA",31639
"13047","Catoosa, GA",29924
"13049","Charlton, GA",22498
"13051","Chatham, GA",39898
"13053","Chattahoochee, GA",30443
"13055","Chattooga, GA",26366
"13057","Cherokee, GA",40387
"13059","Clarke, GA",27129
"13061","Clay, GA",29729
"13063","Clayton, GA",24542
"13065","Clinch, GA",27418
"13067","Cobb, GA",44915
"13069","Coffee, GA",27115
"13071","Colquitt, GA",28380
"13073","Columbia, GA",41657
"13075","Cook, GA",26134
"13077","Coweta, GA",37495
"13079","Crawford, GA",28879
"13081","Crisp, GA",25246
"13083","Dade, GA",27574
"13085","Dawson, GA",35004
"13087","Decatur, GA",32856
"13089","DeKalb, GA",39504
"13091","Dodge, GA",25672
"13093","Dooly, GA",22157
"13095","Dougherty, GA",30927
"13097","Douglas, GA",30126
"13099","Early, GA",35657
"13101","Echols, GA",22823
"13103","Effingham, GA",35409
"13105","Elbert, GA",29891
"13107","Emanuel, GA",27248
"13109","Evans, GA",28667
"13111","Fannin, GA",28268
"13113","Fayette, GA",49810
"13115","Floyd, GA",32695
"13117","Forsyth, GA",51118
"13119","Franklin, GA",31647
"13121","Fulton, GA",62381
"13123","Gilmer, GA",28216
"13125","Glascock, GA",25990
"13127","Glynn, GA",37154
"13129","Gordon, GA",29315
"13131","Grady, GA",29808
"13133","Greene, GA",42051
"13135","Gwinnett, GA",34423
"13137","Habersham, GA",27953
"13139","Hall, GA",33575
"13141","Hancock, GA",23284
"13143","Haralson, GA",29545
"13145","Harris, GA",39584
"13147","Hart, GA",30318
"13149","Heard, GA",26324
"13151","Henry, GA",32426
"13153","Houston, GA",36933
"13155","Irwin, GA",29218
"13157","Jackson, GA",32776
"13159","Jasper, GA",29924
"13161","Jeff Davis, GA",27675
"13163","Jefferson, GA",28942
"13165","Jenkins, GA",24761
"13167","Johnson, GA",22073
"13169","Jones, GA",31822
"13171","Lamar, GA",28468
"13173","Lanier, GA",22371
"13175","Laurens, GA",30479
"13177","Lee, GA",39962
"13179","Liberty, GA",30893
"13181","Lincoln, GA",30684
"13183","Long, GA",21301
"13185","Lowndes, GA",30985
"13187","Lumpkin, GA",29365
"13189","McDuffie, GA",30220
"13191","McIntosh, GA",24084
"13193","Macon, GA",26681
"13195","Madison, GA",30577
"13197","Marion, GA",22917
"13199","Meriwether, GA",28993
"13201","Miller, GA",36400
"13205","Mitchell, GA",29971
"13207","Monroe, GA",36779
"13209","Montgomery, GA",25651
"13211","Morgan, GA",38055
"13213","Murray, GA",25140
"13215","Muscogee, GA",35711
"13217","Newton, GA",28340
"13219","Oconee, GA",49768
"13221","Oglethorpe, GA",31062
"13223","Paulding, GA",30073
"13225","Peach, GA",32161
"13227","Pickens, GA",38210
"13229","Pierce, GA",29566
"13231","Pike, GA",31404
"13233","Polk, GA",26749
"13235","Pulaski, GA",25584
"13237","Putnam, GA",30563
"13239","Quitman, GA",25307
"13241","Rabun, GA",32607
"13243","Randolph, GA",30092
"13245","Richmond, GA",31658
"13247","Rockdale, GA",29787
"13249","Schley, GA",24735
"13251","Screven, GA",26749
"13253","Seminole, GA",36404
"13255","Spalding, GA",29205
"13257","Stephens, GA",30466
"13259","Stewart, GA",23093
"13261","Sumter, GA",28559
"13263","Talbot, GA",28998
"13265","Taliaferro, GA",24008
"13267","Tattnall, GA",27410
"13269","Taylor, GA",24353
"13271","Telfair, GA",18057
"13273","Terrell, GA",37631
"13275","Thomas, GA",36308
"13277","Tift, GA",31787
"13279","Toombs, GA",31361
"13281","Towns, GA",29887
"13283","Treutlen, GA",24347
"13285","Troup, GA",31918
"13287","Turner, GA",32497
"13289","Twiggs, GA",32130
"13291","Union, GA",31796
"13293","Upson, GA",29298
"13295","Walker, GA",28028
"13297","Walton, GA",32191
"13299","Ware, GA",28187
"13301","Warren, GA",28263
"13303","Washington, GA",28975
"13305","Wayne, GA",29887
"13307","Webster, GA",25437
"13309","Wheeler, GA",15847
"13311","White, GA",28189
"13313","Whitfield, GA",30077
"13315","Wilcox, GA",25876
"13317","Wilkes, GA",27650
"13319","Wilkinson, GA",28106
"13321","Worth, GA",30768
"15001","Hawaii, HI",33204
"15003","Honolulu, HI",48140
"15007","Kauai, HI",38773
"15901","Maui + Kalawao, HI",38674
"16001","Ada, ID",42247
"16003","Adams, ID",32761
"16005","Bannock, ID",30945
"16007","Bear Lake, ID",33848
"16009","Benewah, ID",30051
"16011","Bingham, ID",32248
"16013","Blaine, ID",79808
"16015","Boise, ID",34088
"16017","Bonner, ID",32634
"16019","Bonneville, ID",37218
"16021","Boundary, ID",29359
"16023","Butte, ID",33035
"16025","Camas, ID",39814
"16027","Canyon, ID",26953
"16029","Caribou, ID",36867
"16031","Cassia, ID",40775
"16033","Clark, ID",32915
"16035","Clearwater, ID",31439
"16037","Custer, ID",41047
"16039","Elmore, ID",31878
"16041","Franklin, ID",29175
"16043","Fremont (includes Yellowstone Park), ID",32180
"16045","Gem, ID",30931
"16047","Gooding, ID",48066
"16049","Idaho, ID",29905
"16051","Jefferson, ID",29569
"16053","Jerome, ID",34029
"16055","Kootenai, ID",35779
"16057","Latah, ID",34583
"16059","Lemhi, ID",34309
"16061","Lewis, ID",47419
"16063","Lincoln, ID",34074
"16065","Madison, ID",21522
"16067","Minidoka, ID",34395
"16069","Nez Perce, ID",36746
"16071","Oneida, ID",29623
"16073","Owyhee, ID",29170
"16075","Payette, ID",33649
"16077","Power, ID",36132
"16079","Shoshone, ID",32080
"16081","Teton, ID",26677
"16083","Twin Falls, ID",33569
"16085","Valley, ID",41123
"16087","Washington, ID",33880
"17001","Adams, IL",40097
"17003","Alexander, IL",29557
"17005","Bond, IL",32556
"17007","Boone, IL",39017
"17009","Brown, IL",29626
"17011","Bureau, IL",39847
"17013","Calhoun, IL",36562
"17015","Carroll, IL",42283
"17017","Cass, IL",37673
"17019","Champaign, IL",39557
"17021","Christian, IL",38438
"17023","Clark, IL",38541
"17025","Clay, IL",37080
"17027","Clinton, IL",40525
"17029","Coles, IL",34923
"17031","Cook, IL",49141
"17033","Crawford, IL",41955
"17035","Cumberland, IL",41314
"17037","DeKalb, IL",34977
"17039","De Witt, IL",45000
"17041","Douglas, IL",45962
"17043","DuPage, IL",58259
"17045","Edgar, IL",40855
"17047","Edwards, IL",38030
"17049","Effingham, IL",42968
"17051","Fayette, IL",32020
"17053","Ford, IL",51006
"17055","Franklin, IL",32834
"17057","Fulton, IL",33936
"17059","Gallatin, IL",47745
"17061","Greene, IL",37572
"17063","Grundy, IL",55816
"17065","Hamilton, IL",45026
"17067","Hancock, IL",41468
"17069","Hardin, IL",34169
"17071","Henderson, IL",40906
"17073","Henry, IL",42662
"17075","Iroquois, IL",43232
"17077","Jackson, IL",32238
"17079","Jasper, IL",45712
"17081","Jefferson, IL",35017
"17083","Jersey, IL",36207
"17085","Jo Daviess, IL",45126
"17087","Johnson, IL",25418
"17089","Kane, IL",42240
"17091","Kankakee, IL",35430
"17093","Kendall, IL",41242
"17095","Knox, IL",37300
"17097","Lake, IL",64576
"17099","LaSalle, IL",38407
"17101","Lawrence, IL",37621
"17103","Lee, IL",38418
"17105","Livingston, IL",43957
"17107","Logan, IL",36534
"17109","McDonough, IL",34939
"17111","McHenry, IL",46033
"17113","McLean, IL",43696
"17115","Macon, IL",42123
"17117","Macoupin, IL",36713
"17119","Madison, IL",38982
"17121","Marion, IL",37764
"17123","Marshall, IL",43422
"17125","Mason, IL",38994
"17127","Massac, IL",33800
"17129","Menard, IL",41498
"17131","Mercer, IL",41583
"17133","Monroe, IL",47630
"17135","Montgomery, IL",36167
"17137","Morgan, IL",36810
"17139","Moultrie, IL",56028
"17141","Ogle, IL",40274
"17143","Peoria, IL",44919
"17145","Perry, IL",35164
"17147","Piatt, IL",47054
"17149","Pike, IL",39561
"17151","Pope, IL",29375
"17153","Pulaski, IL",35151
"17155","Putnam, IL",49649
"17157","Randolph, IL",31743
"17159","Richland, IL",38789
"17161","Rock Island, IL",39736
"17163","St. Clair, IL",38115
"17165","Saline, IL",37178
"17167","Sangamon, IL",41457
"17169","Schuyler, IL",45992
"17171","Scott, IL",37974
"17173","Shelby, IL",38626
"17175","Stark, IL",42001
"17177","Stephenson, IL",37938
"17179","Tazewell, IL",40942
"17181","Union, IL",34584
"17183","Vermilion, IL",35383
"17185","Wabash, IL",42072
"17187","Warren, IL",38007
"17189","Washington, IL",49557
"17191","Wayne, IL",40872
"17193","White, IL",46063
"17195","Whiteside, IL",38795
"17197","Will, IL",43147
"17199","Williamson, IL",38761
"17201","Winnebago, IL",36407
"17203","Woodford, IL",47092
"18001","Adams, IN",33384
"18003","Allen, IN",37851
"18005","Bartholomew, IN",42365
"18007","Benton, IN",43492
"18009","Blackford, IN",34389
"18011","Boone, IN",59949
"18013","Brown, IN",38508
"18015","Carroll, IN",38796
"18017","Cass, IN",34079
"18019","Clark, IN",39249
"18021","Clay, IN",33257
"18023","Clinton, IN",33580
"18025","Crawford, IN",29046
"18027","Daviess, IN",37535
"18029","Dearborn, IN",39111
"18031","Decatur, IN",37398
"18033","DeKalb, IN",35739
"18035","Delaware, IN",30722
"18037","Dubois, IN",45700
"18039","Elkhart, IN",35545
"18041","Fayette, IN",32993
"18043","Floyd, IN",43592
"18045","Fountain, IN",37234
"18047","Franklin, IN",40216
"18049","Fulton, IN",36960
"18051","Gibson, IN",39239
"18053","Grant, IN",34596
"18055","Greene, IN",33600
"18057","Hamilton, IN",59881
"18059","Hancock, IN",42001
"18061","Harrison, IN",35692
"18063","Hendricks, IN",41039
"18065","Henry, IN",32107
"18067","Howard, IN",34860
"18069","Huntington, IN",35875
"18071","Jackson, IN",36898
"18073","Jasper, IN",39672
"18075","Jay, IN",35735
"18077","Jefferson, IN",35422
"18079","Jennings, IN",32067
"18081","Johnson, IN",40652
"18083","Knox, IN",40365
"18085","Kosciusko, IN",39206
"18087","Lagrange, IN",30836
"18089","Lake, IN",36829
"18091","LaPorte, IN",35299
"18093","Lawrence, IN",32916
"18095","Madison, IN",31913
"18097","Marion, IN",44369
"18099","Marshall, IN",35051
"18101","Martin, IN",36076
"18103","Miami, IN",29668
"18105","Monroe, IN",32867
"18107","Montgomery, IN",37551
"18109","Morgan, IN",37842
"18111","Newton, IN",37403
"18113","Noble, IN",32714
"18115","Ohio, IN",32886
"18117","Orange, IN",33037
"18119","Owen, IN",31655
"18121","Parke, IN",31457
"18123","Perry, IN",32244
"18125","Pike, IN",35044
"18127","Porter, IN",43180
"18129","Posey, IN",43907
"18131","Pulaski, IN",40192
"18133","Putnam, IN",32592
"18135","Randolph, IN",35133
"18137","Ripley, IN",38203
"18139","Rush, IN",40896
"18141","St. Joseph, IN",38778
"18143","Scott, IN",31115
"18145","Shelby, IN",39167
"18147","Spencer, IN",39976
"18149","Starke, IN",29878
"18151","Steuben, IN",35012
"18153","Sullivan, IN",31754
"18155","Switzerland, IN",26995
"18157","Tippecanoe, IN",32519
"18159","Tipton, IN",38921
"18161","Union, IN",34379
"18163","Vanderburgh, IN",38437
"18165","Vermillion, IN",34835
"18167","Vigo, IN",32930
"18169","Wabash, IN",37392
"18171","Warren, IN",44940
"18173","Warrick, IN",44816
"18175","Washington, IN",32615
"18177","Wayne, IN",34142
"18179","Wells, IN",37480
"18181","White, IN",39108
"18183","Whitley, IN",37702
"19001","Adair, IA",44188
"19003","Adams, IA",53866
"19005","Allamakee, IA",39325
"19007","Appanoose, IA",34012
"19009","Audubon, IA",55070
"19011","Benton, IA",45797
"19013","Black Hawk, IA",38431
"19015","Boone, IA",44091
"19017","Bremer, IA",43875
"19019","Buchanan, IA",43798
"19021","Buena Vista, IA",45641
"19023","Butler, IA",47240
"19025","Calhoun, IA",46541
"19027","Carroll, IA",48215
"19029","Cass, IA",42342
"19031","Cedar, IA",46113
"19033","Cerro Gordo, IA",45374
"19035","Cherokee, IA",49127
"19037","Chickasaw, IA",47997
"19039","Clarke, IA",34296
"19041","Clay, IA",45180
"19043","Clayton, IA",43983
"19045","Clinton, IA",39503
"19047","Crawford, IA",44370
"19049","Dallas, IA",55326
"19051","Davis, IA",36532
"19053","Decatur, IA",31978
"19055","Delaware, IA",43625
"19057","Des Moines, IA",41515
"19059","Dickinson, IA",49073
"19061","Dubuque, IA",41536
"19063","Emmet, IA",41881
"19065","Fayette, IA",39363
"19067","Floyd, IA",40873
"19069","Franklin, IA",51966
"19071","Fremont, IA",47251
"19073","Greene, IA",48365
"19075","Grundy, IA",50142
"19077","Guthrie, IA",49244
"19079","Hamilton, IA",47176
"19081","Hancock, IA",50514
"19083","Hardin, IA",47326
"19085","Harrison, IA",43565
"19087","Henry, IA",36494
"19089","Howard, IA",42412
"19091","Humboldt, IA",45837
"19093","Ida, IA",47562
"19095","Iowa, IA",49033
"19097","Jackson, IA",39156
"19099","Jasper, IA",37583
"19101","Jefferson, IA",37391
"19103","Johnson, IA",44065
"19105","Jones, IA",39149
"19107","Keokuk, IA",44589
"19109","Kossuth, IA",53224
"19111","Lee, IA",34809
"19113","Linn, IA",45294
"19115","Louisa, IA",36485
"19117","Lucas, IA",37441
"19119","Lyon, IA",56137
"19121","Madison, IA",42300
"19123","Mahaska, IA",37806
"19125","Marion, IA",39320
"19127","Marshall, IA",37148
"19129","Mills, IA",49304
"19131","Mitchell, IA",42012
"19133","Monona, IA",46381
"19135","Monroe, IA",37100
"19137","Montgomery, IA",40251
"19139","Muscatine, IA",39881
"19141","O'Brien, IA",53586
"19143","Osceola, IA",56640
"19145","Page, IA",39576
"19147","Palo Alto, IA",51439
"19149","Plymouth, IA",52671
"19151","Pocahontas, IA",52692
"19153","Polk, IA",44750
"19155","Pottawattamie, IA",38598
"19157","Poweshiek, IA",42911
"19159","Ringgold, IA",43528
"19161","Sac, IA",51501
"19163","Scott, IA",46544
"19165","Shelby, IA",53046
"19167","Sioux, IA",44811
"19169","Story, IA",36157
"19171","Tama, IA",42457
"19173","Taylor, IA",42607
"19175","Union, IA",37333
"19177","Van Buren, IA",36700
"19179","Wapello, IA",34416
"19181","Warren, IA",41856
"19183","Washington, IA",47930
"19185","Wayne, IA",39535
"19187","Webster, IA",39166
"19189","Winnebago, IA",37158
"19191","Winneshiek, IA",42166
"19193","Woodbury, IA",37036
"19195","Worth, IA",42996
"19197","Wright, IA",49739
"20001","Allen, KS",37448
"20003","Anderson, KS",40265
"20005","Atchison, KS",33309
"20007","Barber, KS",46492
"20009","Barton, KS",47797
"20011","Bourbon, KS",36171
"20013","Brown, KS",44786
"20015","Butler, KS",40944
"20017","Chase, KS",52252
"20019","Chautauqua, KS",43414
"20021","Cherokee, KS",33803
"20023","Cheyenne, KS",47103
"20025","Clark, KS",51634
"20027","Clay, KS",48881
"20029","Cloud, KS",36230
"20031","Coffey, KS",54921
"20033","Comanche, KS",43628
"20035","Cowley, KS",35026
"20037","Crawford, KS",33900
"20039","Decatur, KS",44696
"20041","Dickinson, KS",43499
"20043","Doniphan, KS",36635
"20045","Douglas, KS",36126
"20047","Edwards, KS",61952
"20049","Elk, KS",43753
"20051","Ellis, KS",44544
"20053","Ellsworth, KS",39363
"20055","Finney, KS",39968
"20057","Ford, KS",34434
"20059","Franklin, KS",36275
"20061","Geary, KS",40635
"20063","Gove, KS",58113
"20065","Graham, KS",52998
"20067","Grant, KS",49516
"20069","Gray, KS",79613
"20071","Greeley, KS",77169
"20073","Greenwood, KS",41265
"20075","Hamilton, KS",71854
"20077","Harper, KS",47834
"20079","Harvey, KS",37441
"20081","Haskell, KS",91360
"20083","Hodgeman, KS",49983
"20085","Jackson, KS",37897
"20087","Jefferson, KS",39109
"20089","Jewell, KS",51606
"20091","Johnson, KS",59001
"20093","Kearny, KS",61418
"20095","Kingman, KS",42889
"20097","Kiowa, KS",42298
"20099","Labette, KS",39306
"20101","Lane, KS",91240
"20103","Leavenworth, KS",36920
"20105","Lincoln, KS",44647
"20107","Linn, KS",32095
"20109","Logan, KS",53532
"20111","Lyon, KS",30508
"20113","McPherson, KS",46781
"20115","Marion, KS",39216
"20117","Marshall, KS",47629
"20119","Meade, KS",70756
"20121","Miami, KS",40224
"20123","Mitchell, KS",54394
"20125","Montgomery, KS",36821
"20127","Morris, KS",43700
"20129","Morton, KS",50663
"20131","Nemaha, KS",55296
"20133","Neosho, KS",31479
"20135","Ness, KS",55723
"20137","Norton, KS",43758
"20139","Osage, KS",37337
"20141","Osborne, KS",45574
"20143","Ottawa, KS",39752
"20145","Pawnee, KS",44271
"20147","Phillips, KS",49600
"20149","Pottawatomie, KS",45756
"20151","Pratt, KS",47689
"20153","Rawlins, KS",52972
"20155","Reno, KS",36437
"20157","Republic, KS",49243
"20159","Rice, KS",44075
"20161","Riley, KS",35864
"20163","Rooks, KS",44858
"20165","Rush, KS",48309
"20167","Russell, KS",49728
"20169","Saline, KS",41096
"20171","Scott, KS",73213
"20173","Sedgwick, KS",47546
"20175","Seward, KS",34706
"20177","Shawnee, KS",40405
"20179","Sheridan, KS",73098
"20181","Sherman, KS",43296
"20183","Smith, KS",48391
"20185","Stafford, KS",61170
"20187","Stanton, KS",78018
"20189","Stevens, KS",52266
"20191","Sumner, KS",37256
"20193","Thomas, KS",47568
"20195","Trego, KS",45755
"20197","Wabaunsee, KS",46216
"20199","Wallace, KS",62992
"20201","Washington, KS",48807
"20203","Wichita, KS",93342
"20205","Wilson, KS",37865
"20207","Woodson, KS",34713
"20209","Wyandotte, KS",48111
"21001","Adair, KY",25056
"21003","Allen, KY",26878
"21005","Anderson, KY",34307
"21007","Ballard, KY",36769
"21009","Barren, KY",31741
"21011","Bath, KY",27315
"21013","Bell, KY",26204
"21015","Boone, KY",39652
"21017","Bourbon, KY",34978
"21019","Boyd, KY",33600
"21021","Boyle, KY",32031
"21023","Bracken, KY",31161
"21025","Breathitt, KY",26940
"21027","Breckinridge, KY",30772
"21029","Bullitt, KY",33594
"21031","Butler, KY",30786
"21033","Caldwell, KY",33066
"21035","Calloway, KY",32395
"21037","Campbell, KY",39736
"21039","Carlisle, KY",44082
"21041","Carroll, KY",34450
"21043","Carter, KY",27386
"21045","Casey, KY",24954
"21047","Christian, KY",35433
"21049","Clark, KY",34600
"21051","Clay, KY",23887
"21053","Clinton, KY",26513
"21055","Crittenden, KY",35296
"21057","Cumberland, KY",26965
"21059","Daviess, KY",37134
"21061","Edmonson, KY",27261
"21063","Elliott, KY",19650
"21065","Estill, KY",27477
"21067","Fayette, KY",41534
"21069","Fleming, KY",27754
"21071","Floyd, KY",29735
"21073","Franklin, KY",36367
"21075","Fulton, KY",32599
"21077","Gallatin, KY",26804
"21079","Garrard, KY",27911
"21081","Grant, KY",30049
"21083","Graves, KY",34263
"21085","Grayson, KY",28874
"21087","Green, KY",30377
"21089","Greenup, KY",34395
"21091","Hancock, KY",34274
"21093","Hardin, KY",36142
"21095","Harlan, KY",26005
"21097","Harrison, KY",31298
"21099","Hart, KY",28999
"21101","Henderson, KY",34954
"21103","Henry, KY",33038
"21105","Hickman, KY",45030
"21107","Hopkins, KY",34380
"21109","Jackson, KY",23077
"21111","Jefferson, KY",42368
"21113","Jessamine, KY",35742
"21115","Johnson, KY",30071
"21117","Kenton, KY",44549
"21119","Knott, KY",26147
"21121","Knox, KY",24698
"21123","Larue, KY",31529
"21125","Laurel, KY",29165
"21127","Lawrence, KY",26624
"21129","Lee, KY",26111
"21131","Leslie, KY",27685
"21133","Letcher, KY",28014
"21135","Lewis, KY",25980
"21137","Lincoln, KY",26957
"21139","Livingston, KY",33533
"21141","Logan, KY",33823
"21143","Lyon, KY",27469
"21145","McCracken, KY",40276
"21147","McCreary, KY",20383
"21149","McLean, KY",39129
"21151","Madison, KY",31052
"21153","Magoffin, KY",23638
"21155","Marion, KY",30047
"21157","Marshall, KY",35520
"21159","Martin, KY",26007
"21161","Mason, KY",34406
"21163","Meade, KY",31964
"21165","Menifee, KY",26426
"21167","Mercer, KY",32242
"21169","Metcalfe, KY",26709
"21171","Monroe, KY",28965
"21173","Montgomery, KY",30005
"21175","Morgan, KY",22818
"21177","Muhlenberg, KY",29805
"21179","Nelson, KY",36162
"21181","Nicholas, KY",30619
"21183","Ohio, KY",30263
"21185","Oldham, KY",49224
"21187","Owen, KY",31924
"21189","Owsley, KY",24555
"21191","Pendleton, KY",30855
"21193","Perry, KY",32552
"21195","Pike, KY",31522
"21197","Powell, KY",26533
"21199","Pulaski, KY",31861
"21201","Robertson, KY",27511
"21203","Rockcastle, KY",26217
"21205","Rowan, KY",27232
"21207","Russell, KY",29316
"21209","Scott, KY",36926
"21211","Shelby, KY",37163
"21213","Simpson, KY",33850
"21215","Spencer, KY",36731
"21217","Taylor, KY",30569
"21219","Todd, KY",37617
"21221","Trigg, KY",34770
"21223","Trimble, KY",30668
"21225","Union, KY",37571
"21227","Warren, KY",33524
"21229","Washington, KY",33319
"21231","Wayne, KY",24983
"21233","Webster, KY",37224
"21235","Whitley, KY",29414
"21237","Wolfe, KY",22980
"21239","Woodford, KY",42779
"22001","Acadia, LA",35240
"22003","Allen, LA",28038
"22005","Ascension, LA",42470
"22007","Assumption, LA",37990
"22009","Avoyelles, LA",33524
"22011","Beauregard, LA",37665
"22013","Bienville, LA",31225
"22015","Bossier, LA",37603
"22017","Caddo, LA",42707
"22019","Calcasieu, LA",37506
"22021","Caldwell, LA",34042
"22023","Cameron, LA",41848
"22025","Catahoula, LA",32313
"22027","Claiborne, LA",32909
"22029","Concordia, LA",32772
"22031","De Soto, LA",35309
"22033","East Baton Rouge, LA",43312
"22035","East Carroll, LA",38997
"22037","East Feliciana, LA",35184
"22039","Evangeline, LA",34010
"22041","Franklin, LA",31703
"22043","Grant, LA",28380
"22045","Iberia, LA",37931
"22047","Iberville, LA",34624
"22049","Jackson, LA",31991
"22051","Jefferson, LA",44234
"22053","Jefferson Davis, LA",36311
"22055","Lafayette, LA",47954
"22057","Lafourche, LA",44969
"22059","LaSalle, LA",36219
"22061","Lincoln, LA",32101
"22063","Livingston, LA",35098
"22065","Madison, LA",31072
"22067","Morehouse, LA",34933
"22069","Natchitoches, LA",32585
"22071","Orleans, LA",43094
"22073","Ouachita, LA",34499
"22075","Plaquemines, LA",42354
"22077","Pointe Coupee, LA",39121
"22079","Rapides, LA",39893
"22081","Red River, LA",31156
"22083","Richland, LA",33746
"22085","Sabine, LA",32038
"22087","St. Bernard, LA",27428
"22089","St. Charles, LA",42880
"22091","St. Helena, LA",35103
"22093","St. James, LA",40705
"22095","St. John the Baptist, LA",38577
"22097","St. Landry, LA",36389
"22099","St. Martin, LA",37167
"22101","St. Mary, LA",37406
"22103","St. Tammany, LA",49227
"22105","Tangipahoa, LA",33850
"22107","Tensas, LA",43394
"22109","Terrebonne, LA",43312
"22111","Union, LA",33481
"22113","Vermilion, LA",37541
"22115","Vernon, LA",36434
"22117","Washington, LA",30069
"22119","Webster, LA",34349
"22121","West Baton Rouge, LA",40252
"22123","West Carroll, LA",28719
"22125","West Feliciana, LA",31545
"22127","Winn, LA",33040
"23001","Androscoggin, ME",34646
"23003","Aroostook, ME",34630
"23005","Cumberland, ME",48498
"23007","Franklin, ME",32346
"23009","Hancock, ME",40786
"23011","Kennebec, ME",39245
"23013","Knox, ME",40320
"23015","Lincoln, ME",42193
"23017","Oxford, ME",32641
"23019","Penobscot, ME",34526
"23021","Piscataquis, ME",32636
"23023","Sagadahoc, ME",42000
"23025","Somerset, ME",32995
"23027","Waldo, ME",34195
"23029","Washington, ME",33906
"23031","York, ME",41968
"24001","Allegany, MD",34612
"24003","Anne Arundel, MD",56981
"24005","Baltimore, MD",51517
"24009","Calvert, MD",52605
"24011","Caroline, MD",40310
"24013","Carroll, MD",51930
"24015","Cecil, MD",40495
"24017","Charles, MD",49611
"24019","Dorchester, MD",39284
"24021","Frederick, MD",51740
"24023","Garrett, MD",37758
"24025","Harford, MD",48952
"24027","Howard, MD",67066
"24029","Kent, MD",49721
"24031","Montgomery, MD",72626
"24033","Prince George's, MD",42550
"24035","Queen Anne's, MD",53260
"24037","St. Mary's, MD",48893
"24039","Somerset, MD",27773
"24041","Talbot, MD",61464
"24043","Washington, MD",39584
"24045","Wicomico, MD",35730
"24047","Worcester, MD",49516
"24510","Baltimore (Independent City), MD",41073
"25001","Barnstable, MA",59038
"25003","Berkshire, MA",45672
"25005","Bristol, MA",44119
"25007","Dukes, MA",71875
"25009","Essex, MA",55197
"25011","Franklin, MA",44311
"25013","Hampden, MA",42577
"25015","Hampshire, MA",42938
"25017","Middlesex, MA",66739
"25019","Nantucket, MA",95744
"25021","Norfolk, MA",73044
"25023","Plymouth, MA",53907
"25025","Suffolk, MA",61075
"25027","Worcester, MA",47251
"26001","Alcona, MI",32234
"26003","Alger, MI",26601
"26005","Allegan, MI",36771
"26007","Alpena, MI",33712
"26009","Antrim, MI",35918
"26011","Arenac, MI",31167
"26013","Baraga, MI",29627
"26015","Barry, MI",37032
"26017","Bay, MI",35171
"26019","Benzie, MI",34039
"26021","Berrien, MI",38395
"26023","Branch, MI",30593
"26025","Calhoun, MI",34421
"26027","Cass, MI",35623
"26029","Charlevoix, MI",41400
"26031","Cheboygan, MI",31379
"26033","Chippewa, MI",31191
"26035","Clare, MI",28749
"26037","Clinton, MI",37703
"26039","Crawford, MI",27069
"26041","Delta, MI",33527
"26043","Dickinson, MI",39779
"26045","Eaton, MI",35405
"26047","Emmet, MI",44690
"26049","Genesee, MI",33545
"26051","Gladwin, MI",30224
"26053","Gogebic, MI",31396
"26055","Grand Traverse, MI",40068
"26057","Gratiot, MI",31621
"26059","Hillsdale, MI",30889
"26061","Houghton, MI",30425
"26063","Huron, MI",41395
"26065","Ingham, MI",34295
"26067","Ionia, MI",28825
"26069","Iosco, MI",31557
"26071","Iron, MI",34243
"26073","Isabella, MI",29517
"26075","Jackson, MI",33902
"26077","Kalamazoo, MI",40220
"26079","Kalkaska, MI",29155
"26081","Kent, MI",44668
"26083","Keweenaw, MI",35880
"26085","Lake, MI",27355
"26087","Lapeer, MI",35322
"26089","Leelanau, MI",53723
"26091","Lenawee, MI",32971
"26093","Livingston, MI",45232
"26095","Luce, MI",26159
"26097","Mackinac, MI",36261
"26099","Macomb, MI",38014
"26101","Manistee, MI",32636
"26103","Marquette, MI",34604
"26105","Mason, MI",34631
"26107","Mecosta, MI",27543
"26109","Menominee, MI",35180
"26111","Midland, MI",45317
"26113","Missaukee, MI",29252
"26115","Monroe, MI",37946
"26117","Montcalm, MI",28649
"26119","Montmorency, MI",30812
"26121","Muskegon, MI",31345
"26123","Newaygo, MI",30418
"26125","Oakland, MI",57605
"26127","Oceana, MI",31468
"26129","Ogemaw, MI",28399
"26131","Ontonagon, MI",31120
"26133","Osceola, MI",28579
"26135","Oscoda, MI",29620
"26137","Otsego, MI",32659
"26139","Ottawa, MI",38730
"26141","Presque Isle, MI",32124
"26143","Roscommon, MI",30876
"26145","Saginaw, MI",32915
"26147","St. Clair, MI",36011
"26149","St. Joseph, MI",31968
"26151","Sanilac, MI",33212
"26153","Schoolcraft, MI",32684
"26155","Shiawassee, MI",32693
"26157","Tuscola, MI",31632
"26159","Van Buren, MI",34470
"26161","Washtenaw, MI",47399
"26163","Wayne, MI",34967
"26165","Wexford, MI",30758
"27001","Aitkin, MN",32511
"27003","Anoka, MN",41702
"27005","Becker, MN",40601
"27007","Beltrami, MN",33046
"27009","Benton, MN",36035
"27011","Big Stone, MN",50048
"27013","Blue Earth, MN",38978
"27015","Brown, MN",45719
"27017","Carlton, MN",35324
"27019","Carver, MN",58000
"27021","Cass, MN",37904
"27023","Chippewa, MN",48881
"27025","Chisago, MN",38981
"27027","Clay, MN",39216
"27029","Clearwater, MN",34144
"27031","Cook, MN",42723
"27033","Cottonwood, MN",46853
"27035","Crow Wing, MN",36855
"27037","Dakota, MN",49559
"27039","Dodge, MN",42116
"27041","Douglas, MN",44916
"27043","Faribault, MN",47589
"27045","Fillmore, MN",40465
"27047","Freeborn, MN",38771
"27049","Goodhue, MN",44149
"27051","Grant, MN",50074
"27053","Hennepin, MN",59954
"27055","Houston, MN",43543
"27057","Hubbard, MN",34074
"27059","Isanti, MN",36194
"27061","Itasca, MN",34783
"27063","Jackson, MN",51561
"27065","Kanabec, MN",33279
"27067","Kandiyohi, MN",45226
"27069","Kittson, MN",63737
"27071","Koochiching, MN",35664
"27073","Lac qui Parle, MN",60063
"27075","Lake, MN",39310
"27077","Lake of the Woods, MN",38695
"27079","Le Sueur, MN",40715
"27081","Lincoln, MN",47955
"27083","Lyon, MN",44680
"27085","McLeod, MN",40466
"27087","Mahnomen, MN",34717
"27089","Marshall, MN",52095
"27091","Martin, MN",46399
"27093","Meeker, MN",37757
"27095","Mille Lacs, MN",34040
"27097","Morrison, MN",34947
"27099","Mower, MN",39978
"27101","Murray, MN",57111
"27103","Nicollet, MN",43777
"27105","Nobles, MN",41361
"27107","Norman, MN",51414
"27109","Olmsted, MN",47502
"27111","Otter Tail, MN",40136
"27113","Pennington, MN",46867
"27115","Pine, MN",30597
"27117","Pipestone, MN",51039
"27119","Polk, MN",46560
"27121","Pope, MN",45400
"27123","Ramsey, MN",44729
"27125","Red Lake, MN",45817
"27127","Redwood, MN",51666
"27129","Renville, MN",54644
"27131","Rice, MN",36471
"27133","Rock, MN",49800
"27135","Roseau, MN",42174
"27137","St. Louis, MN",40687
"27139","Scott, MN",48071
"27141","Sherburne, MN",38748
"27143","Sibley, MN",43109
"27145","Stearns, MN",39380
"27147","Steele, MN",41021
"27149","Stevens, MN",53278
"27151","Swift, MN",44458
"27153","Todd, MN",34153
"27155","Traverse, MN",65277
"27157","Wabasha, MN",41692
"27159","Wadena, MN",33106
"27161","Waseca, MN",41885
"27163","Washington, MN",53049
"27165","Watonwan, MN",40552
"27167","Wilkin, MN",58136
"27169","Winona, MN",39574
"27171","Wright, MN",40917
"27173","Yellow Medicine, MN",54385
"28001","Adams, MS",33121
"28003","Alcorn, MS",28578
"28005","Amite, MS",28668
"28007","Attala, MS",28737
"28009","Benton, MS",25512
"28011","Bolivar, MS",34493
"28013","Calhoun, MS",28254
"28015","Carroll, MS",32129
"28017","Chickasaw, MS",30384
"28019","Choctaw, MS",26624
"28021","Claiborne, MS",29172
"28023","Clarke, MS",35251
"28025","Clay, MS",33870
"28027","Coahoma, MS",32555
"28029","Copiah, MS",30343
"28031","Covington, MS",30241
"28033","DeSoto, MS",34639
"28035","Forrest, MS",32624
"28037","Franklin, MS",29357
"28039","George, MS",29413
"28041","Greene, MS",22466
"28043","Grenada, MS",33015
"28045","Hancock, MS",31486
"28047","Harrison, MS",33236
"28049","Hinds, MS",36273
"28051","Holmes, MS",27584
"28053","Humphreys, MS",32870
"28055","Issaquena, MS",29200
"28057","Itawamba, MS",29467
"28059","Jackson, MS",33747
"28061","Jasper, MS",33138
"28063","Jefferson, MS",30736
"28065","Jefferson Davis, MS",28629
"28067","Jones, MS",34151
"28069","Kemper, MS",28127
"28071","Lafayette, MS",32809
"28073","Lamar, MS",32230
"28075","Lauderdale, MS",34169
"28077","Lawrence, MS",31718
"28079","Leake, MS",26049
"28081","Lee, MS",33982
"28083","Leflore, MS",31690
"28085","Lincoln, MS",33960
"28087","Lowndes, MS",36691
"28089","Madison, MS",54909
"28091","Marion, MS",30042
"28093","Marshall, MS",28187
"28095","Monroe, MS",30516
"28097","Montgomery, MS",30764
"28099","Neshoba, MS",34404
"28101","Newton, MS",30614
"28103","Noxubee, MS",34006
"28105","Oktibbeha, MS",29034
"28107","Panola, MS",30122
"28109","Pearl River, MS",31880
"28111","Perry, MS",27017
"28113","Pike, MS",28800
"28115","Pontotoc, MS",28095
"28117","Prentiss, MS",26799
"28119","Quitman, MS",29984
"28121","Rankin, MS",39630
"28123","Scott, MS",27510
"28125","Sharkey, MS",37134
"28127","Simpson, MS",32868
"28129","Smith, MS",31614
"28131","Stone, MS",28675
"28133","Sunflower, MS",27804
"28135","Tallahatchie, MS",31069
"28137","Tate, MS",30897
"28139","Tippah, MS",28804
"28141","Tishomingo, MS",26749
"28143","Tunica, MS",34542
"28145","Union, MS",29668
"28147","Walthall, MS",27107
"28149","Warren, MS",34501
"28151","Washington, MS",33049
"28153","Wayne, MS",32172
"28155","Webster, MS",31674
"28157","Wilkinson, MS",25618
"28159","Winston, MS",29887
"28161","Yalobusha, MS",29869
"28163","Yazoo, MS",28270
"29001","Adair, MO",28864
"29003","Andrew, MO",39060
"29005","Atchison, MO",52744
"29007","Audrain, MO",35200
"29009","Barry, MO",30471
"29011","Barton, MO",34330
"29013","Bates, MO",33361
"29015","Benton, MO",31706
"29017","Bollinger, MO",28457
"29019","Boone, MO",40309
"29021","Buchanan, MO",34846
"29023","Butler, MO",32508
"29025","Caldwell, MO",31182
"29027","Callaway, MO",33623
"29029","Camden, MO",32465
"29031","Cape Girardeau, MO",38589
"29033","Carroll, MO",46209
"29035","Carter, MO",27798
"29037","Cass, MO",38574
"29039","Cedar, MO",29202
"29041","Chariton, MO",43551
"29043","Christian, MO",33020
"29045","Clark, MO",33236
"29047","Clay, MO",40682
"29049","Clinton, MO",37296
"29051","Cole, MO",41153
"29053","Cooper, MO",33052
"29055","Crawford, MO",29860
"29057","Dade, MO",29846
"29059","Dallas, MO",27212
"29061","Daviess, MO",34328
"29063","DeKalb, MO",24877
"29065","Dent, MO",29059
"29067","Douglas, MO",21991
"29069","Dunklin, MO",32321
"29071","Franklin, MO",36417
"29073","Gasconade, MO",34794
"29075","Gentry, MO",39326
"29077","Greene, MO",36112
"29079","Grundy, MO",32141
"29081","Harrison, MO",35400
"29083","Henry, MO",37415
"29085","Hickory, MO",24412
"29087","Holt, MO",50590
"29089","Howard, MO",34775
"29091","Howell, MO",29416
"29093","Iron, MO",28675
"29095","Jackson, MO",38844
"29097","Jasper, MO",33682
"29099","Jefferson, MO",35216
"29101","Johnson, MO",30478
"29103","Knox, MO",36289
"29105","Laclede, MO",29755
"29107","Lafayette, MO",36512
"29109","Lawrence, MO",29214
"29111","Lewis, MO",33844
"29113","Lincoln, MO",32489
"29115","Linn, MO",35875
"29117","Livingston, MO",33876
"29119","McDonald, MO",24786
"29121","Macon, MO",32733
"29123","Madison, MO",30957
"29125","Maries, MO",32119
"29127","Marion, MO",35612
"29129","Mercer, MO",32413
"29131","Miller, MO",27882
"29133","Mississippi, MO",32307
"29135","Moniteau, MO",31070
"29137","Monroe, MO",40423
"29139","Montgomery, MO",32969
"29141","Morgan, MO",36781
"29143","New Madrid, MO",32556
"29145","Newton, MO",33788
"29147","Nodaway, MO",30305
"29149","Oregon, MO",24635
"29151","Osage, MO",37562
"29153","Ozark, MO",25986
"29155","Pemiscot, MO",34428
"29157","Perry, MO",34442
"29159","Pettis, MO",33688
"29161","Phelps, MO",31173
"29163","Pike, MO",31768
"29165","Platte, MO",47915
"29167","Polk, MO",28483
"29169","Pulaski, MO",39549
"29171","Putnam, MO",32855
"29173","Ralls, MO",38972
"29175","Randolph, MO",34214
"29177","Ray, MO",34563
"29179","Reynolds, MO",27062
"29181","Ripley, MO",28162
"29183","St. Charles, MO",44326
"29185","St. Clair, MO",29840
"29186","Ste. Genevieve, MO",34126
"29187","St. Francois, MO",28579
"29189","St. Louis, MO",57540
"29195","Saline, MO",38968
"29197","Schuyler, MO",28490
"29199","Scotland, MO",37148
"29201","Scott, MO",35648
"29203","Shannon, MO",23155
"29205","Shelby, MO",38343
"29207","Stoddard, MO",36970
"29209","Stone, MO",30782
"29211","Sullivan, MO",36184
"29213","Taney, MO",30804
"29215","Texas, MO",25114
"29217","Vernon, MO",32582
"29219","Warren, MO",33913
"29221","Washington, MO",25898
"29223","Wayne, MO",26098
"29225","Webster, MO",28777
"29227","Worth, MO",38257
"29229","Wright, MO",25441
"29510","St. Louis (Independent City), MO",39731
"30001","Beaverhead, MT",37315
"30003","Big Horn, MT",27475
"30005","Blaine, MT",30560
"30007","Broadwater, MT",35287
"30009","Carbon, MT",39523
"30011","Carter, MT",44779
"30013","Cascade, MT",39140
"30015","Chouteau, MT",36910
"30017","Custer, MT",39633
"30019","Daniels, MT",41832
"30021","Dawson, MT",40447
"30023","Deer Lodge, MT",33447
"30025","Fallon, MT",52201
"30027","Fergus, MT",38263
"30029","Flathead, MT",37734
"30031","Gallatin, MT",42407
"30033","Garfield, MT",43712
"30035","Glacier, MT",31726
"30037","Golden Valley, MT",46869
"30039","Granite, MT",35946
"30041","Hill, MT",40326
"30043","Jefferson, MT",40938
"30045","Judith Basin, MT",45405
"30047","Lake, MT",29816
"30049","Lewis and Clark, MT",41121
"30051","Liberty, MT",44232
"30053","Lincoln, MT",29498
"30055","McCone, MT",49661
"30057","Madison, MT",40268
"30059","Meagher, MT",39612
"30061","Mineral, MT",31334
"30063","Missoula, MT",37486
"30065","Musselshell, MT",35704
"30067","Park, MT",40713
"30069","Petroleum, MT",48559
"30071","Phillips, MT",38429
"30073","Pondera, MT",39659
"30075","Powder River, MT",36597
"30077","Powell, MT",31474
"30079","Prairie, MT",35509
"30081","Ravalli, MT",35254
"30083","Richland, MT",63380
"30085","Roosevelt, MT",37248
"30087","Rosebud, MT",34615
"30089","Sanders, MT",28943
"30091","Sheridan, MT",62916
"30093","Silver Bow, MT",47872
"30095","Stillwater, MT",40935
"30097","Sweet Grass, MT",40401
"30099","Teton, MT",44201
"30101","Toole, MT",44896
"30103","Treasure, MT",56444
"30105","Valley, MT",43256
"30107","Wheatland, MT",32953
"30109","Wibaux, MT",42104
"30111","Yellowstone, MT",43086
"31001","Adams, NE",40936
"31003","Antelope, NE",52088
"31005","Arthur, NE",33259
"31007","Banner, NE",55072
"31009","Blaine, NE",45522
"31011","Boone, NE",63530
"31013","Box Butte, NE",41889
"31015","Boyd, NE",40536
"31017","Brown, NE",47706
"31019","Buffalo, NE",42382
"31021","Burt, NE",53717
"31023","Butler, NE",46152
"31025","Cass, NE",45046
"31027","Cedar, NE",55409
"31029","Chase, NE",54598
"31031","Cherry, NE",45080
"31033","Cheyenne, NE",54521
"31035","Clay, NE",43140
"31037","Colfax, NE",43154
"31039","Cuming, NE",68816
"31041","Custer, NE",47903
"31043","Dakota, NE",34473
"31045","Dawes, NE",30790
"31047","Dawson, NE",36333
"31049","Deuel, NE",38512
"31051","Dixon, NE",49042
"31053","Dodge, NE",40251
"31055","Douglas, NE",51748
"31057","Dundy, NE",61189
"31059","Fillmore, NE",62973
"31061","Franklin, NE",42896
"31063","Frontier, NE",48332
"31065","Furnas, NE",46191
"31067","Gage, NE",46581
"31069","Garden, NE",42227
"31071","Garfield, NE",40571
"31073","Gosper, NE",50516
"31075","Grant, NE",40829
"31077","Greeley, NE",46810
"31079","Hall, NE",36519
"31081","Hamilton, NE",50418
"31083","Harlan, NE",41862
"31085","Hayes, NE",56391
"31087","Hitchcock, NE",40435
"31089","Holt, NE",51817
"31091","Hooker, NE",38494
"31093","Howard, NE",43017
"31095","Jefferson, NE",47713
"31097","Johnson, NE",39494
"31099","Kearney, NE",63596
"31101","Keith, NE",43045
"31103","Keya Paha, NE",60158
"31105","Kimball, NE",46557
"31107","Knox, NE",45790
"31109","Lancaster, NE",41646
"31111","Lincoln, NE",41688
"31113","Logan, NE",45543
"31115","Loup, NE",52651
"31117","McPherson, NE",43212
"31119","Madison, NE",42673
"31121","Merrick, NE",46286
"31123","Morrill, NE",49072
"31125","Nance, NE",48359
"31127","Nemaha, NE",47625
"31129","Nuckolls, NE",45761
"31131","Otoe, NE",44258
"31133","Pawnee, NE",51033
"31135","Perkins, NE",60753
"31137","Phelps, NE",53570
"31139","Pierce, NE",51735
"31141","Platte, NE",43413
"31143","Polk, NE",51021
"31145","Red Willow, NE",41258
"31147","Richardson, NE",45478
"31149","Rock, NE",56475
"31151","Saline, NE",40540
"31153","Sarpy, NE",42274
"31155","Saunders, NE",44177
"31157","Scotts Bluff, NE",37943
"31159","Seward, NE",44292
"31161","Sheridan, NE",45077
"31163","Sherman, NE",41979
"31165","Sioux, NE",52608
"31167","Stanton, NE",46230
"31169","Thayer, NE",56629
"31171","Thomas, NE",46163
"31173","Thurston, NE",54008
"31175","Valley, NE",40109
"31177","Washington, NE",48046
"31179","Wayne, NE",45047
"31181","Webster, NE",43601
"31183","Wheeler, NE",92318
"31185","York, NE",49717
"32001","Churchill, NV",34029
"32003","Clark, NV",37966
"32005","Douglas, NV",55527
"32007","Elko, NV",42618
"32009","Esmeralda, NV",43764
"32011","Eureka, NV",35921
"32013","Humboldt, NV",42755
"32015","Lander, NV",49040
"32017","Lincoln, NV",25408
"32019","Lyon, NV",30098
"32021","Mineral, NV",32386
"32023","Nye, NV",32090
"32027","Pershing, NV",26478
"32029","Storey, NV",36534
"32031","Washoe, NV",43046
"32033","White Pine, NV",38668
"32510","Carson City (Independent City), NV",38967
"33001","Belknap, NH",50218
"33003","Carroll, NH",49017
"33005","Cheshire, NH",44073
"33007","Coos, NH",37677
"33009","Grafton, NH",49929
"33011","Hillsborough, NH",53124
"33013","Merrimack, NH",52641
"33015","Rockingham, NH",58856
"33017","Strafford, NH",41777
"33019","Sullivan, NH",44106
"34001","Atlantic, NJ",40769
"34003","Bergen, NJ",71388
"34005","Burlington, NJ",51117
"34007","Camden, NJ",44735
"34009","Cape May, NJ",49235
"34011","Cumberland, NJ",33789
"34013","Essex, NJ",55386
"34015","Gloucester, NJ",45435
"34017","Hudson, NJ",47911
"34019","Hunterdon, NJ",75365
"34021","Mercer, NJ",57703
"34023","Middlesex, NJ",50631
"34025","Monmouth, NJ",63625
"34027","Morris, NJ",80783
"34029","Ocean, NJ",42946
"34031","Passaic, NJ",43030
"34033","Salem, NJ",41530
"34035","Somerset, NJ",78695
"34037","Sussex, NJ",51084
"34039","Union, NJ",55402
"34041","Warren, NJ",47380
"35001","Bernalillo, NM",35945
"35003","Catron, NM",29568
"35005","Chaves, NM",33707
"35006","Cibola, NM*",24140
"35007","Colfax, NM",34098
"35009","Curry, NM",40449
"35011","De Baca, NM",37455
"35013","Doa Ana, NM",29305
"35015","Eddy, NM",47669
"35017","Grant, NM",33536
"35019","Guadalupe, NM",26868
"35021","Harding, NM",36743
"35023","Hidalgo, NM",34661
"35025","Lea, NM",37175
"35027","Lincoln, NM",34989
"35028","Los Alamos, NM",61102
"35029","Luna, NM",27409
"35031","McKinley, NM",23757
"35033","Mora, NM",38824
"35035","Otero, NM",31980
"35037","Quay, NM",31822
"35039","Rio Arriba, NM",29209
"35041","Roosevelt, NM",34091
"35043","Sandoval, NM",35388
"35045","San Juan, NM",33384
"35047","San Miguel, NM",28614
"35049","Santa Fe, NM",46368
"35051","Sierra, NM",31256
"35053","Socorro, NM",29765
"35055","Taos, NM",30916
"35057","Torrance, NM",26109
"35059","Union, NM",32192
"35061","Valencia, NM*",27856
"36001","Albany, NY",51119
"36003","Allegany, NY",31257
"36005","Bronx, NY",30359
"36007","Broome, NY",37626
"36009","Cattaraugus, NY",34605
"36011","Cayuga, NY",36471
"36013","Chautauqua, NY",33713
"36015","Chemung, NY",37533
"36017","Chenango, NY",35574
"36019","Clinton, NY",37162
"36021","Columbia, NY",46388
"36023","Cortland, NY",34597
"36025","Delaware, NY",34022
"36027","Dutchess, NY",45950
"36029","Erie, NY",43666
"36031","Essex, NY",38869
"36033","Franklin, NY",34567
"36035","Fulton, NY",35974
"36037","Genesee, NY",37839
"36039","Greene, NY",38889
"36041","Hamilton, NY",45800
"36043","Herkimer, NY",35686
"36045","Jefferson, NY",41994
"36047","Kings, NY",39222
"36049","Lewis, NY",39631
"36051","Livingston, NY",35596
"36053","Madison, NY",36809
"36055","Monroe, NY",44949
"36057","Montgomery, NY",36541
"36059","Nassau, NY",72536
"36061","New York, NY",144154
"36063","Niagara, NY",38490
"36065","Oneida, NY",38009
"36067","Onondaga, NY",43706
"36069","Ontario, NY",44073
"36071","Orange, NY",43945
"36073","Orleans, NY",32889
"36075","Oswego, NY",33871
"36077","Otsego, NY",35675
"36079","Putnam, NY",54893
"36081","Queens, NY",39217
"36083","Rensselaer, NY",42010
"36085","Richmond, NY",45933
"36087","Rockland, NY",51460
"36089","St. Lawrence, NY",32289
"36091","Saratoga, NY",55040
"36093","Schenectady, NY",45589
"36095","Schoharie, NY",33758
"36097","Schuyler, NY",36036
"36099","Seneca, NY",33531
"36101","Steuben, NY",37942
"36103","Suffolk, NY",55295
"36105","Sullivan, NY",37447
"36107","Tioga, NY",38031
"36109","Tompkins, NY",38254
"36111","Ulster, NY",41131
"36113","Warren, NY",44813
"36115","Washington, NY",34424
"36117","Wayne, NY",38526
"36119","Westchester, NY",87207
"36121","Wyoming, NY",36350
"36123","Yates, NY",34717
"37001","Alamance, NC",33609
"37003","Alexander, NC",30060
"37005","Alleghany, NC",30161
"37007","Anson, NC",29174
"37009","Ashe, NC",29621
"37011","Avery, NC",28256
"37013","Beaufort, NC",36514
"37015","Bertie, NC",30434
"37017","Bladen, NC",30938
"37019","Brunswick, NC",34006
"37021","Buncombe, NC",37257
"37023","Burke, NC",28764
"37025","Cabarrus, NC",36419
"37027","Caldwell, NC",28830
"37029","Camden, NC",39819
"37031","Carteret, NC",41255
"37033","Caswell, NC",28907
"37035","Catawba, NC",36592
"37037","Chatham, NC",48354
"37039","Cherokee, NC",27206
"37041","Chowan, NC",33173
"37043","Clay, NC",27047
"37045","Cleveland, NC",30903
"37047","Columbus, NC",29746
"37049","Craven, NC",38183
"37051","Cumberland, NC",35444
"37053","Currituck, NC",38394
"37055","Dare, NC",45169
"37057","Davidson, NC",32262
"37059","Davie, NC",39058
"37061","Duplin, NC",31112
"37063","Durham, NC",41421
"37065","Edgecombe, NC",30017
"37067","Forsyth, NC",39877
"37069","Franklin, NC",29963
"37071","Gaston, NC",34549
"37073","Gates, NC",31945
"37075","Graham, NC",26729
"37077","Granville, NC",32495
"37079","Greene, NC",28520
"37081","Guilford, NC",38711
"37083","Halifax, NC",31558
"37085","Harnett, NC",29418
"37087","Haywood, NC",32473
"37089","Henderson, NC",35122
"37091","Hertford, NC",28133
"37093","Hoke, NC",27979
"37095","Hyde, NC",34426
"37097","Iredell, NC",40359
"37099","Jackson, NC",28982
"37101","Johnston, NC",33385
"37103","Jones, NC",35540
"37105","Lee, NC",33326
"37107","Lenoir, NC",35679
"37109","Lincoln, NC",35432
"37111","McDowell, NC",27965
"37113","Macon, NC",32708
"37115","Madison, NC",27549
"37117","Martin, NC",32364
"37119","Mecklenburg, NC",48182
"37121","Mitchell, NC",28934
"37123","Montgomery, NC",30750
"37125","Moore, NC",41030
"37127","Nash, NC",35907
"37129","New Hanover, NC",36653
"37131","Northampton, NC",30139
"37133","Onslow, NC",43748
"37135","Orange, NC",51694
"37137","Pamlico, NC",37579
"37139","Pasquotank, NC",33960
"37141","Pender, NC",31134
"37143","Perquimans, NC",35899
"37145","Person, NC",32386
"37147","Pitt, NC",34792
"37149","Polk, NC",37485
"37151","Randolph, NC",31121
"37153","Richmond, NC",29111
"37155","Robeson, NC",26117
"37157","Rockingham, NC",31644
"37159","Rowan, NC",31209
"37161","Rutherford, NC",27136
"37163","Sampson, NC",34413
"37165","Scotland, NC",28684
"37167","Stanly, NC",31180
"37169","Stokes, NC",30131
"37171","Surry, NC",32278
"37173","Swain, NC",29371
"37175","Transylvania, NC",32516
"37177","Tyrrell, NC",29867
"37179","Union, NC",39889
"37181","Vance, NC",29720
"37183","Wake, NC",48285
"37185","Warren, NC",25906
"37187","Washington, NC",31648
"37189","Watauga, NC",30351
"37191","Wayne, NC",34130
"37193","Wilkes, NC",29734
"37195","Wilson, NC",35294
"37197","Yadkin, NC",30652
"37199","Yancey, NC",29293
"38001","Adams, ND",43552
"38003","Barnes, ND",51826
"38005","Benson, ND",33300
"38007","Billings, ND",88266
"38009","Bottineau, ND",59922
"38011","Bowman, ND",66915
"38013","Burke, ND",93016
"38015","Burleigh, ND",52009
"38017","Cass, ND",50399
"38019","Cavalier, ND",74299
"38021","Dickey, ND",60015
"38023","Divide, ND",68213
"38025","Dunn, ND",87394
"38027","Eddy, ND",49684
"38029","Emmons, ND",45286
"38031","Foster, ND",56959
"38033","Golden Valley, ND",51442
"38035","Grand Forks, ND",43610
"38037","Grant, ND",41705
"38039","Griggs, ND",61190
"38041","Hettinger, ND",55426
"38043","Kidder, ND",51529
"38045","LaMoure, ND",59895
"38047","Logan, ND",55454
"38049","McHenry, ND",55527
"38051","McIntosh, ND",49559
"38053","McKenzie, ND",80914
"38055","McLean, ND",59567
"38057","Mercer, ND",50255
"38059","Morton, ND",47574
"38061","Mountrail, ND",71128
"38063","Nelson, ND",53740
"38065","Oliver, ND",47913
"38067","Pembina, ND",53399
"38069","Pierce, ND",41361
"38071","Ramsey, ND",45156
"38073","Ransom, ND",45858
"38075","Renville, ND",64968
"38077","Richland, ND",47553
"38079","Rolette, ND",30830
"38081","Sargent, ND",62880
"38083","Sheridan, ND",29872
"38085","Sioux, ND",24919
"38087","Slope, ND",89792
"38089","Stark, ND",89584
"38091","Steele, ND",75041
"38093","Stutsman, ND",47253
"38095","Towner, ND",52244
"38097","Traill, ND",51142
"38099","Walsh, ND",49263
"38101","Ward, ND",56341
"38103","Wells, ND",55944
"38105","Williams, ND",119446
"39001","Adams, OH",27283
"39003","Allen, OH",35070
"39005","Ashland, OH",32556
"39007","Ashtabula, OH",32196
"39009","Athens, OH",29771
"39011","Auglaize, OH",39851
"39013","Belmont, OH",34875
"39015","Brown, OH",30518
"39017","Butler, OH",38393
"39019","Carroll, OH",33534
"39021","Champaign, OH",35799
"39023","Clark, OH",34878
"39025","Clermont, OH",41664
"39027","Clinton, OH",37468
"39029","Columbiana, OH",32795
"39031","Coshocton, OH",31756
"39033","Crawford, OH",33553
"39035","Cuyahoga, OH",44889
"39037","Darke, OH",36196
"39039","Defiance, OH",35197
"39041","Delaware, OH",60906
"39043","Erie, OH",49329
"39045","Fairfield, OH",38749
"39047","Fayette, OH",33555
"39049","Franklin, OH",43854
"39051","Fulton, OH",37956
"39053","Gallia, OH",33514
"39055","Geauga, OH",56814
"39057","Greene, OH",41624
"39059","Guernsey, OH",33448
"39061","Hamilton, OH",50878
"39063","Hancock, OH",40654
"39065","Hardin, OH",31735
"39067","Harrison, OH",32848
"39069","Henry, OH",37914
"39071","Highland, OH",29765
"39073","Hocking, OH",31602
"39075","Holmes, OH",32309
"39077","Huron, OH",34505
"39079","Jackson, OH",31371
"39081","Jefferson, OH",32987
"39083","Knox, OH",36688
"39085","Lake, OH",42390
"39087","Lawrence, OH",32160
"39089","Licking, OH",38658
"39091","Logan, OH",36745
"39093","Lorain, OH",38788
"39095","Lucas, OH",38413
"39097","Madison, OH",36446
"39099","Mahoning, OH",37620
"39101","Marion, OH",30949
"39103","Medina, OH",45341
"39105","Meigs, OH",28195
"39107","Mercer, OH",42279
"39109","Miami, OH",40964
"39111","Monroe, OH",29186
"39113","Montgomery, OH",39056
"39115","Morgan, OH",27694
"39117","Morrow, OH",32552
"39119","Muskingum, OH",34669
"39121","Noble, OH",26986
"39123","Ottawa, OH",42432
"39125","Paulding, OH",34389
"39127","Perry, OH",31157
"39129","Pickaway, OH",35458
"39131","Pike, OH",31375
"39133","Portage, OH",37445
"39135","Preble, OH",35217
"39137","Putnam, OH",42132
"39139","Richland, OH",33223
"39141","Ross, OH",31664
"39143","Sandusky, OH",35718
"39145","Scioto, OH",30530
"39147","Seneca, OH",34056
"39149","Shelby, OH",39613
"39151","Stark, OH",38340
"39153","Summit, OH",42541
"39155","Trumbull, OH",34456
"39157","Tuscarawas, OH",36278
"39159","Union, OH",42632
"39161","Van Wert, OH",36249
"39163","Vinton, OH",27623
"39165","Warren, OH",48009
"39167","Washington, OH",35566
"39169","Wayne, OH",35559
"39171","Williams, OH",35483
"39173","Wood, OH",39659
"39175","Wyandot, OH",36965
"40001","Adair, OK",25034
"40003","Alfalfa, OK",43244
"40005","Atoka, OK",28541
"40007","Beaver, OK",49850
"40009","Beckham, OK",41937
"40011","Blaine, OK",38483
"40013","Bryan, OK",28845
"40015","Caddo, OK",29854
"40017","Canadian, OK",41461
"40019","Carter, OK",40343
"40021","Cherokee, OK",27756
"40023","Choctaw, OK",28946
"40025","Cimarron, OK",49999
"40027","Cleveland, OK",39785
"40029","Coal, OK",32059
"40031","Comanche, OK",36292
"40033","Cotton, OK",38521
"40035","Craig, OK",31478
"40037","Creek, OK",35968
"40039","Custer, OK",38719
"40041","Delaware, OK",29165
"40043","Dewey, OK",45786
"40045","Ellis, OK",58595
"40047","Garfield, OK",43554
"40049","Garvin, OK",39322
"40051","Grady, OK",36077
"40053","Grant, OK",53468
"40055","Greer, OK",24335
"40057","Harmon, OK",35191
"40059","Harper, OK",45896
"40061","Haskell, OK",32343
"40063","Hughes, OK",30380
"40065","Jackson, OK",35633
"40067","Jefferson, OK",32109
"40069","Johnston, OK",29566
"40071","Kay, OK",37834
"40073","Kingfisher, OK",42717
"40075","Kiowa, OK",33084
"40077","Latimer, OK",32208
"40079","Le Flore, OK",30199
"40081","Lincoln, OK",32622
"40083","Logan, OK",37441
"40085","Love, OK",33092
"40087","McClain, OK",41388
"40089","McCurtain, OK",29279
"40091","McIntosh, OK",30109
"40093","Major, OK",42305
"40095","Marshall, OK",32287
"40097","Mayes, OK",32552
"40099","Murray, OK",37901
"40101","Muskogee, OK",32101
"40103","Noble, OK",37600
"40105","Nowata, OK",32865
"40107","Okfuskee, OK",26785
"40109","Oklahoma, OK",44942
"40111","Okmulgee, OK",30064
"40113","Osage, OK",30971
"40115","Ottawa, OK",32885
"40117","Pawnee, OK",32134
"40119","Payne, OK",33828
"40121","Pittsburg, OK",33467
"40123","Pontotoc, OK",36674
"40125","Pottawatomie, OK",34190
"40127","Pushmataha, OK",27819
"40129","Roger Mills, OK",47819
"40131","Rogers, OK",38987
"40133","Seminole, OK",31711
"40135","Sequoyah, OK",29287
"40137","Stephens, OK",43662
"40139","Texas, OK",41655
"40141","Tillman, OK",33851
"40143","Tulsa, OK",65593
"40145","Wagoner, OK",34355
"40147","Washington, OK",51214
"40149","Washita, OK",34039
"40151","Woods, OK",41744
"40153","Woodward, OK",50885
"41001","Baker, OR",31398
"41003","Benton, OR",37886
"41005","Clackamas, OR",46028
"41007","Clatsop, OR",36888
"41009","Columbia, OR",35168
"41011","Coos, OR",34676
"41013","Crook, OR",31277
"41015","Curry, OR",34997
"41017","Deschutes, OR",40206
"41019","Douglas, OR",32541
"41021","Gilliam, OR",42415
"41023","Grant, OR",33546
"41025","Harney, OR",32407
"41027","Hood River, OR",40650
"41029","Jackson, OR",36180
"41031","Jefferson, OR",28938
"41033","Josephine, OR",32524
"41035","Klamath, OR",31301
"41037","Lake, OR",32309
"41039","Lane, OR",35878
"41041","Lincoln, OR",35903
"41043","Linn, OR",33675
"41045","Malheur, OR",26107
"41047","Marion, OR",33232
"41049","Morrow, OR",38886
"41051","Multnomah, OR",44723
"41053","Polk, OR",33644
"41055","Sherman, OR",59122
"41057","Tillamook, OR",34348
"41059","Umatilla, OR",32900
"41061","Union, OR",33637
"41063","Wallowa, OR",39490
"41065","Wasco, OR",37904
"41067","Washington, OR",46123
"41069","Wheeler, OR",29193
"41071","Yamhill, OR",35049
"42001","Adams, PA",41226
"42003","Allegheny, PA",50088
"42005","Armstrong, PA",38536
"42007","Beaver, PA",40145
"42009","Bedford, PA",34380
"42011","Berks, PA",41160
"42013","Blair, PA",37532
"42015","Bradford, PA",36927
"42017","Bucks, PA",59182
"42019","Butler, PA",47812
"42021","Cambria, PA",36125
"42023","Cameron, PA",40988
"42025","Carbon, PA",40427
"42027","Centre, PA",38854
"42029","Chester, PA",68043
"42031","Clarion, PA",35790
"42033","Clearfield, PA",37161
"42035","Clinton, PA",33645
"42037","Columbia, PA",35165
"42039","Crawford, PA",34412
"42041","Cumberland, PA",47244
"42043","Dauphin, PA",43502
"42045","Delaware, PA",53359
"42047","Elk, PA",40222
"42049","Erie, PA",37693
"42051","Fayette, PA",35799
"42053","Forest, PA",23054
"42055","Franklin, PA",39018
"42057","Fulton, PA",33977
"42059","Greene, PA",41388
"42061","Huntingdon, PA",33190
"42063","Indiana, PA",33271
"42065","Jefferson, PA",36150
"42067","Juniata, PA",34847
"42069","Lackawanna, PA",39313
"42071","Lancaster, PA",40829
"42073","Lawrence, PA",37120
"42075","Lebanon, PA",40208
"42077","Lehigh, PA",44504
"42079","Luzerne, PA",37947
"42081","Lycoming, PA",38535
"42083","McKean, PA",38218
"42085","Mercer, PA",35595
"42087","Mifflin, PA",32338
"42089","Monroe, PA",34967
"42091","Montgomery, PA",66564
"42093","Montour, PA",47664
"42095","Northampton, PA",44194
"42097","Northumberland, PA",35672
"42099","Perry, PA",37275
"42101","Philadelphia, PA",46589
"42103","Pike, PA",37077
"42105","Potter, PA",32939
"42107","Schuylkill, PA",36447
"42109","Snyder, PA",35986
"42111","Somerset, PA",34602
"42113","Sullivan, PA",36309
"42115","Susquehanna, PA",37456
"42117","Tioga, PA",34024
"42119","Union, PA",34139
"42121","Venango, PA",35736
"42123","Warren, PA",39424
"42125","Washington, PA",47703
"42127","Wayne, PA",35294
"42129","Westmoreland, PA",43183
"42131","Wyoming, PA",37804
"42133","York, PA",42091
"44001","Bristol, RI",64937
"44003","Kent, RI",49698
"44005","Newport, RI",57826
"44007","Providence, RI",40880
"44009","Washington, RI",54279
"45001","Abbeville, SC",27959
"45003","Aiken, SC",35098
"45005","Allendale, SC",27068
"45007","Anderson, SC",32715
"45009","Bamberg, SC",27699
"45011","Barnwell, SC",26354
"45013","Beaufort, SC",44916
"45015","Berkeley, SC",31925
"45017","Calhoun, SC",32418
"45019","Charleston, SC",46549
"45021","Cherokee, SC",27377
"45023","Chester, SC",27662
"45025","Chesterfield, SC",27941
"45027","Clarendon, SC",26344
"45029","Colleton, SC",30263
"45031","Darlington, SC",32185
"45033","Dillon, SC",24213
"45035","Dorchester, SC",33274
"45037","Edgefield, SC",29027
"45039","Fairfield, SC",31082
"45041","Florence, SC",34857
"45043","Georgetown, SC",36962
"45045","Greenville, SC",39217
"45047","Greenwood, SC",31346
"45049","Hampton, SC",25821
"45051","Horry, SC",30888
"45053","Jasper, SC",23484
"45055","Kershaw, SC",34721
"45057","Lancaster, SC",34854
"45059","Laurens, SC",29015
"45061","Lee, SC",26220
"45063","Lexington, SC",37982
"45065","McCormick, SC",30402
"45067","Marion, SC",26550
"45069","Marlboro, SC",24502
"45071","Newberry, SC",32759
"45073","Oconee, SC",34933
"45075","Orangeburg, SC",28413
"45077","Pickens, SC",31731
"45079","Richland, SC",37860
"45081","Saluda, SC",30100
"45083","Spartanburg, SC",34606
"45085","Sumter, SC",34716
"45087","Union, SC",27632
"45089","Williamsburg, SC",25926
"45091","York, SC",36629
"46003","Aurora, SD",55308
"46005","Beadle, SD",44293
"46007","Bennett, SD",27315
"46009","Bon Homme, SD",39688
"46011","Brookings, SD",39971
"46013","Brown, SD",45111
"46015","Brule, SD",47782
"46017","Buffalo, SD",27470
"46019","Butte, SD",31162
"46021","Campbell, SD",52382
"46023","Charles Mix, SD",45198
"46025","Clark, SD",57371
"46027","Clay, SD",36400
"46029","Codington, SD",41381
"46031","Corson, SD",27432
"46033","Custer, SD",37612
"46035","Davison, SD",44432
"46037","Day, SD",45740
"46039","Deuel, SD",54086
"46041","Dewey, SD",35705
"46043","Douglas, SD",58471
"46045","Edmunds, SD",47204
"46047","Fall River, SD",40148
"46049","Faulk, SD",50730
"46051","Grant, SD",48162
"46053","Gregory, SD",43881
"46055","Haakon, SD",45586
"46057","Hamlin, SD",40105
"46059","Hand, SD",62231
"46061","Hanson, SD",69089
"46063","Harding, SD",51050
"46065","Hughes, SD",45994
"46067","Hutchinson, SD",56329
"46069","Hyde, SD",58454
"46071","Jackson, SD",24429
"46073","Jerauld, SD",54475
"46075","Jones, SD",59846
"46077","Kingsbury, SD",54719
"46079","Lake, SD",50496
"46081","Lawrence, SD",39387
"46083","Lincoln, SD",54809
"46085","Lyman, SD",50341
"46087","McCook, SD",50477
"46089","McPherson, SD",40407
"46091","Marshall, SD",46175
"46093","Meade, SD",35143
"46095","Mellette, SD",25933
"46097","Miner, SD",49273
"46099","Minnehaha, SD",45361
"46101","Moody, SD",50464
"46102","Oglala Lakota, SD*",21818
"46103","Pennington, SD",42435
"46105","Perkins, SD",36912
"46107","Potter, SD",113437
"46109","Roberts, SD",33103
"46111","Sanborn, SD",44203
"46115","Spink, SD",55967
"46117","Stanley, SD",64945
"46119","Sully, SD",87827
"46121","Todd, SD",22673
"46123","Tripp, SD",46038
"46125","Turner, SD",53081
"46127","Union, SD",80807
"46129","Walworth, SD",42808
"46135","Yankton, SD",41943
"46137","Ziebach, SD",18686
"47001","Anderson, TN",35840
"47003","Bedford, TN",31643
"47005","Benton, TN",31778
"47007","Bledsoe, TN",19886
"47009","Blount, TN",35481
"47011","Bradley, TN",34923
"47013","Campbell, TN",29353
"47015","Cannon, TN",30805
"47017","Carroll, TN",33711
"47019","Carter, TN",29218
"47021","Cheatham, TN",35584
"47023","Chester, TN",28325
"47025","Claiborne, TN",29878
"47027","Clay, TN",29475
"47029","Cocke, TN",27741
"47031","Coffee, TN",34022
"47033","Crockett, TN",36847
"47035","Cumberland, TN",31780
"47037","Davidson, TN",46954
"47039","Decatur, TN",33260
"47041","DeKalb, TN",30814
"47043","Dickson, TN",32938
"47045","Dyer, TN",36077
"47047","Fayette, TN",45519
"47049","Fentress, TN",28496
"47051","Franklin, TN",33553
"47053","Gibson, TN",35014
"47055","Giles, TN",33446
"47057","Grainger, TN",27745
"47059","Greene, TN",35524
"47061","Grundy, TN",27822
"47063","Hamblen, TN",32269
"47065","Hamilton, TN",43607
"47067","Hancock, TN",21948
"47069","Hardeman, TN",26719
"47071","Hardin, TN",33029
"47073","Hawkins, TN",29660
"47075","Haywood, TN",32842
"47077","Henderson, TN",31003
"47079","Henry, TN",36377
"47081","Hickman, TN",27325
"47083","Houston, TN",29342
"47085","Humphreys, TN",32699
"47087","Jackson, TN",26839
"47089","Jefferson, TN",29748
"47091","Johnson, TN",28015
"47093","Knox, TN",41158
"47095","Lake, TN",24904
"47097","Lauderdale, TN",26243
"47099","Lawrence, TN",30259
"47101","Lewis, TN",26477
"47103","Lincoln, TN",35492
"47105","Loudon, TN",40056
"47107","McMinn, TN",31194
"47109","McNairy, TN",27788
"47111","Macon, TN",28514
"47113","Madison, TN",35570
"47115","Marion, TN",32479
"47117","Marshall, TN",30906
"47119","Maury, TN",35888
"47121","Meigs, TN",28348
"47123","Monroe, TN",28019
"47125","Montgomery, TN",38904
"47127","Moore, TN",34928
"47129","Morgan, TN",25719
"47131","Obion, TN",35376
"47133","Overton, TN",28144
"47135","Perry, TN",26891
"47137","Pickett, TN",31281
"47139","Polk, TN",30073
"47141","Putnam, TN",34228
"47143","Rhea, TN",29979
"47145","Roane, TN",34854
"47147","Robertson, TN",35336
"47149","Rutherford, TN",34818
"47151","Scott, TN",25897
"47153","Sequatchie, TN",31705
"47155","Sevier, TN",32289
"47157","Shelby, TN",42461
"47159","Smith, TN",32869
"47161","Stewart, TN",36723
"47163","Sullivan, TN",37044
"47165","Sumner, TN",40154
"47167","Tipton, TN",33288
"47169","Trousdale, TN",32022
"47171","Unicoi, TN",32861
"47173","Union, TN",26622
"47175","Van Buren, TN",24913
"47177","Warren, TN",30538
"47179","Washington, TN",36773
"47181","Wayne, TN",26593
"47183","Weakley, TN",32548
"47185","White, TN",29452
"47187","Williamson, TN",77841
"47189","Wilson, TN",40071
"48001","Anderson, TX",29687
"48003","Andrews, TX",53237
"48005","Angelina, TX",35272
"48007","Aransas, TX",43132
"48009","Archer, TX",48016
"48011","Armstrong, TX",42185
"48013","Atascosa, TX",35641
"48015","Austin, TX",45853
"48017","Bailey, TX",36437
"48019","Bandera, TX",39575
"48021","Bastrop, TX",30102
"48023","Baylor, TX",38457
"48025","Bee, TX",28865
"48027","Bell, TX",39250
"48029","Bexar, TX",39035
"48031","Blanco, TX",45466
"48033","Borden, TX",58908
"48035","Bosque, TX",36516
"48037","Bowie, TX",34711
"48039","Brazoria, TX",41422
"48041","Brazos, TX",32334
"48043","Brewster, TX",37520
"48045","Briscoe, TX",45726
"48047","Brooks, TX",33328
"48049","Brown, TX",30740
"48051","Burleson, TX",39044
"48053","Burnet, TX",39969
"48055","Caldwell, TX",28448
"48057","Calhoun, TX",38355
"48059","Callahan, TX",35043
"48061","Cameron, TX",24774
"48063","Camp, TX",33687
"48065","Carson, TX",45041
"48067","Cass, TX",31583
"48069","Castro, TX",41570
"48071","Chambers, TX",46312
"48073","Cherokee, TX",30319
"48075","Childress, TX",26798
"48077","Clay, TX",39506
"48079","Cochran, TX",43879
"48081","Coke, TX",32065
"48083","Coleman, TX",34482
"48085","Collin, TX",55023
"48087","Collingsworth, TX",39759
"48089","Colorado, TX",43635
"48091","Comal, TX",50284
"48093","Comanche, TX",32689
"48095","Concho, TX",24390
"48097","Cooke, TX",47886
"48099","Coryell, TX",29757
"48101","Cottle, TX",50525
"48103","Crane, TX",44487
"48105","Crockett, TX",38154
"48107","Crosby, TX",42897
"48109","Culberson, TX",38688
"48111","Dallam, TX",51584
"48113","Dallas, TX",48433
"48115","Dawson, TX",37705
"48117","Deaf Smith, TX",34328
"48119","Delta, TX",33934
"48121","Denton, TX",46262
"48123","DeWitt, TX",45603
"48125","Dickens, TX",28372
"48127","Dimmit, TX",46442
"48129","Donley, TX",42474
"48131","Duval, TX",38382
"48133","Eastland, TX",54402
"48135","Ector, TX",45650
"48137","Edwards, TX",36889
"48139","Ellis, TX",36706
"48141","El Paso, TX",29721
"48143","Erath, TX",29604
"48145","Falls, TX",30521
"48147","Fannin, TX",31753
"48149","Fayette, TX",45220
"48151","Fisher, TX",49261
"48153","Floyd, TX",40735
"48155","Foard, TX",39890
"48157","Fort Bend, TX",52593
"48159","Franklin, TX",33601
"48161","Freestone, TX",31279
"48163","Frio, TX",34224
"48165","Gaines, TX",40394
"48167","Galveston, TX",44965
"48169","Garza, TX",38784
"48171","Gillespie, TX",49473
"48173","Glasscock, TX",79150
"48175","Goliad, TX",41519
"48177","Gonzales, TX",38669
"48179","Gray, TX",46607
"48181","Grayson, TX",35988
"48183","Gregg, TX",45533
"48185","Grimes, TX",33334
"48187","Guadalupe, TX",38103
"48189","Hale, TX",30712
"48191","Hall, TX",40006
"48193","Hamilton, TX",50015
"48195","Hansford, TX",62997
"48197","Hardeman, TX",35626
"48199","Hardin, TX",38317
"48201","Harris, TX",51186
"48203","Harrison, TX",38293
"48205","Hartley, TX",49687
"48207","Haskell, TX",37315
"48209","Hays, TX",34059
"48211","Hemphill, TX",85133
"48213","Henderson, TX",34526
"48215","Hidalgo, TX",22986
"48217","Hill, TX",33787
"48219","Hockley, TX",43124
"48221","Hood, TX",44149
"48223","Hopkins, TX",33664
"48225","Houston, TX",32569
"48227","Howard, TX",33356
"48229","Hudspeth, TX",24791
"48231","Hunt, TX",32085
"48233","Hutchinson, TX",38471
"48235","Irion, TX",60536
"48237","Jack, TX",42112
"48239","Jackson, TX",39699
"48241","Jasper, TX",33534
"48243","Jeff Davis, TX",34808
"48245","Jefferson, TX",36892
"48247","Jim Hogg, TX",27317
"48249","Jim Wells, TX",39831
"48251","Johnson, TX",35757
"48253","Jones, TX",28965
"48255","Karnes, TX",37602
"48257","Kaufman, TX",35838
"48259","Kendall, TX",70659
"48261","Kenedy, TX",50859
"48263","Kent, TX",41706
"48265","Kerr, TX",42671
"48267","Kimble, TX",40397
"48269","King, TX",74949
"48271","Kinney, TX",29107
"48273","Kleberg, TX",33459
"48275","Knox, TX",39205
"48277","Lamar, TX",34051
"48279","Lamb, TX",37303
"48281","Lampasas, TX",45967
"48283","La Salle, TX",46411
"48285","Lavaca, TX",44616
"48287","Lee, TX",41997
"48289","Leon, TX",37313
"48291","Liberty, TX",32716
"48293","Limestone, TX",30929
"48295","Lipscomb, TX",52381
"48297","Live Oak, TX",42745
"48299","Llano, TX",40536
"48301","Loving, TX",21126
"48303","Lubbock, TX",36162
"48305","Lynn, TX",45602
"48307","McCulloch, TX",37258
"48309","McLennan, TX",34164
"48311","McMullen, TX",76970
"48313","Madison, TX",29471
"48315","Marion, TX",31897
"48317","Martin, TX",53507
"48319","Mason, TX",38762
"48321","Matagorda, TX",36292
"48323","Maverick, TX",24821
"48325","Medina, TX",33984
"48327","Menard, TX",32157
"48329","Midland, TX",113473
"48331","Milam, TX",34325
"48333","Mills, TX",32747
"48335","Mitchell, TX",32210
"48337","Montague, TX",44337
"48339","Montgomery, TX",61072
"48341","Moore, TX",32417
"48343","Morris, TX",41464
"48345","Motley, TX",36398
"48347","Nacogdoches, TX",31237
"48349","Navarro, TX",32856
"48351","Newton, TX",27103
"48353","Nolan, TX",35012
"48355","Nueces, TX",39734
"48357","Ochiltree, TX",64724
"48359","Oldham, TX",41680
"48361","Orange, TX",37397
"48363","Palo Pinto, TX",35004
"48365","Panola, TX",38979
"48367","Parker, TX",46088
"48369","Parmer, TX",40652
"48371","Pecos, TX",30626
"48373","Polk, TX",35073
"48375","Potter, TX",38658
"48377","Presidio, TX",33428
"48379","Rains, TX",29746
"48381","Randall, TX",41654
"48383","Reagan, TX",58399
"48385","Real, TX",28561
"48387","Red River, TX",32595
"48389","Reeves, TX",25857
"48391","Refugio, TX",46521
"48393","Roberts, TX",45625
"48395","Robertson, TX",37056
"48397","Rockwall, TX",49786
"48399","Runnels, TX",36470
"48401","Rusk, TX",34702
"48403","Sabine, TX",32587
"48405","San Augustine, TX",29916
"48407","San Jacinto, TX",30110
"48409","San Patricio, TX",38872
"48411","San Saba, TX",30069
"48413","Schleicher, TX",43504
"48415","Scurry, TX",50028
"48417","Shackelford, TX",126770
"48419","Shelby, TX",35348
"48421","Sherman, TX",55335
"48423","Smith, TX",48098
"48425","Somervell, TX",40311
"48427","Starr, TX",22516
"48429","Stephens, TX",51931
"48431","Sterling, TX",59832
"48433","Stonewall, TX",46150
"48435","Sutton, TX",52955
"48437","Swisher, TX",34877
"48439","Tarrant, TX",43817
"48441","Taylor, TX",40686
"48443","Terrell, TX",54421
"48445","Terry, TX",38014
"48447","Throckmorton, TX",51911
"48449","Titus, TX",29249
"48451","Tom Green, TX",40504
"48453","Travis, TX",52890
"48455","Trinity, TX",31508
"48457","Tyler, TX",28700
"48459","Upshur, TX",34132
"48461","Upton, TX",58025
"48463","Uvalde, TX",36068
"48465","Val Verde, TX",31502
"48467","Van Zandt, TX",32569
"48469","Victoria, TX",44354
"48471","Walker, TX",24165
"48473","Waller, TX",35487
"48475","Ward, TX",44721
"48477","Washington, TX",48241
"48479","Webb, TX",28068
"48481","Wharton, TX",39966
"48483","Wheeler, TX",50090
"48485","Wichita, TX",42138
"48487","Wilbarger, TX",36628
"48489","Willacy, TX",22228
"48491","Williamson, TX",39045
"48493","Wilson, TX",39290
"48495","Winkler, TX",38890
"48497","Wise, TX",38719
"48499","Wood, TX",32875
"48501","Yoakum, TX",49960
"48503","Young, TX",48699
"48505","Zapata, TX",30293
"48507","Zavala, TX",24774
"49001","Beaver, UT",34120
"49003","Box Elder, UT",30756
"49005","Cache, UT",29771
"49007","Carbon, UT",32167
"49009","Daggett, UT",33222
"49011","Davis, UT",37073
"49013","Duchesne, UT",37322
"49015","Emery, UT",28896
"49017","Garfield, UT",30982
"49019","Grand, UT",38247
"49021","Iron, UT",24627
"49023","Juab, UT",28577
"49025","Kane, UT",32043
"49027","Millard, UT",31256
"49029","Morgan, UT",41640
"49031","Piute, UT",24020
"49033","Rich, UT",34482
"49035","Salt Lake, UT",40977
"49037","San Juan, UT",24010
"49039","Sanpete, UT",23897
"49041","Sevier, UT",27678
"49043","Summit, UT",90571
"49045","Tooele, UT",30349
"49047","Uintah, UT",33402
"49049","Utah, UT",30453
"49051","Wasatch, UT",38169
"49053","Washington, UT",28341
"49055","Wayne, UT",27304
"49057","Weber, UT",33500
"50001","Addison, VT",43946
"50003","Bennington, VT",44549
"50005","Caledonia, VT",35895
"50007","Chittenden, VT",51371
"50009","Essex, VT",32813
"50011","Franklin, VT",39286
"50013","Grand Isle, VT",50618
"50015","Lamoille, VT",44975
"50017","Orange, VT",39928
"50019","Orleans, VT",38276
"50021","Rutland, VT",45145
"50023","Washington, VT",48772
"50025","Windham, VT",43564
"50027","Windsor, VT",47932
"51001","Accomack, VA",36031
"51007","Amelia, VA",38389
"51009","Amherst, VA",31350
"51011","Appomattox, VA",32336
"51013","Arlington, VA",79132
"51017","Bath, VA",44590
"51019","Bedford, VA*",39278
"51021","Bland, VA",30784
"51023","Botetourt, VA",43278
"51025","Brunswick, VA",28717
"51027","Buchanan, VA",31445
"51029","Buckingham, VA",25228
"51033","Caroline, VA",36182
"51036","Charles City, VA",37993
"51037","Charlotte, VA",29638
"51041","Chesterfield, VA",45475
"51043","Clarke, VA",53289
"51045","Craig, VA",32799
"51047","Culpeper, VA",39480
"51049","Cumberland, VA",31529
"51051","Dickenson, VA",27448
"51057","Essex, VA",37305
"51061","Fauquier, VA",59320
"51063","Floyd, VA",31835
"51065","Fluvanna, VA",37136
"51067","Franklin, VA",34043
"51071","Giles, VA",34126
"51073","Gloucester, VA",42387
"51075","Goochland, VA",78623
"51077","Grayson, VA",28537
"51079","Greene, VA",35867
"51083","Halifax, VA",31631
"51085","Hanover, VA",49165
"51087","Henrico, VA",52789
"51091","Highland, VA",41310
"51093","Isle of Wight, VA",48650
"51097","King and Queen, VA",34088
"51099","King George, VA",47740
"51101","King William, VA",39824
"51103","Lancaster, VA",47608
"51105","Lee, VA",26224
"51107","Loudoun, VA",66441
"51109","Louisa, VA",38679
"51111","Lunenburg, VA",28349
"51113","Madison, VA",40567
"51115","Mathews, VA",46931
"51117","Mecklenburg, VA",31657
"51119","Middlesex, VA",42484
"51125","Nelson, VA",42097
"51127","New Kent, VA",49581
"51131","Northampton, VA",35560
"51133","Northumberland, VA",40017
"51135","Nottoway, VA",32989
"51137","Orange, VA",40086
"51139","Page, VA",33281
"51141","Patrick, VA",28214
"51145","Powhatan, VA",43797
"51147","Prince Edward, VA",27168
"51155","Pulaski, VA",33706
"51157","Rappahannock, VA",54254
"51159","Richmond, VA",30099
"51167","Russell, VA",30185
"51169","Scott, VA",28648
"51171","Shenandoah, VA",36380
"51173","Smyth, VA",30876
"51179","Stafford, VA",48143
"51181","Surry, VA",37900
"51183","Sussex, VA",27800
"51185","Tazewell, VA",32873
"51187","Warren, VA",39735
"51193","Westmoreland, VA",36751
"51197","Wythe, VA",32201
"51510","Alexandria (Independent City), VA",77419
"51550","Chesapeake (Independent City), VA",43854
"51650","Hampton (Independent City), VA",37909
"51700","Newport News (Independent City), VA",38054
"51710","Norfolk (Independent City), VA",36066
"51740","Portsmouth (Independent City), VA",36486
"51760","Richmond (Independent City), VA",46811
"51770","Roanoke (Independent City), VA",38567
"51800","Suffolk (Independent City), VA",44808
"51810","Virginia Beach (Independent City), VA",48114
"51901","Albemarle + Charlottesville, VA*",54943
"51903","Alleghany + Covington, VA*",33403
"51907","Augusta, Staunton + Waynesboro, VA*",36764
"51911","Campbell + Lynchburg, VA*",33636
"51913","Carroll + Galax, VA*",29691
"51918","Dinwiddie, Colonial Heights + Petersburg, VA*",36579
"51919","Fairfax, Fairfax City + Falls Church, VA*",69677
"51921","Frederick + Winchester, VA*",41708
"51923","Greensville + Emporia, VA*",29196
"51929","Henry + Martinsville, VA*",32247
"51931","James City + Williamsburg, VA*",55550
"51933","Montgomery + Radford, VA*",30150
"51939","Pittsylvania + Danville, VA*",31512
"51941","Prince George + Hopewell, VA*",34748
"51942","Prince William, Manassas + Manassas Park, VA*",47296
"51944","Roanoke + Salem, VA*",44593
"51945","Rockbridge, Buena Vista + Lexington, VA*",34126
"51947","Rockingham + Harrisonburg, VA*",33028
"51949","Southampton + Franklin, VA*",33084
"51951","Spotsylvania + Fredericksburg, VA*",43597
"51953","Washington + Bristol, VA*",38869
"51955","Wise + Norton, VA*",28604
"51958","York + Poquoson, VA*",51268
"53001","Adams, WA",37986
"53003","Asotin, WA",38140
"53005","Benton, WA",40257
"53007","Chelan, WA",41279
"53009","Clallam, WA",37741
"53011","Clark, WA",41194
"53013","Columbia, WA",43264
"53015","Cowlitz, WA",37993
"53017","Douglas, WA",32964
"53019","Ferry, WA",29014
"53021","Franklin, WA",31009
"53023","Garfield, WA",41223
"53025","Grant, WA",34842
"53027","Grays Harbor, WA",32756
"53029","Island, WA",45231
"53031","Jefferson, WA",43533
"53033","King, WA",66016
"53035","Kitsap, WA",44614
"53037","Kittitas, WA",36972
"53039","Klickitat, WA",40948
"53041","Lewis, WA",34425
"53043","Lincoln, WA",45188
"53045","Mason, WA",34077
"53047","Okanogan, WA",34170
"53049","Pacific, WA",38491
"53051","Pend Oreille, WA",32628
"53053","Pierce, WA",41403
"53055","San Juan, WA",60177
"53057","Skagit, WA",41946
"53059","Skamania, WA",36037
"53061","Snohomish, WA",44095
"53063","Spokane, WA",37656
"53065","Stevens, WA",32300
"53067","Thurston, WA",41743
"53069","Wahkiakum, WA",34262
"53071","Walla Walla, WA",39097
"53073","Whatcom, WA",40260
"53075","Whitman, WA",34647
"53077","Yakima, WA",35671
"54001","Barbour, WV",28564
"54003","Berkeley, WV",34971
"54005","Boone, WV",30520
"54007","Braxton, WV",27493
"54009","Brooke, WV",33826
"54011","Cabell, WV",35994
"54013","Calhoun, WV",26331
"54015","Clay, WV",26999
"54017","Doddridge, WV",20386
"54019","Fayette, WV",29172
"54021","Gilmer, WV",24029
"54023","Grant, WV",30330
"54025","Greenbrier, WV",32284
"54027","Hampshire, WV",29098
"54029","Hancock, WV",35696
"54031","Hardy, WV",27209
"54033","Harrison, WV",40575
"54035","Jackson, WV",32198
"54037","Jefferson, WV",42892
"54039","Kanawha, WV",41419
"54041","Lewis, WV",35230
"54043","Lincoln, WV",26804
"54045","Logan, WV",32738
"54047","McDowell, WV",27326
"54049","Marion, WV",37500
"54051","Marshall, WV",33545
"54053","Mason, WV",28189
"54055","Mercer, WV",32989
"54057","Mineral, WV",33828
"54059","Mingo, WV",31785
"54061","Monongalia, WV",38099
"54063","Monroe, WV",27794
"54065","Morgan, WV",31267
"54067","Nicholas, WV",30859
"54069","Ohio, WV",45158
"54071","Pendleton, WV",33016
"54073","Pleasants, WV",35533
"54075","Pocahontas, WV",31075
"54077","Preston, WV",31507
"54079","Putnam, WV",39662
"54081","Raleigh, WV",34111
"54083","Randolph, WV",30819
"54085","Ritchie, WV",29833
"54087","Roane, WV",29882
"54089","Summers, WV",26487
"54091","Taylor, WV",33272
"54093","Tucker, WV",30514
"54095","Tyler, WV",31426
"54097","Upshur, WV",30130
"54099","Wayne, WV",27595
"54101","Webster, WV",26534
"54103","Wetzel, WV",31911
"54105","Wirt, WV",27576
"54107","Wood, WV",35696
"54109","Wyoming, WV",29098
"55001","Adams, WI",32649
"55003","Ashland, WI",33815
"55005","Barron, WI",40803
"55007","Bayfield, WI",38776
"55009","Brown, WI",43861
"55011","Buffalo, WI",39021
"55013","Burnett, WI",35574
"55015","Calumet, WI",41188
"55017","Chippewa, WI",39315
"55019","Clark, WI",34025
"55021","Columbia, WI",44142
"55023","Crawford, WI",34761
"55025","Dane, WI",49883
"55027","Dodge, WI",38477
"55029","Door, WI",48732
"55031","Douglas, WI",35601
"55033","Dunn, WI",35575
"55035","Eau Claire, WI",40646
"55037","Florence, WI",43032
"55039","Fond du Lac, WI",40288
"55041","Forest, WI",31805
"55043","Grant, WI",37757
"55045","Green, WI",43116
"55047","Green Lake, WI",41975
"55049","Iowa, WI",40995
"55051","Iron, WI",39674
"55053","Jackson, WI",37716
"55055","Jefferson, WI",37808
"55057","Juneau, WI",34471
"55059","Kenosha, WI",37920
"55061","Kewaunee, WI",40587
"55063","La Crosse, WI",41071
"55065","Lafayette, WI",44243
"55067","Langlade, WI",36875
"55069","Lincoln, WI",37073
"55071","Manitowoc, WI",41415
"55073","Marathon, WI",40872
"55075","Marinette, WI",37306
"55077","Marquette, WI",34506
"55078","Menominee, WI*",25917
"55079","Milwaukee, WI",40200
"55081","Monroe, WI",34947
"55083","Oconto, WI",39062
"55085","Oneida, WI",42862
"55087","Outagamie, WI",42229
"55089","Ozaukee, WI",69274
"55091","Pepin, WI",40587
"55093","Pierce, WI",38975
"55095","Polk, WI",38377
"55097","Portage, WI",37794
"55099","Price, WI",39616
"55101","Racine, WI",40407
"55103","Richland, WI",35440
"55105","Rock, WI",38349
"55107","Rusk, WI",31739
"55109","St. Croix, WI",43932
"55111","Sauk, WI",40248
"55113","Sawyer, WI",38775
"55115","Shawano, WI*",35292
"55117","Sheboygan, WI",42953
"55119","Taylor, WI",33690
"55121","Trempealeau, WI",39706
"55123","Vernon, WI",34824
"55125","Vilas, WI",41249
"55127","Walworth, WI",39446
"55129","Washburn, WI",40340
"55131","Washington, WI",48202
"55133","Waukesha, WI",59265
"55135","Waupaca, WI",39984
"55137","Waushara, WI",36023
"55139","Winnebago, WI",39247
"55141","Wood, WI",38637
"55901","Shawano (includes Menominee), WI","(NA)"
"56001","Albany, WY",37290
"56003","Big Horn, WY",35820
"56005","Campbell, WY",51474
"56007","Carbon, WY",45902
"56009","Converse, WY",49987
"56011","Crook, WY",44892
"56013","Fremont, WY",40410
"56015","Goshen, WY",39555
"56017","Hot Springs, WY",45024
"56019","Johnson, WY",42936
"56021","Laramie, WY",48439
"56023","Lincoln, WY",38585
"56025","Natrona, WY",63291
"56027","Niobrara, WY",44763
"56029","Park, WY",46289
"56031","Platte, WY",41447
"56033","Sheridan, WY",49278
"56035","Sublette, WY",49878
"56037","Sweetwater, WY",46982
"56039","Teton, WY",176046
"56041","Uinta, WY",41101
"56043","Washakie, WY",40664
"56045","Weston, WY",42427
"Legend / Footnotes:"
"2/ Per capita personal income was computed using Census Bureau midyear population estimates. Estimates for 2010-2015 reflect county population estimates available as of March 2016."
"* Cibola, NM was separated from Valencia in June 1981, but in these estimates, Valencia includes Cibola through the end of 1981."
"* La Paz County, AZ was separated from Yuma County on January 1, 1983. The Yuma, AZ MSA contains the area that became La Paz County, AZ through 1982 and excludes it beginning with 1983."
"* Shawano, WI and Menominee, WI are combined as Shawano (incl. Menominee), WI for the years prior to 1989."
"* Broomfield County, CO, was created from parts of Adams, Boulder, Jefferson, and Weld counties effective November 15, 2001. Estimates for Broomfield county begin with 2002."
"* Estimates for 1979 forward reflect Alaska Census Areas as defined by the Census Bureau; those for prior years reflect Alaska Census Divisions as defined in the 1970 Decennial Census. Estimates from 1988 forward separate Aleutian Islands Census Area into Aleutians East Borough and Aleutians West Census Area. Estimates for 1991 forward separate Denali Borough from Yukon-Koyukuk Census Area and Lake and Peninsula Borough from Dillingham Census Area. Estimates from 1993 forward separate Skagway-Yakutat-Angoon Census Area into Skagway-Hoonah-Angoon Census Area and Yakutat Borough. Estimates from 2008 forward separate Skagway-Hoonah-Angoon Census Area into Skagway Municipality and Hoonah-Angoon Census Area. Estimates from 2009 forward separate Wrangell-Petersburg Census Area into Petersburg Census Area and Wrangell City and Borough. In addition, a part of the Prince of Wales-Outer Ketchikan Census Area was annexed by Ketchikan Gateway Borough and part (Meyers Chuck Area) was included in the new Wrangell City and Borough. The remainder of the Prince of Wales-Outer Ketchikan Census Area was renamed Prince of Wales-Hyder Census Area. Petersburg Borough was created from part of former Petersburg Census Area and part of Hoonah-Angoon Census Area for 2013 forward. Prince of Wales-Hyder Census Area added part of the former Petersburg Census Area beginning in 2013. For years 2009-2012, Petersburg Borough reflects the geographic boundaries of the former Petersburg Census Area. Wade Hampton Census Area was renamed Kusilvak Census Area on July 1, 2015."
"* Virginia combination areas consist of one or two independent cities with 1980 populations of less than 100,000 combined with an adjacent county. The county name appears first, followed by the city name(s). Separate estimates for the jurisdictions making up the combination area are not available. Bedford County, VA includes the independent city of Bedford for all years."
"* Shannon County, SD was renamed to Oglala Lakota County, SD on May 1, 2015."
"Note-- All dollar estimates are in current dollars (not adjusted for inflation)."
"(NA) Data not available for this year."
"Last updated: November 17, 2016-- new estimates for 2015; revised estimates for 1998-2014."
