"CA1 Personal Income Summary: Personal Income, Population, Per Capita Personal Income"
"Per capita personal income (dollars) 2/" 
"Bureau of Economic Analysis" 
"County"
"GeoFips","GeoName","2014"
"01001","Autauga, AL",36571
"01003","Baldwin, AL",39028
"01005","Barbour, AL",30197
"01007","Bibb, AL",28127
"01009","Blount, AL",30946
"01011","Bullock, AL",25350
"01013","Butler, AL",32775
"01015","Calhoun, AL",32448
"01017","Chambers, AL",30271
"01019","Cherokee, AL",31688
"01021","Chilton, AL",30304
"01023","Choctaw, AL",30025
"01025","Clarke, AL",31193
"01027","Clay, AL",31720
"01029","Cleburne, AL",30692
"01031","Coffee, AL",37974
"01033","Colbert, AL",34957
"01035","Conecuh, AL",28624
"01037","Coosa, AL",27340
"01039","Covington, AL",31196
"01041","Crenshaw, AL",32889
"01043","Cullman, AL",34950
"01045","Dale, AL",33608
"01047","Dallas, AL",30371
"01049","DeKalb, AL",28751
"01051","Elmore, AL",36334
"01053","Escambia, AL",29590
"01055","Etowah, AL",32943
"01057","Fayette, AL",29109
"01059","Franklin, AL",30630
"01061","Geneva, AL",31267
"01063","Greene, AL",29843
"01065","Hale, AL",33215
"01067","Henry, AL",35044
"01069","Houston, AL",37288
"01071","Jackson, AL",33084
"01073","Jefferson, AL",46426
"01075","Lamar, AL",29333
"01077","Lauderdale, AL",34341
"01079","Lawrence, AL",31964
"01081","Lee, AL",32509
"01083","Limestone, AL",36360
"01085","Lowndes, AL",36519
"01087","Macon, AL",30431
"01089","Madison, AL",44642
"01091","Marengo, AL",35186
"01093","Marion, AL",28206
"01095","Marshall, AL",32143
"01097","Mobile, AL",34190
"01099","Monroe, AL",29829
"01101","Montgomery, AL",39184
"01103","Morgan, AL",35237
"01105","Perry, AL",28029
"01107","Pickens, AL",30152
"01109","Pike, AL",33959
"01111","Randolph, AL",31581
"01113","Russell, AL",27955
"01115","St. Clair, AL",33395
"01117","Shelby, AL",47730
"01119","Sumter, AL",30445
"01121","Talladega, AL",30827
"01123","Tallapoosa, AL",34756
"01125","Tuscaloosa, AL",34994
"01127","Walker, AL",35763
"01129","Washington, AL",32962
"01131","Wilcox, AL",27483
"01133","Winston, AL",31511
"02010","Aleutian Islands Census Area, AK*","(NA)"
"02013","Aleutians East Borough, AK*",40794
"02016","Aleutians West Census Area, AK*",52484
"02020","Anchorage Municipality, AK",60909
"02050","Bethel Census Area, AK*",38426
"02060","Bristol Bay Borough, AK",63470
"02068","Denali Borough, AK*",67559
"02070","Dillingham Census Area, AK*",51861
"02090","Fairbanks North Star Borough, AK",51892
"02100","Haines Borough, AK",46126
"02105","Hoonah-Angoon Census Area, AK*",53529
"02110","Juneau City and Borough, AK",61600
"02122","Kenai Peninsula Borough, AK",51734
"02130","Ketchikan Gateway Borough, AK*",60957
"02150","Kodiak Island Borough, AK",56537
"02158","Kusilvak Census Area, AK*",30184
"02164","Lake and Peninsula Borough, AK*",52172
"02170","Matanuska-Susitna Borough, AK",45320
"02180","Nome Census Area, AK*",47064
"02185","North Slope Borough, AK",36005
"02188","Northwest Arctic Borough, AK",45849
"02195","Petersburg Borough, AK*",63866
"02198","Prince of Wales-Hyder Census Area, AK*",39055
"02201","Prince of Wales-Outer Ketchikan Census Area, AK*","(NA)"
"02220","Sitka City and Borough, AK",64202
"02230","Skagway Municipality, AK*",84280
"02231","Skagway-Yakutat-Angoon Census Area, AK*","(NA)"
"02232","Skagway-Hoonah-Angoon Census Area, AK*","(NA)"
"02240","Southeast Fairbanks Census Area, AK*",40831
"02261","Valdez-Cordova Census Area, AK*",59975
"02275","Wrangell City and Borough, AK*",46830
"02280","Wrangell-Petersburg Census Area, AK*","(NA)"
"02282","Yakutat City and Borough, AK*",62483
"02290","Yukon-Koyukuk Census Area, AK*",51412
"02901","Aleutian Islands Division, AK*","(NA)"
"02903","Angoon Division, AK*","(NA)"
"02904","Barrow-North Slope Division, AK*","(NA)"
"02905","Bethel Division, AK*","(NA)"
"02907","Bristol Bay Division, AK*","(NA)"
"02908","Cordova-McCarthy Division, AK*","(NA)"
"02910","Haines Division, AK*","(NA)"
"02912","Kenai-Cook Inlet Division, AK*","(NA)"
"02916","Kuskokwim Division, AK*","(NA)"
"02919","Outer Ketchikan Division, AK*","(NA)"
"02920","Prince of Wales Division, AK*","(NA)"
"02921","Seward Division, AK*","(NA)"
"02922","Sitka Division, AK*","(NA)"
"02923","Skagway-Yakutat Division, AK*","(NA)"
"02924","Southeast Fairbanks Division, AK*","(NA)"
"02925","Upper Yukon Division, AK*","(NA)"
"02926","Valdez-Chitina-Whittier Division, AK*","(NA)"
"02928","Wrangell-Petersburg Division, AK*","(NA)"
"02929","Yukon-Koyukuk Division, AK*","(NA)"
"04001","Apache, AZ",28189
"04003","Cochise, AZ",36742
"04005","Coconino, AZ",39596
"04007","Gila, AZ",34548
"04009","Graham, AZ",29326
"04011","Greenlee, AZ",37388
"04012","La Paz, AZ*",29043
"04013","Maricopa, AZ",40939
"04015","Mohave, AZ",28248
"04017","Navajo, AZ",27672
"04019","Pima, AZ",37733
"04021","Pinal, AZ",26796
"04023","Santa Cruz, AZ",33254
"04025","Yavapai, AZ",34231
"04027","Yuma, AZ*",29262
"05001","Arkansas, AR",40226
"05003","Ashley, AR",31142
"05005","Baxter, AR",33426
"05007","Benton, AR",71617
"05009","Boone, AR",31789
"05011","Bradley, AR",31787
"05013","Calhoun, AR",29021
"05015","Carroll, AR",31130
"05017","Chicot, AR",32351
"05019","Clark, AR",30248
"05021","Clay, AR",33316
"05023","Cleburne, AR",33011
"05025","Cleveland, AR",34861
"05027","Columbia, AR",33435
"05029","Conway, AR",36744
"05031","Craighead, AR",33899
"05033","Crawford, AR",29340
"05035","Crittenden, AR",33384
"05037","Cross, AR",34994
"05039","Dallas, AR",28686
"05041","Desha, AR",37731
"05043","Drew, AR",34620
"05045","Faulkner, AR",33445
"05047","Franklin, AR",29777
"05049","Fulton, AR",25739
"05051","Garland, AR",36114
"05053","Grant, AR",33375
"05055","Greene, AR",31042
"05057","Hempstead, AR",29758
"05059","Hot Spring, AR",28429
"05061","Howard, AR",31732
"05063","Independence, AR",31743
"05065","Izard, AR",28338
"05067","Jackson, AR",33898
"05069","Jefferson, AR",31609
"05071","Johnson, AR",26108
"05073","Lafayette, AR",33607
"05075","Lawrence, AR",29976
"05077","Lee, AR",26366
"05079","Lincoln, AR",25355
"05081","Little River, AR",31890
"05083","Logan, AR",34486
"05085","Lonoke, AR",34916
"05087","Madison, AR",31642
"05089","Marion, AR",27402
"05091","Miller, AR",30255
"05093","Mississippi, AR",32248
"05095","Monroe, AR",34418
"05097","Montgomery, AR",27263
"05099","Nevada, AR",31567
"05101","Newton, AR",26266
"05103","Ouachita, AR",32423
"05105","Perry, AR",31058
"05107","Phillips, AR",32276
"05109","Pike, AR",29480
"05111","Poinsett, AR",30116
"05113","Polk, AR",28929
"05115","Pope, AR",31939
"05117","Prairie, AR",33885
"05119","Pulaski, AR",44657
"05121","Randolph, AR",30150
"05123","St. Francis, AR",25191
"05125","Saline, AR",36486
"05127","Scott, AR",28609
"05129","Searcy, AR",27164
"05131","Sebastian, AR",37393
"05133","Sevier, AR",26391
"05135","Sharp, AR",30453
"05137","Stone, AR",27193
"05139","Union, AR",44854
"05141","Van Buren, AR",29495
"05143","Washington, AR",34081
"05145","White, AR",31567
"05147","Woodruff, AR",32754
"05149","Yell, AR",30472
"06001","Alameda, CA",57842
"06003","Alpine, CA",65248
"06005","Amador, CA",39823
"06007","Butte, CA",37576
"06009","Calaveras, CA",43558
"06011","Colusa, CA",42693
"06013","Contra Costa, CA",62540
"06015","Del Norte, CA",31328
"06017","El Dorado, CA",56414
"06019","Fresno, CA",36448
"06021","Glenn, CA",36893
"06023","Humboldt, CA",39565
"06025","Imperial, CA",32035
"06027","Inyo, CA",50557
"06029","Kern, CA",36673
"06031","Kings, CA",32648
"06033","Lake, CA",35764
"06035","Lassen, CA",32666
"06037","Los Angeles, CA",50730
"06039","Madera, CA",34243
"06041","Marin, CA",103346
"06043","Mariposa, CA",43248
"06045","Mendocino, CA",41652
"06047","Merced, CA",34567
"06049","Modoc, CA",39597
"06051","Mono, CA",44597
"06053","Monterey, CA",46438
"06055","Napa, CA",57528
"06057","Nevada, CA",52450
"06059","Orange, CA",55470
"06061","Placer, CA",55079
"06063","Plumas, CA",46156
"06065","Riverside, CA",33867
"06067","Sacramento, CA",44139
"06069","San Benito, CA",40543
"06071","San Bernardino, CA",33562
"06073","San Diego, CA",51174
"06075","San Francisco, CA",97498
"06077","San Joaquin, CA",36483
"06079","San Luis Obispo, CA",47336
"06081","San Mateo, CA",91935
"06083","Santa Barbara, CA",51835
"06085","Santa Clara, CA",77663
"06087","Santa Cruz, CA",54585
"06089","Shasta, CA",38410
"06091","Sierra, CA",37150
"06093","Siskiyou, CA",36870
"06095","Solano, CA",41602
"06097","Sonoma, CA",50181
"06099","Stanislaus, CA",37352
"06101","Sutter, CA",38187
"06103","Tehama, CA",34321
"06105","Trinity, CA",33476
"06107","Tulare, CA",35887
"06109","Tuolumne, CA",38976
"06111","Ventura, CA",51539
"06113","Yolo, CA",46641
"06115","Yuba, CA",35306
"08001","Adams, CO*",35704
"08003","Alamosa, CO",32200
"08005","Arapahoe, CO",51743
"08007","Archuleta, CO",38183
"08009","Baca, CO",38015
"08011","Bent, CO",29278
"08013","Boulder, CO*",58917
"08014","Broomfield, CO*",73686
"08015","Chaffee, CO",36887
"08017","Cheyenne, CO",49201
"08019","Clear Creek, CO",49805
"08021","Conejos, CO",29029
"08023","Costilla, CO",29197
"08025","Crowley, CO",23126
"08027","Custer, CO",41356
"08029","Delta, CO",31069
"08031","Denver, CO",68304
"08033","Dolores, CO",41628
"08035","Douglas, CO",64613
"08037","Eagle, CO",58503
"08039","Elbert, CO",47964
"08041","El Paso, CO",42360
"08043","Fremont, CO",29658
"08045","Garfield, CO",49114
"08047","Gilpin, CO",39129
"08049","Grand, CO",39099
"08051","Gunnison, CO",40911
"08053","Hinsdale, CO",42219
"08055","Huerfano, CO",34996
"08057","Jackson, CO",39626
"08059","Jefferson, CO*",52687
"08061","Kiowa, CO",49703
"08063","Kit Carson, CO",36890
"08065","Lake, CO",31028
"08067","La Plata, CO",53821
"08069","Larimer, CO",44335
"08071","Las Animas, CO",36541
"08073","Lincoln, CO",34550
"08075","Logan, CO",45882
"08077","Mesa, CO",38424
"08079","Mineral, CO",54009
"08081","Moffat, CO",38628
"08083","Montezuma, CO",37798
"08085","Montrose, CO",33317
"08087","Morgan, CO",39571
"08089","Otero, CO",33091
"08091","Ouray, CO",49493
"08093","Park, CO",37397
"08095","Phillips, CO",42045
"08097","Pitkin, CO",123818
"08099","Prowers, CO",36107
"08101","Pueblo, CO",33656
"08103","Rio Blanco, CO",41085
"08105","Rio Grande, CO",36162
"08107","Routt, CO",65216
"08109","Saguache, CO",30838
"08111","San Juan, CO",43199
"08113","San Miguel, CO",68042
"08115","Sedgwick, CO",47108
"08117","Summit, CO",52393
"08119","Teller, CO",42924
"08121","Washington, CO",43481
"08123","Weld, CO*",40830
"08125","Yuma, CO",49425
"09001","Fairfield, CT",104490
"09003","Hartford, CT",57187
"09005","Litchfield, CT",56358
"09007","Middlesex, CT",60346
"09009","New Haven, CT",50011
"09011","New London, CT",50561
"09013","Tolland, CT",50638
"09015","Windham, CT",41166
"10001","Kent, DE",36845
"10003","New Castle, DE",48503
"10005","Sussex, DE",43710
"11001","District of Columbia, DC",70379
"12001","Alachua, FL",38701
"12003","Baker, FL",27531
"12005","Bay, FL",38303
"12007","Bradford, FL",27143
"12009","Brevard, FL",39198
"12011","Broward, FL",42922
"12013","Calhoun, FL",23440
"12015","Charlotte, FL",36520
"12017","Citrus, FL",34334
"12019","Clay, FL",37752
"12021","Collier, FL",77226
"12023","Columbia, FL",30747
"12027","DeSoto, FL",22411
"12029","Dixie, FL",24737
"12031","Duval, FL",39893
"12033","Escambia, FL",37070
"12035","Flagler, FL",38689
"12037","Franklin, FL",33272
"12039","Gadsden, FL",29152
"12041","Gilchrist, FL",30426
"12043","Glades, FL",20837
"12045","Gulf, FL",28752
"12047","Hamilton, FL",23569
"12049","Hardee, FL",24448
"12051","Hendry, FL",27962
"12053","Hernando, FL",32441
"12055","Highlands, FL",30805
"12057","Hillsborough, FL",41639
"12059","Holmes, FL",25586
"12061","Indian River, FL",66206
"12063","Jackson, FL",28983
"12065","Jefferson, FL",35429
"12067","Lafayette, FL",22513
"12069","Lake, FL",36327
"12071","Lee, FL",43749
"12073","Leon, FL",38493
"12075","Levy, FL",31195
"12077","Liberty, FL",24839
"12079","Madison, FL",28420
"12081","Manatee, FL",41437
"12083","Marion, FL",32701
"12085","Martin, FL",69395
"12086","Miami-Dade, FL",41587
"12087","Monroe, FL",71976
"12089","Nassau, FL",48404
"12091","Okaloosa, FL",44140
"12093","Okeechobee, FL",28449
"12095","Orange, FL",37969
"12097","Osceola, FL",28412
"12099","Palm Beach, FL",66578
"12101","Pasco, FL",34847
"12103","Pinellas, FL",45941
"12105","Polk, FL",32959
"12107","Putnam, FL",27439
"12109","St. Johns, FL",59102
"12111","St. Lucie, FL",34303
"12113","Santa Rosa, FL",38797
"12115","Sarasota, FL",54984
"12117","Seminole, FL",41037
"12119","Sumter, FL",37953
"12121","Suwannee, FL",28568
"12123","Taylor, FL",28798
"12125","Union, FL",17567
"12127","Volusia, FL",36546
"12129","Wakulla, FL",30062
"12131","Walton, FL",48813
"12133","Washington, FL",26152
"13001","Appling, GA",28697
"13003","Atkinson, GA",25662
"13005","Bacon, GA",28209
"13007","Baker, GA",31183
"13009","Baldwin, GA",28171
"13011","Banks, GA",30838
"13013","Barrow, GA",31451
"13015","Bartow, GA",32526
"13017","Ben Hill, GA",26730
"13019","Berrien, GA",27080
"13021","Bibb, GA",36969
"13023","Bleckley, GA",30161
"13025","Brantley, GA",23062
"13027","Brooks, GA",31899
"13029","Bryan, GA",45758
"13031","Bulloch, GA",28145
"13033","Burke, GA",30542
"13035","Butts, GA",28374
"13037","Calhoun, GA",24133
"13039","Camden, GA",31438
"13043","Candler, GA",26542
"13045","Carroll, GA",32332
"13047","Catoosa, GA",31100
"13049","Charlton, GA",23569
"13051","Chatham, GA",40711
"13053","Chattahoochee, GA",32384
"13055","Chattooga, GA",27224
"13057","Cherokee, GA",41967
"13059","Clarke, GA",28671
"13061","Clay, GA",27429
"13063","Clayton, GA",25118
"13065","Clinch, GA",28530
"13067","Cobb, GA",47082
"13069","Coffee, GA",27700
"13071","Colquitt, GA",28368
"13073","Columbia, GA",42771
"13075","Cook, GA",25566
"13077","Coweta, GA",38853
"13079","Crawford, GA",29829
"13081","Crisp, GA",25854
"13083","Dade, GA",28786
"13085","Dawson, GA",36529
"13087","Decatur, GA",32086
"13089","DeKalb, GA",41286
"13091","Dodge, GA",26347
"13093","Dooly, GA",21028
"13095","Dougherty, GA",31928
"13097","Douglas, GA",30869
"13099","Early, GA",34097
"13101","Echols, GA",23201
"13103","Effingham, GA",36242
"13105","Elbert, GA",30942
"13107","Emanuel, GA",27042
"13109","Evans, GA",29783
"13111","Fannin, GA",29831
"13113","Fayette, GA",52191
"13115","Floyd, GA",33994
"13117","Forsyth, GA",52802
"13119","Franklin, GA",32666
"13121","Fulton, GA",68018
"13123","Gilmer, GA",29868
"13125","Glascock, GA",27170
"13127","Glynn, GA",38299
"13129","Gordon, GA",30465
"13131","Grady, GA",29363
"13133","Greene, GA",43901
"13135","Gwinnett, GA",35569
"13137","Habersham, GA",28974
"13139","Hall, GA",35116
"13141","Hancock, GA",25165
"13143","Haralson, GA",30711
"13145","Harris, GA",40716
"13147","Hart, GA",31912
"13149","Heard, GA",27502
"13151","Henry, GA",33433
"13153","Houston, GA",38031
"13155","Irwin, GA",26510
"13157","Jackson, GA",34178
"13159","Jasper, GA",32181
"13161","Jeff Davis, GA",28315
"13163","Jefferson, GA",29275
"13165","Jenkins, GA",25190
"13167","Johnson, GA",22803
"13169","Jones, GA",32495
"13171","Lamar, GA",28945
"13173","Lanier, GA",23160
"13175","Laurens, GA",31207
"13177","Lee, GA",41032
"13179","Liberty, GA",31481
"13181","Lincoln, GA",31585
"13183","Long, GA",21651
"13185","Lowndes, GA",31923
"13187","Lumpkin, GA",30368
"13189","McDuffie, GA",31204
"13191","McIntosh, GA",24900
"13193","Macon, GA",27892
"13195","Madison, GA",31036
"13197","Marion, GA",23320
"13199","Meriwether, GA",30392
"13201","Miller, GA",34023
"13205","Mitchell, GA",30089
"13207","Monroe, GA",38546
"13209","Montgomery, GA",25818
"13211","Morgan, GA",40403
"13213","Murray, GA",26143
"13215","Muscogee, GA",37008
"13217","Newton, GA",29026
"13219","Oconee, GA",53508
"13221","Oglethorpe, GA",33058
"13223","Paulding, GA",31499
"13225","Peach, GA",33260
"13227","Pickens, GA",39010
"13229","Pierce, GA",29792
"13231","Pike, GA",33011
"13233","Polk, GA",27982
"13235","Pulaski, GA",25726
"13237","Putnam, GA",31818
"13239","Quitman, GA",26624
"13241","Rabun, GA",33717
"13243","Randolph, GA",28228
"13245","Richmond, GA",32736
"13247","Rockdale, GA",30832
"13249","Schley, GA",25822
"13251","Screven, GA",26972
"13253","Seminole, GA",35791
"13255","Spalding, GA",30155
"13257","Stephens, GA",32641
"13259","Stewart, GA",21673
"13261","Sumter, GA",29216
"13263","Talbot, GA",30149
"13265","Taliaferro, GA",25472
"13267","Tattnall, GA",28110
"13269","Taylor, GA",24736
"13271","Telfair, GA",18573
"13273","Terrell, GA",37393
"13275","Thomas, GA",36996
"13277","Tift, GA",33200
"13279","Toombs, GA",31742
"13281","Towns, GA",29409
"13283","Treutlen, GA",24536
"13285","Troup, GA",32807
"13287","Turner, GA",31194
"13289","Twiggs, GA",34365
"13291","Union, GA",32797
"13293","Upson, GA",30506
"13295","Walker, GA",28810
"13297","Walton, GA",33243
"13299","Ware, GA",29176
"13301","Warren, GA",29534
"13303","Washington, GA",29429
"13305","Wayne, GA",30275
"13307","Webster, GA",24482
"13309","Wheeler, GA",15421
"13311","White, GA",29656
"13313","Whitfield, GA",32388
"13315","Wilcox, GA",24423
"13317","Wilkes, GA",28627
"13319","Wilkinson, GA",30566
"13321","Worth, GA",29172
"15001","Hawaii, HI",34653
"15003","Honolulu, HI",50203
"15007","Kauai, HI",40683
"15901","Maui + Kalawao, HI",40306
"16001","Ada, ID",44320
"16003","Adams, ID",34596
"16005","Bannock, ID",32058
"16007","Bear Lake, ID",34974
"16009","Benewah, ID",30056
"16011","Bingham, ID",31774
"16013","Blaine, ID",85544
"16015","Boise, ID",35488
"16017","Bonner, ID",33660
"16019","Bonneville, ID",38331
"16021","Boundary, ID",31453
"16023","Butte, ID",31715
"16025","Camas, ID",40264
"16027","Canyon, ID",27658
"16029","Caribou, ID",37567
"16031","Cassia, ID",42110
"16033","Clark, ID",26235
"16035","Clearwater, ID",32274
"16037","Custer, ID",40372
"16039","Elmore, ID",33468
"16041","Franklin, ID",31000
"16043","Fremont (includes Yellowstone Park), ID",32406
"16045","Gem, ID",31617
"16047","Gooding, ID",57646
"16049","Idaho, ID",30632
"16051","Jefferson, ID",29676
"16053","Jerome, ID",37173
"16055","Kootenai, ID",37350
"16057","Latah, ID",35091
"16059","Lemhi, ID",35842
"16061","Lewis, ID",43649
"16063","Lincoln, ID",36329
"16065","Madison, ID",22039
"16067","Minidoka, ID",35898
"16069","Nez Perce, ID",37753
"16071","Oneida, ID",30770
"16073","Owyhee, ID",33136
"16075","Payette, ID",34456
"16077","Power, ID",34016
"16079","Shoshone, ID",33165
"16081","Teton, ID",29609
"16083","Twin Falls, ID",34745
"16085","Valley, ID",43924
"16087","Washington, ID",33691
"17001","Adams, IL",40982
"17003","Alexander, IL",30021
"17005","Bond, IL",33487
"17007","Boone, IL",39807
"17009","Brown, IL",27161
"17011","Bureau, IL",37508
"17013","Calhoun, IL",35319
"17015","Carroll, IL",40686
"17017","Cass, IL",37682
"17019","Champaign, IL",41276
"17021","Christian, IL",36822
"17023","Clark, IL",37950
"17025","Clay, IL",35053
"17027","Clinton, IL",41693
"17029","Coles, IL",35579
"17031","Cook, IL",52380
"17033","Crawford, IL",43405
"17035","Cumberland, IL",37569
"17037","DeKalb, IL",34680
"17039","De Witt, IL",42070
"17041","Douglas, IL",45085
"17043","DuPage, IL",60931
"17045","Edgar, IL",37829
"17047","Edwards, IL",34592
"17049","Effingham, IL",43960
"17051","Fayette, IL",29598
"17053","Ford, IL",49013
"17055","Franklin, IL",32906
"17057","Fulton, IL",33332
"17059","Gallatin, IL",40188
"17061","Greene, IL",35293
"17063","Grundy, IL",50885
"17065","Hamilton, IL",40916
"17067","Hancock, IL",40166
"17069","Hardin, IL",34391
"17071","Henderson, IL",37789
"17073","Henry, IL",41936
"17075","Iroquois, IL",40045
"17077","Jackson, IL",32393
"17079","Jasper, IL",41191
"17081","Jefferson, IL",35929
"17083","Jersey, IL",35993
"17085","Jo Daviess, IL",44935
"17087","Johnson, IL",25580
"17089","Kane, IL",43434
"17091","Kankakee, IL",35750
"17093","Kendall, IL",41912
"17095","Knox, IL",36857
"17097","Lake, IL",67466
"17099","LaSalle, IL",38526
"17101","Lawrence, IL",37422
"17103","Lee, IL",37440
"17105","Livingston, IL",41219
"17107","Logan, IL",34327
"17109","McDonough, IL",34582
"17111","McHenry, IL",47158
"17113","McLean, IL",43536
"17115","Macon, IL",43104
"17117","Macoupin, IL",36068
"17119","Madison, IL",40342
"17121","Marion, IL",38036
"17123","Marshall, IL",41350
"17125","Mason, IL",36805
"17127","Massac, IL",33784
"17129","Menard, IL",40466
"17131","Mercer, IL",40490
"17133","Monroe, IL",49703
"17135","Montgomery, IL",34264
"17137","Morgan, IL",36067
"17139","Moultrie, IL",55197
"17141","Ogle, IL",39800
"17143","Peoria, IL",45961
"17145","Perry, IL",35532
"17147","Piatt, IL",47222
"17149","Pike, IL",37486
"17151","Pope, IL",30172
"17153","Pulaski, IL",33147
"17155","Putnam, IL",49418
"17157","Randolph, IL",32743
"17159","Richland, IL",38330
"17161","Rock Island, IL",39429
"17163","St. Clair, IL",39201
"17165","Saline, IL",36761
"17167","Sangamon, IL",42683
"17169","Schuyler, IL",44734
"17171","Scott, IL",35917
"17173","Shelby, IL",36408
"17175","Stark, IL",37108
"17177","Stephenson, IL",38281
"17179","Tazewell, IL",41986
"17181","Union, IL",34670
"17183","Vermilion, IL",35423
"17185","Wabash, IL",41427
"17187","Warren, IL",35191
"17189","Washington, IL",48672
"17191","Wayne, IL",38897
"17193","White, IL",44809
"17195","Whiteside, IL",39021
"17197","Will, IL",44659
"17199","Williamson, IL",39381
"17201","Winnebago, IL",37709
"17203","Woodford, IL",46787
"18001","Adams, IN",34795
"18003","Allen, IN",39789
"18005","Bartholomew, IN",44443
"18007","Benton, IN",38134
"18009","Blackford, IN",34474
"18011","Boone, IN",61459
"18013","Brown, IN",39792
"18015","Carroll, IN",39189
"18017","Cass, IN",34509
"18019","Clark, IN",39418
"18021","Clay, IN",34028
"18023","Clinton, IN",34824
"18025","Crawford, IN",30661
"18027","Daviess, IN",37444
"18029","Dearborn, IN",40449
"18031","Decatur, IN",38012
"18033","DeKalb, IN",36832
"18035","Delaware, IN",31795
"18037","Dubois, IN",49702
"18039","Elkhart, IN",38197
"18041","Fayette, IN",34537
"18043","Floyd, IN",46721
"18045","Fountain, IN",35397
"18047","Franklin, IN",40161
"18049","Fulton, IN",36573
"18051","Gibson, IN",39511
"18053","Grant, IN",35348
"18055","Greene, IN",34972
"18057","Hamilton, IN",62981
"18059","Hancock, IN",42714
"18061","Harrison, IN",36580
"18063","Hendricks, IN",42121
"18065","Henry, IN",32856
"18067","Howard, IN",36139
"18069","Huntington, IN",36278
"18071","Jackson, IN",38386
"18073","Jasper, IN",39938
"18075","Jay, IN",37780
"18077","Jefferson, IN",36576
"18079","Jennings, IN",33481
"18081","Johnson, IN",41962
"18083","Knox, IN",41609
"18085","Kosciusko, IN",40757
"18087","Lagrange, IN",32756
"18089","Lake, IN",37884
"18091","LaPorte, IN",36164
"18093","Lawrence, IN",34602
"18095","Madison, IN",33461
"18097","Marion, IN",45423
"18099","Marshall, IN",36006
"18101","Martin, IN",37826
"18103","Miami, IN",30798
"18105","Monroe, IN",33970
"18107","Montgomery, IN",37610
"18109","Morgan, IN",38419
"18111","Newton, IN",37256
"18113","Noble, IN",34335
"18115","Ohio, IN",34929
"18117","Orange, IN",33119
"18119","Owen, IN",32644
"18121","Parke, IN",30707
"18123","Perry, IN",34226
"18125","Pike, IN",35087
"18127","Porter, IN",44349
"18129","Posey, IN",44340
"18131","Pulaski, IN",38939
"18133","Putnam, IN",32570
"18135","Randolph, IN",35321
"18137","Ripley, IN",39689
"18139","Rush, IN",39270
"18141","St. Joseph, IN",40949
"18143","Scott, IN",32923
"18145","Shelby, IN",38860
"18147","Spencer, IN",40224
"18149","Starke, IN",30032
"18151","Steuben, IN",36281
"18153","Sullivan, IN",31525
"18155","Switzerland, IN",28149
"18157","Tippecanoe, IN",33883
"18159","Tipton, IN",39856
"18161","Union, IN",33667
"18163","Vanderburgh, IN",39817
"18165","Vermillion, IN",35170
"18167","Vigo, IN",33949
"18169","Wabash, IN",38437
"18171","Warren, IN",42298
"18173","Warrick, IN",47140
"18175","Washington, IN",34162
"18177","Wayne, IN",35525
"18179","Wells, IN",37869
"18181","White, IN",38463
"18183","Whitley, IN",38238
"19001","Adair, IA",44608
"19003","Adams, IA",53461
"19005","Allamakee, IA",40445
"19007","Appanoose, IA",34763
"19009","Audubon, IA",52316
"19011","Benton, IA",46654
"19013","Black Hawk, IA",39555
"19015","Boone, IA",44854
"19017","Bremer, IA",44073
"19019","Buchanan, IA",42648
"19021","Buena Vista, IA",46042
"19023","Butler, IA",43754
"19025","Calhoun, IA",48347
"19027","Carroll, IA",49721
"19029","Cass, IA",42894
"19031","Cedar, IA",45767
"19033","Cerro Gordo, IA",51549
"19035","Cherokee, IA",53541
"19037","Chickasaw, IA",47655
"19039","Clarke, IA",35744
"19041","Clay, IA",45963
"19043","Clayton, IA",44982
"19045","Clinton, IA",39102
"19047","Crawford, IA",41938
"19049","Dallas, IA",58030
"19051","Davis, IA",36829
"19053","Decatur, IA",32512
"19055","Delaware, IA",44164
"19057","Des Moines, IA",44969
"19059","Dickinson, IA",50351
"19061","Dubuque, IA",43057
"19063","Emmet, IA",41233
"19065","Fayette, IA",39519
"19067","Floyd, IA",40456
"19069","Franklin, IA",51325
"19071","Fremont, IA",44897
"19073","Greene, IA",48701
"19075","Grundy, IA",48104
"19077","Guthrie, IA",50014
"19079","Hamilton, IA",52836
"19081","Hancock, IA",51273
"19083","Hardin, IA",47420
"19085","Harrison, IA",39868
"19087","Henry, IA",37435
"19089","Howard, IA",43643
"19091","Humboldt, IA",45165
"19093","Ida, IA",46579
"19095","Iowa, IA",49642
"19097","Jackson, IA",39996
"19099","Jasper, IA",38421
"19101","Jefferson, IA",39522
"19103","Johnson, IA",45590
"19105","Jones, IA",38858
"19107","Keokuk, IA",45242
"19109","Kossuth, IA",49829
"19111","Lee, IA",37609
"19113","Linn, IA",46792
"19115","Louisa, IA",36978
"19117","Lucas, IA",38992
"19119","Lyon, IA",56526
"19121","Madison, IA",43330
"19123","Mahaska, IA",38178
"19125","Marion, IA",40373
"19127","Marshall, IA",38048
"19129","Mills, IA",47453
"19131","Mitchell, IA",44258
"19133","Monona, IA",42877
"19135","Monroe, IA",38568
"19137","Montgomery, IA",39540
"19139","Muscatine, IA",42341
"19141","O'Brien, IA",52916
"19143","Osceola, IA",57020
"19145","Page, IA",39357
"19147","Palo Alto, IA",53911
"19149","Plymouth, IA",52617
"19151","Pocahontas, IA",51404
"19153","Polk, IA",47058
"19155","Pottawattamie, IA",38465
"19157","Poweshiek, IA",43253
"19159","Ringgold, IA",44426
"19161","Sac, IA",50899
"19163","Scott, IA",47732
"19165","Shelby, IA",50833
"19167","Sioux, IA",46898
"19169","Story, IA",37349
"19171","Tama, IA",41931
"19173","Taylor, IA",43064
"19175","Union, IA",37927
"19177","Van Buren, IA",38569
"19179","Wapello, IA",35532
"19181","Warren, IA",43241
"19183","Washington, IA",50518
"19185","Wayne, IA",40192
"19187","Webster, IA",41236
"19189","Winnebago, IA",38968
"19191","Winneshiek, IA",42734
"19193","Woodbury, IA",38452
"19195","Worth, IA",45875
"19197","Wright, IA",51091
"20001","Allen, KS",37507
"20003","Anderson, KS",39725
"20005","Atchison, KS",33993
"20007","Barber, KS",44870
"20009","Barton, KS",50765
"20011","Bourbon, KS",37273
"20013","Brown, KS",42305
"20015","Butler, KS",41098
"20017","Chase, KS",44796
"20019","Chautauqua, KS",44679
"20021","Cherokee, KS",33495
"20023","Cheyenne, KS",44359
"20025","Clark, KS",54451
"20027","Clay, KS",46645
"20029","Cloud, KS",34153
"20031","Coffey, KS",53382
"20033","Comanche, KS",35220
"20035","Cowley, KS",35750
"20037","Crawford, KS",33977
"20039","Decatur, KS",47307
"20041","Dickinson, KS",41978
"20043","Doniphan, KS",33702
"20045","Douglas, KS",36889
"20047","Edwards, KS",47546
"20049","Elk, KS",44007
"20051","Ellis, KS",46231
"20053","Ellsworth, KS",41897
"20055","Finney, KS",40147
"20057","Ford, KS",32953
"20059","Franklin, KS",36580
"20061","Geary, KS",41770
"20063","Gove, KS",55621
"20065","Graham, KS",49159
"20067","Grant, KS",49916
"20069","Gray, KS",75836
"20071","Greeley, KS",52412
"20073","Greenwood, KS",42632
"20075","Hamilton, KS",73188
"20077","Harper, KS",43920
"20079","Harvey, KS",37249
"20081","Haskell, KS",78766
"20083","Hodgeman, KS",48513
"20085","Jackson, KS",37015
"20087","Jefferson, KS",39181
"20089","Jewell, KS",43739
"20091","Johnson, KS",61663
"20093","Kearny, KS",56641
"20095","Kingman, KS",39272
"20097","Kiowa, KS",36553
"20099","Labette, KS",39540
"20101","Lane, KS",82590
"20103","Leavenworth, KS",37832
"20105","Lincoln, KS",39374
"20107","Linn, KS",32462
"20109","Logan, KS",49765
"20111","Lyon, KS",32399
"20113","McPherson, KS",47222
"20115","Marion, KS",36302
"20117","Marshall, KS",42608
"20119","Meade, KS",60105
"20121","Miami, KS",41803
"20123","Mitchell, KS",51312
"20125","Montgomery, KS",37750
"20127","Morris, KS",42939
"20129","Morton, KS",43384
"20131","Nemaha, KS",51873
"20133","Neosho, KS",31976
"20135","Ness, KS",55715
"20137","Norton, KS",42384
"20139","Osage, KS",37346
"20141","Osborne, KS",42337
"20143","Ottawa, KS",35518
"20145","Pawnee, KS",40714
"20147","Phillips, KS",49245
"20149","Pottawatomie, KS",46202
"20151","Pratt, KS",45626
"20153","Rawlins, KS",47301
"20155","Reno, KS",36562
"20157","Republic, KS",43899
"20159","Rice, KS",42228
"20161","Riley, KS",37530
"20163","Rooks, KS",43473
"20165","Rush, KS",44376
"20167","Russell, KS",49903
"20169","Saline, KS",41447
"20171","Scott, KS",65021
"20173","Sedgwick, KS",49740
"20175","Seward, KS",35408
"20177","Shawnee, KS",41892
"20179","Sheridan, KS",54510
"20181","Sherman, KS",37508
"20183","Smith, KS",41576
"20185","Stafford, KS",54556
"20187","Stanton, KS",59794
"20189","Stevens, KS",43904
"20191","Sumner, KS",35298
"20193","Thomas, KS",39509
"20195","Trego, KS",46495
"20197","Wabaunsee, KS",46262
"20199","Wallace, KS",50819
"20201","Washington, KS",42657
"20203","Wichita, KS",86272
"20205","Wilson, KS",39899
"20207","Woodson, KS",36650
"20209","Wyandotte, KS",42831
"21001","Adair, KY",26027
"21003","Allen, KY",28573
"21005","Anderson, KY",35192
"21007","Ballard, KY",35838
"21009","Barren, KY",33821
"21011","Bath, KY",27869
"21013","Bell, KY",27896
"21015","Boone, KY",41196
"21017","Bourbon, KY",36568
"21019","Boyd, KY",34856
"21021","Boyle, KY",33327
"21023","Bracken, KY",31950
"21025","Breathitt, KY",29513
"21027","Breckinridge, KY",32075
"21029","Bullitt, KY",34498
"21031","Butler, KY",31046
"21033","Caldwell, KY",32865
"21035","Calloway, KY",32702
"21037","Campbell, KY",41839
"21039","Carlisle, KY",41232
"21041","Carroll, KY",39757
"21043","Carter, KY",29047
"21045","Casey, KY",26276
"21047","Christian, KY",35689
"21049","Clark, KY",35698
"21051","Clay, KY",25257
"21053","Clinton, KY",27907
"21055","Crittenden, KY",34948
"21057","Cumberland, KY",29169
"21059","Daviess, KY",38897
"21061","Edmonson, KY",28287
"21063","Elliott, KY",19827
"21065","Estill, KY",28935
"21067","Fayette, KY",43373
"21069","Fleming, KY",28913
"21071","Floyd, KY",31644
"21073","Franklin, KY",37752
"21075","Fulton, KY",31739
"21077","Gallatin, KY",28248
"21079","Garrard, KY",29229
"21081","Grant, KY",30716
"21083","Graves, KY",34649
"21085","Grayson, KY",30167
"21087","Green, KY",32078
"21089","Greenup, KY",36107
"21091","Hancock, KY",34950
"21093","Hardin, KY",37695
"21095","Harlan, KY",27147
"21097","Harrison, KY",32174
"21099","Hart, KY",30601
"21101","Henderson, KY",35521
"21103","Henry, KY",33529
"21105","Hickman, KY",41562
"21107","Hopkins, KY",36029
"21109","Jackson, KY",24271
"21111","Jefferson, KY",44240
"21113","Jessamine, KY",37209
"21115","Johnson, KY",31310
"21117","Kenton, KY",47856
"21119","Knott, KY",27894
"21121","Knox, KY",26456
"21123","Larue, KY",31626
"21125","Laurel, KY",30682
"21127","Lawrence, KY",27865
"21129","Lee, KY",28191
"21131","Leslie, KY",28696
"21133","Letcher, KY",29504
"21135","Lewis, KY",26991
"21137","Lincoln, KY",27963
"21139","Livingston, KY",33669
"21141","Logan, KY",32931
"21143","Lyon, KY",28584
"21145","McCracken, KY",42522
"21147","McCreary, KY",21863
"21149","McLean, KY",38722
"21151","Madison, KY",32470
"21153","Magoffin, KY",24229
"21155","Marion, KY",32577
"21157","Marshall, KY",36584
"21159","Martin, KY",27168
"21161","Mason, KY",35546
"21163","Meade, KY",32868
"21165","Menifee, KY",27755
"21167","Mercer, KY",33001
"21169","Metcalfe, KY",28482
"21171","Monroe, KY",31709
"21173","Montgomery, KY",31898
"21175","Morgan, KY",23381
"21177","Muhlenberg, KY",30901
"21179","Nelson, KY",35820
"21181","Nicholas, KY",31091
"21183","Ohio, KY",30915
"21185","Oldham, KY",51207
"21187","Owen, KY",32646
"21189","Owsley, KY",26778
"21191","Pendleton, KY",32621
"21193","Perry, KY",34259
"21195","Pike, KY",32389
"21197","Powell, KY",28436
"21199","Pulaski, KY",33935
"21201","Robertson, KY",29144
"21203","Rockcastle, KY",27554
"21205","Rowan, KY",27855
"21207","Russell, KY",30704
"21209","Scott, KY",37850
"21211","Shelby, KY",37891
"21213","Simpson, KY",32772
"21215","Spencer, KY",38418
"21217","Taylor, KY",31886
"21219","Todd, KY",35386
"21221","Trigg, KY",33911
"21223","Trimble, KY",32114
"21225","Union, KY",35377
"21227","Warren, KY",34718
"21229","Washington, KY",34782
"21231","Wayne, KY",26282
"21233","Webster, KY",37019
"21235","Whitley, KY",30602
"21237","Wolfe, KY",25130
"21239","Woodford, KY",43312
"22001","Acadia, LA",35969
"22003","Allen, LA",28683
"22005","Ascension, LA",44025
"22007","Assumption, LA",37991
"22009","Avoyelles, LA",33355
"22011","Beauregard, LA",38817
"22013","Bienville, LA",31685
"22015","Bossier, LA",40498
"22017","Caddo, LA",47307
"22019","Calcasieu, LA",40292
"22021","Caldwell, LA",34841
"22023","Cameron, LA",45449
"22025","Catahoula, LA",30369
"22027","Claiborne, LA",35194
"22029","Concordia, LA",31386
"22031","De Soto, LA",36252
"22033","East Baton Rouge, LA",44596
"22035","East Carroll, LA",33214
"22037","East Feliciana, LA",35333
"22039","Evangeline, LA",34609
"22041","Franklin, LA",28960
"22043","Grant, LA",28495
"22045","Iberia, LA",38617
"22047","Iberville, LA",35395
"22049","Jackson, LA",33347
"22051","Jefferson, LA",45576
"22053","Jefferson Davis, LA",37394
"22055","Lafayette, LA",51268
"22057","Lafourche, LA",47519
"22059","LaSalle, LA",37229
"22061","Lincoln, LA",33987
"22063","Livingston, LA",36648
"22065","Madison, LA",27890
"22067","Morehouse, LA",32973
"22069","Natchitoches, LA",33437
"22071","Orleans, LA",44938
"22073","Ouachita, LA",35080
"22075","Plaquemines, LA",45399
"22077","Pointe Coupee, LA",40105
"22079","Rapides, LA",40805
"22081","Red River, LA",32470
"22083","Richland, LA",32828
"22085","Sabine, LA",32633
"22087","St. Bernard, LA",28125
"22089","St. Charles, LA",43881
"22091","St. Helena, LA",36880
"22093","St. James, LA",41535
"22095","St. John the Baptist, LA",38005
"22097","St. Landry, LA",37616
"22099","St. Martin, LA",38455
"22101","St. Mary, LA",38127
"22103","St. Tammany, LA",53914
"22105","Tangipahoa, LA",34521
"22107","Tensas, LA",35858
"22109","Terrebonne, LA",45636
"22111","Union, LA",33370
"22113","Vermilion, LA",38767
"22115","Vernon, LA",37008
"22117","Washington, LA",30506
"22119","Webster, LA",34796
"22121","West Baton Rouge, LA",42379
"22123","West Carroll, LA",27361
"22125","West Feliciana, LA",32373
"22127","Winn, LA",34316
"23001","Androscoggin, ME",35764
"23003","Aroostook, ME",35490
"23005","Cumberland, ME",50655
"23007","Franklin, ME",33723
"23009","Hancock, ME",43286
"23011","Kennebec, ME",40184
"23013","Knox, ME",41930
"23015","Lincoln, ME",43649
"23017","Oxford, ME",33620
"23019","Penobscot, ME",35629
"23021","Piscataquis, ME",33602
"23023","Sagadahoc, ME",43907
"23025","Somerset, ME",34722
"23027","Waldo, ME",35822
"23029","Washington, ME",35420
"23031","York, ME",43612
"24001","Allegany, MD",35973
"24003","Anne Arundel, MD",58731
"24005","Baltimore, MD",53180
"24009","Calvert, MD",54061
"24011","Caroline, MD",41194
"24013","Carroll, MD",53929
"24015","Cecil, MD",41764
"24017","Charles, MD",50491
"24019","Dorchester, MD",40407
"24021","Frederick, MD",53079
"24023","Garrett, MD",39677
"24025","Harford, MD",50760
"24027","Howard, MD",68163
"24029","Kent, MD",51244
"24031","Montgomery, MD",73598
"24033","Prince George's, MD",43319
"24035","Queen Anne's, MD",54699
"24037","St. Mary's, MD",50160
"24039","Somerset, MD",29139
"24041","Talbot, MD",63177
"24043","Washington, MD",40926
"24045","Wicomico, MD",37514
"24047","Worcester, MD",50854
"24510","Baltimore (Independent City), MD",43239
"25001","Barnstable, MA",61588
"25003","Berkshire, MA",48088
"25005","Bristol, MA",45691
"25007","Dukes, MA",73848
"25009","Essex, MA",57375
"25011","Franklin, MA",46064
"25013","Hampden, MA",43951
"25015","Hampshire, MA",44628
"25017","Middlesex, MA",70114
"25019","Nantucket, MA",100408
"25021","Norfolk, MA",76960
"25023","Plymouth, MA",56200
"25025","Suffolk, MA",62809
"25027","Worcester, MA",48843
"26001","Alcona, MI",33681
"26003","Alger, MI",27863
"26005","Allegan, MI",37990
"26007","Alpena, MI",34823
"26009","Antrim, MI",38033
"26011","Arenac, MI",32693
"26013","Baraga, MI",29667
"26015","Barry, MI",38438
"26017","Bay, MI",36486
"26019","Benzie, MI",35977
"26021","Berrien, MI",40137
"26023","Branch, MI",31039
"26025","Calhoun, MI",35197
"26027","Cass, MI",37203
"26029","Charlevoix, MI",43792
"26031","Cheboygan, MI",32864
"26033","Chippewa, MI",30057
"26035","Clare, MI",29536
"26037","Clinton, MI",39419
"26039","Crawford, MI",28882
"26041","Delta, MI",35026
"26043","Dickinson, MI",41403
"26045","Eaton, MI",36403
"26047","Emmet, MI",46863
"26049","Genesee, MI",34858
"26051","Gladwin, MI",31074
"26053","Gogebic, MI",33553
"26055","Grand Traverse, MI",42298
"26057","Gratiot, MI",32423
"26059","Hillsdale, MI",31378
"26061","Houghton, MI",31654
"26063","Huron, MI",42513
"26065","Ingham, MI",35646
"26067","Ionia, MI",29841
"26069","Iosco, MI",32350
"26071","Iron, MI",35834
"26073","Isabella, MI",30645
"26075","Jackson, MI",34949
"26077","Kalamazoo, MI",41344
"26079","Kalkaska, MI",31181
"26081","Kent, MI",46499
"26083","Keweenaw, MI",37009
"26085","Lake, MI",28300
"26087","Lapeer, MI",36520
"26089","Leelanau, MI",59347
"26091","Lenawee, MI",33982
"26093","Livingston, MI",47267
"26095","Luce, MI",26993
"26097","Mackinac, MI",36798
"26099","Macomb, MI",39746
"26101","Manistee, MI",34035
"26103","Marquette, MI",35847
"26105","Mason, MI",36109
"26107","Mecosta, MI",28508
"26109","Menominee, MI",37319
"26111","Midland, MI",44417
"26113","Missaukee, MI",31156
"26115","Monroe, MI",39709
"26117","Montcalm, MI",29547
"26119","Montmorency, MI",31881
"26121","Muskegon, MI",33016
"26123","Newaygo, MI",31946
"26125","Oakland, MI",60771
"26127","Oceana, MI",32798
"26129","Ogemaw, MI",29780
"26131","Ontonagon, MI",32389
"26133","Osceola, MI",29831
"26135","Oscoda, MI",31473
"26137","Otsego, MI",33697
"26139","Ottawa, MI",40938
"26141","Presque Isle, MI",32703
"26143","Roscommon, MI",31656
"26145","Saginaw, MI",34135
"26147","St. Clair, MI",37389
"26149","St. Joseph, MI",32629
"26151","Sanilac, MI",33506
"26153","Schoolcraft, MI",34486
"26155","Shiawassee, MI",33632
"26157","Tuscola, MI",32558
"26159","Van Buren, MI",35433
"26161","Washtenaw, MI",49211
"26163","Wayne, MI",36678
"26165","Wexford, MI",31618
"27001","Aitkin, MN",35560
"27003","Anoka, MN",43705
"27005","Becker, MN",40765
"27007","Beltrami, MN",34949
"27009","Benton, MN",37469
"27011","Big Stone, MN",47749
"27013","Blue Earth, MN",40814
"27015","Brown, MN",46552
"27017","Carlton, MN",36738
"27019","Carver, MN",60827
"27021","Cass, MN",39869
"27023","Chippewa, MN",44302
"27025","Chisago, MN",40700
"27027","Clay, MN",39333
"27029","Clearwater, MN",36233
"27031","Cook, MN",43650
"27033","Cottonwood, MN",43982
"27035","Crow Wing, MN",39113
"27037","Dakota, MN",51677
"27039","Dodge, MN",42531
"27041","Douglas, MN",44632
"27043","Faribault, MN",40374
"27045","Fillmore, MN",41663
"27047","Freeborn, MN",39808
"27049","Goodhue, MN",47005
"27051","Grant, MN",44518
"27053","Hennepin, MN",63437
"27055","Houston, MN",45088
"27057","Hubbard, MN",35182
"27059","Isanti, MN",37267
"27061","Itasca, MN",36096
"27063","Jackson, MN",48903
"27065","Kanabec, MN",35203
"27067","Kandiyohi, MN",46346
"27069","Kittson, MN",53025
"27071","Koochiching, MN",35625
"27073","Lac qui Parle, MN",51193
"27075","Lake, MN",41769
"27077","Lake of the Woods, MN",41767
"27079","Le Sueur, MN",42128
"27081","Lincoln, MN",44967
"27083","Lyon, MN",43957
"27085","McLeod, MN",41618
"27087","Mahnomen, MN",32674
"27089","Marshall, MN",46754
"27091","Martin, MN",45718
"27093","Meeker, MN",38191
"27095","Mille Lacs, MN",35571
"27097","Morrison, MN",37337
"27099","Mower, MN",41305
"27101","Murray, MN",50472
"27103","Nicollet, MN",43277
"27105","Nobles, MN",41541
"27107","Norman, MN",44713
"27109","Olmsted, MN",49075
"27111","Otter Tail, MN",41343
"27113","Pennington, MN",47811
"27115","Pine, MN",31867
"27117","Pipestone, MN",50141
"27119","Polk, MN",43179
"27121","Pope, MN",45623
"27123","Ramsey, MN",46768
"27125","Red Lake, MN",46545
"27127","Redwood, MN",51516
"27129","Renville, MN",50426
"27131","Rice, MN",37965
"27133","Rock, MN",47263
"27135","Roseau, MN",41191
"27137","St. Louis, MN",41754
"27139","Scott, MN",50564
"27141","Sherburne, MN",39869
"27143","Sibley, MN",41276
"27145","Stearns, MN",41095
"27147","Steele, MN",42173
"27149","Stevens, MN",53178
"27151","Swift, MN",46050
"27153","Todd, MN",35934
"27155","Traverse, MN",54696
"27157","Wabasha, MN",43435
"27159","Wadena, MN",34470
"27161","Waseca, MN",43696
"27163","Washington, MN",56021
"27165","Watonwan, MN",37702
"27167","Wilkin, MN",50626
"27169","Winona, MN",42368
"27171","Wright, MN",42447
"27173","Yellow Medicine, MN",50898
"28001","Adams, MS",34094
"28003","Alcorn, MS",29492
"28005","Amite, MS",30410
"28007","Attala, MS",29200
"28009","Benton, MS",26503
"28011","Bolivar, MS",33990
"28013","Calhoun, MS",27845
"28015","Carroll, MS",31459
"28017","Chickasaw, MS",31428
"28019","Choctaw, MS",27283
"28021","Claiborne, MS",28619
"28023","Clarke, MS",35949
"28025","Clay, MS",34084
"28027","Coahoma, MS",29696
"28029","Copiah, MS",30838
"28031","Covington, MS",32352
"28033","DeSoto, MS",35258
"28035","Forrest, MS",34113
"28037","Franklin, MS",30422
"28039","George, MS",30668
"28041","Greene, MS",23148
"28043","Grenada, MS",33577
"28045","Hancock, MS",33107
"28047","Harrison, MS",33924
"28049","Hinds, MS",37687
"28051","Holmes, MS",26372
"28053","Humphreys, MS",30498
"28055","Issaquena, MS",22824
"28057","Itawamba, MS",30822
"28059","Jackson, MS",34125
"28061","Jasper, MS",34731
"28063","Jefferson, MS",30434
"28065","Jefferson Davis, MS",28844
"28067","Jones, MS",36941
"28069","Kemper, MS",27454
"28071","Lafayette, MS",34270
"28073","Lamar, MS",33512
"28075","Lauderdale, MS",34592
"28077","Lawrence, MS",32348
"28079","Leake, MS",28439
"28081","Lee, MS",35801
"28083","Leflore, MS",30343
"28085","Lincoln, MS",35176
"28087","Lowndes, MS",36405
"28089","Madison, MS",57134
"28091","Marion, MS",30204
"28093","Marshall, MS",28794
"28095","Monroe, MS",31413
"28097","Montgomery, MS",31908
"28099","Neshoba, MS",34736
"28101","Newton, MS",32222
"28103","Noxubee, MS",31275
"28105","Oktibbeha, MS",29763
"28107","Panola, MS",29524
"28109","Pearl River, MS",32450
"28111","Perry, MS",27220
"28113","Pike, MS",30082
"28115","Pontotoc, MS",28791
"28117","Prentiss, MS",27810
"28119","Quitman, MS",27097
"28121","Rankin, MS",41474
"28123","Scott, MS",29688
"28125","Sharkey, MS",30607
"28127","Simpson, MS",34244
"28129","Smith, MS",33841
"28131","Stone, MS",29556
"28133","Sunflower, MS",27089
"28135","Tallahatchie, MS",28893
"28137","Tate, MS",31139
"28139","Tippah, MS",29494
"28141","Tishomingo, MS",27619
"28143","Tunica, MS",30759
"28145","Union, MS",29916
"28147","Walthall, MS",27750
"28149","Warren, MS",34989
"28151","Washington, MS",32813
"28153","Wayne, MS",34214
"28155","Webster, MS",30250
"28157","Wilkinson, MS",26347
"28159","Winston, MS",31579
"28161","Yalobusha, MS",29870
"28163","Yazoo, MS",27157
"29001","Adair, MO",29604
"29003","Andrew, MO",39535
"29005","Atchison, MO",50180
"29007","Audrain, MO",37308
"29009","Barry, MO",31999
"29011","Barton, MO",34287
"29013","Bates, MO",32800
"29015","Benton, MO",32778
"29017","Bollinger, MO",28654
"29019","Boone, MO",41035
"29021","Buchanan, MO",35585
"29023","Butler, MO",33306
"29025","Caldwell, MO",34164
"29027","Callaway, MO",34071
"29029","Camden, MO",33609
"29031","Cape Girardeau, MO",38951
"29033","Carroll, MO",46862
"29035","Carter, MO",28612
"29037","Cass, MO",40042
"29039","Cedar, MO",30217
"29041","Chariton, MO",46611
"29043","Christian, MO",34158
"29045","Clark, MO",33792
"29047","Clay, MO",42219
"29049","Clinton, MO",38921
"29051","Cole, MO",41780
"29053","Cooper, MO",33629
"29055","Crawford, MO",30720
"29057","Dade, MO",32718
"29059","Dallas, MO",29249
"29061","Daviess, MO",37483
"29063","DeKalb, MO",24901
"29065","Dent, MO",29947
"29067","Douglas, MO",23089
"29069","Dunklin, MO",31242
"29071","Franklin, MO",37416
"29073","Gasconade, MO",35635
"29075","Gentry, MO",42326
"29077","Greene, MO",37311
"29079","Grundy, MO",33321
"29081","Harrison, MO",35952
"29083","Henry, MO",39473
"29085","Hickory, MO",25099
"29087","Holt, MO",45079
"29089","Howard, MO",35380
"29091","Howell, MO",30670
"29093","Iron, MO",30112
"29095","Jackson, MO",40054
"29097","Jasper, MO",34748
"29099","Jefferson, MO",36232
"29101","Johnson, MO",31731
"29103","Knox, MO",43835
"29105","Laclede, MO",31245
"29107","Lafayette, MO",36540
"29109","Lawrence, MO",30475
"29111","Lewis, MO",34594
"29113","Lincoln, MO",33934
"29115","Linn, MO",37441
"29117","Livingston, MO",34344
"29119","McDonald, MO",26288
"29121","Macon, MO",33594
"29123","Madison, MO",32181
"29125","Maries, MO",32795
"29127","Marion, MO",36516
"29129","Mercer, MO",38518
"29131","Miller, MO",29362
"29133","Mississippi, MO",29330
"29135","Moniteau, MO",33560
"29137","Monroe, MO",41478
"29139","Montgomery, MO",33799
"29141","Morgan, MO",38478
"29143","New Madrid, MO",31953
"29145","Newton, MO",34855
"29147","Nodaway, MO",30314
"29149","Oregon, MO",25820
"29151","Osage, MO",41674
"29153","Ozark, MO",26983
"29155","Pemiscot, MO",31810
"29157","Perry, MO",34761
"29159","Pettis, MO",35016
"29161","Phelps, MO",32046
"29163","Pike, MO",32105
"29165","Platte, MO",49681
"29167","Polk, MO",30097
"29169","Pulaski, MO",37890
"29171","Putnam, MO",38208
"29173","Ralls, MO",37615
"29175","Randolph, MO",35132
"29177","Ray, MO",36013
"29179","Reynolds, MO",27663
"29181","Ripley, MO",27936
"29183","St. Charles, MO",45434
"29185","St. Clair, MO",31869
"29186","Ste. Genevieve, MO",35877
"29187","St. Francois, MO",29474
"29189","St. Louis, MO",60216
"29195","Saline, MO",39024
"29197","Schuyler, MO",28205
"29199","Scotland, MO",39307
"29201","Scott, MO",36664
"29203","Shannon, MO",23335
"29205","Shelby, MO",44134
"29207","Stoddard, MO",34322
"29209","Stone, MO",32762
"29211","Sullivan, MO",42748
"29213","Taney, MO",31638
"29215","Texas, MO",25747
"29217","Vernon, MO",34383
"29219","Warren, MO",34895
"29221","Washington, MO",26233
"29223","Wayne, MO",26134
"29225","Webster, MO",30411
"29227","Worth, MO",44868
"29229","Wright, MO",26846
"29510","St. Louis (Independent City), MO",39837
"30001","Beaverhead, MT",39463
"30003","Big Horn, MT",28075
"30005","Blaine, MT",27055
"30007","Broadwater, MT",35236
"30009","Carbon, MT",41182
"30011","Carter, MT",51426
"30013","Cascade, MT",40678
"30015","Chouteau, MT",30848
"30017","Custer, MT",40934
"30019","Daniels, MT",37495
"30021","Dawson, MT",42870
"30023","Deer Lodge, MT",34305
"30025","Fallon, MT",51437
"30027","Fergus, MT",37361
"30029","Flathead, MT",38544
"30031","Gallatin, MT",44553
"30033","Garfield, MT",41182
"30035","Glacier, MT",30985
"30037","Golden Valley, MT",48079
"30039","Granite, MT",34237
"30041","Hill, MT",38439
"30043","Jefferson, MT",41966
"30045","Judith Basin, MT",48290
"30047","Lake, MT",31619
"30049","Lewis and Clark, MT",42768
"30051","Liberty, MT",34292
"30053","Lincoln, MT",31145
"30055","McCone, MT",51117
"30057","Madison, MT",42016
"30059","Meagher, MT",42900
"30061","Mineral, MT",31424
"30063","Missoula, MT",39211
"30065","Musselshell, MT",38234
"30067","Park, MT",42176
"30069","Petroleum, MT",54706
"30071","Phillips, MT",35491
"30073","Pondera, MT",39180
"30075","Powder River, MT",36623
"30077","Powell, MT",34214
"30079","Prairie, MT",39008
"30081","Ravalli, MT",36063
"30083","Richland, MT",65826
"30085","Roosevelt, MT",37514
"30087","Rosebud, MT",35537
"30089","Sanders, MT",29864
"30091","Sheridan, MT",53600
"30093","Silver Bow, MT",45564
"30095","Stillwater, MT",43038
"30097","Sweet Grass, MT",42777
"30099","Teton, MT",44644
"30101","Toole, MT",38820
"30103","Treasure, MT",58214
"30105","Valley, MT",41828
"30107","Wheatland, MT",35562
"30109","Wibaux, MT",42840
"30111","Yellowstone, MT",45015
"31001","Adams, NE",42581
"31003","Antelope, NE",51553
"31005","Arthur, NE",59729
"31007","Banner, NE",79235
"31009","Blaine, NE",69956
"31011","Boone, NE",63398
"31013","Box Butte, NE",44801
"31015","Boyd, NE",48653
"31017","Brown, NE",57890
"31019","Buffalo, NE",45241
"31021","Burt, NE",45372
"31023","Butler, NE",43832
"31025","Cass, NE",44221
"31027","Cedar, NE",50165
"31029","Chase, NE",58618
"31031","Cherry, NE",59312
"31033","Cheyenne, NE",55954
"31035","Clay, NE",48140
"31037","Colfax, NE",42210
"31039","Cuming, NE",75295
"31041","Custer, NE",53102
"31043","Dakota, NE",34379
"31045","Dawes, NE",35704
"31047","Dawson, NE",38391
"31049","Deuel, NE",47093
"31051","Dixon, NE",44747
"31053","Dodge, NE",40010
"31055","Douglas, NE",56765
"31057","Dundy, NE",70831
"31059","Fillmore, NE",56727
"31061","Franklin, NE",43788
"31063","Frontier, NE",52145
"31065","Furnas, NE",50576
"31067","Gage, NE",45722
"31069","Garden, NE",54689
"31071","Garfield, NE",47276
"31073","Gosper, NE",52220
"31075","Grant, NE",58684
"31077","Greeley, NE",44467
"31079","Hall, NE",37533
"31081","Hamilton, NE",48631
"31083","Harlan, NE",45837
"31085","Hayes, NE",78752
"31087","Hitchcock, NE",41172
"31089","Holt, NE",53368
"31091","Hooker, NE",54620
"31093","Howard, NE",43154
"31095","Jefferson, NE",48751
"31097","Johnson, NE",37585
"31099","Kearney, NE",83904
"31101","Keith, NE",44919
"31103","Keya Paha, NE",76435
"31105","Kimball, NE",49557
"31107","Knox, NE",47707
"31109","Lancaster, NE",42942
"31111","Lincoln, NE",46647
"31113","Logan, NE",49879
"31115","Loup, NE",72649
"31117","McPherson, NE",80244
"31119","Madison, NE",43615
"31121","Merrick, NE",46537
"31123","Morrill, NE",55486
"31125","Nance, NE",46048
"31127","Nemaha, NE",43271
"31129","Nuckolls, NE",44193
"31131","Otoe, NE",42729
"31133","Pawnee, NE",51239
"31135","Perkins, NE",65773
"31137","Phelps, NE",58098
"31139","Pierce, NE",54172
"31141","Platte, NE",44461
"31143","Polk, NE",47894
"31145","Red Willow, NE",47196
"31147","Richardson, NE",44406
"31149","Rock, NE",73301
"31151","Saline, NE",38253
"31153","Sarpy, NE",43416
"31155","Saunders, NE",45197
"31157","Scotts Bluff, NE",40747
"31159","Seward, NE",45380
"31161","Sheridan, NE",52720
"31163","Sherman, NE",40622
"31165","Sioux, NE",69696
"31167","Stanton, NE",43072
"31169","Thayer, NE",53574
"31171","Thomas, NE",69961
"31173","Thurston, NE",48603
"31175","Valley, NE",43981
"31177","Washington, NE",47808
"31179","Wayne, NE",42812
"31181","Webster, NE",45891
"31183","Wheeler, NE",127137
"31185","York, NE",47422
"32001","Churchill, NV",35691
"32003","Clark, NV",39613
"32005","Douglas, NV",57130
"32007","Elko, NV",42795
"32009","Esmeralda, NV",47920
"32011","Eureka, NV",37952
"32013","Humboldt, NV",43184
"32015","Lander, NV",50782
"32017","Lincoln, NV",27163
"32019","Lyon, NV",31254
"32021","Mineral, NV",33950
"32023","Nye, NV",33693
"32027","Pershing, NV",30513
"32029","Storey, NV",38583
"32031","Washoe, NV",44778
"32033","White Pine, NV",39601
"32510","Carson City (Independent City), NV",39875
"33001","Belknap, NH",52552
"33003","Carroll, NH",51270
"33005","Cheshire, NH",46090
"33007","Coos, NH",39145
"33009","Grafton, NH",53580
"33011","Hillsborough, NH",54578
"33013","Merrimack, NH",52969
"33015","Rockingham, NH",61898
"33017","Strafford, NH",43630
"33019","Sullivan, NH",46736
"34001","Atlantic, NJ",41931
"34003","Bergen, NJ",73424
"34005","Burlington, NJ",53014
"34007","Camden, NJ",46259
"34009","Cape May, NJ",50875
"34011","Cumberland, NJ",34786
"34013","Essex, NJ",57674
"34015","Gloucester, NJ",46852
"34017","Hudson, NJ",51267
"34019","Hunterdon, NJ",78487
"34021","Mercer, NJ",61238
"34023","Middlesex, NJ",51974
"34025","Monmouth, NJ",66749
"34027","Morris, NJ",83876
"34029","Ocean, NJ",44453
"34031","Passaic, NJ",45043
"34033","Salem, NJ",42402
"34035","Somerset, NJ",82913
"34037","Sussex, NJ",53207
"34039","Union, NJ",57950
"34041","Warren, NJ",48826
"35001","Bernalillo, NM",38100
"35003","Catron, NM",31335
"35005","Chaves, NM",36909
"35006","Cibola, NM*",25066
"35007","Colfax, NM",36275
"35009","Curry, NM",42662
"35011","De Baca, NM",43646
"35013","Doa Ana, NM",30453
"35015","Eddy, NM",51720
"35017","Grant, NM",34988
"35019","Guadalupe, NM",29594
"35021","Harding, NM",51411
"35023","Hidalgo, NM",35339
"35025","Lea, NM",37752
"35027","Lincoln, NM",37982
"35028","Los Alamos, NM",63298
"35029","Luna, NM",28401
"35031","McKinley, NM",24495
"35033","Mora, NM",43705
"35035","Otero, NM",33014
"35037","Quay, NM",34786
"35039","Rio Arriba, NM",30351
"35041","Roosevelt, NM",37991
"35043","Sandoval, NM",36447
"35045","San Juan, NM",35454
"35047","San Miguel, NM",30487
"35049","Santa Fe, NM",49037
"35051","Sierra, NM",34272
"35053","Socorro, NM",31784
"35055","Taos, NM",32856
"35057","Torrance, NM",27870
"35059","Union, NM",35246
"35061","Valencia, NM*",29409
"36001","Albany, NY",54355
"36003","Allegany, NY",32850
"36005","Bronx, NY",31244
"36007","Broome, NY",38035
"36009","Cattaraugus, NY",35637
"36011","Cayuga, NY",37655
"36013","Chautauqua, NY",34945
"36015","Chemung, NY",38863
"36017","Chenango, NY",36667
"36019","Clinton, NY",38206
"36021","Columbia, NY",48506
"36023","Cortland, NY",35375
"36025","Delaware, NY",35446
"36027","Dutchess, NY",47198
"36029","Erie, NY",44922
"36031","Essex, NY",39980
"36033","Franklin, NY",35093
"36035","Fulton, NY",37068
"36037","Genesee, NY",39091
"36039","Greene, NY",40763
"36041","Hamilton, NY",50172
"36043","Herkimer, NY",36037
"36045","Jefferson, NY",42533
"36047","Kings, NY",41025
"36049","Lewis, NY",40544
"36051","Livingston, NY",36489
"36053","Madison, NY",38271
"36055","Monroe, NY",45838
"36057","Montgomery, NY",36862
"36059","Nassau, NY",75609
"36061","New York, NY",153214
"36063","Niagara, NY",39570
"36065","Oneida, NY",38411
"36067","Onondaga, NY",45010
"36069","Ontario, NY",45771
"36071","Orange, NY",45002
"36073","Orleans, NY",33451
"36075","Oswego, NY",34978
"36077","Otsego, NY",36989
"36079","Putnam, NY",56980
"36081","Queens, NY",40397
"36083","Rensselaer, NY",42899
"36085","Richmond, NY",47755
"36087","Rockland, NY",52875
"36089","St. Lawrence, NY",33038
"36091","Saratoga, NY",56795
"36093","Schenectady, NY",46565
"36095","Schoharie, NY",34974
"36097","Schuyler, NY",37717
"36099","Seneca, NY",34198
"36101","Steuben, NY",39050
"36103","Suffolk, NY",57196
"36105","Sullivan, NY",39353
"36107","Tioga, NY",38617
"36109","Tompkins, NY",39139
"36111","Ulster, NY",42650
"36113","Warren, NY",45507
"36115","Washington, NY",35621
"36117","Wayne, NY",39358
"36119","Westchester, NY",90999
"36121","Wyoming, NY",37968
"36123","Yates, NY",35604
"37001","Alamance, NC",34689
"37003","Alexander, NC",31863
"37005","Alleghany, NC",31518
"37007","Anson, NC",30743
"37009","Ashe, NC",30546
"37011","Avery, NC",29913
"37013","Beaufort, NC",36897
"37015","Bertie, NC",31372
"37017","Bladen, NC",32004
"37019","Brunswick, NC",35360
"37021","Buncombe, NC",39340
"37023","Burke, NC",30136
"37025","Cabarrus, NC",37947
"37027","Caldwell, NC",29957
"37029","Camden, NC",39912
"37031","Carteret, NC",42804
"37033","Caswell, NC",30217
"37035","Catawba, NC",38277
"37037","Chatham, NC",51186
"37039","Cherokee, NC",27996
"37041","Chowan, NC",33822
"37043","Clay, NC",28898
"37045","Cleveland, NC",32148
"37047","Columbus, NC",29923
"37049","Craven, NC",39289
"37051","Cumberland, NC",36157
"37053","Currituck, NC",39419
"37055","Dare, NC",47033
"37057","Davidson, NC",33852
"37059","Davie, NC",40735
"37061","Duplin, NC",32419
"37063","Durham, NC",42995
"37065","Edgecombe, NC",31387
"37067","Forsyth, NC",42335
"37069","Franklin, NC",31080
"37071","Gaston, NC",35531
"37073","Gates, NC",32626
"37075","Graham, NC",28213
"37077","Granville, NC",33114
"37079","Greene, NC",30260
"37081","Guilford, NC",40321
"37083","Halifax, NC",31926
"37085","Harnett, NC",30358
"37087","Haywood, NC",33929
"37089","Henderson, NC",36336
"37091","Hertford, NC",28940
"37093","Hoke, NC",28503
"37095","Hyde, NC",32693
"37097","Iredell, NC",42730
"37099","Jackson, NC",30725
"37101","Johnston, NC",34687
"37103","Jones, NC",37197
"37105","Lee, NC",34271
"37107","Lenoir, NC",36550
"37109","Lincoln, NC",37522
"37111","McDowell, NC",29289
"37113","Macon, NC",34092
"37115","Madison, NC",28694
"37117","Martin, NC",33638
"37119","Mecklenburg, NC",49855
"37121","Mitchell, NC",30024
"37123","Montgomery, NC",32407
"37125","Moore, NC",42736
"37127","Nash, NC",37720
"37129","New Hanover, NC",39035
"37131","Northampton, NC",30640
"37133","Onslow, NC",44358
"37135","Orange, NC",53920
"37137","Pamlico, NC",36750
"37139","Pasquotank, NC",34653
"37141","Pender, NC",32466
"37143","Perquimans, NC",35914
"37145","Person, NC",33873
"37147","Pitt, NC",35922
"37149","Polk, NC",40125
"37151","Randolph, NC",32723
"37153","Richmond, NC",30194
"37155","Robeson, NC",26741
"37157","Rockingham, NC",32845
"37159","Rowan, NC",32820
"37161","Rutherford, NC",28212
"37163","Sampson, NC",35582
"37165","Scotland, NC",29515
"37167","Stanly, NC",32633
"37169","Stokes, NC",31668
"37171","Surry, NC",33496
"37173","Swain, NC",30507
"37175","Transylvania, NC",34180
"37177","Tyrrell, NC",29956
"37179","Union, NC",41885
"37181","Vance, NC",30739
"37183","Wake, NC",50294
"37185","Warren, NC",27688
"37187","Washington, NC",31658
"37189","Watauga, NC",31931
"37191","Wayne, NC",35100
"37193","Wilkes, NC",31028
"37195","Wilson, NC",36375
"37197","Yadkin, NC",32943
"37199","Yancey, NC",30514
"38001","Adams, ND",46591
"38003","Barnes, ND",49822
"38005","Benson, ND",32299
"38007","Billings, ND",103832
"38009","Bottineau, ND",57824
"38011","Bowman, ND",68710
"38013","Burke, ND",97577
"38015","Burleigh, ND",55744
"38017","Cass, ND",52633
"38019","Cavalier, ND",65361
"38021","Dickey, ND",60373
"38023","Divide, ND",71457
"38025","Dunn, ND",90523
"38027","Eddy, ND",47086
"38029","Emmons, ND",42748
"38031","Foster, ND",55620
"38033","Golden Valley, ND",55286
"38035","Grand Forks, ND",45181
"38037","Grant, ND",44925
"38039","Griggs, ND",53045
"38041","Hettinger, ND",58299
"38043","Kidder, ND",51600
"38045","LaMoure, ND",57317
"38047","Logan, ND",60825
"38049","McHenry, ND",53635
"38051","McIntosh, ND",48654
"38053","McKenzie, ND",87347
"38055","McLean, ND",58482
"38057","Mercer, ND",52239
"38059","Morton, ND",48258
"38061","Mountrail, ND",79328
"38063","Nelson, ND",50569
"38065","Oliver, ND",44149
"38067","Pembina, ND",50120
"38069","Pierce, ND",41610
"38071","Ramsey, ND",46261
"38073","Ransom, ND",45797
"38075","Renville, ND",57090
"38077","Richland, ND",43808
"38079","Rolette, ND",31438
"38081","Sargent, ND",54207
"38083","Sheridan, ND",30314
"38085","Sioux, ND",24721
"38087","Slope, ND",70295
"38089","Stark, ND",98128
"38091","Steele, ND",59308
"38093","Stutsman, ND",47565
"38095","Towner, ND",47257
"38097","Traill, ND",48878
"38099","Walsh, ND",46825
"38101","Ward, ND",58379
"38103","Wells, ND",51561
"38105","Williams, ND",128184
"39001","Adams, OH",28427
"39003","Allen, OH",36188
"39005","Ashland, OH",33670
"39007","Ashtabula, OH",33734
"39009","Athens, OH",31069
"39011","Auglaize, OH",41913
"39013","Belmont, OH",36758
"39015","Brown, OH",31474
"39017","Butler, OH",40073
"39019","Carroll, OH",34769
"39021","Champaign, OH",36264
"39023","Clark, OH",35819
"39025","Clermont, OH",43910
"39027","Clinton, OH",37812
"39029","Columbiana, OH",34082
"39031","Coshocton, OH",32834
"39033","Crawford, OH",34020
"39035","Cuyahoga, OH",47087
"39037","Darke, OH",37505
"39039","Defiance, OH",36475
"39041","Delaware, OH",62311
"39043","Erie, OH",47814
"39045","Fairfield, OH",39611
"39047","Fayette, OH",33696
"39049","Franklin, OH",45364
"39051","Fulton, OH",38919
"39053","Gallia, OH",34251
"39055","Geauga, OH",59409
"39057","Greene, OH",43179
"39059","Guernsey, OH",35540
"39061","Hamilton, OH",51211
"39063","Hancock, OH",45344
"39065","Hardin, OH",32299
"39067","Harrison, OH",34843
"39069","Henry, OH",38185
"39071","Highland, OH",30587
"39073","Hocking, OH",32191
"39075","Holmes, OH",35069
"39077","Huron, OH",35251
"39079","Jackson, OH",32308
"39081","Jefferson, OH",34103
"39083","Knox, OH",37985
"39085","Lake, OH",44326
"39087","Lawrence, OH",33324
"39089","Licking, OH",39926
"39091","Logan, OH",37275
"39093","Lorain, OH",39992
"39095","Lucas, OH",40367
"39097","Madison, OH",35790
"39099","Mahoning, OH",38917
"39101","Marion, OH",31682
"39103","Medina, OH",47065
"39105","Meigs, OH",29217
"39107","Mercer, OH",44916
"39109","Miami, OH",41169
"39111","Monroe, OH",30748
"39113","Montgomery, OH",40742
"39115","Morgan, OH",29664
"39117","Morrow, OH",33115
"39119","Muskingum, OH",36285
"39121","Noble, OH",28178
"39123","Ottawa, OH",43640
"39125","Paulding, OH",36698
"39127","Perry, OH",32136
"39129","Pickaway, OH",35567
"39131","Pike, OH",32070
"39133","Portage, OH",38649
"39135","Preble, OH",35635
"39137","Putnam, OH",42885
"39139","Richland, OH",34596
"39141","Ross, OH",32636
"39143","Sandusky, OH",36490
"39145","Scioto, OH",31904
"39147","Seneca, OH",35190
"39149","Shelby, OH",40872
"39151","Stark, OH",39769
"39153","Summit, OH",44441
"39155","Trumbull, OH",35626
"39157","Tuscarawas, OH",38400
"39159","Union, OH",44349
"39161","Van Wert, OH",36956
"39163","Vinton, OH",29434
"39165","Warren, OH",49945
"39167","Washington, OH",37587
"39169","Wayne, OH",37435
"39171","Williams, OH",36757
"39173","Wood, OH",41085
"39175","Wyandot, OH",37682
"40001","Adair, OK",25977
"40003","Alfalfa, OK",48138
"40005","Atoka, OK",29901
"40007","Beaver, OK",53194
"40009","Beckham, OK",44170
"40011","Blaine, OK",41392
"40013","Bryan, OK",30321
"40015","Caddo, OK",30517
"40017","Canadian, OK",43171
"40019","Carter, OK",43039
"40021","Cherokee, OK",28408
"40023","Choctaw, OK",30508
"40025","Cimarron, OK",58534
"40027","Cleveland, OK",42021
"40029","Coal, OK",34619
"40031","Comanche, OK",36932
"40033","Cotton, OK",38925
"40035","Craig, OK",35272
"40037","Creek, OK",37598
"40039","Custer, OK",40283
"40041","Delaware, OK",30323
"40043","Dewey, OK",47643
"40045","Ellis, OK",67713
"40047","Garfield, OK",45253
"40049","Garvin, OK",41483
"40051","Grady, OK",38334
"40053","Grant, OK",52034
"40055","Greer, OK",26390
"40057","Harmon, OK",38303
"40059","Harper, OK",49899
"40061","Haskell, OK",33048
"40063","Hughes, OK",31957
"40065","Jackson, OK",37868
"40067","Jefferson, OK",37228
"40069","Johnston, OK",31442
"40071","Kay, OK",38037
"40073","Kingfisher, OK",46186
"40075","Kiowa, OK",33526
"40077","Latimer, OK",32758
"40079","Le Flore, OK",30700
"40081","Lincoln, OK",34177
"40083","Logan, OK",38511
"40085","Love, OK",35541
"40087","McClain, OK",42615
"40089","McCurtain, OK",29702
"40091","McIntosh, OK",31781
"40093","Major, OK",46940
"40095","Marshall, OK",33503
"40097","Mayes, OK",34727
"40099","Murray, OK",39769
"40101","Muskogee, OK",32848
"40103","Noble, OK",38618
"40105","Nowata, OK",34061
"40107","Okfuskee, OK",28565
"40109","Oklahoma, OK",46865
"40111","Okmulgee, OK",31469
"40113","Osage, OK",33020
"40115","Ottawa, OK",32740
"40117","Pawnee, OK",33310
"40119","Payne, OK",36670
"40121","Pittsburg, OK",34432
"40123","Pontotoc, OK",38992
"40125","Pottawatomie, OK",35140
"40127","Pushmataha, OK",27973
"40129","Roger Mills, OK",55540
"40131","Rogers, OK",40679
"40133","Seminole, OK",33236
"40135","Sequoyah, OK",30273
"40137","Stephens, OK",48062
"40139","Texas, OK",44950
"40141","Tillman, OK",36773
"40143","Tulsa, OK",71114
"40145","Wagoner, OK",35730
"40147","Washington, OK",56351
"40149","Washita, OK",36042
"40151","Woods, OK",46483
"40153","Woodward, OK",52202
"41001","Baker, OR",33358
"41003","Benton, OR",39807
"41005","Clackamas, OR",47464
"41007","Clatsop, OR",38512
"41009","Columbia, OR",36674
"41011","Coos, OR",36690
"41013","Crook, OR",34168
"41015","Curry, OR",36765
"41017","Deschutes, OR",41835
"41019","Douglas, OR",34335
"41021","Gilliam, OR",39246
"41023","Grant, OR",36627
"41025","Harney, OR",35562
"41027","Hood River, OR",43141
"41029","Jackson, OR",38644
"41031","Jefferson, OR",30810
"41033","Josephine, OR",34359
"41035","Klamath, OR",33231
"41037","Lake, OR",35290
"41039","Lane, OR",37867
"41041","Lincoln, OR",37462
"41043","Linn, OR",35379
"41045","Malheur, OR",28267
"41047","Marion, OR",35190
"41049","Morrow, OR",41930
"41051","Multnomah, OR",47136
"41053","Polk, OR",35029
"41055","Sherman, OR",57019
"41057","Tillamook, OR",37027
"41059","Umatilla, OR",34304
"41061","Union, OR",34825
"41063","Wallowa, OR",40221
"41065","Wasco, OR",39146
"41067","Washington, OR",49553
"41069","Wheeler, OR",33087
"41071","Yamhill, OR",36765
"42001","Adams, PA",43361
"42003","Allegheny, PA",51975
"42005","Armstrong, PA",40000
"42007","Beaver, PA",41439
"42009","Bedford, PA",35366
"42011","Berks, PA",43147
"42013","Blair, PA",39134
"42015","Bradford, PA",38554
"42017","Bucks, PA",61819
"42019","Butler, PA",49576
"42021","Cambria, PA",37150
"42023","Cameron, PA",43077
"42025","Carbon, PA",41942
"42027","Centre, PA",40473
"42029","Chester, PA",71725
"42031","Clarion, PA",35553
"42033","Clearfield, PA",38032
"42035","Clinton, PA",35723
"42037","Columbia, PA",35852
"42039","Crawford, PA",35828
"42041","Cumberland, PA",49045
"42043","Dauphin, PA",44974
"42045","Delaware, PA",55640
"42047","Elk, PA",42667
"42049","Erie, PA",38823
"42051","Fayette, PA",36813
"42053","Forest, PA",24175
"42055","Franklin, PA",40651
"42057","Fulton, PA",35829
"42059","Greene, PA",44719
"42061","Huntingdon, PA",34766
"42063","Indiana, PA",34510
"42065","Jefferson, PA",37228
"42067","Juniata, PA",36225
"42069","Lackawanna, PA",40975
"42071","Lancaster, PA",42989
"42073","Lawrence, PA",38238
"42075","Lebanon, PA",41613
"42077","Lehigh, PA",46069
"42079","Luzerne, PA",39106
"42081","Lycoming, PA",39944
"42083","McKean, PA",39419
"42085","Mercer, PA",36402
"42087","Mifflin, PA",33806
"42089","Monroe, PA",36415
"42091","Montgomery, PA",69255
"42093","Montour, PA",48843
"42095","Northampton, PA",45927
"42097","Northumberland, PA",36312
"42099","Perry, PA",38648
"42101","Philadelphia, PA",48287
"42103","Pike, PA",38793
"42105","Potter, PA",34257
"42107","Schuylkill, PA",37848
"42109","Snyder, PA",36844
"42111","Somerset, PA",35605
"42113","Sullivan, PA",38511
"42115","Susquehanna, PA",38899
"42117","Tioga, PA",35059
"42119","Union, PA",35175
"42121","Venango, PA",37139
"42123","Warren, PA",42102
"42125","Washington, PA",49877
"42127","Wayne, PA",35978
"42129","Westmoreland, PA",44931
"42131","Wyoming, PA",39663
"42133","York, PA",43099
"44001","Bristol, RI",66549
"44003","Kent, RI",51608
"44005","Newport, RI",59613
"44007","Providence, RI",42534
"44009","Washington, RI",56045
"45001","Abbeville, SC",29190
"45003","Aiken, SC",36129
"45005","Allendale, SC",27103
"45007","Anderson, SC",34081
"45009","Bamberg, SC",29565
"45011","Barnwell, SC",27089
"45013","Beaufort, SC",47105
"45015","Berkeley, SC",33374
"45017","Calhoun, SC",32622
"45019","Charleston, SC",49410
"45021","Cherokee, SC",28216
"45023","Chester, SC",28966
"45025","Chesterfield, SC",28519
"45027","Clarendon, SC",26564
"45029","Colleton, SC",31554
"45031","Darlington, SC",32553
"45033","Dillon, SC",24422
"45035","Dorchester, SC",34715
"45037","Edgefield, SC",29900
"45039","Fairfield, SC",32044
"45041","Florence, SC",35892
"45043","Georgetown, SC",38501
"45045","Greenville, SC",41386
"45047","Greenwood, SC",32444
"45049","Hampton, SC",26310
"45051","Horry, SC",31989
"45053","Jasper, SC",24705
"45055","Kershaw, SC",35455
"45057","Lancaster, SC",36289
"45059","Laurens, SC",30268
"45061","Lee, SC",25071
"45063","Lexington, SC",39771
"45065","McCormick, SC",31780
"45067","Marion, SC",27536
"45069","Marlboro, SC",24368
"45071","Newberry, SC",33192
"45073","Oconee, SC",36407
"45075","Orangeburg, SC",29374
"45077","Pickens, SC",32668
"45079","Richland, SC",39415
"45081","Saluda, SC",30599
"45083","Spartanburg, SC",37104
"45085","Sumter, SC",35657
"45087","Union, SC",28850
"45089","Williamsburg, SC",26622
"45091","York, SC",38183
"46003","Aurora, SD",47486
"46005","Beadle, SD",45752
"46007","Bennett, SD",30168
"46009","Bon Homme, SD",35243
"46011","Brookings, SD",41906
"46013","Brown, SD",47111
"46015","Brule, SD",45283
"46017","Buffalo, SD",23831
"46019","Butte, SD",34088
"46021","Campbell, SD",47011
"46023","Charles Mix, SD",40821
"46025","Clark, SD",51608
"46027","Clay, SD",34440
"46029","Codington, SD",41245
"46031","Corson, SD",30450
"46033","Custer, SD",41623
"46035","Davison, SD",46566
"46037","Day, SD",42257
"46039","Deuel, SD",50668
"46041","Dewey, SD",39099
"46043","Douglas, SD",52005
"46045","Edmunds, SD",50987
"46047","Fall River, SD",43611
"46049","Faulk, SD",53662
"46051","Grant, SD",54467
"46053","Gregory, SD",42577
"46055","Haakon, SD",59028
"46057","Hamlin, SD",35351
"46059","Hand, SD",55730
"46061","Hanson, SD",63748
"46063","Harding, SD",64386
"46065","Hughes, SD",48092
"46067","Hutchinson, SD",48344
"46069","Hyde, SD",52806
"46071","Jackson, SD",28372
"46073","Jerauld, SD",46880
"46075","Jones, SD",63609
"46077","Kingsbury, SD",51259
"46079","Lake, SD",52864
"46081","Lawrence, SD",42443
"46083","Lincoln, SD",58838
"46085","Lyman, SD",38886
"46087","McCook, SD",43249
"46089","McPherson, SD",43245
"46091","Marshall, SD",46090
"46093","Meade, SD",37966
"46095","Mellette, SD",30457
"46097","Miner, SD",45364
"46099","Minnehaha, SD",47974
"46101","Moody, SD",44005
"46102","Oglala Lakota, SD*",23941
"46103","Pennington, SD",44996
"46105","Perkins, SD",44701
"46107","Potter, SD",108004
"46109","Roberts, SD",31482
"46111","Sanborn, SD",40456
"46115","Spink, SD",49904
"46117","Stanley, SD",58765
"46119","Sully, SD",86060
"46121","Todd, SD",24281
"46123","Tripp, SD",46707
"46125","Turner, SD",50934
"46127","Union, SD",82092
"46129","Walworth, SD",42753
"46135","Yankton, SD",42675
"46137","Ziebach, SD",27090
"47001","Anderson, TN",36972
"47003","Bedford, TN",33282
"47005","Benton, TN",32334
"47007","Bledsoe, TN",20018
"47009","Blount, TN",36571
"47011","Bradley, TN",35767
"47013","Campbell, TN",29636
"47015","Cannon, TN",31996
"47017","Carroll, TN",33553
"47019","Carter, TN",30337
"47021","Cheatham, TN",36074
"47023","Chester, TN",28505
"47025","Claiborne, TN",30069
"47027","Clay, TN",30976
"47029","Cocke, TN",27981
"47031","Coffee, TN",35399
"47033","Crockett, TN",35144
"47035","Cumberland, TN",32956
"47037","Davidson, TN",51563
"47039","Decatur, TN",32965
"47041","DeKalb, TN",31646
"47043","Dickson, TN",34152
"47045","Dyer, TN",37044
"47047","Fayette, TN",46109
"47049","Fentress, TN",28827
"47051","Franklin, TN",34575
"47053","Gibson, TN",34844
"47055","Giles, TN",34374
"47057","Grainger, TN",28454
"47059","Greene, TN",35879
"47061","Grundy, TN",27672
"47063","Hamblen, TN",33243
"47065","Hamilton, TN",44866
"47067","Hancock, TN",22964
"47069","Hardeman, TN",26486
"47071","Hardin, TN",33505
"47073","Hawkins, TN",30385
"47075","Haywood, TN",28845
"47077","Henderson, TN",31763
"47079","Henry, TN",36637
"47081","Hickman, TN",27634
"47083","Houston, TN",30729
"47085","Humphreys, TN",34346
"47087","Jackson, TN",27396
"47089","Jefferson, TN",30875
"47091","Johnson, TN",28637
"47093","Knox, TN",42981
"47095","Lake, TN",24010
"47097","Lauderdale, TN",25741
"47099","Lawrence, TN",30470
"47101","Lewis, TN",28085
"47103","Lincoln, TN",36244
"47105","Loudon, TN",41300
"47107","McMinn, TN",31886
"47109","McNairy, TN",28214
"47111","Macon, TN",29192
"47113","Madison, TN",36460
"47115","Marion, TN",33341
"47117","Marshall, TN",32110
"47119","Maury, TN",36268
"47121","Meigs, TN",29947
"47123","Monroe, TN",28967
"47125","Montgomery, TN",38552
"47127","Moore, TN",36938
"47129","Morgan, TN",25795
"47131","Obion, TN",35289
"47133","Overton, TN",28902
"47135","Perry, TN",27756
"47137","Pickett, TN",32510
"47139","Polk, TN",30593
"47141","Putnam, TN",35001
"47143","Rhea, TN",31198
"47145","Roane, TN",35955
"47147","Robertson, TN",35652
"47149","Rutherford, TN",35948
"47151","Scott, TN",26557
"47153","Sequatchie, TN",32424
"47155","Sevier, TN",33397
"47157","Shelby, TN",43709
"47159","Smith, TN",33887
"47161","Stewart, TN",36703
"47163","Sullivan, TN",37571
"47165","Sumner, TN",41100
"47167","Tipton, TN",33635
"47169","Trousdale, TN",32956
"47171","Unicoi, TN",33506
"47173","Union, TN",27423
"47175","Van Buren, TN",25407
"47177","Warren, TN",31120
"47179","Washington, TN",37624
"47181","Wayne, TN",27125
"47183","Weakley, TN",32082
"47185","White, TN",30066
"47187","Williamson, TN",81903
"47189","Wilson, TN",41294
"48001","Anderson, TX",30604
"48003","Andrews, TX",57624
"48005","Angelina, TX",37631
"48007","Aransas, TX",43600
"48009","Archer, TX",50527
"48011","Armstrong, TX",42188
"48013","Atascosa, TX",37630
"48015","Austin, TX",49042
"48017","Bailey, TX",42967
"48019","Bandera, TX",40804
"48021","Bastrop, TX",31329
"48023","Baylor, TX",42285
"48025","Bee, TX",29305
"48027","Bell, TX",40106
"48029","Bexar, TX",41184
"48031","Blanco, TX",47191
"48033","Borden, TX",49161
"48035","Bosque, TX",38384
"48037","Bowie, TX",35451
"48039","Brazoria, TX",43876
"48041","Brazos, TX",34102
"48043","Brewster, TX",40530
"48045","Briscoe, TX",38175
"48047","Brooks, TX",34553
"48049","Brown, TX",32453
"48051","Burleson, TX",40353
"48053","Burnet, TX",42693
"48055","Caldwell, TX",29577
"48057","Calhoun, TX",38386
"48059","Callahan, TX",36942
"48061","Cameron, TX",25615
"48063","Camp, TX",36321
"48065","Carson, TX",42512
"48067","Cass, TX",33067
"48069","Castro, TX",51403
"48071","Chambers, TX",48463
"48073","Cherokee, TX",31345
"48075","Childress, TX",25991
"48077","Clay, TX",41911
"48079","Cochran, TX",41606
"48081","Coke, TX",34114
"48083","Coleman, TX",36809
"48085","Collin, TX",57236
"48087","Collingsworth, TX",36388
"48089","Colorado, TX",45656
"48091","Comal, TX",52387
"48093","Comanche, TX",36989
"48095","Concho, TX",22769
"48097","Cooke, TX",51923
"48099","Coryell, TX",30999
"48101","Cottle, TX",50486
"48103","Crane, TX",45728
"48105","Crockett, TX",43294
"48107","Crosby, TX",32513
"48109","Culberson, TX",39882
"48111","Dallam, TX",58719
"48113","Dallas, TX",51382
"48115","Dawson, TX",33992
"48117","Deaf Smith, TX",40913
"48119","Delta, TX",35131
"48121","Denton, TX",48174
"48123","DeWitt, TX",52899
"48125","Dickens, TX",29117
"48127","Dimmit, TX",48765
"48129","Donley, TX",39392
"48131","Duval, TX",39860
"48133","Eastland, TX",51926
"48135","Ector, TX",49768
"48137","Edwards, TX",38208
"48139","Ellis, TX",38145
"48141","El Paso, TX",31091
"48143","Erath, TX",32416
"48145","Falls, TX",31822
"48147","Fannin, TX",33451
"48149","Fayette, TX",50046
"48151","Fisher, TX",45991
"48153","Floyd, TX",41658
"48155","Foard, TX",40923
"48157","Fort Bend, TX",55240
"48159","Franklin, TX",35443
"48161","Freestone, TX",32991
"48163","Frio, TX",37727
"48165","Gaines, TX",38120
"48167","Galveston, TX",47011
"48169","Garza, TX",37790
"48171","Gillespie, TX",52629
"48173","Glasscock, TX",79230
"48175","Goliad, TX",45375
"48177","Gonzales, TX",45041
"48179","Gray, TX",46959
"48181","Grayson, TX",37743
"48183","Gregg, TX",47473
"48185","Grimes, TX",35732
"48187","Guadalupe, TX",39652
"48189","Hale, TX",30811
"48191","Hall, TX",35786
"48193","Hamilton, TX",51985
"48195","Hansford, TX",75252
"48197","Hardeman, TX",36054
"48199","Hardin, TX",40515
"48201","Harris, TX",54122
"48203","Harrison, TX",40568
"48205","Hartley, TX",59560
"48207","Haskell, TX",35745
"48209","Hays, TX",36222
"48211","Hemphill, TX",97224
"48213","Henderson, TX",35731
"48215","Hidalgo, TX",23658
"48217","Hill, TX",35624
"48219","Hockley, TX",41438
"48221","Hood, TX",45680
"48223","Hopkins, TX",36068
"48225","Houston, TX",35535
"48227","Howard, TX",34682
"48229","Hudspeth, TX",28398
"48231","Hunt, TX",33117
"48233","Hutchinson, TX",39958
"48235","Irion, TX",68013
"48237","Jack, TX",45926
"48239","Jackson, TX",41225
"48241","Jasper, TX",36079
"48243","Jeff Davis, TX",36210
"48245","Jefferson, TX",40312
"48247","Jim Hogg, TX",27849
"48249","Jim Wells, TX",41650
"48251","Johnson, TX",36931
"48253","Jones, TX",29075
"48255","Karnes, TX",44923
"48257","Kaufman, TX",36761
"48259","Kendall, TX",74001
"48261","Kenedy, TX",54655
"48263","Kent, TX",46688
"48265","Kerr, TX",44315
"48267","Kimble, TX",40230
"48269","King, TX",90080
"48271","Kinney, TX",30444
"48273","Kleberg, TX",35270
"48275","Knox, TX",37788
"48277","Lamar, TX",35523
"48279","Lamb, TX",36630
"48281","Lampasas, TX",46356
"48283","La Salle, TX",52639
"48285","Lavaca, TX",48318
"48287","Lee, TX",45361
"48289","Leon, TX",40707
"48291","Liberty, TX",34050
"48293","Limestone, TX",32546
"48295","Lipscomb, TX",53014
"48297","Live Oak, TX",44774
"48299","Llano, TX",44740
"48301","Loving, TX",30828
"48303","Lubbock, TX",37521
"48305","Lynn, TX",29953
"48307","McCulloch, TX",37869
"48309","McLennan, TX",35668
"48311","McMullen, TX",94609
"48313","Madison, TX",32308
"48315","Marion, TX",33569
"48317","Martin, TX",52340
"48319","Mason, TX",41165
"48321","Matagorda, TX",38346
"48323","Maverick, TX",25720
"48325","Medina, TX",35249
"48327","Menard, TX",33746
"48329","Midland, TX",121013
"48331","Milam, TX",35552
"48333","Mills, TX",34726
"48335","Mitchell, TX",31579
"48337","Montague, TX",47242
"48339","Montgomery, TX",63045
"48341","Moore, TX",35237
"48343","Morris, TX",41709
"48345","Motley, TX",36113
"48347","Nacogdoches, TX",32640
"48349","Navarro, TX",34191
"48351","Newton, TX",29116
"48353","Nolan, TX",36497
"48355","Nueces, TX",41772
"48357","Ochiltree, TX",74511
"48359","Oldham, TX",51067
"48361","Orange, TX",39716
"48363","Palo Pinto, TX",36841
"48365","Panola, TX",41028
"48367","Parker, TX",48009
"48369","Parmer, TX",48828
"48371","Pecos, TX",33415
"48373","Polk, TX",35776
"48375","Potter, TX",40645
"48377","Presidio, TX",33399
"48379","Rains, TX",30814
"48381","Randall, TX",43650
"48383","Reagan, TX",60076
"48385","Real, TX",30113
"48387","Red River, TX",35189
"48389","Reeves, TX",29037
"48391","Refugio, TX",47023
"48393","Roberts, TX",47054
"48395","Robertson, TX",38674
"48397","Rockwall, TX",51302
"48399","Runnels, TX",36112
"48401","Rusk, TX",36384
"48403","Sabine, TX",34207
"48405","San Augustine, TX",31864
"48407","San Jacinto, TX",31724
"48409","San Patricio, TX",40055
"48411","San Saba, TX",31145
"48413","Schleicher, TX",46484
"48415","Scurry, TX",52323
"48417","Shackelford, TX",152409
"48419","Shelby, TX",38850
"48421","Sherman, TX",63824
"48423","Smith, TX",50325
"48425","Somervell, TX",41414
"48427","Starr, TX",23436
"48429","Stephens, TX",53304
"48431","Sterling, TX",60842
"48433","Stonewall, TX",53306
"48435","Sutton, TX",59633
"48437","Swisher, TX",41365
"48439","Tarrant, TX",47391
"48441","Taylor, TX",43567
"48443","Terrell, TX",56303
"48445","Terry, TX",34104
"48447","Throckmorton, TX",54820
"48449","Titus, TX",31417
"48451","Tom Green, TX",43466
"48453","Travis, TX",56115
"48455","Trinity, TX",32701
"48457","Tyler, TX",30137
"48459","Upshur, TX",35280
"48461","Upton, TX",61341
"48463","Uvalde, TX",37666
"48465","Val Verde, TX",32875
"48467","Van Zandt, TX",33434
"48469","Victoria, TX",47087
"48471","Walker, TX",25502
"48473","Waller, TX",37599
"48475","Ward, TX",46589
"48477","Washington, TX",50156
"48479","Webb, TX",28655
"48481","Wharton, TX",40513
"48483","Wheeler, TX",51272
"48485","Wichita, TX",41610
"48487","Wilbarger, TX",37234
"48489","Willacy, TX",27061
"48491","Williamson, TX",41504
"48493","Wilson, TX",41184
"48495","Winkler, TX",41986
"48497","Wise, TX",41544
"48499","Wood, TX",34777
"48501","Yoakum, TX",46707
"48503","Young, TX",50673
"48505","Zapata, TX",30712
"48507","Zavala, TX",25722
"49001","Beaver, UT",35077
"49003","Box Elder, UT",31951
"49005","Cache, UT",31161
"49007","Carbon, UT",33674
"49009","Daggett, UT",33879
"49011","Davis, UT",38163
"49013","Duchesne, UT",39250
"49015","Emery, UT",29751
"49017","Garfield, UT",31910
"49019","Grand, UT",39015
"49021","Iron, UT",26098
"49023","Juab, UT",29645
"49025","Kane, UT",34036
"49027","Millard, UT",32115
"49029","Morgan, UT",43126
"49031","Piute, UT",26244
"49033","Rich, UT",38907
"49035","Salt Lake, UT",42671
"49037","San Juan, UT",23388
"49039","Sanpete, UT",24639
"49041","Sevier, UT",28786
"49043","Summit, UT",93476
"49045","Tooele, UT",31161
"49047","Uintah, UT",34580
"49049","Utah, UT",32535
"49051","Wasatch, UT",39869
"49053","Washington, UT",29966
"49055","Wayne, UT",30396
"49057","Weber, UT",34892
"50001","Addison, VT",44596
"50003","Bennington, VT",46499
"50005","Caledonia, VT",37066
"50007","Chittenden, VT",52966
"50009","Essex, VT",33353
"50011","Franklin, VT",40522
"50013","Grand Isle, VT",52317
"50015","Lamoille, VT",46550
"50017","Orange, VT",41747
"50019","Orleans, VT",39870
"50021","Rutland, VT",46035
"50023","Washington, VT",50241
"50025","Windham, VT",45354
"50027","Windsor, VT",50624
"51001","Accomack, VA",37229
"51007","Amelia, VA",39352
"51009","Amherst, VA",32741
"51011","Appomattox, VA",33575
"51013","Arlington, VA",83078
"51017","Bath, VA",47336
"51019","Bedford, VA*",40309
"51021","Bland, VA",31475
"51023","Botetourt, VA",44808
"51025","Brunswick, VA",29754
"51027","Buchanan, VA",31843
"51029","Buckingham, VA",26314
"51033","Caroline, VA",36420
"51036","Charles City, VA",39628
"51037","Charlotte, VA",30477
"51041","Chesterfield, VA",46402
"51043","Clarke, VA",54693
"51045","Craig, VA",32961
"51047","Culpeper, VA",40186
"51049","Cumberland, VA",33007
"51051","Dickenson, VA",27734
"51057","Essex, VA",37525
"51061","Fauquier, VA",59646
"51063","Floyd, VA",33169
"51065","Fluvanna, VA",37978
"51067","Franklin, VA",35400
"51071","Giles, VA",35679
"51073","Gloucester, VA",43207
"51075","Goochland, VA",81539
"51077","Grayson, VA",28471
"51079","Greene, VA",37467
"51083","Halifax, VA",32754
"51085","Hanover, VA",51484
"51087","Henrico, VA",55743
"51091","Highland, VA",43714
"51093","Isle of Wight, VA",48955
"51097","King and Queen, VA",34179
"51099","King George, VA",48951
"51101","King William, VA",40779
"51103","Lancaster, VA",48685
"51105","Lee, VA",26294
"51107","Loudoun, VA",67450
"51109","Louisa, VA",40157
"51111","Lunenburg, VA",29766
"51113","Madison, VA",42591
"51115","Mathews, VA",49234
"51117","Mecklenburg, VA",32692
"51119","Middlesex, VA",43403
"51125","Nelson, VA",42564
"51127","New Kent, VA",52442
"51131","Northampton, VA",36365
"51133","Northumberland, VA",42191
"51135","Nottoway, VA",34167
"51137","Orange, VA",40530
"51139","Page, VA",34472
"51141","Patrick, VA",29490
"51145","Powhatan, VA",45833
"51147","Prince Edward, VA",27695
"51155","Pulaski, VA",35085
"51157","Rappahannock, VA",55206
"51159","Richmond, VA",30910
"51167","Russell, VA",30866
"51169","Scott, VA",29620
"51171","Shenandoah, VA",38075
"51173","Smyth, VA",32599
"51179","Stafford, VA",48341
"51181","Surry, VA",38460
"51183","Sussex, VA",27930
"51185","Tazewell, VA",33454
"51187","Warren, VA",40259
"51193","Westmoreland, VA",37824
"51197","Wythe, VA",33743
"51510","Alexandria (Independent City), VA",80463
"51550","Chesapeake (Independent City), VA",44987
"51650","Hampton (Independent City), VA",38994
"51700","Newport News (Independent City), VA",38841
"51710","Norfolk (Independent City), VA",37052
"51740","Portsmouth (Independent City), VA",37391
"51760","Richmond (Independent City), VA",47938
"51770","Roanoke (Independent City), VA",39199
"51800","Suffolk (Independent City), VA",45861
"51810","Virginia Beach (Independent City), VA",50220
"51901","Albemarle + Charlottesville, VA*",57887
"51903","Alleghany + Covington, VA*",34803
"51907","Augusta, Staunton + Waynesboro, VA*",38306
"51911","Campbell + Lynchburg, VA*",35042
"51913","Carroll + Galax, VA*",31356
"51918","Dinwiddie, Colonial Heights + Petersburg, VA*",36690
"51919","Fairfax, Fairfax City + Falls Church, VA*",72296
"51921","Frederick + Winchester, VA*",43178
"51923","Greensville + Emporia, VA*",29949
"51929","Henry + Martinsville, VA*",33548
"51931","James City + Williamsburg, VA*",56960
"51933","Montgomery + Radford, VA*",31800
"51939","Pittsylvania + Danville, VA*",32756
"51941","Prince George + Hopewell, VA*",35611
"51942","Prince William, Manassas + Manassas Park, VA*",48545
"51944","Roanoke + Salem, VA*",46020
"51945","Rockbridge, Buena Vista + Lexington, VA*",36085
"51947","Rockingham + Harrisonburg, VA*",34653
"51949","Southampton + Franklin, VA*",33778
"51951","Spotsylvania + Fredericksburg, VA*",44595
"51953","Washington + Bristol, VA*",39866
"51955","Wise + Norton, VA*",29171
"51958","York + Poquoson, VA*",53399
"53001","Adams, WA",38180
"53003","Asotin, WA",39684
"53005","Benton, WA",40939
"53007","Chelan, WA",43174
"53009","Clallam, WA",39038
"53011","Clark, WA",43343
"53013","Columbia, WA",43817
"53015","Cowlitz, WA",39043
"53017","Douglas, WA",34076
"53019","Ferry, WA",30681
"53021","Franklin, WA",32122
"53023","Garfield, WA",41500
"53025","Grant, WA",35123
"53027","Grays Harbor, WA",34832
"53029","Island, WA",46722
"53031","Jefferson, WA",45663
"53033","King, WA",70854
"53035","Kitsap, WA",46798
"53037","Kittitas, WA",37660
"53039","Klickitat, WA",42348
"53041","Lewis, WA",36091
"53043","Lincoln, WA",41467
"53045","Mason, WA",35492
"53047","Okanogan, WA",35687
"53049","Pacific, WA",40340
"53051","Pend Oreille, WA",34360
"53053","Pierce, WA",43212
"53055","San Juan, WA",65750
"53057","Skagit, WA",43061
"53059","Skamania, WA",37256
"53061","Snohomish, WA",45950
"53063","Spokane, WA",39215
"53065","Stevens, WA",33867
"53067","Thurston, WA",42861
"53069","Wahkiakum, WA",35803
"53071","Walla Walla, WA",39950
"53073","Whatcom, WA",41456
"53075","Whitman, WA",34128
"53077","Yakima, WA",37371
"54001","Barbour, WV",29623
"54003","Berkeley, WV",35763
"54005","Boone, WV",30426
"54007","Braxton, WV",28184
"54009","Brooke, WV",35882
"54011","Cabell, WV",37190
"54013","Calhoun, WV",28128
"54015","Clay, WV",28413
"54017","Doddridge, WV",26258
"54019","Fayette, WV",29696
"54021","Gilmer, WV",25771
"54023","Grant, WV",31651
"54025","Greenbrier, WV",33825
"54027","Hampshire, WV",29671
"54029","Hancock, WV",36543
"54031","Hardy, WV",27919
"54033","Harrison, WV",42815
"54035","Jackson, WV",33385
"54037","Jefferson, WV",43716
"54039","Kanawha, WV",42814
"54041","Lewis, WV",36518
"54043","Lincoln, WV",27088
"54045","Logan, WV",32237
"54047","McDowell, WV",26815
"54049","Marion, WV",38200
"54051","Marshall, WV",36006
"54053","Mason, WV",28652
"54055","Mercer, WV",33210
"54057","Mineral, WV",34632
"54059","Mingo, WV",29578
"54061","Monongalia, WV",40163
"54063","Monroe, WV",28606
"54065","Morgan, WV",31982
"54067","Nicholas, WV",31619
"54069","Ohio, WV",47718
"54071","Pendleton, WV",34363
"54073","Pleasants, WV",37166
"54075","Pocahontas, WV",32928
"54077","Preston, WV",32237
"54079","Putnam, WV",40797
"54081","Raleigh, WV",34966
"54083","Randolph, WV",31865
"54085","Ritchie, WV",31764
"54087","Roane, WV",30208
"54089","Summers, WV",27095
"54091","Taylor, WV",33611
"54093","Tucker, WV",31448
"54095","Tyler, WV",32109
"54097","Upshur, WV",31077
"54099","Wayne, WV",28927
"54101","Webster, WV",26828
"54103","Wetzel, WV",33347
"54105","Wirt, WV",28106
"54107","Wood, WV",37839
"54109","Wyoming, WV",29465
"55001","Adams, WI",33593
"55003","Ashland, WI",34645
"55005","Barron, WI",42782
"55007","Bayfield, WI",40817
"55009","Brown, WI",45380
"55011","Buffalo, WI",40461
"55013","Burnett, WI",36466
"55015","Calumet, WI",43803
"55017","Chippewa, WI",41347
"55019","Clark, WI",36966
"55021","Columbia, WI",45389
"55023","Crawford, WI",36387
"55025","Dane, WI",51545
"55027","Dodge, WI",39957
"55029","Door, WI",51136
"55031","Douglas, WI",37293
"55033","Dunn, WI",36541
"55035","Eau Claire, WI",42699
"55037","Florence, WI",44439
"55039","Fond du Lac, WI",42360
"55041","Forest, WI",33371
"55043","Grant, WI",37989
"55045","Green, WI",44886
"55047","Green Lake, WI",44410
"55049","Iowa, WI",42727
"55051","Iron, WI",40824
"55053","Jackson, WI",39635
"55055","Jefferson, WI",39188
"55057","Juneau, WI",35845
"55059","Kenosha, WI",39399
"55061","Kewaunee, WI",42665
"55063","La Crosse, WI",43351
"55065","Lafayette, WI",42060
"55067","Langlade, WI",38677
"55069","Lincoln, WI",38537
"55071","Manitowoc, WI",43830
"55073","Marathon, WI",42932
"55075","Marinette, WI",38329
"55077","Marquette, WI",35298
"55078","Menominee, WI*",25467
"55079","Milwaukee, WI",41647
"55081","Monroe, WI",36414
"55083","Oconto, WI",39492
"55085","Oneida, WI",44748
"55087","Outagamie, WI",43933
"55089","Ozaukee, WI",71329
"55091","Pepin, WI",43125
"55093","Pierce, WI",41198
"55095","Polk, WI",40266
"55097","Portage, WI",39824
"55099","Price, WI",42173
"55101","Racine, WI",41999
"55103","Richland, WI",37126
"55105","Rock, WI",38470
"55107","Rusk, WI",34667
"55109","St. Croix, WI",46538
"55111","Sauk, WI",41960
"55113","Sawyer, WI",39626
"55115","Shawano, WI*",36500
"55117","Sheboygan, WI",45175
"55119","Taylor, WI",35249
"55121","Trempealeau, WI",41023
"55123","Vernon, WI",36283
"55125","Vilas, WI",47320
"55127","Walworth, WI",40814
"55129","Washburn, WI",42341
"55131","Washington, WI",49463
"55133","Waukesha, WI",61645
"55135","Waupaca, WI",41226
"55137","Waushara, WI",37306
"55139","Winnebago, WI",40892
"55141","Wood, WI",40362
"55901","Shawano (includes Menominee), WI","(NA)"
"56001","Albany, WY",37750
"56003","Big Horn, WY",36952
"56005","Campbell, WY",55196
"56007","Carbon, WY",48013
"56009","Converse, WY",54506
"56011","Crook, WY",45522
"56013","Fremont, WY",40918
"56015","Goshen, WY",40649
"56017","Hot Springs, WY",48491
"56019","Johnson, WY",45534
"56021","Laramie, WY",49140
"56023","Lincoln, WY",38417
"56025","Natrona, WY",71378
"56027","Niobrara, WY",49802
"56029","Park, WY",47804
"56031","Platte, WY",44336
"56033","Sheridan, WY",53539
"56035","Sublette, WY",50732
"56037","Sweetwater, WY",48247
"56039","Teton, WY",195632
"56041","Uinta, WY",40975
"56043","Washakie, WY",42604
"56045","Weston, WY",45363
"Legend / Footnotes:"
"2/ Per capita personal income was computed using Census Bureau midyear population estimates. Estimates for 2010-2015 reflect county population estimates available as of March 2016."
"* Cibola, NM was separated from Valencia in June 1981, but in these estimates, Valencia includes Cibola through the end of 1981."
"* La Paz County, AZ was separated from Yuma County on January 1, 1983. The Yuma, AZ MSA contains the area that became La Paz County, AZ through 1982 and excludes it beginning with 1983."
"* Shawano, WI and Menominee, WI are combined as Shawano (incl. Menominee), WI for the years prior to 1989."
"* Broomfield County, CO, was created from parts of Adams, Boulder, Jefferson, and Weld counties effective November 15, 2001. Estimates for Broomfield county begin with 2002."
"* Estimates for 1979 forward reflect Alaska Census Areas as defined by the Census Bureau; those for prior years reflect Alaska Census Divisions as defined in the 1970 Decennial Census. Estimates from 1988 forward separate Aleutian Islands Census Area into Aleutians East Borough and Aleutians West Census Area. Estimates for 1991 forward separate Denali Borough from Yukon-Koyukuk Census Area and Lake and Peninsula Borough from Dillingham Census Area. Estimates from 1993 forward separate Skagway-Yakutat-Angoon Census Area into Skagway-Hoonah-Angoon Census Area and Yakutat Borough. Estimates from 2008 forward separate Skagway-Hoonah-Angoon Census Area into Skagway Municipality and Hoonah-Angoon Census Area. Estimates from 2009 forward separate Wrangell-Petersburg Census Area into Petersburg Census Area and Wrangell City and Borough. In addition, a part of the Prince of Wales-Outer Ketchikan Census Area was annexed by Ketchikan Gateway Borough and part (Meyers Chuck Area) was included in the new Wrangell City and Borough. The remainder of the Prince of Wales-Outer Ketchikan Census Area was renamed Prince of Wales-Hyder Census Area. Petersburg Borough was created from part of former Petersburg Census Area and part of Hoonah-Angoon Census Area for 2013 forward. Prince of Wales-Hyder Census Area added part of the former Petersburg Census Area beginning in 2013. For years 2009-2012, Petersburg Borough reflects the geographic boundaries of the former Petersburg Census Area. Wade Hampton Census Area was renamed Kusilvak Census Area on July 1, 2015."
"* Virginia combination areas consist of one or two independent cities with 1980 populations of less than 100,000 combined with an adjacent county. The county name appears first, followed by the city name(s). Separate estimates for the jurisdictions making up the combination area are not available. Bedford County, VA includes the independent city of Bedford for all years."
"* Shannon County, SD was renamed to Oglala Lakota County, SD on May 1, 2015."
"Note-- All dollar estimates are in current dollars (not adjusted for inflation)."
"(NA) Data not available for this year."
"Last updated: November 17, 2016-- new estimates for 2015; revised estimates for 1998-2014."
